id,case_id,status,ai_recommendation,reason,created_at
APP-1b2e49ce,CASE-1032,PENDING,"Recommend REMIND delay 30m. Amount ₹8,500.00 exceeds threshold.",Policy requires human sign-off for high value or medium risk cases.,2026-08-27T18:16:04.270951
APP-cd3708fe,CASE-1088,PENDING,"Recommend RETRY delay 30m. Amount ₹2,000.00 exceeds threshold.",Policy requires human sign-off for high value or medium risk cases.,2026-08-27T08:16:04.272959
APP-c53d515e,CASE-1102,PENDING,"Recommend ESCALATE delay 30m. Amount ₹75,000.00 exceeds threshold.",Policy requires human sign-off for high value or medium risk cases.,2026-08-26T17:16:04.272959
APP-d7f8b95a,CASE-2005,PENDING,"Recommend RETRY delay 30m. Amount ₹11,682.23 exceeds threshold.",Policy requires human sign-off for high value or medium risk cases.,2026-08-28T01:16:04.272959
APP-e4db130a,CASE-2006,PENDING,"Recommend RETRY delay 30m. Amount ₹7,182.23 exceeds threshold.",Policy requires human sign-off for high value or medium risk cases.,2026-08-27T22:16:04.272959
APP-fa2ca749,CASE-2008,PENDING,"Recommend RETRY delay 30m. Amount ₹7,182.23 exceeds threshold.",Policy requires human sign-off for high value or medium risk cases.,2026-08-27T21:16:04.272959
APP-ba0a865c,CASE-2009,PENDING,"Recommend RETRY delay 30m. Amount ₹4,681.23 exceeds threshold.",Policy requires human sign-off for high value or medium risk cases.,2026-08-26T14:16:04.272959
APP-6ccb85bb,CASE-2010,PENDING,"Recommend RETRY delay 30m. Amount ₹1,181.23 exceeds threshold.",Policy requires human sign-off for high value or medium risk cases.,2026-08-27T23:16:04.272959
APP-daf400a1,CASE-2011,PENDING,"Recommend RETRY delay 30m. Amount ₹1,181.23 exceeds threshold.",Policy requires human sign-off for high value or medium risk cases.,2026-08-26T17:16:04.272959
APP-d5d5ddd9,CASE-2012,PENDING,"Recommend RETRY delay 30m. Amount ₹11,682.23 exceeds threshold.",Policy requires human sign-off for high value or medium risk cases.,2026-08-27T08:16:04.272959
APP-e7bf72cb,CASE-2013,PENDING,"Recommend RETRY delay 30m. Amount ₹2,181.23 exceeds threshold.",Policy requires human sign-off for high value or medium risk cases.,2026-08-27T04:16:04.272959
APP-caf745ec,CASE-2014,PENDING,"Recommend RETRY delay 30m. Amount ₹3,681.23 exceeds threshold.",Policy requires human sign-off for high value or medium risk cases.,2026-08-26T22:16:04.272959
APP-2c77d36c,CASE-2015,PENDING,"Recommend RETRY delay 30m. Amount ₹11,682.23 exceeds threshold.",Policy requires human sign-off for high value or medium risk cases.,2026-08-26T18:16:04.272959
APP-b86d5990,CASE-2016,PENDING,"Recommend RETRY delay 30m. Amount ₹7,182.23 exceeds threshold.",Policy requires human sign-off for high value or medium risk cases.,2026-08-28T09:16:04.272959
APP-fac7f307,CASE-2017,PENDING,"Recommend RETRY delay 30m. Amount ₹7,182.23 exceeds threshold.",Policy requires human sign-off for high value or medium risk cases.,2026-08-27T05:16:04.272959
APP-3e857326,CASE-2018,PENDING,"Recommend RETRY delay 30m. Amount ₹1,181.23 exceeds threshold.",Policy requires human sign-off for high value or medium risk cases.,2026-08-27T10:16:04.274968
APP-05e42f61,CASE-2019,PENDING,"Recommend RETRY delay 30m. Amount ₹4,681.23 exceeds threshold.",Policy requires human sign-off for high value or medium risk cases.,2026-08-27T02:16:04.274968
APP-fa6661a0,CASE-2020,PENDING,"Recommend RETRY delay 30m. Amount ₹4,681.23 exceeds threshold.",Policy requires human sign-off for high value or medium risk cases.,2026-08-28T03:16:04.274968
APP-6768357a,CASE-2021,PENDING,"Recommend RETRY delay 30m. Amount ₹4,681.23 exceeds threshold.",Policy requires human sign-off for high value or medium risk cases.,2026-08-27T01:16:04.274968
APP-da22ecf2,CASE-2022,PENDING,"Recommend RETRY delay 30m. Amount ₹7,182.23 exceeds threshold.",Policy requires human sign-off for high value or medium risk cases.,2026-08-27T23:16:04.274968
APP-e6bdbe17,CASE-2024,PENDING,"Recommend RETRY delay 30m. Amount ₹11,682.23 exceeds threshold.",Policy requires human sign-off for high value or medium risk cases.,2026-08-26T17:16:04.274968
APP-108631a6,CASE-2025,PENDING,"Recommend RETRY delay 30m. Amount ₹7,182.23 exceeds threshold.",Policy requires human sign-off for high value or medium risk cases.,2026-08-26T23:16:04.274968
APP-38818ee1,CASE-2026,PENDING,"Recommend RETRY delay 30m. Amount ₹11,682.23 exceeds threshold.",Policy requires human sign-off for high value or medium risk cases.,2026-08-27T23:16:04.274968
APP-0716c9dc,CASE-2027,PENDING,"Recommend RETRY delay 30m. Amount ₹3,681.23 exceeds threshold.",Policy requires human sign-off for high value or medium risk cases.,2026-08-26T13:16:04.274968
APP-36163f95,CASE-2029,PENDING,"Recommend RETRY delay 30m. Amount ₹11,682.23 exceeds threshold.",Policy requires human sign-off for high value or medium risk cases.,2026-08-27T16:16:04.274968
APP-8a8db04e,CASE-2030,PENDING,"Recommend RETRY delay 30m. Amount ₹3,681.23 exceeds threshold.",Policy requires human sign-off for high value or medium risk cases.,2026-08-27T20:16:04.274968
APP-9b831243,CASE-2031,PENDING,"Recommend RETRY delay 30m. Amount ₹3,681.23 exceeds threshold.",Policy requires human sign-off for high value or medium risk cases.,2026-08-26T14:16:04.274968
APP-0f0a58c0,CASE-2034,PENDING,"Recommend RETRY delay 30m. Amount ₹7,182.23 exceeds threshold.",Policy requires human sign-off for high value or medium risk cases.,2026-08-28T00:16:04.276625
APP-91d1875a,CASE-2035,PENDING,"Recommend RETRY delay 30m. Amount ₹3,681.23 exceeds threshold.",Policy requires human sign-off for high value or medium risk cases.,2026-08-27T01:16:04.276625
APP-9c46e9c8,CASE-2036,PENDING,"Recommend RETRY delay 30m. Amount ₹11,682.23 exceeds threshold.",Policy requires human sign-off for high value or medium risk cases.,2026-08-26T14:16:04.276625
APP-04f5d10d,CASE-2037,PENDING,"Recommend RETRY delay 30m. Amount ₹11,682.23 exceeds threshold.",Policy requires human sign-off for high value or medium risk cases.,2026-08-26T14:16:04.276625
APP-792776f4,CASE-2038,PENDING,"Recommend RETRY delay 30m. Amount ₹3,681.23 exceeds threshold.",Policy requires human sign-off for high value or medium risk cases.,2026-08-27T02:16:04.276625
APP-bc581f68,CASE-2039,PENDING,"Recommend RETRY delay 30m. Amount ₹11,682.23 exceeds threshold.",Policy requires human sign-off for high value or medium risk cases.,2026-08-26T18:16:04.276625
APP-4c95d9bb,CASE-2041,PENDING,"Recommend RETRY delay 30m. Amount ₹2,181.23 exceeds threshold.",Policy requires human sign-off for high value or medium risk cases.,2026-08-28T09:16:04.276625
APP-908d7434,CASE-2042,PENDING,"Recommend RETRY delay 30m. Amount ₹7,182.23 exceeds threshold.",Policy requires human sign-off for high value or medium risk cases.,2026-08-28T12:16:04.276625
APP-0f27281e,CASE-2043,PENDING,"Recommend RETRY delay 30m. Amount ₹7,182.23 exceeds threshold.",Policy requires human sign-off for high value or medium risk cases.,2026-08-27T03:16:04.276625
APP-4d915e30,CASE-2044,PENDING,"Recommend RETRY delay 30m. Amount ₹11,682.23 exceeds threshold.",Policy requires human sign-off for high value or medium risk cases.,2026-08-27T04:16:04.276625
APP-2b736722,CASE-2045,PENDING,"Recommend RETRY delay 30m. Amount ₹11,682.23 exceeds threshold.",Policy requires human sign-off for high value or medium risk cases.,2026-08-28T06:16:04.276625
APP-b1434c55,CASE-2046,PENDING,"Recommend RETRY delay 30m. Amount ₹7,182.23 exceeds threshold.",Policy requires human sign-off for high value or medium risk cases.,2026-08-27T03:16:04.276625
APP-5217b59d,CASE-2047,PENDING,"Recommend RETRY delay 30m. Amount ₹3,681.23 exceeds threshold.",Policy requires human sign-off for high value or medium risk cases.,2026-08-27T13:16:04.276625
APP-c2205e11,CASE-2048,PENDING,"Recommend RETRY delay 30m. Amount ₹4,681.23 exceeds threshold.",Policy requires human sign-off for high value or medium risk cases.,2026-08-27T22:16:04.276625
APP-6b5c2555,CASE-2050,PENDING,"Recommend RETRY delay 30m. Amount ₹4,681.23 exceeds threshold.",Policy requires human sign-off for high value or medium risk cases.,2026-08-26T20:16:04.278632
APP-ed920ace,CASE-2052,PENDING,"Recommend RETRY delay 30m. Amount ₹7,182.23 exceeds threshold.",Policy requires human sign-off for high value or medium risk cases.,2026-08-27T23:16:04.278632
APP-c6998fbf,CASE-2053,PENDING,"Recommend RETRY delay 30m. Amount ₹11,682.23 exceeds threshold.",Policy requires human sign-off for high value or medium risk cases.,2026-08-28T08:16:04.278632
APP-b30a2f61,CASE-2054,PENDING,"Recommend RETRY delay 30m. Amount ₹11,682.23 exceeds threshold.",Policy requires human sign-off for high value or medium risk cases.,2026-08-27T16:16:04.278632
APP-d21c1026,CASE-2055,PENDING,"Recommend RETRY delay 30m. Amount ₹1,181.23 exceeds threshold.",Policy requires human sign-off for high value or medium risk cases.,2026-08-27T17:16:04.278632
APP-4a9f1020,CASE-2058,PENDING,"Recommend RETRY delay 30m. Amount ₹4,681.23 exceeds threshold.",Policy requires human sign-off for high value or medium risk cases.,2026-08-26T21:16:04.278632
APP-6d6fbbe2,CASE-2059,PENDING,"Recommend RETRY delay 30m. Amount ₹7,182.23 exceeds threshold.",Policy requires human sign-off for high value or medium risk cases.,2026-08-27T19:16:04.278632
APP-baf398e8,CASE-2060,PENDING,"Recommend RETRY delay 30m. Amount ₹4,681.23 exceeds threshold.",Policy requires human sign-off for high value or medium risk cases.,2026-08-27T12:16:04.278632
APP-6ec15894,CASE-2061,PENDING,"Recommend RETRY delay 30m. Amount ₹4,681.23 exceeds threshold.",Policy requires human sign-off for high value or medium risk cases.,2026-08-26T21:16:04.278632
APP-d2aa8eb0,CASE-2062,PENDING,"Recommend RETRY delay 30m. Amount ₹3,681.23 exceeds threshold.",Policy requires human sign-off for high value or medium risk cases.,2026-08-28T03:16:04.278632
APP-b2a46dad,CASE-2064,PENDING,"Recommend RETRY delay 30m. Amount ₹1,181.23 exceeds threshold.",Policy requires human sign-off for high value or medium risk cases.,2026-08-27T13:16:04.278632
APP-ca487c6d,CASE-2065,PENDING,"Recommend RETRY delay 30m. Amount ₹3,681.23 exceeds threshold.",Policy requires human sign-off for high value or medium risk cases.,2026-08-27T09:16:04.278632
APP-224df2c1,CASE-2068,PENDING,"Recommend RETRY delay 30m. Amount ₹4,681.23 exceeds threshold.",Policy requires human sign-off for high value or medium risk cases.,2026-08-27T03:16:04.278632
APP-4b33679e,CASE-2070,PENDING,"Recommend RETRY delay 30m. Amount ₹4,681.23 exceeds threshold.",Policy requires human sign-off for high value or medium risk cases.,2026-08-27T19:16:04.278632
APP-48c06785,CASE-2071,PENDING,"Recommend RETRY delay 30m. Amount ₹4,681.23 exceeds threshold.",Policy requires human sign-off for high value or medium risk cases.,2026-08-27T20:16:04.278632
APP-f171edd5,CASE-2073,PENDING,"Recommend RETRY delay 30m. Amount ₹3,681.23 exceeds threshold.",Policy requires human sign-off for high value or medium risk cases.,2026-08-27T12:16:04.278632
APP-d2d13d47,CASE-2074,PENDING,"Recommend RETRY delay 30m. Amount ₹3,681.23 exceeds threshold.",Policy requires human sign-off for high value or medium risk cases.,2026-08-26T22:16:04.278632
APP-b84b90eb,CASE-2075,PENDING,"Recommend RETRY delay 30m. Amount ₹2,181.23 exceeds threshold.",Policy requires human sign-off for high value or medium risk cases.,2026-08-27T16:16:04.278632
APP-66454acf,CASE-2076,PENDING,"Recommend RETRY delay 30m. Amount ₹2,181.23 exceeds threshold.",Policy requires human sign-off for high value or medium risk cases.,2026-08-26T16:16:04.278632
APP-76044850,CASE-2077,PENDING,"Recommend RETRY delay 30m. Amount ₹11,682.23 exceeds threshold.",Policy requires human sign-off for high value or medium risk cases.,2026-08-27T12:16:04.278632
APP-6a76cdae,CASE-2080,PENDING,"Recommend RETRY delay 30m. Amount ₹4,681.23 exceeds threshold.",Policy requires human sign-off for high value or medium risk cases.,2026-08-27T05:16:04.278632
APP-bd02e76d,CASE-2082,PENDING,"Recommend RETRY delay 30m. Amount ₹4,681.23 exceeds threshold.",Policy requires human sign-off for high value or medium risk cases.,2026-08-27T11:16:04.278632
APP-636ff76f,CASE-2083,PENDING,"Recommend RETRY delay 30m. Amount ₹7,182.23 exceeds threshold.",Policy requires human sign-off for high value or medium risk cases.,2026-08-26T16:16:04.278632
APP-b0b82092,CASE-2084,PENDING,"Recommend RETRY delay 30m. Amount ₹7,182.23 exceeds threshold.",Policy requires human sign-off for high value or medium risk cases.,2026-08-26T18:16:04.278632
APP-9a00c8f2,CASE-2085,PENDING,"Recommend RETRY delay 30m. Amount ₹11,682.23 exceeds threshold.",Policy requires human sign-off for high value or medium risk cases.,2026-08-26T19:16:04.278632
APP-061f086f,CASE-2086,PENDING,"Recommend RETRY delay 30m. Amount ₹11,682.23 exceeds threshold.",Policy requires human sign-off for high value or medium risk cases.,2026-08-28T06:16:04.278632
APP-23e57d95,CASE-2087,PENDING,"Recommend RETRY delay 30m. Amount ₹1,181.23 exceeds threshold.",Policy requires human sign-off for high value or medium risk cases.,2026-08-26T13:16:04.278632
APP-73d50be3,CASE-2088,PENDING,"Recommend RETRY delay 30m. Amount ₹7,182.23 exceeds threshold.",Policy requires human sign-off for high value or medium risk cases.,2026-08-27T13:16:04.278632
APP-b06e0aa8,CASE-2089,PENDING,"Recommend RETRY delay 30m. Amount ₹4,681.23 exceeds threshold.",Policy requires human sign-off for high value or medium risk cases.,2026-08-28T11:16:04.278632
APP-cd2820e9,CASE-2090,PENDING,"Recommend RETRY delay 30m. Amount ₹4,681.23 exceeds threshold.",Policy requires human sign-off for high value or medium risk cases.,2026-08-28T05:16:04.278632
APP-b325b149,CASE-2091,PENDING,"Recommend RETRY delay 30m. Amount ₹11,682.23 exceeds threshold.",Policy requires human sign-off for high value or medium risk cases.,2026-08-27T07:16:04.278632
APP-4648b463,CASE-2092,PENDING,"Recommend RETRY delay 30m. Amount ₹2,181.23 exceeds threshold.",Policy requires human sign-off for high value or medium risk cases.,2026-08-28T06:16:04.278632
APP-df043c0f,CASE-2094,PENDING,"Recommend RETRY delay 30m. Amount ₹11,682.23 exceeds threshold.",Policy requires human sign-off for high value or medium risk cases.,2026-08-28T06:16:04.278632
APP-675ade81,CASE-2095,PENDING,"Recommend RETRY delay 30m. Amount ₹11,682.23 exceeds threshold.",Policy requires human sign-off for high value or medium risk cases.,2026-08-28T02:16:04.278632
APP-bda4a055,CASE-2097,PENDING,"Recommend RETRY delay 30m. Amount ₹2,181.23 exceeds threshold.",Policy requires human sign-off for high value or medium risk cases.,2026-08-26T13:16:04.278632
APP-d2be5f91,CASE-2098,PENDING,"Recommend RETRY delay 30m. Amount ₹7,182.23 exceeds threshold.",Policy requires human sign-off for high value or medium risk cases.,2026-08-28T12:16:04.278632
APP-ed51ccac,CASE-2099,PENDING,"Recommend RETRY delay 30m. Amount ₹11,682.23 exceeds threshold.",Policy requires human sign-off for high value or medium risk cases.,2026-08-28T08:16:04.278632
APP-b776b3f7,CASE-2100,PENDING,"Recommend RETRY delay 30m. Amount ₹7,182.23 exceeds threshold.",Policy requires human sign-off for high value or medium risk cases.,2026-08-27T16:16:04.283657
APP-d9aff3d2,CASE-2101,PENDING,"Recommend RETRY delay 30m. Amount ₹2,181.23 exceeds threshold.",Policy requires human sign-off for high value or medium risk cases.,2026-08-27T05:16:04.283657
APP-8e7631d5,CASE-2102,PENDING,"Recommend RETRY delay 30m. Amount ₹7,182.23 exceeds threshold.",Policy requires human sign-off for high value or medium risk cases.,2026-08-27T11:16:04.283657
APP-2d238c64,CASE-2103,PENDING,"Recommend RETRY delay 30m. Amount ₹7,182.23 exceeds threshold.",Policy requires human sign-off for high value or medium risk cases.,2026-08-26T21:16:04.283657
APP-404db6ce,CASE-2105,PENDING,"Recommend RETRY delay 30m. Amount ₹3,681.23 exceeds threshold.",Policy requires human sign-off for high value or medium risk cases.,2026-08-28T01:16:04.283657
APP-491f9a61,CASE-2107,PENDING,"Recommend RETRY delay 30m. Amount ₹7,182.23 exceeds threshold.",Policy requires human sign-off for high value or medium risk cases.,2026-08-26T20:16:04.283657
APP-b4bdcefe,CASE-2108,PENDING,"Recommend RETRY delay 30m. Amount ₹7,182.23 exceeds threshold.",Policy requires human sign-off for high value or medium risk cases.,2026-08-27T18:16:04.285164
APP-0601ae19,CASE-2109,PENDING,"Recommend RETRY delay 30m. Amount ₹2,181.23 exceeds threshold.",Policy requires human sign-off for high value or medium risk cases.,2026-08-28T09:16:04.285164
APP-c4c7d1f8,CASE-2110,PENDING,"Recommend RETRY delay 30m. Amount ₹3,681.23 exceeds threshold.",Policy requires human sign-off for high value or medium risk cases.,2026-08-27T12:16:04.285164
APP-fa8b4cd4,CASE-2111,PENDING,"Recommend RETRY delay 30m. Amount ₹7,182.23 exceeds threshold.",Policy requires human sign-off for high value or medium risk cases.,2026-08-27T05:16:04.285164
APP-001a546d,CASE-2114,PENDING,"Recommend RETRY delay 30m. Amount ₹7,182.23 exceeds threshold.",Policy requires human sign-off for high value or medium risk cases.,2026-08-26T13:16:04.285164
APP-8f1c0dbb,CASE-2116,PENDING,"Recommend RETRY delay 30m. Amount ₹3,681.23 exceeds threshold.",Policy requires human sign-off for high value or medium risk cases.,2026-08-27T23:16:04.285164
APP-39a6d49b,CASE-2117,PENDING,"Recommend RETRY delay 30m. Amount ₹4,681.23 exceeds threshold.",Policy requires human sign-off for high value or medium risk cases.,2026-08-27T08:16:04.285164
APP-98d6e459,CASE-2118,PENDING,"Recommend RETRY delay 30m. Amount ₹3,681.23 exceeds threshold.",Policy requires human sign-off for high value or medium risk cases.,2026-08-27T21:16:04.285164
APP-1521cfb6,CASE-2121,PENDING,"Recommend RETRY delay 30m. Amount ₹7,182.23 exceeds threshold.",Policy requires human sign-off for high value or medium risk cases.,2026-08-26T15:16:04.285164
APP-ad57d6c8,CASE-2122,PENDING,"Recommend RETRY delay 30m. Amount ₹3,681.23 exceeds threshold.",Policy requires human sign-off for high value or medium risk cases.,2026-08-26T17:16:04.285164
APP-efbfdd0a,CASE-2123,PENDING,"Recommend RETRY delay 30m. Amount ₹1,181.23 exceeds threshold.",Policy requires human sign-off for high value or medium risk cases.,2026-08-26T19:16:04.285164
APP-5f65309f,CASE-2126,PENDING,"Recommend RETRY delay 30m. Amount ₹11,682.23 exceeds threshold.",Policy requires human sign-off for high value or medium risk cases.,2026-08-28T08:16:04.287232
APP-d7de47dd,CASE-2127,PENDING,"Recommend RETRY delay 30m. Amount ₹11,682.23 exceeds threshold.",Policy requires human sign-off for high value or medium risk cases.,2026-08-26T13:16:04.287232
APP-0e318631,CASE-2129,PENDING,"Recommend RETRY delay 30m. Amount ₹7,182.23 exceeds threshold.",Policy requires human sign-off for high value or medium risk cases.,2026-08-26T18:16:04.287232
APP-fd9d6782,CASE-2130,PENDING,"Recommend RETRY delay 30m. Amount ₹11,682.23 exceeds threshold.",Policy requires human sign-off for high value or medium risk cases.,2026-08-27T09:16:04.287232
APP-51bd417b,CASE-2131,PENDING,"Recommend RETRY delay 30m. Amount ₹2,181.23 exceeds threshold.",Policy requires human sign-off for high value or medium risk cases.,2026-08-27T15:16:04.287232
APP-ba78bf1e,CASE-2132,PENDING,"Recommend RETRY delay 30m. Amount ₹7,182.23 exceeds threshold.",Policy requires human sign-off for high value or medium risk cases.,2026-08-26T17:16:04.287232
APP-7a07a357,CASE-2133,PENDING,"Recommend RETRY delay 30m. Amount ₹1,181.23 exceeds threshold.",Policy requires human sign-off for high value or medium risk cases.,2026-08-28T05:16:04.287232
APP-c482b0c0,CASE-2134,PENDING,"Recommend RETRY delay 30m. Amount ₹2,181.23 exceeds threshold.",Policy requires human sign-off for high value or medium risk cases.,2026-08-28T00:16:04.287232
APP-1dff0d3c,CASE-2135,PENDING,"Recommend RETRY delay 30m. Amount ₹11,682.23 exceeds threshold.",Policy requires human sign-off for high value or medium risk cases.,2026-08-28T07:16:04.287232
APP-10ab1fad,CASE-2136,PENDING,"Recommend RETRY delay 30m. Amount ₹11,682.23 exceeds threshold.",Policy requires human sign-off for high value or medium risk cases.,2026-08-26T18:16:04.287232
APP-c07728b9,CASE-2137,PENDING,"Recommend RETRY delay 30m. Amount ₹11,682.23 exceeds threshold.",Policy requires human sign-off for high value or medium risk cases.,2026-08-27T17:16:04.287232
APP-842bf66e,CASE-2138,PENDING,"Recommend RETRY delay 30m. Amount ₹11,682.23 exceeds threshold.",Policy requires human sign-off for high value or medium risk cases.,2026-08-28T07:16:04.287232
APP-691c4c11,CASE-2139,PENDING,"Recommend RETRY delay 30m. Amount ₹11,682.23 exceeds threshold.",Policy requires human sign-off for high value or medium risk cases.,2026-08-28T08:16:04.287232
APP-0551a2bb,CASE-2141,PENDING,"Recommend RETRY delay 30m. Amount ₹3,681.23 exceeds threshold.",Policy requires human sign-off for high value or medium risk cases.,2026-08-28T08:16:04.287232
APP-55593576,CASE-2142,PENDING,"Recommend RETRY delay 30m. Amount ₹2,181.23 exceeds threshold.",Policy requires human sign-off for high value or medium risk cases.,2026-08-27T16:16:04.287232
APP-63aeb03d,CASE-2143,PENDING,"Recommend RETRY delay 30m. Amount ₹3,681.23 exceeds threshold.",Policy requires human sign-off for high value or medium risk cases.,2026-08-26T19:16:04.287232
APP-59eb2e1c,CASE-2144,PENDING,"Recommend RETRY delay 30m. Amount ₹11,682.23 exceeds threshold.",Policy requires human sign-off for high value or medium risk cases.,2026-08-26T19:16:04.287232
APP-43d37a58,CASE-2145,PENDING,"Recommend RETRY delay 30m. Amount ₹2,181.23 exceeds threshold.",Policy requires human sign-off for high value or medium risk cases.,2026-08-26T13:16:04.287232
APP-7c6503ad,CASE-2146,PENDING,"Recommend RETRY delay 30m. Amount ₹2,181.23 exceeds threshold.",Policy requires human sign-off for high value or medium risk cases.,2026-08-28T06:16:04.287232
APP-3846daf7,CASE-2148,PENDING,"Recommend RETRY delay 30m. Amount ₹2,181.23 exceeds threshold.",Policy requires human sign-off for high value or medium risk cases.,2026-08-27T01:16:04.287232
APP-8e4dfd9e,CASE-2149,PENDING,"Recommend RETRY delay 30m. Amount ₹7,182.23 exceeds threshold.",Policy requires human sign-off for high value or medium risk cases.,2026-08-27T17:16:04.287232
APP-71caa9d6,CASE-2150,PENDING,"Recommend RETRY delay 30m. Amount ₹2,181.23 exceeds threshold.",Policy requires human sign-off for high value or medium risk cases.,2026-08-27T11:16:04.287232
APP-8548813a,CASE-2152,PENDING,"Recommend RETRY delay 30m. Amount ₹2,181.23 exceeds threshold.",Policy requires human sign-off for high value or medium risk cases.,2026-08-27T16:16:04.287232
APP-c43c9e8c,CASE-2153,PENDING,"Recommend RETRY delay 30m. Amount ₹2,181.23 exceeds threshold.",Policy requires human sign-off for high value or medium risk cases.,2026-08-27T02:16:04.287232
APP-1f921462,CASE-2154,PENDING,"Recommend RETRY delay 30m. Amount ₹11,682.23 exceeds threshold.",Policy requires human sign-off for high value or medium risk cases.,2026-08-26T23:16:04.287232
APP-c1d0cf39,CASE-2155,PENDING,"Recommend RETRY delay 30m. Amount ₹1,181.23 exceeds threshold.",Policy requires human sign-off for high value or medium risk cases.,2026-08-28T09:16:04.287232
APP-719f9184,CASE-2156,PENDING,"Recommend RETRY delay 30m. Amount ₹4,681.23 exceeds threshold.",Policy requires human sign-off for high value or medium risk cases.,2026-08-26T16:16:04.287232
APP-c45313f1,CASE-2157,PENDING,"Recommend RETRY delay 30m. Amount ₹4,681.23 exceeds threshold.",Policy requires human sign-off for high value or medium risk cases.,2026-08-28T07:16:04.287232
APP-78d4bb29,CASE-2158,PENDING,"Recommend RETRY delay 30m. Amount ₹3,681.23 exceeds threshold.",Policy requires human sign-off for high value or medium risk cases.,2026-08-27T02:16:04.287232
APP-97a275c4,CASE-2159,PENDING,"Recommend RETRY delay 30m. Amount ₹3,681.23 exceeds threshold.",Policy requires human sign-off for high value or medium risk cases.,2026-08-27T09:16:04.287232
APP-6d3003ef,CASE-2160,PENDING,"Recommend RETRY delay 30m. Amount ₹11,682.23 exceeds threshold.",Policy requires human sign-off for high value or medium risk cases.,2026-08-27T09:16:04.287232
APP-e7278594,CASE-2161,PENDING,"Recommend RETRY delay 30m. Amount ₹1,181.23 exceeds threshold.",Policy requires human sign-off for high value or medium risk cases.,2026-08-26T13:16:04.287232
APP-7f3e4504,CASE-2162,PENDING,"Recommend RETRY delay 30m. Amount ₹11,682.23 exceeds threshold.",Policy requires human sign-off for high value or medium risk cases.,2026-08-26T15:16:04.287232
APP-042be0a2,CASE-2164,PENDING,"Recommend RETRY delay 30m. Amount ₹11,682.23 exceeds threshold.",Policy requires human sign-off for high value or medium risk cases.,2026-08-26T13:16:04.287232
APP-57a7e1cc,CASE-2166,PENDING,"Recommend RETRY delay 30m. Amount ₹7,182.23 exceeds threshold.",Policy requires human sign-off for high value or medium risk cases.,2026-08-27T07:16:04.287232
APP-187f1403,CASE-2167,PENDING,"Recommend RETRY delay 30m. Amount ₹7,182.23 exceeds threshold.",Policy requires human sign-off for high value or medium risk cases.,2026-08-28T02:16:04.287232
APP-f4491cb2,CASE-2168,PENDING,"Recommend RETRY delay 30m. Amount ₹3,681.23 exceeds threshold.",Policy requires human sign-off for high value or medium risk cases.,2026-08-26T17:16:04.287232
APP-7daddcdd,CASE-2169,PENDING,"Recommend RETRY delay 30m. Amount ₹11,682.23 exceeds threshold.",Policy requires human sign-off for high value or medium risk cases.,2026-08-28T12:16:04.287232
APP-b0e070d5,CASE-2170,PENDING,"Recommend RETRY delay 30m. Amount ₹2,181.23 exceeds threshold.",Policy requires human sign-off for high value or medium risk cases.,2026-08-28T03:16:04.287232
APP-3a01fb0d,CASE-2171,PENDING,"Recommend RETRY delay 30m. Amount ₹2,181.23 exceeds threshold.",Policy requires human sign-off for high value or medium risk cases.,2026-08-27T16:16:04.287232
APP-27471c90,CASE-2172,PENDING,"Recommend RETRY delay 30m. Amount ₹2,181.23 exceeds threshold.",Policy requires human sign-off for high value or medium risk cases.,2026-08-27T00:16:04.287232
APP-ba8c9ca9,CASE-2173,PENDING,"Recommend RETRY delay 30m. Amount ₹3,681.23 exceeds threshold.",Policy requires human sign-off for high value or medium risk cases.,2026-08-27T22:16:04.287232
APP-6f44d760,CASE-2174,PENDING,"Recommend RETRY delay 30m. Amount ₹7,182.23 exceeds threshold.",Policy requires human sign-off for high value or medium risk cases.,2026-08-27T18:16:04.287232
APP-073383c8,CASE-2175,PENDING,"Recommend RETRY delay 30m. Amount ₹3,681.23 exceeds threshold.",Policy requires human sign-off for high value or medium risk cases.,2026-08-27T13:16:04.295307
APP-9768594e,CASE-2176,PENDING,"Recommend RETRY delay 30m. Amount ₹2,181.23 exceeds threshold.",Policy requires human sign-off for high value or medium risk cases.,2026-08-26T21:16:04.295307
APP-2867973c,CASE-2177,PENDING,"Recommend RETRY delay 30m. Amount ₹2,181.23 exceeds threshold.",Policy requires human sign-off for high value or medium risk cases.,2026-08-26T14:16:04.295307
APP-78cebec8,CASE-2178,PENDING,"Recommend RETRY delay 30m. Amount ₹7,182.23 exceeds threshold.",Policy requires human sign-off for high value or medium risk cases.,2026-08-27T10:16:04.295307
APP-ed0661e7,CASE-2179,PENDING,"Recommend RETRY delay 30m. Amount ₹1,181.23 exceeds threshold.",Policy requires human sign-off for high value or medium risk cases.,2026-08-26T16:16:04.295307
APP-3de3772c,CASE-2180,PENDING,"Recommend RETRY delay 30m. Amount ₹1,181.23 exceeds threshold.",Policy requires human sign-off for high value or medium risk cases.,2026-08-26T14:16:04.295307
APP-0964055c,CASE-2181,PENDING,"Recommend RETRY delay 30m. Amount ₹3,681.23 exceeds threshold.",Policy requires human sign-off for high value or medium risk cases.,2026-08-27T05:16:04.296427
APP-a6fec4b0,CASE-2182,PENDING,"Recommend RETRY delay 30m. Amount ₹1,181.23 exceeds threshold.",Policy requires human sign-off for high value or medium risk cases.,2026-08-27T22:16:04.296427
APP-8eebac24,CASE-2183,PENDING,"Recommend RETRY delay 30m. Amount ₹7,182.23 exceeds threshold.",Policy requires human sign-off for high value or medium risk cases.,2026-08-28T07:16:04.296427
APP-53e75c1c,CASE-2184,PENDING,"Recommend RETRY delay 30m. Amount ₹7,182.23 exceeds threshold.",Policy requires human sign-off for high value or medium risk cases.,2026-08-27T11:16:04.296427
APP-7667fcf3,CASE-2186,PENDING,"Recommend RETRY delay 30m. Amount ₹3,681.23 exceeds threshold.",Policy requires human sign-off for high value or medium risk cases.,2026-08-27T08:16:04.296427
APP-ae0f55e3,CASE-2187,PENDING,"Recommend RETRY delay 30m. Amount ₹3,681.23 exceeds threshold.",Policy requires human sign-off for high value or medium risk cases.,2026-08-26T23:16:04.296427
APP-4b7f2e8c,CASE-2188,PENDING,"Recommend RETRY delay 30m. Amount ₹1,181.23 exceeds threshold.",Policy requires human sign-off for high value or medium risk cases.,2026-08-27T07:16:04.296427
APP-bd8a29b7,CASE-2189,PENDING,"Recommend RETRY delay 30m. Amount ₹3,681.23 exceeds threshold.",Policy requires human sign-off for high value or medium risk cases.,2026-08-27T08:16:04.296427
APP-edfa0711,CASE-2190,PENDING,"Recommend RETRY delay 30m. Amount ₹3,681.23 exceeds threshold.",Policy requires human sign-off for high value or medium risk cases.,2026-08-28T02:16:04.296427
APP-f4c2cf6c,CASE-2191,PENDING,"Recommend RETRY delay 30m. Amount ₹11,682.23 exceeds threshold.",Policy requires human sign-off for high value or medium risk cases.,2026-08-28T03:16:04.296427
APP-cd1465a8,CASE-2193,PENDING,"Recommend RETRY delay 30m. Amount ₹11,682.23 exceeds threshold.",Policy requires human sign-off for high value or medium risk cases.,2026-08-27T11:16:04.298440
APP-042e656f,CASE-2195,PENDING,"Recommend RETRY delay 30m. Amount ₹2,181.23 exceeds threshold.",Policy requires human sign-off for high value or medium risk cases.,2026-08-28T04:16:04.298440
APP-9876a079,CASE-2196,PENDING,"Recommend RETRY delay 30m. Amount ₹2,181.23 exceeds threshold.",Policy requires human sign-off for high value or medium risk cases.,2026-08-26T23:16:04.298440
APP-f93d136f,CASE-2197,PENDING,"Recommend RETRY delay 30m. Amount ₹3,681.23 exceeds threshold.",Policy requires human sign-off for high value or medium risk cases.,2026-08-26T19:16:04.298440
APP-b81caf0c,CASE-2198,PENDING,"Recommend RETRY delay 30m. Amount ₹4,681.23 exceeds threshold.",Policy requires human sign-off for high value or medium risk cases.,2026-08-28T10:16:04.298440
APP-d348b4cb,CASE-2199,PENDING,"Recommend RETRY delay 30m. Amount ₹4,681.23 exceeds threshold.",Policy requires human sign-off for high value or medium risk cases.,2026-08-27T11:16:04.299480
APP-1b094be2,CASE-2200,PENDING,"Recommend RETRY delay 30m. Amount ₹4,681.23 exceeds threshold.",Policy requires human sign-off for high value or medium risk cases.,2026-08-27T14:16:04.299480
APP-31d69396,CASE-2201,PENDING,"Recommend RETRY delay 30m. Amount ₹2,181.23 exceeds threshold.",Policy requires human sign-off for high value or medium risk cases.,2026-08-28T03:16:04.299480
APP-bb7285fb,CASE-2203,PENDING,"Recommend RETRY delay 30m. Amount ₹7,182.23 exceeds threshold.",Policy requires human sign-off for high value or medium risk cases.,2026-08-27T12:16:04.300382
APP-ccb42fa4,CASE-2204,PENDING,"Recommend RETRY delay 30m. Amount ₹2,181.23 exceeds threshold.",Policy requires human sign-off for high value or medium risk cases.,2026-08-27T02:16:04.300951
APP-583946ec,CASE-2205,PENDING,"Recommend RETRY delay 30m. Amount ₹1,181.23 exceeds threshold.",Policy requires human sign-off for high value or medium risk cases.,2026-08-27T05:16:04.300951
APP-04a71b90,CASE-2209,PENDING,"Recommend RETRY delay 30m. Amount ₹11,682.23 exceeds threshold.",Policy requires human sign-off for high value or medium risk cases.,2026-08-27T00:16:04.301483
APP-70a114c3,CASE-2210,PENDING,"Recommend RETRY delay 30m. Amount ₹4,681.23 exceeds threshold.",Policy requires human sign-off for high value or medium risk cases.,2026-08-26T23:16:04.301483
APP-aa7f4a55,CASE-2213,PENDING,"Recommend RETRY delay 30m. Amount ₹1,181.23 exceeds threshold.",Policy requires human sign-off for high value or medium risk cases.,2026-08-27T22:16:04.302136
APP-08e218b3,CASE-2214,PENDING,"Recommend RETRY delay 30m. Amount ₹1,181.23 exceeds threshold.",Policy requires human sign-off for high value or medium risk cases.,2026-08-26T21:16:04.302136
APP-7989989f,CASE-2215,PENDING,"Recommend RETRY delay 30m. Amount ₹2,181.23 exceeds threshold.",Policy requires human sign-off for high value or medium risk cases.,2026-08-28T09:16:04.302735
APP-1134b85a,CASE-2216,PENDING,"Recommend RETRY delay 30m. Amount ₹1,181.23 exceeds threshold.",Policy requires human sign-off for high value or medium risk cases.,2026-08-27T13:16:04.302735
APP-d6dfd87f,CASE-2217,PENDING,"Recommend RETRY delay 30m. Amount ₹1,181.23 exceeds threshold.",Policy requires human sign-off for high value or medium risk cases.,2026-08-27T17:16:04.302735
APP-6849af31,CASE-2218,PENDING,"Recommend RETRY delay 30m. Amount ₹3,681.23 exceeds threshold.",Policy requires human sign-off for high value or medium risk cases.,2026-08-27T05:16:04.303288
APP-ca799109,CASE-2219,PENDING,"Recommend RETRY delay 30m. Amount ₹11,682.23 exceeds threshold.",Policy requires human sign-off for high value or medium risk cases.,2026-08-26T18:16:04.303288
APP-6051653f,CASE-2220,PENDING,"Recommend RETRY delay 30m. Amount ₹7,182.23 exceeds threshold.",Policy requires human sign-off for high value or medium risk cases.,2026-08-26T16:16:04.303981
APP-515d6fb7,CASE-2221,PENDING,"Recommend RETRY delay 30m. Amount ₹3,681.23 exceeds threshold.",Policy requires human sign-off for high value or medium risk cases.,2026-08-27T00:16:04.303981
APP-51dd9271,CASE-2223,PENDING,"Recommend RETRY delay 30m. Amount ₹7,182.23 exceeds threshold.",Policy requires human sign-off for high value or medium risk cases.,2026-08-28T03:16:04.304551
APP-91e7d4c3,CASE-2226,PENDING,"Recommend RETRY delay 30m. Amount ₹2,181.23 exceeds threshold.",Policy requires human sign-off for high value or medium risk cases.,2026-08-28T06:16:04.305081
APP-f1bc1a82,CASE-2227,PENDING,"Recommend RETRY delay 30m. Amount ₹11,682.23 exceeds threshold.",Policy requires human sign-off for high value or medium risk cases.,2026-08-26T14:16:04.305616
APP-d8d37f43,CASE-2228,PENDING,"Recommend RETRY delay 30m. Amount ₹4,681.23 exceeds threshold.",Policy requires human sign-off for high value or medium risk cases.,2026-08-27T14:16:04.305616
APP-6e7bfbbd,CASE-2229,PENDING,"Recommend RETRY delay 30m. Amount ₹7,182.23 exceeds threshold.",Policy requires human sign-off for high value or medium risk cases.,2026-08-26T19:16:04.305616
APP-cb6264f0,CASE-2230,PENDING,"Recommend RETRY delay 30m. Amount ₹11,682.23 exceeds threshold.",Policy requires human sign-off for high value or medium risk cases.,2026-08-28T10:16:04.305616
APP-4b312bd2,CASE-2231,PENDING,"Recommend RETRY delay 30m. Amount ₹3,681.23 exceeds threshold.",Policy requires human sign-off for high value or medium risk cases.,2026-08-28T08:16:04.306195
APP-7d193c2c,CASE-2232,PENDING,"Recommend RETRY delay 30m. Amount ₹3,681.23 exceeds threshold.",Policy requires human sign-off for high value or medium risk cases.,2026-08-28T08:16:04.306195
APP-aad69b64,CASE-2233,PENDING,"Recommend RETRY delay 30m. Amount ₹7,182.23 exceeds threshold.",Policy requires human sign-off for high value or medium risk cases.,2026-08-28T11:16:04.306195
APP-3e08b328,CASE-2235,PENDING,"Recommend RETRY delay 30m. Amount ₹3,681.23 exceeds threshold.",Policy requires human sign-off for high value or medium risk cases.,2026-08-27T01:16:04.306807
APP-bfb6ee31,CASE-2236,PENDING,"Recommend RETRY delay 30m. Amount ₹11,682.23 exceeds threshold.",Policy requires human sign-off for high value or medium risk cases.,2026-08-27T18:16:04.306807
APP-86bde5ac,CASE-2237,PENDING,"Recommend RETRY delay 30m. Amount ₹3,681.23 exceeds threshold.",Policy requires human sign-off for high value or medium risk cases.,2026-08-27T00:16:04.306807
APP-414bdbe2,CASE-2238,PENDING,"Recommend RETRY delay 30m. Amount ₹7,182.23 exceeds threshold.",Policy requires human sign-off for high value or medium risk cases.,2026-08-28T12:16:04.306807
APP-e71ced2b,CASE-2239,PENDING,"Recommend RETRY delay 30m. Amount ₹4,681.23 exceeds threshold.",Policy requires human sign-off for high value or medium risk cases.,2026-08-28T06:16:04.307426
APP-642ad8f4,CASE-2240,PENDING,"Recommend RETRY delay 30m. Amount ₹1,181.23 exceeds threshold.",Policy requires human sign-off for high value or medium risk cases.,2026-08-27T06:16:04.307426
APP-76f880b1,CASE-2241,PENDING,"Recommend RETRY delay 30m. Amount ₹1,181.23 exceeds threshold.",Policy requires human sign-off for high value or medium risk cases.,2026-08-26T18:16:04.307426
APP-d25d34d4,CASE-2242,PENDING,"Recommend RETRY delay 30m. Amount ₹3,681.23 exceeds threshold.",Policy requires human sign-off for high value or medium risk cases.,2026-08-27T13:16:04.307426
APP-bc7f89ed,CASE-2243,PENDING,"Recommend RETRY delay 30m. Amount ₹4,681.23 exceeds threshold.",Policy requires human sign-off for high value or medium risk cases.,2026-08-27T20:16:04.307426
APP-716cde09,CASE-2244,PENDING,"Recommend RETRY delay 30m. Amount ₹4,681.23 exceeds threshold.",Policy requires human sign-off for high value or medium risk cases.,2026-08-27T00:16:04.307426
APP-d351258e,CASE-2245,PENDING,"Recommend RETRY delay 30m. Amount ₹1,181.23 exceeds threshold.",Policy requires human sign-off for high value or medium risk cases.,2026-08-27T14:16:04.307426
APP-4a82acf7,CASE-2246,PENDING,"Recommend RETRY delay 30m. Amount ₹7,182.23 exceeds threshold.",Policy requires human sign-off for high value or medium risk cases.,2026-08-27T03:16:04.307426
APP-2cf56687,CASE-2247,PENDING,"Recommend RETRY delay 30m. Amount ₹4,681.23 exceeds threshold.",Policy requires human sign-off for high value or medium risk cases.,2026-08-27T17:16:04.307426
APP-5cc62ea0,CASE-2248,PENDING,"Recommend RETRY delay 30m. Amount ₹1,181.23 exceeds threshold.",Policy requires human sign-off for high value or medium risk cases.,2026-08-27T08:16:04.307426
APP-1dfde127,CASE-2249,PENDING,"Recommend RETRY delay 30m. Amount ₹2,181.23 exceeds threshold.",Policy requires human sign-off for high value or medium risk cases.,2026-08-28T10:16:04.307426
APP-0569f589,CASE-2250,PENDING,"Recommend RETRY delay 30m. Amount ₹4,681.23 exceeds threshold.",Policy requires human sign-off for high value or medium risk cases.,2026-08-28T03:16:04.307426
APP-868e4ca1,CASE-2251,PENDING,"Recommend RETRY delay 30m. Amount ₹7,182.23 exceeds threshold.",Policy requires human sign-off for high value or medium risk cases.,2026-08-27T12:16:04.307426
APP-db1f6a7c,CASE-2252,PENDING,"Recommend RETRY delay 30m. Amount ₹7,182.23 exceeds threshold.",Policy requires human sign-off for high value or medium risk cases.,2026-08-27T03:16:04.307426
APP-882e798f,CASE-2253,PENDING,"Recommend RETRY delay 30m. Amount ₹4,681.23 exceeds threshold.",Policy requires human sign-off for high value or medium risk cases.,2026-08-27T10:16:04.307426
APP-f7173933,CASE-2254,PENDING,"Recommend RETRY delay 30m. Amount ₹2,181.23 exceeds threshold.",Policy requires human sign-off for high value or medium risk cases.,2026-08-27T00:16:04.307426
APP-12497ecf,CASE-2257,PENDING,"Recommend RETRY delay 30m. Amount ₹4,681.23 exceeds threshold.",Policy requires human sign-off for high value or medium risk cases.,2026-08-27T15:16:04.307426
APP-6767da9c,CASE-2258,PENDING,"Recommend RETRY delay 30m. Amount ₹11,682.23 exceeds threshold.",Policy requires human sign-off for high value or medium risk cases.,2026-08-27T13:16:04.307426
APP-d104d143,CASE-2259,PENDING,"Recommend RETRY delay 30m. Amount ₹1,181.23 exceeds threshold.",Policy requires human sign-off for high value or medium risk cases.,2026-08-27T05:16:04.307426
APP-09793262,CASE-2260,PENDING,"Recommend RETRY delay 30m. Amount ₹11,682.23 exceeds threshold.",Policy requires human sign-off for high value or medium risk cases.,2026-08-27T17:16:04.307426
APP-6c00153e,CASE-2261,PENDING,"Recommend RETRY delay 30m. Amount ₹11,682.23 exceeds threshold.",Policy requires human sign-off for high value or medium risk cases.,2026-08-27T10:16:04.307426
APP-8ee6e301,CASE-2262,PENDING,"Recommend RETRY delay 30m. Amount ₹7,182.23 exceeds threshold.",Policy requires human sign-off for high value or medium risk cases.,2026-08-27T23:16:04.307426
APP-3610ac81,CASE-2264,PENDING,"Recommend RETRY delay 30m. Amount ₹2,181.23 exceeds threshold.",Policy requires human sign-off for high value or medium risk cases.,2026-08-27T03:16:04.307426
APP-eccde809,CASE-2265,PENDING,"Recommend RETRY delay 30m. Amount ₹7,182.23 exceeds threshold.",Policy requires human sign-off for high value or medium risk cases.,2026-08-28T09:16:04.307426
APP-32032f3d,CASE-2266,PENDING,"Recommend RETRY delay 30m. Amount ₹2,181.23 exceeds threshold.",Policy requires human sign-off for high value or medium risk cases.,2026-08-26T15:16:04.307426
APP-93f4a11d,CASE-2267,PENDING,"Recommend RETRY delay 30m. Amount ₹2,181.23 exceeds threshold.",Policy requires human sign-off for high value or medium risk cases.,2026-08-27T11:16:04.307426
APP-c5b24ce0,CASE-2268,PENDING,"Recommend RETRY delay 30m. Amount ₹11,682.23 exceeds threshold.",Policy requires human sign-off for high value or medium risk cases.,2026-08-27T05:16:04.307426
APP-c9b260b6,CASE-2269,PENDING,"Recommend RETRY delay 30m. Amount ₹7,182.23 exceeds threshold.",Policy requires human sign-off for high value or medium risk cases.,2026-08-27T01:16:04.307426
APP-79f03d20,CASE-2270,PENDING,"Recommend RETRY delay 30m. Amount ₹3,681.23 exceeds threshold.",Policy requires human sign-off for high value or medium risk cases.,2026-08-26T16:16:04.307426
APP-d2d3e9d6,CASE-2271,PENDING,"Recommend RETRY delay 30m. Amount ₹1,181.23 exceeds threshold.",Policy requires human sign-off for high value or medium risk cases.,2026-08-28T02:16:04.307426
APP-276b665e,CASE-2272,PENDING,"Recommend RETRY delay 30m. Amount ₹7,182.23 exceeds threshold.",Policy requires human sign-off for high value or medium risk cases.,2026-08-27T22:16:04.307426
APP-87cc45ca,CASE-2273,PENDING,"Recommend RETRY delay 30m. Amount ₹11,682.23 exceeds threshold.",Policy requires human sign-off for high value or medium risk cases.,2026-08-28T11:16:04.314887
APP-3f6463cd,CASE-2274,PENDING,"Recommend RETRY delay 30m. Amount ₹11,682.23 exceeds threshold.",Policy requires human sign-off for high value or medium risk cases.,2026-08-28T01:16:04.314887
APP-9ed1200e,CASE-2275,PENDING,"Recommend RETRY delay 30m. Amount ₹7,182.23 exceeds threshold.",Policy requires human sign-off for high value or medium risk cases.,2026-08-27T17:16:04.315660
APP-1abed839,CASE-2276,PENDING,"Recommend RETRY delay 30m. Amount ₹11,682.23 exceeds threshold.",Policy requires human sign-off for high value or medium risk cases.,2026-08-27T14:16:04.315660
APP-faeea382,CASE-2277,PENDING,"Recommend RETRY delay 30m. Amount ₹4,681.23 exceeds threshold.",Policy requires human sign-off for high value or medium risk cases.,2026-08-26T17:16:04.316566
APP-1cf7d354,CASE-2278,PENDING,"Recommend RETRY delay 30m. Amount ₹7,182.23 exceeds threshold.",Policy requires human sign-off for high value or medium risk cases.,2026-08-27T04:16:04.316566
APP-e6fee7f8,CASE-2279,PENDING,"Recommend RETRY delay 30m. Amount ₹11,682.23 exceeds threshold.",Policy requires human sign-off for high value or medium risk cases.,2026-08-26T17:16:04.316566
APP-556a2a4f,CASE-2280,PENDING,"Recommend RETRY delay 30m. Amount ₹1,181.23 exceeds threshold.",Policy requires human sign-off for high value or medium risk cases.,2026-08-26T20:16:04.316566
APP-80e723e1,CASE-2281,PENDING,"Recommend RETRY delay 30m. Amount ₹3,681.23 exceeds threshold.",Policy requires human sign-off for high value or medium risk cases.,2026-08-28T03:16:04.316566
APP-94fe6b9b,CASE-2282,PENDING,"Recommend RETRY delay 30m. Amount ₹7,182.23 exceeds threshold.",Policy requires human sign-off for high value or medium risk cases.,2026-08-27T11:16:04.316566
APP-da81f37d,CASE-2283,PENDING,"Recommend RETRY delay 30m. Amount ₹11,682.23 exceeds threshold.",Policy requires human sign-off for high value or medium risk cases.,2026-08-27T05:16:04.318577
APP-eb59be28,CASE-2284,PENDING,"Recommend RETRY delay 30m. Amount ₹3,681.23 exceeds threshold.",Policy requires human sign-off for high value or medium risk cases.,2026-08-26T13:16:04.318577
APP-b89f4689,CASE-2286,PENDING,"Recommend RETRY delay 30m. Amount ₹11,682.23 exceeds threshold.",Policy requires human sign-off for high value or medium risk cases.,2026-08-27T14:16:04.318577
APP-11e42809,CASE-2287,PENDING,"Recommend RETRY delay 30m. Amount ₹7,182.23 exceeds threshold.",Policy requires human sign-off for high value or medium risk cases.,2026-08-28T06:16:04.318577
APP-475517d2,CASE-2288,PENDING,"Recommend RETRY delay 30m. Amount ₹4,681.23 exceeds threshold.",Policy requires human sign-off for high value or medium risk cases.,2026-08-27T15:16:04.318577
APP-3bac9964,CASE-2289,PENDING,"Recommend RETRY delay 30m. Amount ₹11,682.23 exceeds threshold.",Policy requires human sign-off for high value or medium risk cases.,2026-08-26T13:16:04.318577
APP-fef15317,CASE-2290,PENDING,"Recommend RETRY delay 30m. Amount ₹3,681.23 exceeds threshold.",Policy requires human sign-off for high value or medium risk cases.,2026-08-26T23:16:04.318577
APP-1d6a4a0c,CASE-2291,PENDING,"Recommend RETRY delay 30m. Amount ₹3,681.23 exceeds threshold.",Policy requires human sign-off for high value or medium risk cases.,2026-08-26T20:16:04.320609
APP-372bf133,CASE-2292,PENDING,"Recommend RETRY delay 30m. Amount ₹7,182.23 exceeds threshold.",Policy requires human sign-off for high value or medium risk cases.,2026-08-27T04:16:04.320609
APP-ca49f9b1,CASE-2294,PENDING,"Recommend RETRY delay 30m. Amount ₹2,181.23 exceeds threshold.",Policy requires human sign-off for high value or medium risk cases.,2026-08-27T07:16:04.320609
APP-c1f94358,CASE-2295,PENDING,"Recommend RETRY delay 30m. Amount ₹2,181.23 exceeds threshold.",Policy requires human sign-off for high value or medium risk cases.,2026-08-27T15:16:04.320609
APP-05dbefa7,CASE-2296,PENDING,"Recommend RETRY delay 30m. Amount ₹11,682.23 exceeds threshold.",Policy requires human sign-off for high value or medium risk cases.,2026-08-27T08:16:04.320609
APP-66ba9101,CASE-2297,PENDING,"Recommend RETRY delay 30m. Amount ₹3,681.23 exceeds threshold.",Policy requires human sign-off for high value or medium risk cases.,2026-08-28T07:16:04.320609
APP-f4e319cb,CASE-2299,PENDING,"Recommend RETRY delay 30m. Amount ₹4,681.23 exceeds threshold.",Policy requires human sign-off for high value or medium risk cases.,2026-08-27T13:16:04.320609
APP-32803307,CASE-2300,PENDING,"Recommend RETRY delay 30m. Amount ₹1,181.23 exceeds threshold.",Policy requires human sign-off for high value or medium risk cases.,2026-08-26T17:16:04.320609
APP-4cbc418b,CASE-2302,PENDING,"Recommend RETRY delay 30m. Amount ₹1,181.23 exceeds threshold.",Policy requires human sign-off for high value or medium risk cases.,2026-08-28T08:16:04.320609
APP-bde60f63,CASE-2303,PENDING,"Recommend RETRY delay 30m. Amount ₹1,181.23 exceeds threshold.",Policy requires human sign-off for high value or medium risk cases.,2026-08-27T03:16:04.320609
APP-28183c93,CASE-2304,PENDING,"Recommend RETRY delay 30m. Amount ₹7,182.23 exceeds threshold.",Policy requires human sign-off for high value or medium risk cases.,2026-08-28T04:16:04.320609
APP-bcf5b4c3,CASE-2305,PENDING,"Recommend RETRY delay 30m. Amount ₹3,681.23 exceeds threshold.",Policy requires human sign-off for high value or medium risk cases.,2026-08-27T11:16:04.325264
APP-4d113e40,CASE-2306,PENDING,"Recommend RETRY delay 30m. Amount ₹1,181.23 exceeds threshold.",Policy requires human sign-off for high value or medium risk cases.,2026-08-26T14:16:04.325264
APP-4bc5bae5,CASE-2308,PENDING,"Recommend RETRY delay 30m. Amount ₹1,181.23 exceeds threshold.",Policy requires human sign-off for high value or medium risk cases.,2026-08-28T09:16:04.325264
APP-8bafce11,CASE-2309,PENDING,"Recommend RETRY delay 30m. Amount ₹11,682.23 exceeds threshold.",Policy requires human sign-off for high value or medium risk cases.,2026-08-28T05:16:04.325264
APP-4539c406,CASE-2310,PENDING,"Recommend RETRY delay 30m. Amount ₹4,681.23 exceeds threshold.",Policy requires human sign-off for high value or medium risk cases.,2026-08-27T20:16:04.325264
APP-99b2b0cb,CASE-2313,PENDING,"Recommend RETRY delay 30m. Amount ₹11,682.23 exceeds threshold.",Policy requires human sign-off for high value or medium risk cases.,2026-08-28T06:16:04.325264
APP-b6970e92,CASE-2314,PENDING,"Recommend RETRY delay 30m. Amount ₹4,681.23 exceeds threshold.",Policy requires human sign-off for high value or medium risk cases.,2026-08-28T00:16:04.325264
APP-96860abf,CASE-2317,PENDING,"Recommend RETRY delay 30m. Amount ₹11,682.23 exceeds threshold.",Policy requires human sign-off for high value or medium risk cases.,2026-08-28T07:16:04.325264
APP-452d0571,CASE-2318,PENDING,"Recommend RETRY delay 30m. Amount ₹7,182.23 exceeds threshold.",Policy requires human sign-off for high value or medium risk cases.,2026-08-27T22:16:04.325264
APP-848c0cd8,CASE-2319,PENDING,"Recommend RETRY delay 30m. Amount ₹4,681.23 exceeds threshold.",Policy requires human sign-off for high value or medium risk cases.,2026-08-28T06:16:04.325264
APP-01bd9a43,CASE-2320,PENDING,"Recommend RETRY delay 30m. Amount ₹2,181.23 exceeds threshold.",Policy requires human sign-off for high value or medium risk cases.,2026-08-27T16:16:04.325264
APP-6c32bd6f,CASE-2322,PENDING,"Recommend RETRY delay 30m. Amount ₹11,682.23 exceeds threshold.",Policy requires human sign-off for high value or medium risk cases.,2026-08-26T21:16:04.325264
APP-c3147ea2,CASE-2324,PENDING,"Recommend RETRY delay 30m. Amount ₹4,681.23 exceeds threshold.",Policy requires human sign-off for high value or medium risk cases.,2026-08-27T06:16:04.325264
APP-0b7ff6e1,CASE-2326,PENDING,"Recommend RETRY delay 30m. Amount ₹11,682.23 exceeds threshold.",Policy requires human sign-off for high value or medium risk cases.,2026-08-26T23:16:04.325264
APP-15b16660,CASE-2329,PENDING,"Recommend RETRY delay 30m. Amount ₹4,681.23 exceeds threshold.",Policy requires human sign-off for high value or medium risk cases.,2026-08-26T19:16:04.330375
APP-3a667738,CASE-2330,PENDING,"Recommend RETRY delay 30m. Amount ₹3,681.23 exceeds threshold.",Policy requires human sign-off for high value or medium risk cases.,2026-08-27T15:16:04.330375
APP-6dd4ddd8,CASE-2331,PENDING,"Recommend RETRY delay 30m. Amount ₹7,182.23 exceeds threshold.",Policy requires human sign-off for high value or medium risk cases.,2026-08-26T14:16:04.330375
APP-88d9b3bb,CASE-2332,PENDING,"Recommend RETRY delay 30m. Amount ₹2,181.23 exceeds threshold.",Policy requires human sign-off for high value or medium risk cases.,2026-08-27T01:16:04.330375
APP-1f996e5f,CASE-2333,PENDING,"Recommend RETRY delay 30m. Amount ₹7,182.23 exceeds threshold.",Policy requires human sign-off for high value or medium risk cases.,2026-08-27T06:16:04.330375
APP-266c93ec,CASE-2334,PENDING,"Recommend RETRY delay 30m. Amount ₹4,681.23 exceeds threshold.",Policy requires human sign-off for high value or medium risk cases.,2026-08-27T21:16:04.330375
APP-3461093c,CASE-2335,PENDING,"Recommend RETRY delay 30m. Amount ₹3,681.23 exceeds threshold.",Policy requires human sign-off for high value or medium risk cases.,2026-08-26T19:16:04.330375
APP-6ddac5da,CASE-2336,PENDING,"Recommend RETRY delay 30m. Amount ₹4,681.23 exceeds threshold.",Policy requires human sign-off for high value or medium risk cases.,2026-08-27T08:16:04.330375
APP-9befc056,CASE-2337,PENDING,"Recommend RETRY delay 30m. Amount ₹7,182.23 exceeds threshold.",Policy requires human sign-off for high value or medium risk cases.,2026-08-27T16:16:04.330375
APP-5330b2a9,CASE-2338,PENDING,"Recommend RETRY delay 30m. Amount ₹1,181.23 exceeds threshold.",Policy requires human sign-off for high value or medium risk cases.,2026-08-27T10:16:04.330375
APP-2c600b54,CASE-2341,PENDING,"Recommend RETRY delay 30m. Amount ₹4,681.23 exceeds threshold.",Policy requires human sign-off for high value or medium risk cases.,2026-08-26T18:16:04.330375
APP-89663b62,CASE-2344,PENDING,"Recommend RETRY delay 30m. Amount ₹1,181.23 exceeds threshold.",Policy requires human sign-off for high value or medium risk cases.,2026-08-26T13:16:04.330375
APP-59ff0ef4,CASE-2345,PENDING,"Recommend RETRY delay 30m. Amount ₹11,682.23 exceeds threshold.",Policy requires human sign-off for high value or medium risk cases.,2026-08-28T00:16:04.330375
APP-89047a4a,CASE-2346,PENDING,"Recommend RETRY delay 30m. Amount ₹2,181.23 exceeds threshold.",Policy requires human sign-off for high value or medium risk cases.,2026-08-28T00:16:04.330375
APP-99b23be1,CASE-2347,PENDING,"Recommend RETRY delay 30m. Amount ₹11,682.23 exceeds threshold.",Policy requires human sign-off for high value or medium risk cases.,2026-08-26T20:16:04.330375
APP-b2f1a8c3,CASE-2348,PENDING,"Recommend RETRY delay 30m. Amount ₹11,682.23 exceeds threshold.",Policy requires human sign-off for high value or medium risk cases.,2026-08-26T18:16:04.330375
APP-3263ca7e,CASE-2349,PENDING,"Recommend RETRY delay 30m. Amount ₹7,182.23 exceeds threshold.",Policy requires human sign-off for high value or medium risk cases.,2026-08-27T03:16:04.335165
APP-5c187441,CASE-2350,PENDING,"Recommend RETRY delay 30m. Amount ₹11,682.23 exceeds threshold.",Policy requires human sign-off for high value or medium risk cases.,2026-08-27T06:16:04.335165
APP-17dd3d2d,CASE-2351,PENDING,"Recommend RETRY delay 30m. Amount ₹7,182.23 exceeds threshold.",Policy requires human sign-off for high value or medium risk cases.,2026-08-28T04:16:04.335165
APP-cbc02769,CASE-2352,PENDING,"Recommend RETRY delay 30m. Amount ₹1,181.23 exceeds threshold.",Policy requires human sign-off for high value or medium risk cases.,2026-08-26T22:16:04.335165
APP-7333800b,CASE-2353,PENDING,"Recommend RETRY delay 30m. Amount ₹11,682.23 exceeds threshold.",Policy requires human sign-off for high value or medium risk cases.,2026-08-27T15:16:04.335165
APP-b445d972,CASE-2354,PENDING,"Recommend RETRY delay 30m. Amount ₹3,681.23 exceeds threshold.",Policy requires human sign-off for high value or medium risk cases.,2026-08-26T22:16:04.335165
APP-f8c1722c,CASE-2355,PENDING,"Recommend RETRY delay 30m. Amount ₹11,682.23 exceeds threshold.",Policy requires human sign-off for high value or medium risk cases.,2026-08-27T01:16:04.335165
APP-ba925ea4,CASE-2357,PENDING,"Recommend RETRY delay 30m. Amount ₹7,182.23 exceeds threshold.",Policy requires human sign-off for high value or medium risk cases.,2026-08-28T04:16:04.336631
APP-2f9526f6,CASE-2358,PENDING,"Recommend RETRY delay 30m. Amount ₹11,682.23 exceeds threshold.",Policy requires human sign-off for high value or medium risk cases.,2026-08-28T05:16:04.336631
APP-fb2c60d8,CASE-2360,PENDING,"Recommend RETRY delay 30m. Amount ₹7,182.23 exceeds threshold.",Policy requires human sign-off for high value or medium risk cases.,2026-08-28T06:16:04.336631
APP-0b159fac,CASE-2361,PENDING,"Recommend RETRY delay 30m. Amount ₹1,181.23 exceeds threshold.",Policy requires human sign-off for high value or medium risk cases.,2026-08-28T09:16:04.336631
APP-4fc55315,CASE-2362,PENDING,"Recommend RETRY delay 30m. Amount ₹2,181.23 exceeds threshold.",Policy requires human sign-off for high value or medium risk cases.,2026-08-27T20:16:04.336631
APP-f071ff14,CASE-2363,PENDING,"Recommend RETRY delay 30m. Amount ₹2,181.23 exceeds threshold.",Policy requires human sign-off for high value or medium risk cases.,2026-08-28T10:16:04.336631
APP-ae12327f,CASE-2364,PENDING,"Recommend RETRY delay 30m. Amount ₹3,681.23 exceeds threshold.",Policy requires human sign-off for high value or medium risk cases.,2026-08-26T19:16:04.336631
APP-3081649c,CASE-2365,PENDING,"Recommend RETRY delay 30m. Amount ₹7,182.23 exceeds threshold.",Policy requires human sign-off for high value or medium risk cases.,2026-08-26T18:16:04.338901
APP-eb70ab06,CASE-2366,PENDING,"Recommend RETRY delay 30m. Amount ₹1,181.23 exceeds threshold.",Policy requires human sign-off for high value or medium risk cases.,2026-08-27T16:16:04.338901
APP-a23699ca,CASE-2367,PENDING,"Recommend RETRY delay 30m. Amount ₹7,182.23 exceeds threshold.",Policy requires human sign-off for high value or medium risk cases.,2026-08-26T21:16:04.338901
APP-506f24d3,CASE-2368,PENDING,"Recommend RETRY delay 30m. Amount ₹4,681.23 exceeds threshold.",Policy requires human sign-off for high value or medium risk cases.,2026-08-28T00:16:04.338901
APP-2186e4d7,CASE-2369,PENDING,"Recommend RETRY delay 30m. Amount ₹3,681.23 exceeds threshold.",Policy requires human sign-off for high value or medium risk cases.,2026-08-28T01:16:04.338901
APP-d082c5d0,CASE-2370,PENDING,"Recommend RETRY delay 30m. Amount ₹11,682.23 exceeds threshold.",Policy requires human sign-off for high value or medium risk cases.,2026-08-27T09:16:04.338901
APP-3611b097,CASE-2374,PENDING,"Recommend RETRY delay 30m. Amount ₹3,681.23 exceeds threshold.",Policy requires human sign-off for high value or medium risk cases.,2026-08-27T03:16:04.338901
APP-914ba24b,CASE-2376,PENDING,"Recommend RETRY delay 30m. Amount ₹2,181.23 exceeds threshold.",Policy requires human sign-off for high value or medium risk cases.,2026-08-27T18:16:04.338901
APP-8d82c72c,CASE-2378,PENDING,"Recommend RETRY delay 30m. Amount ₹3,681.23 exceeds threshold.",Policy requires human sign-off for high value or medium risk cases.,2026-08-26T17:16:04.338901
APP-7fcef88a,CASE-2379,PENDING,"Recommend RETRY delay 30m. Amount ₹3,681.23 exceeds threshold.",Policy requires human sign-off for high value or medium risk cases.,2026-08-27T02:16:04.338901
APP-e3a49c27,CASE-2380,PENDING,"Recommend RETRY delay 30m. Amount ₹11,682.23 exceeds threshold.",Policy requires human sign-off for high value or medium risk cases.,2026-08-27T04:16:04.338901
APP-fec012b8,CASE-2381,PENDING,"Recommend RETRY delay 30m. Amount ₹4,681.23 exceeds threshold.",Policy requires human sign-off for high value or medium risk cases.,2026-08-28T00:16:04.338901
APP-90f24ed9,CASE-2382,PENDING,"Recommend RETRY delay 30m. Amount ₹3,681.23 exceeds threshold.",Policy requires human sign-off for high value or medium risk cases.,2026-08-27T02:16:04.338901
APP-9cef6f7a,CASE-2383,PENDING,"Recommend RETRY delay 30m. Amount ₹7,182.23 exceeds threshold.",Policy requires human sign-off for high value or medium risk cases.,2026-08-26T20:16:04.338901
APP-4bdd7433,CASE-2385,PENDING,"Recommend RETRY delay 30m. Amount ₹11,682.23 exceeds threshold.",Policy requires human sign-off for high value or medium risk cases.,2026-08-26T17:16:04.338901
APP-1246973e,CASE-2386,PENDING,"Recommend RETRY delay 30m. Amount ₹2,181.23 exceeds threshold.",Policy requires human sign-off for high value or medium risk cases.,2026-08-28T07:16:04.338901
APP-3db1fa99,CASE-2387,PENDING,"Recommend RETRY delay 30m. Amount ₹1,181.23 exceeds threshold.",Policy requires human sign-off for high value or medium risk cases.,2026-08-28T08:16:04.338901
APP-a4d3de9d,CASE-2388,PENDING,"Recommend RETRY delay 30m. Amount ₹7,182.23 exceeds threshold.",Policy requires human sign-off for high value or medium risk cases.,2026-08-27T08:16:04.338901
APP-9e022e1a,CASE-2389,PENDING,"Recommend RETRY delay 30m. Amount ₹11,682.23 exceeds threshold.",Policy requires human sign-off for high value or medium risk cases.,2026-08-27T12:16:04.338901
APP-1b46ddef,CASE-2390,PENDING,"Recommend RETRY delay 30m. Amount ₹11,682.23 exceeds threshold.",Policy requires human sign-off for high value or medium risk cases.,2026-08-26T14:16:04.338901
APP-01f78ba5,CASE-2391,PENDING,"Recommend RETRY delay 30m. Amount ₹7,182.23 exceeds threshold.",Policy requires human sign-off for high value or medium risk cases.,2026-08-28T08:16:04.338901
APP-1e2a5969,CASE-2392,PENDING,"Recommend RETRY delay 30m. Amount ₹3,681.23 exceeds threshold.",Policy requires human sign-off for high value or medium risk cases.,2026-08-27T17:16:04.345213
APP-edd931c5,CASE-2393,PENDING,"Recommend RETRY delay 30m. Amount ₹7,182.23 exceeds threshold.",Policy requires human sign-off for high value or medium risk cases.,2026-08-27T11:16:04.345213
APP-5de3b02e,CASE-2394,PENDING,"Recommend RETRY delay 30m. Amount ₹11,682.23 exceeds threshold.",Policy requires human sign-off for high value or medium risk cases.,2026-08-27T22:16:04.345213
APP-5c5a5305,CASE-2397,PENDING,"Recommend RETRY delay 30m. Amount ₹2,181.23 exceeds threshold.",Policy requires human sign-off for high value or medium risk cases.,2026-08-26T22:16:04.346432
APP-fdd0c5e2,CASE-2398,PENDING,"Recommend RETRY delay 30m. Amount ₹4,681.23 exceeds threshold.",Policy requires human sign-off for high value or medium risk cases.,2026-08-27T23:16:04.346432
APP-34089a02,CASE-2399,PENDING,"Recommend RETRY delay 30m. Amount ₹11,682.23 exceeds threshold.",Policy requires human sign-off for high value or medium risk cases.,2026-08-26T19:16:04.346432
APP-f0579d65,CASE-2403,PENDING,"Recommend REMIND delay 30m. Amount ₹8,182.23 exceeds threshold.",Policy requires human sign-off for high value or medium risk cases.,2026-08-26T19:16:04.348460
APP-b5eafdb0,CASE-2405,PENDING,"Recommend REMIND delay 30m. Amount ₹8,182.23 exceeds threshold.",Policy requires human sign-off for high value or medium risk cases.,2026-08-26T23:16:04.348460
APP-f1d2f668,CASE-2408,PENDING,"Recommend REMIND delay 30m. Amount ₹8,182.23 exceeds threshold.",Policy requires human sign-off for high value or medium risk cases.,2026-08-26T14:16:04.350477
APP-8a5e8d90,CASE-2410,PENDING,"Recommend REMIND delay 30m. Amount ₹8,182.23 exceeds threshold.",Policy requires human sign-off for high value or medium risk cases.,2026-08-26T22:16:04.350477
APP-023a6fce,CASE-2413,PENDING,"Recommend REMIND delay 30m. Amount ₹8,182.23 exceeds threshold.",Policy requires human sign-off for high value or medium risk cases.,2026-08-27T20:16:04.350477
APP-d14cc787,CASE-2414,PENDING,"Recommend REMIND delay 30m. Amount ₹8,182.23 exceeds threshold.",Policy requires human sign-off for high value or medium risk cases.,2026-08-26T23:16:04.353050
APP-4b9cd9f5,CASE-2418,PENDING,"Recommend REMIND delay 30m. Amount ₹8,182.23 exceeds threshold.",Policy requires human sign-off for high value or medium risk cases.,2026-08-27T22:16:04.353050
APP-3c949dea,CASE-2423,PENDING,"Recommend REMIND delay 30m. Amount ₹8,182.23 exceeds threshold.",Policy requires human sign-off for high value or medium risk cases.,2026-08-27T22:16:04.356120
APP-7e815eee,CASE-2424,PENDING,"Recommend REMIND delay 30m. Amount ₹8,182.23 exceeds threshold.",Policy requires human sign-off for high value or medium risk cases.,2026-08-26T22:16:04.356895
APP-b67b5ab7,CASE-2433,PENDING,"Recommend REMIND delay 30m. Amount ₹8,182.23 exceeds threshold.",Policy requires human sign-off for high value or medium risk cases.,2026-08-26T22:16:04.358910
APP-a0ede9c3,CASE-2437,PENDING,"Recommend REMIND delay 30m. Amount ₹8,182.23 exceeds threshold.",Policy requires human sign-off for high value or medium risk cases.,2026-08-26T21:16:04.360963
APP-f0d13e32,CASE-2440,PENDING,"Recommend REMIND delay 30m. Amount ₹8,182.23 exceeds threshold.",Policy requires human sign-off for high value or medium risk cases.,2026-08-26T16:16:04.362479
APP-54ab0395,CASE-2441,PENDING,"Recommend REMIND delay 30m. Amount ₹8,182.23 exceeds threshold.",Policy requires human sign-off for high value or medium risk cases.,2026-08-26T23:16:04.362479
APP-3d3b8e1b,CASE-2445,PENDING,"Recommend REMIND delay 30m. Amount ₹8,182.23 exceeds threshold.",Policy requires human sign-off for high value or medium risk cases.,2026-08-28T06:16:04.365031
APP-78517c0e,CASE-2447,PENDING,"Recommend REMIND delay 30m. Amount ₹8,182.23 exceeds threshold.",Policy requires human sign-off for high value or medium risk cases.,2026-08-27T11:16:04.365031
APP-bd927502,CASE-2449,PENDING,"Recommend REMIND delay 30m. Amount ₹8,182.23 exceeds threshold.",Policy requires human sign-off for high value or medium risk cases.,2026-08-27T11:16:04.365031
APP-32095cb6,CASE-2453,PENDING,"Recommend REMIND delay 30m. Amount ₹8,182.23 exceeds threshold.",Policy requires human sign-off for high value or medium risk cases.,2026-08-27T20:16:04.367812
APP-26f9f2d4,CASE-2455,PENDING,"Recommend REMIND delay 30m. Amount ₹8,182.23 exceeds threshold.",Policy requires human sign-off for high value or medium risk cases.,2026-08-26T22:16:04.367812
APP-5b0e8b97,CASE-2466,PENDING,"Recommend REMIND delay 30m. Amount ₹8,182.23 exceeds threshold.",Policy requires human sign-off for high value or medium risk cases.,2026-08-27T07:16:04.372767
APP-476fd8c6,CASE-2467,PENDING,"Recommend REMIND delay 30m. Amount ₹8,182.23 exceeds threshold.",Policy requires human sign-off for high value or medium risk cases.,2026-08-27T20:16:04.372767
APP-0c462fc7,CASE-2476,PENDING,"Recommend REMIND delay 30m. Amount ₹8,182.23 exceeds threshold.",Policy requires human sign-off for high value or medium risk cases.,2026-08-27T13:16:04.377854
APP-2f57aa1c,CASE-2479,PENDING,"Recommend REMIND delay 30m. Amount ₹8,182.23 exceeds threshold.",Policy requires human sign-off for high value or medium risk cases.,2026-08-27T14:16:04.377854
APP-cca205c4,CASE-2480,PENDING,"Recommend REMIND delay 30m. Amount ₹8,182.23 exceeds threshold.",Policy requires human sign-off for high value or medium risk cases.,2026-08-27T03:16:04.377854
APP-2caf8b46,CASE-2481,PENDING,"Recommend REMIND delay 30m. Amount ₹8,182.23 exceeds threshold.",Policy requires human sign-off for high value or medium risk cases.,2026-08-27T23:16:04.377854
APP-3791a3a7,CASE-2482,PENDING,"Recommend REMIND delay 30m. Amount ₹8,182.23 exceeds threshold.",Policy requires human sign-off for high value or medium risk cases.,2026-08-26T21:16:04.377854
APP-7d3aa1ea,CASE-2484,PENDING,"Recommend REMIND delay 30m. Amount ₹8,182.23 exceeds threshold.",Policy requires human sign-off for high value or medium risk cases.,2026-08-27T05:16:04.380370
APP-b496d7f9,CASE-2485,PENDING,"Recommend REMIND delay 30m. Amount ₹8,182.23 exceeds threshold.",Policy requires human sign-off for high value or medium risk cases.,2026-08-27T11:16:04.380370
APP-fa6f515c,CASE-2488,PENDING,"Recommend REMIND delay 30m. Amount ₹8,182.23 exceeds threshold.",Policy requires human sign-off for high value or medium risk cases.,2026-08-28T12:16:04.382388
APP-cfabd249,CASE-2494,PENDING,"Recommend REMIND delay 30m. Amount ₹8,182.23 exceeds threshold.",Policy requires human sign-off for high value or medium risk cases.,2026-08-27T00:16:04.382388
APP-1ee2b87c,CASE-2496,PENDING,"Recommend REMIND delay 30m. Amount ₹8,182.23 exceeds threshold.",Policy requires human sign-off for high value or medium risk cases.,2026-08-27T18:16:04.382388
APP-cd802d2d,CASE-2497,PENDING,"Recommend REMIND delay 30m. Amount ₹8,182.23 exceeds threshold.",Policy requires human sign-off for high value or medium risk cases.,2026-08-27T15:16:04.382388
APP-eb7acb57,CASE-2498,PENDING,"Recommend REMIND delay 30m. Amount ₹8,182.23 exceeds threshold.",Policy requires human sign-off for high value or medium risk cases.,2026-08-28T07:16:04.382388
APP-9773a519,CASE-2501,PENDING,"Recommend REMIND delay 30m. Amount ₹8,182.23 exceeds threshold.",Policy requires human sign-off for high value or medium risk cases.,2026-08-28T04:16:04.385065
APP-1592ac72,CASE-2513,PENDING,"Recommend REMIND delay 30m. Amount ₹8,182.23 exceeds threshold.",Policy requires human sign-off for high value or medium risk cases.,2026-08-27T17:16:04.389417
APP-58a4827c,CASE-2517,PENDING,"Recommend REMIND delay 30m. Amount ₹8,182.23 exceeds threshold.",Policy requires human sign-off for high value or medium risk cases.,2026-08-26T19:16:04.389953
APP-72c29171,CASE-2520,PENDING,"Recommend REMIND delay 30m. Amount ₹8,182.23 exceeds threshold.",Policy requires human sign-off for high value or medium risk cases.,2026-08-28T09:16:04.391967
APP-11a26f6b,CASE-2522,PENDING,"Recommend REMIND delay 30m. Amount ₹8,182.23 exceeds threshold.",Policy requires human sign-off for high value or medium risk cases.,2026-08-28T12:16:04.391967
APP-a597026a,CASE-2523,PENDING,"Recommend REMIND delay 30m. Amount ₹8,182.23 exceeds threshold.",Policy requires human sign-off for high value or medium risk cases.,2026-08-27T05:16:04.391967
APP-329cf46f,CASE-2533,PENDING,"Recommend REMIND delay 30m. Amount ₹8,182.23 exceeds threshold.",Policy requires human sign-off for high value or medium risk cases.,2026-08-26T16:16:04.394979
APP-240acb66,CASE-2534,PENDING,"Recommend REMIND delay 30m. Amount ₹8,182.23 exceeds threshold.",Policy requires human sign-off for high value or medium risk cases.,2026-08-27T21:16:04.394979
APP-b5d38089,CASE-2540,PENDING,"Recommend REMIND delay 30m. Amount ₹8,182.23 exceeds threshold.",Policy requires human sign-off for high value or medium risk cases.,2026-08-27T14:16:04.397053
APP-7ea667c7,CASE-2543,PENDING,"Recommend REMIND delay 30m. Amount ₹8,182.23 exceeds threshold.",Policy requires human sign-off for high value or medium risk cases.,2026-08-28T01:16:04.397053
APP-fb0688fd,CASE-2546,PENDING,"Recommend REMIND delay 30m. Amount ₹8,182.23 exceeds threshold.",Policy requires human sign-off for high value or medium risk cases.,2026-08-27T10:16:04.397053
APP-cd228145,CASE-2558,PENDING,"Recommend REMIND delay 30m. Amount ₹8,182.23 exceeds threshold.",Policy requires human sign-off for high value or medium risk cases.,2026-08-26T22:16:04.404775
APP-559ddcc8,CASE-2559,PENDING,"Recommend REMIND delay 30m. Amount ₹8,182.23 exceeds threshold.",Policy requires human sign-off for high value or medium risk cases.,2026-08-27T10:16:04.404775
APP-a5de5284,CASE-2560,PENDING,"Recommend REMIND delay 30m. Amount ₹8,182.23 exceeds threshold.",Policy requires human sign-off for high value or medium risk cases.,2026-08-27T01:16:04.405283
APP-4a1a6a36,CASE-2565,PENDING,"Recommend REMIND delay 30m. Amount ₹8,182.23 exceeds threshold.",Policy requires human sign-off for high value or medium risk cases.,2026-08-27T13:16:04.406499
APP-4a4d09db,CASE-2567,PENDING,"Recommend REMIND delay 30m. Amount ₹8,182.23 exceeds threshold.",Policy requires human sign-off for high value or medium risk cases.,2026-08-27T16:16:04.407243
APP-6d55c8d3,CASE-2568,PENDING,"Recommend REMIND delay 30m. Amount ₹8,182.23 exceeds threshold.",Policy requires human sign-off for high value or medium risk cases.,2026-08-26T19:16:04.408756
APP-4b5d5beb,CASE-2577,PENDING,"Recommend REMIND delay 30m. Amount ₹8,182.23 exceeds threshold.",Policy requires human sign-off for high value or medium risk cases.,2026-08-28T00:16:04.410804
APP-8d6fb47c,CASE-2578,PENDING,"Recommend REMIND delay 30m. Amount ₹8,182.23 exceeds threshold.",Policy requires human sign-off for high value or medium risk cases.,2026-08-26T21:16:04.410804
APP-00b8eb1d,CASE-2595,PENDING,"Recommend REMIND delay 30m. Amount ₹8,182.23 exceeds threshold.",Policy requires human sign-off for high value or medium risk cases.,2026-08-27T14:16:04.414937
APP-5bde52b2,CASE-2609,PENDING,"Recommend REMIND delay 30m. Amount ₹8,182.23 exceeds threshold.",Policy requires human sign-off for high value or medium risk cases.,2026-08-27T22:16:04.418015
APP-baeaed87,CASE-2612,PENDING,"Recommend REMIND delay 30m. Amount ₹8,182.23 exceeds threshold.",Policy requires human sign-off for high value or medium risk cases.,2026-08-27T11:16:04.418015
APP-5597ba94,CASE-2616,PENDING,"Recommend REMIND delay 30m. Amount ₹8,182.23 exceeds threshold.",Policy requires human sign-off for high value or medium risk cases.,2026-08-27T08:16:04.419959
APP-2bce687b,CASE-2617,PENDING,"Recommend REMIND delay 30m. Amount ₹8,182.23 exceeds threshold.",Policy requires human sign-off for high value or medium risk cases.,2026-08-27T09:16:04.419959
APP-4cf88ef5,CASE-2619,PENDING,"Recommend REMIND delay 30m. Amount ₹8,182.23 exceeds threshold.",Policy requires human sign-off for high value or medium risk cases.,2026-08-26T23:16:04.419959
APP-1a11c0e4,CASE-2623,PENDING,"Recommend REMIND delay 30m. Amount ₹8,182.23 exceeds threshold.",Policy requires human sign-off for high value or medium risk cases.,2026-08-26T15:16:04.422016
APP-d93e666c,CASE-2624,PENDING,"Recommend REMIND delay 30m. Amount ₹8,182.23 exceeds threshold.",Policy requires human sign-off for high value or medium risk cases.,2026-08-27T12:16:04.422656
APP-e969185d,CASE-2627,PENDING,"Recommend REMIND delay 30m. Amount ₹8,182.23 exceeds threshold.",Policy requires human sign-off for high value or medium risk cases.,2026-08-28T00:16:04.422656
APP-e378ff1b,CASE-2629,PENDING,"Recommend REMIND delay 30m. Amount ₹8,182.23 exceeds threshold.",Policy requires human sign-off for high value or medium risk cases.,2026-08-27T23:16:04.422656
APP-f6cec414,CASE-2630,PENDING,"Recommend REMIND delay 30m. Amount ₹8,182.23 exceeds threshold.",Policy requires human sign-off for high value or medium risk cases.,2026-08-26T22:16:04.422656
APP-1dc38f5c,CASE-2637,PENDING,"Recommend REMIND delay 30m. Amount ₹8,182.23 exceeds threshold.",Policy requires human sign-off for high value or medium risk cases.,2026-08-27T06:16:04.425186
APP-6c64865e,CASE-2642,PENDING,"Recommend REMIND delay 30m. Amount ₹8,182.23 exceeds threshold.",Policy requires human sign-off for high value or medium risk cases.,2026-08-26T21:16:04.425186
APP-23ced374,CASE-2644,PENDING,"Recommend REMIND delay 30m. Amount ₹8,182.23 exceeds threshold.",Policy requires human sign-off for high value or medium risk cases.,2026-08-27T10:16:04.426512
APP-4285689a,CASE-2645,PENDING,"Recommend REMIND delay 30m. Amount ₹8,182.23 exceeds threshold.",Policy requires human sign-off for high value or medium risk cases.,2026-08-26T20:16:04.426512
APP-1179d9d2,CASE-2650,PENDING,"Recommend RETRY delay 30m. Amount ₹1,681.23 exceeds threshold.",Policy requires human sign-off for high value or medium risk cases.,2026-08-27T15:16:04.426512
APP-140fc47c,CASE-2651,PENDING,"Recommend RETRY delay 30m. Amount ₹8,681.23 exceeds threshold.",Policy requires human sign-off for high value or medium risk cases.,2026-08-26T14:16:04.426512
APP-82cf39a2,CASE-2652,PENDING,"Recommend RETRY delay 30m. Amount ₹4,681.23 exceeds threshold.",Policy requires human sign-off for high value or medium risk cases.,2026-08-27T00:16:04.426512
APP-9bc40cee,CASE-2653,PENDING,"Recommend RETRY delay 30m. Amount ₹4,681.23 exceeds threshold.",Policy requires human sign-off for high value or medium risk cases.,2026-08-28T11:16:04.426512
APP-d86de673,CASE-2654,PENDING,"Recommend RETRY delay 30m. Amount ₹4,681.23 exceeds threshold.",Policy requires human sign-off for high value or medium risk cases.,2026-08-26T22:16:04.428526
APP-f5b8b697,CASE-2655,PENDING,"Recommend RETRY delay 30m. Amount ₹8,681.23 exceeds threshold.",Policy requires human sign-off for high value or medium risk cases.,2026-08-27T16:16:04.428526
APP-989b9f45,CASE-2656,PENDING,Recommend RETRY delay 30m. Amount ₹681.23 exceeds threshold.,Policy requires human sign-off for high value or medium risk cases.,2026-08-27T21:16:04.428526
APP-efdcda8e,CASE-2657,PENDING,"Recommend RETRY delay 30m. Amount ₹4,681.23 exceeds threshold.",Policy requires human sign-off for high value or medium risk cases.,2026-08-27T17:16:04.428526
APP-16e4369b,CASE-2658,PENDING,"Recommend RETRY delay 30m. Amount ₹1,681.23 exceeds threshold.",Policy requires human sign-off for high value or medium risk cases.,2026-08-28T07:16:04.428526
APP-5df14455,CASE-2659,PENDING,"Recommend RETRY delay 30m. Amount ₹8,681.23 exceeds threshold.",Policy requires human sign-off for high value or medium risk cases.,2026-08-28T03:16:04.428526
APP-aa605413,CASE-2660,PENDING,"Recommend RETRY delay 30m. Amount ₹1,681.23 exceeds threshold.",Policy requires human sign-off for high value or medium risk cases.,2026-08-28T03:16:04.428526
APP-dd2731f3,CASE-2661,PENDING,Recommend RETRY delay 30m. Amount ₹681.23 exceeds threshold.,Policy requires human sign-off for high value or medium risk cases.,2026-08-28T10:16:04.428526
APP-d750767a,CASE-2662,PENDING,"Recommend RETRY delay 30m. Amount ₹8,681.23 exceeds threshold.",Policy requires human sign-off for high value or medium risk cases.,2026-08-27T17:16:04.428526
APP-db42ae16,CASE-2664,PENDING,Recommend RETRY delay 30m. Amount ₹681.23 exceeds threshold.,Policy requires human sign-off for high value or medium risk cases.,2026-08-27T17:16:04.430572
APP-6cab33d0,CASE-2665,PENDING,"Recommend RETRY delay 30m. Amount ₹1,681.23 exceeds threshold.",Policy requires human sign-off for high value or medium risk cases.,2026-08-27T19:16:04.430572
APP-08085dba,CASE-2666,PENDING,"Recommend RETRY delay 30m. Amount ₹4,681.23 exceeds threshold.",Policy requires human sign-off for high value or medium risk cases.,2026-08-28T02:16:04.430572
APP-148e3150,CASE-2667,PENDING,"Recommend RETRY delay 30m. Amount ₹4,681.23 exceeds threshold.",Policy requires human sign-off for high value or medium risk cases.,2026-08-27T02:16:04.430572
APP-a6d53e9f,CASE-2668,PENDING,"Recommend RETRY delay 30m. Amount ₹4,681.23 exceeds threshold.",Policy requires human sign-off for high value or medium risk cases.,2026-08-26T15:16:04.430572
APP-dd0915dc,CASE-2669,PENDING,"Recommend RETRY delay 30m. Amount ₹4,681.23 exceeds threshold.",Policy requires human sign-off for high value or medium risk cases.,2026-08-27T17:16:04.430572
APP-2c8493ca,CASE-2670,PENDING,"Recommend RETRY delay 30m. Amount ₹4,681.23 exceeds threshold.",Policy requires human sign-off for high value or medium risk cases.,2026-08-28T11:16:04.430572
APP-e04a3ed7,CASE-2671,PENDING,"Recommend RETRY delay 30m. Amount ₹8,681.23 exceeds threshold.",Policy requires human sign-off for high value or medium risk cases.,2026-08-28T09:16:04.430572
APP-44df1250,CASE-2672,PENDING,Recommend RETRY delay 30m. Amount ₹681.23 exceeds threshold.,Policy requires human sign-off for high value or medium risk cases.,2026-08-26T22:16:04.430572
APP-37d6ea86,CASE-2673,PENDING,"Recommend RETRY delay 30m. Amount ₹8,681.23 exceeds threshold.",Policy requires human sign-off for high value or medium risk cases.,2026-08-28T00:16:04.430572
APP-22851fc3,CASE-2675,PENDING,"Recommend RETRY delay 30m. Amount ₹8,681.23 exceeds threshold.",Policy requires human sign-off for high value or medium risk cases.,2026-08-26T19:16:04.430572
APP-9edb1765,CASE-2676,PENDING,"Recommend RETRY delay 30m. Amount ₹8,681.23 exceeds threshold.",Policy requires human sign-off for high value or medium risk cases.,2026-08-26T21:16:04.430572
APP-3418193d,CASE-2677,PENDING,"Recommend RETRY delay 30m. Amount ₹4,681.23 exceeds threshold.",Policy requires human sign-off for high value or medium risk cases.,2026-08-26T18:16:04.430572
APP-05523a50,CASE-2678,PENDING,"Recommend RETRY delay 30m. Amount ₹4,681.23 exceeds threshold.",Policy requires human sign-off for high value or medium risk cases.,2026-08-28T08:16:04.430572
APP-452eb955,CASE-2679,PENDING,"Recommend RETRY delay 30m. Amount ₹8,681.23 exceeds threshold.",Policy requires human sign-off for high value or medium risk cases.,2026-08-28T02:16:04.432586
APP-55da478e,CASE-2680,PENDING,"Recommend RETRY delay 30m. Amount ₹4,681.23 exceeds threshold.",Policy requires human sign-off for high value or medium risk cases.,2026-08-28T06:16:04.432586
APP-89ac0345,CASE-2681,PENDING,"Recommend RETRY delay 30m. Amount ₹8,681.23 exceeds threshold.",Policy requires human sign-off for high value or medium risk cases.,2026-08-26T19:16:04.432586
APP-f1baa52d,CASE-2682,PENDING,Recommend RETRY delay 30m. Amount ₹681.23 exceeds threshold.,Policy requires human sign-off for high value or medium risk cases.,2026-08-26T23:16:04.432586
APP-7688858f,CASE-2683,PENDING,"Recommend RETRY delay 30m. Amount ₹8,681.23 exceeds threshold.",Policy requires human sign-off for high value or medium risk cases.,2026-08-27T12:16:04.432586
APP-f8f076e0,CASE-2684,PENDING,Recommend RETRY delay 30m. Amount ₹681.23 exceeds threshold.,Policy requires human sign-off for high value or medium risk cases.,2026-08-27T00:16:04.432586
APP-cdb0f812,CASE-2685,PENDING,"Recommend RETRY delay 30m. Amount ₹4,681.23 exceeds threshold.",Policy requires human sign-off for high value or medium risk cases.,2026-08-26T18:16:04.432586
APP-dce97433,CASE-2687,PENDING,"Recommend RETRY delay 30m. Amount ₹8,681.23 exceeds threshold.",Policy requires human sign-off for high value or medium risk cases.,2026-08-28T01:16:04.432586
APP-891d6e0e,CASE-2688,PENDING,"Recommend RETRY delay 30m. Amount ₹4,681.23 exceeds threshold.",Policy requires human sign-off for high value or medium risk cases.,2026-08-26T22:16:04.432586
APP-96f8c67e,CASE-2689,PENDING,"Recommend RETRY delay 30m. Amount ₹8,681.23 exceeds threshold.",Policy requires human sign-off for high value or medium risk cases.,2026-08-27T23:16:04.432586
APP-bcb0659e,CASE-2690,PENDING,"Recommend RETRY delay 30m. Amount ₹1,681.23 exceeds threshold.",Policy requires human sign-off for high value or medium risk cases.,2026-08-28T03:16:04.432586
APP-7e896cb3,CASE-2691,PENDING,"Recommend RETRY delay 30m. Amount ₹8,681.23 exceeds threshold.",Policy requires human sign-off for high value or medium risk cases.,2026-08-27T00:16:04.432586
APP-bc7b195c,CASE-2692,PENDING,"Recommend RETRY delay 30m. Amount ₹8,681.23 exceeds threshold.",Policy requires human sign-off for high value or medium risk cases.,2026-08-27T00:16:04.434100
APP-cab8243f,CASE-2693,PENDING,"Recommend RETRY delay 30m. Amount ₹4,681.23 exceeds threshold.",Policy requires human sign-off for high value or medium risk cases.,2026-08-28T12:16:04.434100
APP-8638d816,CASE-2694,PENDING,"Recommend RETRY delay 30m. Amount ₹8,681.23 exceeds threshold.",Policy requires human sign-off for high value or medium risk cases.,2026-08-27T01:16:04.435118
APP-783b6f4e,CASE-2695,PENDING,Recommend RETRY delay 30m. Amount ₹681.23 exceeds threshold.,Policy requires human sign-off for high value or medium risk cases.,2026-08-27T18:16:04.435118
APP-28b575ac,CASE-2696,PENDING,Recommend RETRY delay 30m. Amount ₹681.23 exceeds threshold.,Policy requires human sign-off for high value or medium risk cases.,2026-08-27T16:16:04.435118
APP-4b973ef9,CASE-2697,PENDING,"Recommend RETRY delay 30m. Amount ₹8,681.23 exceeds threshold.",Policy requires human sign-off for high value or medium risk cases.,2026-08-27T23:16:04.435118
APP-c4b4ed73,CASE-2698,PENDING,"Recommend RETRY delay 30m. Amount ₹1,681.23 exceeds threshold.",Policy requires human sign-off for high value or medium risk cases.,2026-08-27T12:16:04.435118
APP-b52bfc9a,CASE-2699,PENDING,"Recommend RETRY delay 30m. Amount ₹4,681.23 exceeds threshold.",Policy requires human sign-off for high value or medium risk cases.,2026-08-28T04:16:04.435118
APP-447fcef5,CASE-2700,PENDING,"Recommend RETRY delay 30m. Amount ₹1,681.23 exceeds threshold.",Policy requires human sign-off for high value or medium risk cases.,2026-08-26T14:16:04.435118
APP-3371d806,CASE-2701,PENDING,"Recommend RETRY delay 30m. Amount ₹8,681.23 exceeds threshold.",Policy requires human sign-off for high value or medium risk cases.,2026-08-28T04:16:04.437172
APP-717b0d99,CASE-2702,PENDING,"Recommend RETRY delay 30m. Amount ₹8,681.23 exceeds threshold.",Policy requires human sign-off for high value or medium risk cases.,2026-08-27T04:16:04.437880
APP-29c2acc6,CASE-2703,PENDING,"Recommend RETRY delay 30m. Amount ₹8,681.23 exceeds threshold.",Policy requires human sign-off for high value or medium risk cases.,2026-08-27T22:16:04.437880
APP-004d0d5e,CASE-2704,PENDING,"Recommend RETRY delay 30m. Amount ₹1,681.23 exceeds threshold.",Policy requires human sign-off for high value or medium risk cases.,2026-08-27T21:16:04.437880
APP-392053a1,CASE-2705,PENDING,"Recommend RETRY delay 30m. Amount ₹4,681.23 exceeds threshold.",Policy requires human sign-off for high value or medium risk cases.,2026-08-28T10:16:04.437880
APP-1a83b61c,CASE-2706,PENDING,"Recommend RETRY delay 30m. Amount ₹8,681.23 exceeds threshold.",Policy requires human sign-off for high value or medium risk cases.,2026-08-27T06:16:04.437880
APP-ab4b8154,CASE-2707,PENDING,Recommend RETRY delay 30m. Amount ₹681.23 exceeds threshold.,Policy requires human sign-off for high value or medium risk cases.,2026-08-27T03:16:04.437880
APP-d0c96c9c,CASE-2708,PENDING,Recommend RETRY delay 30m. Amount ₹681.23 exceeds threshold.,Policy requires human sign-off for high value or medium risk cases.,2026-08-26T20:16:04.439895
APP-bd265a7d,CASE-2710,PENDING,"Recommend RETRY delay 30m. Amount ₹4,681.23 exceeds threshold.",Policy requires human sign-off for high value or medium risk cases.,2026-08-27T04:16:04.439895
APP-eeeef324,CASE-2711,PENDING,"Recommend RETRY delay 30m. Amount ₹8,681.23 exceeds threshold.",Policy requires human sign-off for high value or medium risk cases.,2026-08-27T18:16:04.439895
APP-acb6eb91,CASE-2712,PENDING,"Recommend RETRY delay 30m. Amount ₹4,681.23 exceeds threshold.",Policy requires human sign-off for high value or medium risk cases.,2026-08-27T00:16:04.439895
APP-4db017ab,CASE-2713,PENDING,"Recommend RETRY delay 30m. Amount ₹4,681.23 exceeds threshold.",Policy requires human sign-off for high value or medium risk cases.,2026-08-28T09:16:04.439895
APP-065f5681,CASE-2715,PENDING,"Recommend RETRY delay 30m. Amount ₹1,681.23 exceeds threshold.",Policy requires human sign-off for high value or medium risk cases.,2026-08-28T04:16:04.439895
APP-4dc676b1,CASE-2716,PENDING,"Recommend RETRY delay 30m. Amount ₹4,681.23 exceeds threshold.",Policy requires human sign-off for high value or medium risk cases.,2026-08-28T05:16:04.439895
APP-4a8c3689,CASE-2717,PENDING,"Recommend RETRY delay 30m. Amount ₹1,681.23 exceeds threshold.",Policy requires human sign-off for high value or medium risk cases.,2026-08-28T01:16:04.441908
APP-c492c370,CASE-2719,PENDING,Recommend RETRY delay 30m. Amount ₹681.23 exceeds threshold.,Policy requires human sign-off for high value or medium risk cases.,2026-08-28T03:16:04.441908
APP-5af1b97f,CASE-2720,PENDING,"Recommend RETRY delay 30m. Amount ₹8,681.23 exceeds threshold.",Policy requires human sign-off for high value or medium risk cases.,2026-08-26T18:16:04.441908
APP-8428d807,CASE-2721,PENDING,"Recommend RETRY delay 30m. Amount ₹8,681.23 exceeds threshold.",Policy requires human sign-off for high value or medium risk cases.,2026-08-26T14:16:04.441908
APP-d6aa3c71,CASE-2722,PENDING,"Recommend RETRY delay 30m. Amount ₹4,681.23 exceeds threshold.",Policy requires human sign-off for high value or medium risk cases.,2026-08-28T02:16:04.441908
APP-8159768c,CASE-2723,PENDING,"Recommend RETRY delay 30m. Amount ₹8,681.23 exceeds threshold.",Policy requires human sign-off for high value or medium risk cases.,2026-08-26T13:16:04.441908
APP-b2575eae,CASE-2724,PENDING,"Recommend RETRY delay 30m. Amount ₹1,681.23 exceeds threshold.",Policy requires human sign-off for high value or medium risk cases.,2026-08-28T03:16:04.441908
APP-cf37d36b,CASE-2725,PENDING,"Recommend RETRY delay 30m. Amount ₹8,681.23 exceeds threshold.",Policy requires human sign-off for high value or medium risk cases.,2026-08-26T17:16:04.441908
APP-91616ead,CASE-2726,PENDING,"Recommend RETRY delay 30m. Amount ₹4,681.23 exceeds threshold.",Policy requires human sign-off for high value or medium risk cases.,2026-08-26T20:16:04.441908
APP-eb8a903a,CASE-2727,PENDING,"Recommend RETRY delay 30m. Amount ₹4,681.23 exceeds threshold.",Policy requires human sign-off for high value or medium risk cases.,2026-08-27T19:16:04.441908
APP-86a1e93a,CASE-2728,PENDING,Recommend RETRY delay 30m. Amount ₹681.23 exceeds threshold.,Policy requires human sign-off for high value or medium risk cases.,2026-08-26T17:16:04.441908
APP-409a2337,CASE-2730,PENDING,"Recommend RETRY delay 30m. Amount ₹1,681.23 exceeds threshold.",Policy requires human sign-off for high value or medium risk cases.,2026-08-28T12:16:04.441908
APP-d1be2ebc,CASE-2731,PENDING,Recommend RETRY delay 30m. Amount ₹681.23 exceeds threshold.,Policy requires human sign-off for high value or medium risk cases.,2026-08-28T06:16:04.445143
APP-8bf6ce57,CASE-2732,PENDING,"Recommend RETRY delay 30m. Amount ₹8,681.23 exceeds threshold.",Policy requires human sign-off for high value or medium risk cases.,2026-08-28T00:16:04.445143
APP-77ea282c,CASE-2733,PENDING,Recommend RETRY delay 30m. Amount ₹681.23 exceeds threshold.,Policy requires human sign-off for high value or medium risk cases.,2026-08-26T18:16:04.445143
APP-43d4765b,CASE-2734,PENDING,"Recommend RETRY delay 30m. Amount ₹1,681.23 exceeds threshold.",Policy requires human sign-off for high value or medium risk cases.,2026-08-26T22:16:04.445143
APP-def6e2f1,CASE-2735,PENDING,"Recommend RETRY delay 30m. Amount ₹1,681.23 exceeds threshold.",Policy requires human sign-off for high value or medium risk cases.,2026-08-26T16:16:04.445143
APP-8273db51,CASE-2736,PENDING,"Recommend RETRY delay 30m. Amount ₹1,681.23 exceeds threshold.",Policy requires human sign-off for high value or medium risk cases.,2026-08-28T08:16:04.445143
APP-7303b0b2,CASE-2737,PENDING,"Recommend RETRY delay 30m. Amount ₹8,681.23 exceeds threshold.",Policy requires human sign-off for high value or medium risk cases.,2026-08-28T02:16:04.445143
APP-bf413c15,CASE-2738,PENDING,Recommend RETRY delay 30m. Amount ₹681.23 exceeds threshold.,Policy requires human sign-off for high value or medium risk cases.,2026-08-27T15:16:04.446510
APP-1e129167,CASE-2739,PENDING,Recommend RETRY delay 30m. Amount ₹681.23 exceeds threshold.,Policy requires human sign-off for high value or medium risk cases.,2026-08-28T08:16:04.446510
APP-bc810262,CASE-2740,PENDING,"Recommend RETRY delay 30m. Amount ₹8,681.23 exceeds threshold.",Policy requires human sign-off for high value or medium risk cases.,2026-08-27T05:16:04.446510
APP-f05411fe,CASE-2741,PENDING,Recommend RETRY delay 30m. Amount ₹681.23 exceeds threshold.,Policy requires human sign-off for high value or medium risk cases.,2026-08-26T21:16:04.446510
APP-264ea795,CASE-2742,PENDING,Recommend RETRY delay 30m. Amount ₹681.23 exceeds threshold.,Policy requires human sign-off for high value or medium risk cases.,2026-08-28T08:16:04.446510
APP-59e09cb5,CASE-2743,PENDING,Recommend RETRY delay 30m. Amount ₹681.23 exceeds threshold.,Policy requires human sign-off for high value or medium risk cases.,2026-08-27T05:16:04.446510
APP-420c4e7a,CASE-2745,PENDING,"Recommend RETRY delay 30m. Amount ₹4,681.23 exceeds threshold.",Policy requires human sign-off for high value or medium risk cases.,2026-08-28T12:16:04.448526
APP-94e96aff,CASE-2746,PENDING,"Recommend RETRY delay 30m. Amount ₹8,681.23 exceeds threshold.",Policy requires human sign-off for high value or medium risk cases.,2026-08-28T08:16:04.448526
APP-9db847ce,CASE-2747,PENDING,"Recommend RETRY delay 30m. Amount ₹1,681.23 exceeds threshold.",Policy requires human sign-off for high value or medium risk cases.,2026-08-27T00:16:04.448526
APP-585eaaa9,CASE-2748,PENDING,"Recommend RETRY delay 30m. Amount ₹4,681.23 exceeds threshold.",Policy requires human sign-off for high value or medium risk cases.,2026-08-26T20:16:04.448526
APP-0b904eb3,CASE-2749,PENDING,Recommend RETRY delay 30m. Amount ₹681.23 exceeds threshold.,Policy requires human sign-off for high value or medium risk cases.,2026-08-27T07:16:04.448526
APP-e2e8d896,CASE-2751,PENDING,"Recommend RETRY delay 30m. Amount ₹8,681.23 exceeds threshold.",Policy requires human sign-off for high value or medium risk cases.,2026-08-27T12:16:04.448526
APP-2f980ffc,CASE-2753,PENDING,"Recommend RETRY delay 30m. Amount ₹8,681.23 exceeds threshold.",Policy requires human sign-off for high value or medium risk cases.,2026-08-28T00:16:04.450075
APP-7bb65f9c,CASE-2755,PENDING,"Recommend RETRY delay 30m. Amount ₹4,681.23 exceeds threshold.",Policy requires human sign-off for high value or medium risk cases.,2026-08-28T10:16:04.450075
APP-828d9ae3,CASE-2756,PENDING,"Recommend RETRY delay 30m. Amount ₹4,681.23 exceeds threshold.",Policy requires human sign-off for high value or medium risk cases.,2026-08-28T05:16:04.450075
APP-c22de80f,CASE-2759,PENDING,"Recommend RETRY delay 30m. Amount ₹1,681.23 exceeds threshold.",Policy requires human sign-off for high value or medium risk cases.,2026-08-28T10:16:04.451717
APP-e83633ce,CASE-2761,PENDING,Recommend RETRY delay 30m. Amount ₹681.23 exceeds threshold.,Policy requires human sign-off for high value or medium risk cases.,2026-08-28T02:16:04.452231
APP-1eddcab8,CASE-2762,PENDING,Recommend RETRY delay 30m. Amount ₹681.23 exceeds threshold.,Policy requires human sign-off for high value or medium risk cases.,2026-08-26T21:16:04.452231
APP-3fd03a7d,CASE-2763,PENDING,"Recommend RETRY delay 30m. Amount ₹1,681.23 exceeds threshold.",Policy requires human sign-off for high value or medium risk cases.,2026-08-26T13:16:04.452773
APP-8acbd02d,CASE-2764,PENDING,"Recommend RETRY delay 30m. Amount ₹8,681.23 exceeds threshold.",Policy requires human sign-off for high value or medium risk cases.,2026-08-27T23:16:04.452773
APP-bf4217ed,CASE-2765,PENDING,Recommend RETRY delay 30m. Amount ₹681.23 exceeds threshold.,Policy requires human sign-off for high value or medium risk cases.,2026-08-28T05:16:04.452773
APP-6202b257,CASE-2766,PENDING,"Recommend RETRY delay 30m. Amount ₹4,681.23 exceeds threshold.",Policy requires human sign-off for high value or medium risk cases.,2026-08-27T13:16:04.452773
APP-87554b89,CASE-2767,PENDING,"Recommend RETRY delay 30m. Amount ₹1,681.23 exceeds threshold.",Policy requires human sign-off for high value or medium risk cases.,2026-08-28T06:16:04.452773
APP-e4b0428a,CASE-2768,PENDING,"Recommend RETRY delay 30m. Amount ₹8,681.23 exceeds threshold.",Policy requires human sign-off for high value or medium risk cases.,2026-08-28T12:16:04.452773
APP-97767666,CASE-2769,PENDING,Recommend RETRY delay 30m. Amount ₹681.23 exceeds threshold.,Policy requires human sign-off for high value or medium risk cases.,2026-08-26T16:16:04.452773
APP-07f7d60e,CASE-2770,PENDING,"Recommend RETRY delay 30m. Amount ₹8,681.23 exceeds threshold.",Policy requires human sign-off for high value or medium risk cases.,2026-08-26T20:16:04.452773
APP-f3e4037e,CASE-2771,PENDING,"Recommend RETRY delay 30m. Amount ₹4,681.23 exceeds threshold.",Policy requires human sign-off for high value or medium risk cases.,2026-08-28T01:16:04.452773
APP-9b2ea65f,CASE-2772,PENDING,Recommend RETRY delay 30m. Amount ₹681.23 exceeds threshold.,Policy requires human sign-off for high value or medium risk cases.,2026-08-28T07:16:04.452773
APP-d7cb8510,CASE-2773,PENDING,"Recommend RETRY delay 30m. Amount ₹4,681.23 exceeds threshold.",Policy requires human sign-off for high value or medium risk cases.,2026-08-27T21:16:04.452773
APP-4a03a0fb,CASE-2774,PENDING,"Recommend RETRY delay 30m. Amount ₹1,681.23 exceeds threshold.",Policy requires human sign-off for high value or medium risk cases.,2026-08-27T13:16:04.452773
APP-850bb18e,CASE-2775,PENDING,"Recommend RETRY delay 30m. Amount ₹1,681.23 exceeds threshold.",Policy requires human sign-off for high value or medium risk cases.,2026-08-28T00:16:04.455294
APP-d04fad46,CASE-2776,PENDING,Recommend RETRY delay 30m. Amount ₹681.23 exceeds threshold.,Policy requires human sign-off for high value or medium risk cases.,2026-08-28T02:16:04.455294
APP-c6c74088,CASE-2777,PENDING,Recommend RETRY delay 30m. Amount ₹681.23 exceeds threshold.,Policy requires human sign-off for high value or medium risk cases.,2026-08-27T09:16:04.455294
APP-5c688349,CASE-2778,PENDING,"Recommend RETRY delay 30m. Amount ₹4,681.23 exceeds threshold.",Policy requires human sign-off for high value or medium risk cases.,2026-08-26T13:16:04.455294
APP-48583a50,CASE-2779,PENDING,Recommend RETRY delay 30m. Amount ₹681.23 exceeds threshold.,Policy requires human sign-off for high value or medium risk cases.,2026-08-27T05:16:04.455294
APP-28b7543a,CASE-2780,PENDING,Recommend RETRY delay 30m. Amount ₹681.23 exceeds threshold.,Policy requires human sign-off for high value or medium risk cases.,2026-08-26T23:16:04.455294
APP-0012c5f1,CASE-2781,PENDING,"Recommend RETRY delay 30m. Amount ₹4,681.23 exceeds threshold.",Policy requires human sign-off for high value or medium risk cases.,2026-08-28T05:16:04.455294
APP-754bc821,CASE-2782,PENDING,"Recommend RETRY delay 30m. Amount ₹4,681.23 exceeds threshold.",Policy requires human sign-off for high value or medium risk cases.,2026-08-27T10:16:04.455294
APP-9d43b68d,CASE-2783,PENDING,"Recommend RETRY delay 30m. Amount ₹1,681.23 exceeds threshold.",Policy requires human sign-off for high value or medium risk cases.,2026-08-26T23:16:04.455294
APP-fe071941,CASE-2784,PENDING,"Recommend RETRY delay 30m. Amount ₹8,681.23 exceeds threshold.",Policy requires human sign-off for high value or medium risk cases.,2026-08-26T21:16:04.455294
APP-e291a9f6,CASE-2785,PENDING,"Recommend RETRY delay 30m. Amount ₹8,681.23 exceeds threshold.",Policy requires human sign-off for high value or medium risk cases.,2026-08-27T07:16:04.455294
APP-420ee8a5,CASE-2787,PENDING,"Recommend RETRY delay 30m. Amount ₹1,681.23 exceeds threshold.",Policy requires human sign-off for high value or medium risk cases.,2026-08-28T04:16:04.455294
APP-355079cf,CASE-2788,PENDING,Recommend RETRY delay 30m. Amount ₹681.23 exceeds threshold.,Policy requires human sign-off for high value or medium risk cases.,2026-08-27T15:16:04.455294
APP-4402f615,CASE-2789,PENDING,"Recommend RETRY delay 30m. Amount ₹1,681.23 exceeds threshold.",Policy requires human sign-off for high value or medium risk cases.,2026-08-27T01:16:04.455294
APP-6f9f66ba,CASE-2790,PENDING,"Recommend RETRY delay 30m. Amount ₹1,681.23 exceeds threshold.",Policy requires human sign-off for high value or medium risk cases.,2026-08-26T23:16:04.455294
APP-95fdfddc,CASE-2791,PENDING,"Recommend RETRY delay 30m. Amount ₹8,681.23 exceeds threshold.",Policy requires human sign-off for high value or medium risk cases.,2026-08-27T09:16:04.455294
APP-63cc6443,CASE-2792,PENDING,"Recommend RETRY delay 30m. Amount ₹1,681.23 exceeds threshold.",Policy requires human sign-off for high value or medium risk cases.,2026-08-27T22:16:04.455294
APP-f0daa4b8,CASE-2793,PENDING,"Recommend RETRY delay 30m. Amount ₹1,681.23 exceeds threshold.",Policy requires human sign-off for high value or medium risk cases.,2026-08-28T10:16:04.455294
APP-0024c22a,CASE-2794,PENDING,"Recommend RETRY delay 30m. Amount ₹8,681.23 exceeds threshold.",Policy requires human sign-off for high value or medium risk cases.,2026-08-27T03:16:04.455294
APP-07b99729,CASE-2795,PENDING,"Recommend RETRY delay 30m. Amount ₹8,681.23 exceeds threshold.",Policy requires human sign-off for high value or medium risk cases.,2026-08-27T21:16:04.455294
APP-2abdcdd4,CASE-2796,PENDING,Recommend RETRY delay 30m. Amount ₹681.23 exceeds threshold.,Policy requires human sign-off for high value or medium risk cases.,2026-08-28T04:16:04.455294
APP-19ff715c,CASE-2797,PENDING,"Recommend RETRY delay 30m. Amount ₹4,681.23 exceeds threshold.",Policy requires human sign-off for high value or medium risk cases.,2026-08-27T06:16:04.455294
APP-c9de1e8c,CASE-2798,PENDING,"Recommend RETRY delay 30m. Amount ₹4,681.23 exceeds threshold.",Policy requires human sign-off for high value or medium risk cases.,2026-08-27T07:16:04.455294
APP-383bffc8,CASE-2800,PENDING,"Recommend RETRY delay 30m. Amount ₹8,681.23 exceeds threshold.",Policy requires human sign-off for high value or medium risk cases.,2026-08-26T16:16:04.455294
APP-94b559ea,CASE-2801,PENDING,"Recommend RETRY delay 30m. Amount ₹4,681.23 exceeds threshold.",Policy requires human sign-off for high value or medium risk cases.,2026-08-27T19:16:04.455294
APP-30759772,CASE-2803,PENDING,"Recommend RETRY delay 30m. Amount ₹4,681.23 exceeds threshold.",Policy requires human sign-off for high value or medium risk cases.,2026-08-27T07:16:04.455294
APP-0e7486a0,CASE-2804,PENDING,Recommend RETRY delay 30m. Amount ₹681.23 exceeds threshold.,Policy requires human sign-off for high value or medium risk cases.,2026-08-27T01:16:04.455294
APP-56d51cc1,CASE-2805,PENDING,Recommend RETRY delay 30m. Amount ₹681.23 exceeds threshold.,Policy requires human sign-off for high value or medium risk cases.,2026-08-27T21:16:04.455294
APP-cf847efe,CASE-2807,PENDING,"Recommend RETRY delay 30m. Amount ₹4,681.23 exceeds threshold.",Policy requires human sign-off for high value or medium risk cases.,2026-08-28T09:16:04.455294
APP-cde08378,CASE-2808,PENDING,Recommend RETRY delay 30m. Amount ₹681.23 exceeds threshold.,Policy requires human sign-off for high value or medium risk cases.,2026-08-27T04:16:04.455294
APP-fc09e8cc,CASE-2809,PENDING,Recommend RETRY delay 30m. Amount ₹681.23 exceeds threshold.,Policy requires human sign-off for high value or medium risk cases.,2026-08-26T21:16:04.455294
APP-55de359f,CASE-2811,PENDING,Recommend RETRY delay 30m. Amount ₹681.23 exceeds threshold.,Policy requires human sign-off for high value or medium risk cases.,2026-08-28T06:16:04.455294
APP-8b6dce87,CASE-2812,PENDING,"Recommend RETRY delay 30m. Amount ₹1,681.23 exceeds threshold.",Policy requires human sign-off for high value or medium risk cases.,2026-08-28T03:16:04.455294
APP-d8a60e1b,CASE-2813,PENDING,"Recommend RETRY delay 30m. Amount ₹1,681.23 exceeds threshold.",Policy requires human sign-off for high value or medium risk cases.,2026-08-26T17:16:04.455294
APP-0341c36b,CASE-2814,PENDING,"Recommend RETRY delay 30m. Amount ₹1,681.23 exceeds threshold.",Policy requires human sign-off for high value or medium risk cases.,2026-08-26T13:16:04.455294
APP-dcb71dd0,CASE-2815,PENDING,Recommend RETRY delay 30m. Amount ₹681.23 exceeds threshold.,Policy requires human sign-off for high value or medium risk cases.,2026-08-27T22:16:04.455294
APP-c4c8b11c,CASE-2816,PENDING,"Recommend RETRY delay 30m. Amount ₹4,681.23 exceeds threshold.",Policy requires human sign-off for high value or medium risk cases.,2026-08-26T19:16:04.455294
APP-6c0513b2,CASE-2817,PENDING,"Recommend RETRY delay 30m. Amount ₹4,681.23 exceeds threshold.",Policy requires human sign-off for high value or medium risk cases.,2026-08-27T17:16:04.455294
APP-fcc2fcab,CASE-2818,PENDING,"Recommend RETRY delay 30m. Amount ₹1,681.23 exceeds threshold.",Policy requires human sign-off for high value or medium risk cases.,2026-08-27T06:16:04.455294
APP-b166aece,CASE-2819,PENDING,"Recommend RETRY delay 30m. Amount ₹4,681.23 exceeds threshold.",Policy requires human sign-off for high value or medium risk cases.,2026-08-27T18:16:04.455294
APP-a507d7bf,CASE-2820,PENDING,"Recommend RETRY delay 30m. Amount ₹8,681.23 exceeds threshold.",Policy requires human sign-off for high value or medium risk cases.,2026-08-28T01:16:04.455294
APP-906c143d,CASE-2821,PENDING,"Recommend RETRY delay 30m. Amount ₹1,681.23 exceeds threshold.",Policy requires human sign-off for high value or medium risk cases.,2026-08-27T16:16:04.455294
APP-943d314e,CASE-2822,PENDING,"Recommend RETRY delay 30m. Amount ₹1,681.23 exceeds threshold.",Policy requires human sign-off for high value or medium risk cases.,2026-08-27T23:16:04.455294
APP-ad92b4a0,CASE-2824,PENDING,"Recommend RETRY delay 30m. Amount ₹8,681.23 exceeds threshold.",Policy requires human sign-off for high value or medium risk cases.,2026-08-28T11:16:04.455294
APP-d36e16e0,CASE-2825,PENDING,"Recommend RETRY delay 30m. Amount ₹8,681.23 exceeds threshold.",Policy requires human sign-off for high value or medium risk cases.,2026-08-28T03:16:04.455294
APP-c2ebeb58,CASE-2827,PENDING,"Recommend RETRY delay 30m. Amount ₹4,681.23 exceeds threshold.",Policy requires human sign-off for high value or medium risk cases.,2026-08-26T14:16:04.455294
APP-e5ed8863,CASE-2828,PENDING,"Recommend RETRY delay 30m. Amount ₹8,681.23 exceeds threshold.",Policy requires human sign-off for high value or medium risk cases.,2026-08-28T04:16:04.455294
APP-85d21a86,CASE-2829,PENDING,Recommend RETRY delay 30m. Amount ₹681.23 exceeds threshold.,Policy requires human sign-off for high value or medium risk cases.,2026-08-27T22:16:04.455294
APP-e0ac0a20,CASE-2830,PENDING,"Recommend RETRY delay 30m. Amount ₹8,681.23 exceeds threshold.",Policy requires human sign-off for high value or medium risk cases.,2026-08-26T22:16:04.455294
APP-a7bd49bc,CASE-2831,PENDING,"Recommend RETRY delay 30m. Amount ₹1,681.23 exceeds threshold.",Policy requires human sign-off for high value or medium risk cases.,2026-08-28T00:16:04.455294
APP-508c3c94,CASE-2832,PENDING,Recommend RETRY delay 30m. Amount ₹681.23 exceeds threshold.,Policy requires human sign-off for high value or medium risk cases.,2026-08-26T18:16:04.455294
APP-1400d5e5,CASE-2833,PENDING,Recommend RETRY delay 30m. Amount ₹681.23 exceeds threshold.,Policy requires human sign-off for high value or medium risk cases.,2026-08-27T16:16:04.455294
APP-19241b53,CASE-2835,PENDING,"Recommend RETRY delay 30m. Amount ₹8,681.23 exceeds threshold.",Policy requires human sign-off for high value or medium risk cases.,2026-08-27T18:16:04.455294
APP-0363ca2a,CASE-2836,PENDING,"Recommend RETRY delay 30m. Amount ₹4,681.23 exceeds threshold.",Policy requires human sign-off for high value or medium risk cases.,2026-08-28T07:16:04.455294
APP-224d0167,CASE-2839,PENDING,Recommend RETRY delay 30m. Amount ₹681.23 exceeds threshold.,Policy requires human sign-off for high value or medium risk cases.,2026-08-27T03:16:04.455294
APP-e955edf4,CASE-2840,PENDING,"Recommend RETRY delay 30m. Amount ₹4,681.23 exceeds threshold.",Policy requires human sign-off for high value or medium risk cases.,2026-08-27T10:16:04.455294
APP-7845eec8,CASE-2841,PENDING,"Recommend RETRY delay 30m. Amount ₹4,681.23 exceeds threshold.",Policy requires human sign-off for high value or medium risk cases.,2026-08-27T00:16:04.455294
APP-e9af3ab7,CASE-2842,PENDING,"Recommend RETRY delay 30m. Amount ₹1,681.23 exceeds threshold.",Policy requires human sign-off for high value or medium risk cases.,2026-08-27T01:16:04.455294
APP-0290272c,CASE-2843,PENDING,"Recommend RETRY delay 30m. Amount ₹8,681.23 exceeds threshold.",Policy requires human sign-off for high value or medium risk cases.,2026-08-27T01:16:04.455294
APP-bb9f477d,CASE-2844,PENDING,"Recommend RETRY delay 30m. Amount ₹8,681.23 exceeds threshold.",Policy requires human sign-off for high value or medium risk cases.,2026-08-27T20:16:04.455294
APP-040d6965,CASE-2846,PENDING,"Recommend RETRY delay 30m. Amount ₹4,681.23 exceeds threshold.",Policy requires human sign-off for high value or medium risk cases.,2026-08-26T19:16:04.465304
APP-673ba6ec,CASE-2847,PENDING,"Recommend RETRY delay 30m. Amount ₹1,681.23 exceeds threshold.",Policy requires human sign-off for high value or medium risk cases.,2026-08-28T08:16:04.465304
APP-728f9c5e,CASE-2848,PENDING,"Recommend RETRY delay 30m. Amount ₹4,681.23 exceeds threshold.",Policy requires human sign-off for high value or medium risk cases.,2026-08-26T20:16:04.465304
APP-84db40b8,CASE-2849,PENDING,"Recommend ESCALATE delay 30m. Amount ₹11,682.23 exceeds threshold.",Policy requires human sign-off for high value or medium risk cases.,2026-08-26T14:16:04.465304
APP-eb6a7233,CASE-2850,PENDING,"Recommend ESCALATE delay 30m. Amount ₹3,182.23 exceeds threshold.",Policy requires human sign-off for high value or medium risk cases.,2026-08-27T16:16:04.465304
APP-8705e1ac,CASE-2851,PENDING,"Recommend ESCALATE delay 30m. Amount ₹11,682.23 exceeds threshold.",Policy requires human sign-off for high value or medium risk cases.,2026-08-28T09:16:04.465304
APP-ad1ed4a4,CASE-2852,PENDING,"Recommend ESCALATE delay 30m. Amount ₹6,182.23 exceeds threshold.",Policy requires human sign-off for high value or medium risk cases.,2026-08-27T18:16:04.465304
APP-473fa983,CASE-2853,PENDING,"Recommend ESCALATE delay 30m. Amount ₹6,182.23 exceeds threshold.",Policy requires human sign-off for high value or medium risk cases.,2026-08-28T01:16:04.465304
APP-3bed798e,CASE-2854,PENDING,"Recommend ESCALATE delay 30m. Amount ₹3,182.23 exceeds threshold.",Policy requires human sign-off for high value or medium risk cases.,2026-08-26T17:16:04.465304
APP-560019ed,CASE-2855,PENDING,"Recommend ESCALATE delay 30m. Amount ₹6,182.23 exceeds threshold.",Policy requires human sign-off for high value or medium risk cases.,2026-08-26T23:16:04.465304
APP-dcb036fc,CASE-2856,PENDING,"Recommend ESCALATE delay 30m. Amount ₹6,182.23 exceeds threshold.",Policy requires human sign-off for high value or medium risk cases.,2026-08-27T18:16:04.465304
APP-95ceb655,CASE-2857,PENDING,"Recommend ESCALATE delay 30m. Amount ₹6,182.23 exceeds threshold.",Policy requires human sign-off for high value or medium risk cases.,2026-08-28T06:16:04.465304
APP-2f095cab,CASE-2858,PENDING,"Recommend ESCALATE delay 30m. Amount ₹4,482.23 exceeds threshold.",Policy requires human sign-off for high value or medium risk cases.,2026-08-27T01:16:04.465304
APP-691e7208,CASE-2859,PENDING,"Recommend ESCALATE delay 30m. Amount ₹3,182.23 exceeds threshold.",Policy requires human sign-off for high value or medium risk cases.,2026-08-28T04:16:04.465304
APP-0cd4bb19,CASE-2860,PENDING,"Recommend ESCALATE delay 30m. Amount ₹3,182.23 exceeds threshold.",Policy requires human sign-off for high value or medium risk cases.,2026-08-27T13:16:04.465304
APP-f962de9f,CASE-2861,PENDING,"Recommend ESCALATE delay 30m. Amount ₹4,482.23 exceeds threshold.",Policy requires human sign-off for high value or medium risk cases.,2026-08-26T15:16:04.465304
APP-fc2505bf,CASE-2862,PENDING,"Recommend ESCALATE delay 30m. Amount ₹6,182.23 exceeds threshold.",Policy requires human sign-off for high value or medium risk cases.,2026-08-26T16:16:04.465304
APP-8daeb590,CASE-2863,PENDING,"Recommend ESCALATE delay 30m. Amount ₹4,482.23 exceeds threshold.",Policy requires human sign-off for high value or medium risk cases.,2026-08-27T23:16:04.465304
APP-c7def132,CASE-2864,PENDING,"Recommend ESCALATE delay 30m. Amount ₹4,482.23 exceeds threshold.",Policy requires human sign-off for high value or medium risk cases.,2026-08-28T11:16:04.465304
APP-04fed8c9,CASE-2865,PENDING,"Recommend ESCALATE delay 30m. Amount ₹11,682.23 exceeds threshold.",Policy requires human sign-off for high value or medium risk cases.,2026-08-28T10:16:04.465304
APP-2d4b3103,CASE-2866,PENDING,"Recommend ESCALATE delay 30m. Amount ₹3,182.23 exceeds threshold.",Policy requires human sign-off for high value or medium risk cases.,2026-08-28T08:16:04.465304
APP-a4b52ad3,CASE-2867,PENDING,"Recommend ESCALATE delay 30m. Amount ₹6,182.23 exceeds threshold.",Policy requires human sign-off for high value or medium risk cases.,2026-08-26T22:16:04.465304
APP-ea554ac9,CASE-2868,PENDING,"Recommend ESCALATE delay 30m. Amount ₹4,482.23 exceeds threshold.",Policy requires human sign-off for high value or medium risk cases.,2026-08-27T14:16:04.465304
APP-f0c2f2d3,CASE-2869,PENDING,"Recommend ESCALATE delay 30m. Amount ₹3,182.23 exceeds threshold.",Policy requires human sign-off for high value or medium risk cases.,2026-08-27T14:16:04.465304
APP-de7909ff,CASE-2870,PENDING,"Recommend ESCALATE delay 30m. Amount ₹6,182.23 exceeds threshold.",Policy requires human sign-off for high value or medium risk cases.,2026-08-27T00:16:04.465304
APP-dfc27a65,CASE-2871,PENDING,"Recommend ESCALATE delay 30m. Amount ₹3,182.23 exceeds threshold.",Policy requires human sign-off for high value or medium risk cases.,2026-08-27T23:16:04.465304
APP-405e4d2e,CASE-2872,PENDING,"Recommend ESCALATE delay 30m. Amount ₹4,482.23 exceeds threshold.",Policy requires human sign-off for high value or medium risk cases.,2026-08-28T06:16:04.465304
APP-f87b9be2,CASE-2873,PENDING,"Recommend ESCALATE delay 30m. Amount ₹4,482.23 exceeds threshold.",Policy requires human sign-off for high value or medium risk cases.,2026-08-26T23:16:04.465304
APP-0fa03f9f,CASE-2874,PENDING,"Recommend ESCALATE delay 30m. Amount ₹4,482.23 exceeds threshold.",Policy requires human sign-off for high value or medium risk cases.,2026-08-27T12:16:04.465304
APP-c13d3b02,CASE-2875,PENDING,"Recommend ESCALATE delay 30m. Amount ₹11,682.23 exceeds threshold.",Policy requires human sign-off for high value or medium risk cases.,2026-08-28T05:16:04.465304
APP-0427175e,CASE-2876,PENDING,"Recommend ESCALATE delay 30m. Amount ₹6,182.23 exceeds threshold.",Policy requires human sign-off for high value or medium risk cases.,2026-08-28T04:16:04.465304
APP-d22ced7e,CASE-2877,PENDING,"Recommend ESCALATE delay 30m. Amount ₹11,682.23 exceeds threshold.",Policy requires human sign-off for high value or medium risk cases.,2026-08-27T16:16:04.465304
APP-dcb448b4,CASE-2878,PENDING,"Recommend ESCALATE delay 30m. Amount ₹11,682.23 exceeds threshold.",Policy requires human sign-off for high value or medium risk cases.,2026-08-26T22:16:04.465304
APP-41014987,CASE-2879,PENDING,"Recommend ESCALATE delay 30m. Amount ₹6,182.23 exceeds threshold.",Policy requires human sign-off for high value or medium risk cases.,2026-08-27T10:16:04.470074
APP-b4b69a98,CASE-2880,PENDING,"Recommend ESCALATE delay 30m. Amount ₹6,182.23 exceeds threshold.",Policy requires human sign-off for high value or medium risk cases.,2026-08-26T17:16:04.470074
APP-8f217314,CASE-2881,PENDING,"Recommend ESCALATE delay 30m. Amount ₹6,182.23 exceeds threshold.",Policy requires human sign-off for high value or medium risk cases.,2026-08-28T06:16:04.470074
APP-b145074d,CASE-2882,PENDING,"Recommend ESCALATE delay 30m. Amount ₹11,682.23 exceeds threshold.",Policy requires human sign-off for high value or medium risk cases.,2026-08-28T03:16:04.470074
APP-066cf4bb,CASE-2883,PENDING,"Recommend ESCALATE delay 30m. Amount ₹11,682.23 exceeds threshold.",Policy requires human sign-off for high value or medium risk cases.,2026-08-27T13:16:04.470074
APP-22cc4d2f,CASE-2884,PENDING,"Recommend ESCALATE delay 30m. Amount ₹4,482.23 exceeds threshold.",Policy requires human sign-off for high value or medium risk cases.,2026-08-27T22:16:04.470074
APP-8c1112bc,CASE-2885,PENDING,"Recommend ESCALATE delay 30m. Amount ₹11,682.23 exceeds threshold.",Policy requires human sign-off for high value or medium risk cases.,2026-08-27T11:16:04.470074
APP-89d46c0d,CASE-2886,PENDING,"Recommend ESCALATE delay 30m. Amount ₹6,182.23 exceeds threshold.",Policy requires human sign-off for high value or medium risk cases.,2026-08-27T19:16:04.470074
APP-0509e87a,CASE-2887,PENDING,"Recommend ESCALATE delay 30m. Amount ₹4,482.23 exceeds threshold.",Policy requires human sign-off for high value or medium risk cases.,2026-08-27T05:16:04.470074
APP-ba8e0c62,CASE-2888,PENDING,"Recommend ESCALATE delay 30m. Amount ₹11,682.23 exceeds threshold.",Policy requires human sign-off for high value or medium risk cases.,2026-08-26T13:16:04.470074
APP-37bcebe5,CASE-2889,PENDING,"Recommend ESCALATE delay 30m. Amount ₹3,182.23 exceeds threshold.",Policy requires human sign-off for high value or medium risk cases.,2026-08-27T12:16:04.470074
APP-d487d3d7,CASE-2890,PENDING,"Recommend ESCALATE delay 30m. Amount ₹6,182.23 exceeds threshold.",Policy requires human sign-off for high value or medium risk cases.,2026-08-26T18:16:04.470074
APP-609dbf2d,CASE-2891,PENDING,"Recommend ESCALATE delay 30m. Amount ₹11,682.23 exceeds threshold.",Policy requires human sign-off for high value or medium risk cases.,2026-08-27T05:16:04.470074
APP-00c6b3da,CASE-2892,PENDING,"Recommend ESCALATE delay 30m. Amount ₹11,682.23 exceeds threshold.",Policy requires human sign-off for high value or medium risk cases.,2026-08-27T02:16:04.470074
APP-e0f7f027,CASE-2893,PENDING,"Recommend ESCALATE delay 30m. Amount ₹3,182.23 exceeds threshold.",Policy requires human sign-off for high value or medium risk cases.,2026-08-27T08:16:04.470074
APP-ec23f975,CASE-2894,PENDING,"Recommend ESCALATE delay 30m. Amount ₹6,182.23 exceeds threshold.",Policy requires human sign-off for high value or medium risk cases.,2026-08-28T10:16:04.470074
APP-92ab8ddb,CASE-2895,PENDING,"Recommend ESCALATE delay 30m. Amount ₹4,482.23 exceeds threshold.",Policy requires human sign-off for high value or medium risk cases.,2026-08-27T09:16:04.470074
APP-a36e16fb,CASE-2896,PENDING,"Recommend ESCALATE delay 30m. Amount ₹4,482.23 exceeds threshold.",Policy requires human sign-off for high value or medium risk cases.,2026-08-27T00:16:04.470074
APP-27424055,CASE-2897,PENDING,"Recommend ESCALATE delay 30m. Amount ₹11,682.23 exceeds threshold.",Policy requires human sign-off for high value or medium risk cases.,2026-08-27T01:16:04.470074
APP-b3a4e9b2,CASE-2898,PENDING,"Recommend ESCALATE delay 30m. Amount ₹4,482.23 exceeds threshold.",Policy requires human sign-off for high value or medium risk cases.,2026-08-27T05:16:04.470074
APP-73aefad6,CASE-2899,PENDING,"Recommend ESCALATE delay 30m. Amount ₹11,682.23 exceeds threshold.",Policy requires human sign-off for high value or medium risk cases.,2026-08-28T09:16:04.470074
APP-b7148a8c,CASE-2900,PENDING,"Recommend ESCALATE delay 30m. Amount ₹3,182.23 exceeds threshold.",Policy requires human sign-off for high value or medium risk cases.,2026-08-27T14:16:04.470074
APP-51df016a,CASE-2901,PENDING,"Recommend ESCALATE delay 30m. Amount ₹3,182.23 exceeds threshold.",Policy requires human sign-off for high value or medium risk cases.,2026-08-27T09:16:04.470074
APP-494c051c,CASE-2902,PENDING,"Recommend ESCALATE delay 30m. Amount ₹6,182.23 exceeds threshold.",Policy requires human sign-off for high value or medium risk cases.,2026-08-26T18:16:04.470074
APP-905d34ba,CASE-2903,PENDING,"Recommend ESCALATE delay 30m. Amount ₹4,482.23 exceeds threshold.",Policy requires human sign-off for high value or medium risk cases.,2026-08-28T07:16:04.470074
APP-7254dd1e,CASE-2904,PENDING,"Recommend ESCALATE delay 30m. Amount ₹3,182.23 exceeds threshold.",Policy requires human sign-off for high value or medium risk cases.,2026-08-28T11:16:04.470074
APP-05265852,CASE-2905,PENDING,"Recommend ESCALATE delay 30m. Amount ₹6,182.23 exceeds threshold.",Policy requires human sign-off for high value or medium risk cases.,2026-08-27T04:16:04.470074
APP-070cea05,CASE-2906,PENDING,"Recommend ESCALATE delay 30m. Amount ₹11,682.23 exceeds threshold.",Policy requires human sign-off for high value or medium risk cases.,2026-08-28T11:16:04.470074
APP-00ea002d,CASE-2907,PENDING,"Recommend ESCALATE delay 30m. Amount ₹6,182.23 exceeds threshold.",Policy requires human sign-off for high value or medium risk cases.,2026-08-27T00:16:04.470074
APP-003c5846,CASE-2908,PENDING,"Recommend ESCALATE delay 30m. Amount ₹3,182.23 exceeds threshold.",Policy requires human sign-off for high value or medium risk cases.,2026-08-27T05:16:04.470074
APP-75b25022,CASE-2909,PENDING,"Recommend ESCALATE delay 30m. Amount ₹6,182.23 exceeds threshold.",Policy requires human sign-off for high value or medium risk cases.,2026-08-28T00:16:04.470074
APP-52b55515,CASE-2910,PENDING,"Recommend ESCALATE delay 30m. Amount ₹11,682.23 exceeds threshold.",Policy requires human sign-off for high value or medium risk cases.,2026-08-27T20:16:04.470074
APP-a122ae84,CASE-2911,PENDING,"Recommend ESCALATE delay 30m. Amount ₹3,182.23 exceeds threshold.",Policy requires human sign-off for high value or medium risk cases.,2026-08-26T21:16:04.470074
APP-d792a61d,CASE-2912,PENDING,"Recommend ESCALATE delay 30m. Amount ₹3,182.23 exceeds threshold.",Policy requires human sign-off for high value or medium risk cases.,2026-08-27T15:16:04.470074
APP-3054cc12,CASE-2913,PENDING,"Recommend ESCALATE delay 30m. Amount ₹6,182.23 exceeds threshold.",Policy requires human sign-off for high value or medium risk cases.,2026-08-27T23:16:04.475342
APP-b4e8e036,CASE-2914,PENDING,"Recommend ESCALATE delay 30m. Amount ₹6,182.23 exceeds threshold.",Policy requires human sign-off for high value or medium risk cases.,2026-08-26T18:16:04.475342
APP-fda70060,CASE-2915,PENDING,"Recommend ESCALATE delay 30m. Amount ₹6,182.23 exceeds threshold.",Policy requires human sign-off for high value or medium risk cases.,2026-08-26T21:16:04.475342
APP-d4dbdd48,CASE-2916,PENDING,"Recommend ESCALATE delay 30m. Amount ₹11,682.23 exceeds threshold.",Policy requires human sign-off for high value or medium risk cases.,2026-08-26T20:16:04.475342
APP-9728ba60,CASE-2917,PENDING,"Recommend ESCALATE delay 30m. Amount ₹4,482.23 exceeds threshold.",Policy requires human sign-off for high value or medium risk cases.,2026-08-26T13:16:04.475342
APP-a748ac22,CASE-2918,PENDING,"Recommend ESCALATE delay 30m. Amount ₹11,682.23 exceeds threshold.",Policy requires human sign-off for high value or medium risk cases.,2026-08-26T14:16:04.475342
APP-0e1afd8a,CASE-2919,PENDING,"Recommend ESCALATE delay 30m. Amount ₹3,182.23 exceeds threshold.",Policy requires human sign-off for high value or medium risk cases.,2026-08-28T03:16:04.475342
APP-e483825f,CASE-2920,PENDING,"Recommend ESCALATE delay 30m. Amount ₹4,482.23 exceeds threshold.",Policy requires human sign-off for high value or medium risk cases.,2026-08-27T16:16:04.475342
APP-d7515907,CASE-2921,PENDING,"Recommend ESCALATE delay 30m. Amount ₹3,182.23 exceeds threshold.",Policy requires human sign-off for high value or medium risk cases.,2026-08-27T18:16:04.475342
APP-91f9dfc6,CASE-2922,PENDING,"Recommend ESCALATE delay 30m. Amount ₹4,482.23 exceeds threshold.",Policy requires human sign-off for high value or medium risk cases.,2026-08-28T05:16:04.475342
APP-cf803205,CASE-2923,PENDING,"Recommend ESCALATE delay 30m. Amount ₹4,482.23 exceeds threshold.",Policy requires human sign-off for high value or medium risk cases.,2026-08-27T07:16:04.475342
APP-b50ae72a,CASE-2924,PENDING,"Recommend ESCALATE delay 30m. Amount ₹11,682.23 exceeds threshold.",Policy requires human sign-off for high value or medium risk cases.,2026-08-28T10:16:04.475342
APP-53d09cb5,CASE-2925,PENDING,"Recommend ESCALATE delay 30m. Amount ₹4,482.23 exceeds threshold.",Policy requires human sign-off for high value or medium risk cases.,2026-08-27T20:16:04.475342
APP-fe793c9b,CASE-2926,PENDING,"Recommend ESCALATE delay 30m. Amount ₹6,182.23 exceeds threshold.",Policy requires human sign-off for high value or medium risk cases.,2026-08-28T10:16:04.475342
APP-95787f83,CASE-2927,PENDING,"Recommend ESCALATE delay 30m. Amount ₹11,682.23 exceeds threshold.",Policy requires human sign-off for high value or medium risk cases.,2026-08-26T22:16:04.477412
APP-c25e5886,CASE-2928,PENDING,"Recommend ESCALATE delay 30m. Amount ₹6,182.23 exceeds threshold.",Policy requires human sign-off for high value or medium risk cases.,2026-08-26T18:16:04.477412
APP-c97a6360,CASE-2929,PENDING,"Recommend ESCALATE delay 30m. Amount ₹3,182.23 exceeds threshold.",Policy requires human sign-off for high value or medium risk cases.,2026-08-27T00:16:04.477412
APP-4fb66a44,CASE-2930,PENDING,"Recommend ESCALATE delay 30m. Amount ₹3,182.23 exceeds threshold.",Policy requires human sign-off for high value or medium risk cases.,2026-08-28T07:16:04.477412
APP-5bc99bcc,CASE-2931,PENDING,"Recommend ESCALATE delay 30m. Amount ₹4,482.23 exceeds threshold.",Policy requires human sign-off for high value or medium risk cases.,2026-08-26T23:16:04.477412
APP-2adedd7d,CASE-2932,PENDING,"Recommend ESCALATE delay 30m. Amount ₹11,682.23 exceeds threshold.",Policy requires human sign-off for high value or medium risk cases.,2026-08-28T06:16:04.477412
APP-8841bff0,CASE-2933,PENDING,"Recommend ESCALATE delay 30m. Amount ₹4,482.23 exceeds threshold.",Policy requires human sign-off for high value or medium risk cases.,2026-08-27T20:16:04.477412
APP-82d7c9ed,CASE-2934,PENDING,"Recommend ESCALATE delay 30m. Amount ₹3,182.23 exceeds threshold.",Policy requires human sign-off for high value or medium risk cases.,2026-08-28T05:16:04.477412
APP-a960775f,CASE-2935,PENDING,"Recommend ESCALATE delay 30m. Amount ₹6,182.23 exceeds threshold.",Policy requires human sign-off for high value or medium risk cases.,2026-08-27T21:16:04.477412
APP-b9b47f4c,CASE-2936,PENDING,"Recommend ESCALATE delay 30m. Amount ₹6,182.23 exceeds threshold.",Policy requires human sign-off for high value or medium risk cases.,2026-08-27T13:16:04.477412
APP-a6818530,CASE-2937,PENDING,"Recommend ESCALATE delay 30m. Amount ₹6,182.23 exceeds threshold.",Policy requires human sign-off for high value or medium risk cases.,2026-08-26T18:16:04.477412
APP-2ad7e47c,CASE-2938,PENDING,"Recommend ESCALATE delay 30m. Amount ₹4,482.23 exceeds threshold.",Policy requires human sign-off for high value or medium risk cases.,2026-08-26T20:16:04.477412
APP-6a2fdada,CASE-2939,PENDING,"Recommend ESCALATE delay 30m. Amount ₹6,182.23 exceeds threshold.",Policy requires human sign-off for high value or medium risk cases.,2026-08-27T12:16:04.477412
APP-7a30f936,CASE-2940,PENDING,"Recommend ESCALATE delay 30m. Amount ₹3,182.23 exceeds threshold.",Policy requires human sign-off for high value or medium risk cases.,2026-08-27T21:16:04.477412
APP-cde11176,CASE-2941,PENDING,"Recommend ESCALATE delay 30m. Amount ₹6,182.23 exceeds threshold.",Policy requires human sign-off for high value or medium risk cases.,2026-08-27T16:16:04.477412
APP-72e89e2d,CASE-2942,PENDING,"Recommend ESCALATE delay 30m. Amount ₹11,682.23 exceeds threshold.",Policy requires human sign-off for high value or medium risk cases.,2026-08-27T06:16:04.479425
APP-718c8e0c,CASE-2943,PENDING,"Recommend ESCALATE delay 30m. Amount ₹11,682.23 exceeds threshold.",Policy requires human sign-off for high value or medium risk cases.,2026-08-26T16:16:04.479425
APP-dee56cd0,CASE-2944,PENDING,"Recommend ESCALATE delay 30m. Amount ₹6,182.23 exceeds threshold.",Policy requires human sign-off for high value or medium risk cases.,2026-08-26T22:16:04.479425
APP-072b6220,CASE-2945,PENDING,"Recommend ESCALATE delay 30m. Amount ₹6,182.23 exceeds threshold.",Policy requires human sign-off for high value or medium risk cases.,2026-08-26T19:16:04.479425
APP-d3510ed5,CASE-2946,PENDING,"Recommend ESCALATE delay 30m. Amount ₹4,482.23 exceeds threshold.",Policy requires human sign-off for high value or medium risk cases.,2026-08-27T11:16:04.479425
APP-97b82e6c,CASE-2947,PENDING,"Recommend ESCALATE delay 30m. Amount ₹4,482.23 exceeds threshold.",Policy requires human sign-off for high value or medium risk cases.,2026-08-28T07:16:04.479425
APP-0989428e,CASE-2948,PENDING,"Recommend ESCALATE delay 30m. Amount ₹3,182.23 exceeds threshold.",Policy requires human sign-off for high value or medium risk cases.,2026-08-26T17:16:04.479425
APP-49f57758,CASE-2949,PENDING,"Recommend ESCALATE delay 30m. Amount ₹11,682.23 exceeds threshold.",Policy requires human sign-off for high value or medium risk cases.,2026-08-28T04:16:04.479425
APP-f45cc17c,CASE-2950,PENDING,"Recommend ESCALATE delay 30m. Amount ₹6,182.23 exceeds threshold.",Policy requires human sign-off for high value or medium risk cases.,2026-08-28T07:16:04.479425
APP-0829815b,CASE-2951,PENDING,"Recommend ESCALATE delay 30m. Amount ₹11,682.23 exceeds threshold.",Policy requires human sign-off for high value or medium risk cases.,2026-08-27T00:16:04.479425
APP-3a36e5fc,CASE-2952,PENDING,"Recommend ESCALATE delay 30m. Amount ₹4,482.23 exceeds threshold.",Policy requires human sign-off for high value or medium risk cases.,2026-08-27T07:16:04.479425
APP-abb4722a,CASE-2953,PENDING,"Recommend ESCALATE delay 30m. Amount ₹4,482.23 exceeds threshold.",Policy requires human sign-off for high value or medium risk cases.,2026-08-26T21:16:04.479425
APP-27c53cbc,CASE-2954,PENDING,"Recommend ESCALATE delay 30m. Amount ₹11,682.23 exceeds threshold.",Policy requires human sign-off for high value or medium risk cases.,2026-08-27T13:16:04.479425
APP-2d2e2969,CASE-2955,PENDING,"Recommend ESCALATE delay 30m. Amount ₹4,482.23 exceeds threshold.",Policy requires human sign-off for high value or medium risk cases.,2026-08-27T03:16:04.479425
APP-e2f257c4,CASE-2956,PENDING,"Recommend ESCALATE delay 30m. Amount ₹11,682.23 exceeds threshold.",Policy requires human sign-off for high value or medium risk cases.,2026-08-26T15:16:04.479425
APP-259f972e,CASE-2957,PENDING,"Recommend ESCALATE delay 30m. Amount ₹4,482.23 exceeds threshold.",Policy requires human sign-off for high value or medium risk cases.,2026-08-27T05:16:04.481182
APP-30935e76,CASE-2958,PENDING,"Recommend ESCALATE delay 30m. Amount ₹11,682.23 exceeds threshold.",Policy requires human sign-off for high value or medium risk cases.,2026-08-27T23:16:04.481182
APP-bd37380d,CASE-2959,PENDING,"Recommend ESCALATE delay 30m. Amount ₹6,182.23 exceeds threshold.",Policy requires human sign-off for high value or medium risk cases.,2026-08-27T10:16:04.481182
APP-6299564f,CASE-2960,PENDING,"Recommend ESCALATE delay 30m. Amount ₹4,482.23 exceeds threshold.",Policy requires human sign-off for high value or medium risk cases.,2026-08-26T21:16:04.481182
APP-64a96958,CASE-2961,PENDING,"Recommend ESCALATE delay 30m. Amount ₹11,682.23 exceeds threshold.",Policy requires human sign-off for high value or medium risk cases.,2026-08-28T12:16:04.481182
APP-12c1dc76,CASE-2962,PENDING,"Recommend ESCALATE delay 30m. Amount ₹11,682.23 exceeds threshold.",Policy requires human sign-off for high value or medium risk cases.,2026-08-27T23:16:04.481182
APP-5f802f3f,CASE-2963,PENDING,"Recommend ESCALATE delay 30m. Amount ₹11,682.23 exceeds threshold.",Policy requires human sign-off for high value or medium risk cases.,2026-08-28T06:16:04.481182
APP-7a232920,CASE-2964,PENDING,"Recommend ESCALATE delay 30m. Amount ₹3,182.23 exceeds threshold.",Policy requires human sign-off for high value or medium risk cases.,2026-08-27T14:16:04.481182
APP-195765ff,CASE-2965,PENDING,"Recommend ESCALATE delay 30m. Amount ₹3,182.23 exceeds threshold.",Policy requires human sign-off for high value or medium risk cases.,2026-08-27T11:16:04.483196
APP-137717b3,CASE-2966,PENDING,"Recommend ESCALATE delay 30m. Amount ₹6,182.23 exceeds threshold.",Policy requires human sign-off for high value or medium risk cases.,2026-08-28T01:16:04.483196
APP-5f51846c,CASE-2967,PENDING,"Recommend ESCALATE delay 30m. Amount ₹6,182.23 exceeds threshold.",Policy requires human sign-off for high value or medium risk cases.,2026-08-27T07:16:04.483196
APP-84144bde,CASE-2968,PENDING,"Recommend ESCALATE delay 30m. Amount ₹4,482.23 exceeds threshold.",Policy requires human sign-off for high value or medium risk cases.,2026-08-27T20:16:04.483196
APP-cfcebfd7,CASE-2969,PENDING,"Recommend ESCALATE delay 30m. Amount ₹3,182.23 exceeds threshold.",Policy requires human sign-off for high value or medium risk cases.,2026-08-27T19:16:04.483196
APP-f3f31266,CASE-2970,PENDING,"Recommend ESCALATE delay 30m. Amount ₹6,182.23 exceeds threshold.",Policy requires human sign-off for high value or medium risk cases.,2026-08-27T20:16:04.483196
APP-dc9212cc,CASE-2971,PENDING,"Recommend ESCALATE delay 30m. Amount ₹6,182.23 exceeds threshold.",Policy requires human sign-off for high value or medium risk cases.,2026-08-27T05:16:04.485209
APP-2b332aef,CASE-2972,PENDING,"Recommend ESCALATE delay 30m. Amount ₹4,482.23 exceeds threshold.",Policy requires human sign-off for high value or medium risk cases.,2026-08-28T03:16:04.485209
APP-aeb1c5cb,CASE-2973,PENDING,"Recommend ESCALATE delay 30m. Amount ₹3,182.23 exceeds threshold.",Policy requires human sign-off for high value or medium risk cases.,2026-08-27T20:16:04.485209
APP-9536a1bc,CASE-2974,PENDING,"Recommend ESCALATE delay 30m. Amount ₹4,482.23 exceeds threshold.",Policy requires human sign-off for high value or medium risk cases.,2026-08-27T05:16:04.485209
APP-b6b37a2f,CASE-2975,PENDING,"Recommend ESCALATE delay 30m. Amount ₹3,182.23 exceeds threshold.",Policy requires human sign-off for high value or medium risk cases.,2026-08-27T05:16:04.485209
APP-b3d5abf2,CASE-2976,PENDING,"Recommend ESCALATE delay 30m. Amount ₹3,182.23 exceeds threshold.",Policy requires human sign-off for high value or medium risk cases.,2026-08-27T23:16:04.485209
APP-b83e2aaa,CASE-2977,PENDING,"Recommend ESCALATE delay 30m. Amount ₹6,182.23 exceeds threshold.",Policy requires human sign-off for high value or medium risk cases.,2026-08-26T18:16:04.485209
APP-6ecb8a13,CASE-2978,PENDING,"Recommend ESCALATE delay 30m. Amount ₹4,482.23 exceeds threshold.",Policy requires human sign-off for high value or medium risk cases.,2026-08-28T08:16:04.488208
APP-9b163459,CASE-2979,PENDING,"Recommend ESCALATE delay 30m. Amount ₹4,482.23 exceeds threshold.",Policy requires human sign-off for high value or medium risk cases.,2026-08-27T18:16:04.488208
APP-3324bb21,CASE-2980,PENDING,"Recommend ESCALATE delay 30m. Amount ₹3,182.23 exceeds threshold.",Policy requires human sign-off for high value or medium risk cases.,2026-08-28T03:16:04.488208
APP-4fa6ecaa,CASE-2981,PENDING,"Recommend ESCALATE delay 30m. Amount ₹3,182.23 exceeds threshold.",Policy requires human sign-off for high value or medium risk cases.,2026-08-26T20:16:04.488208
APP-e00d2196,CASE-2982,PENDING,"Recommend ESCALATE delay 30m. Amount ₹6,182.23 exceeds threshold.",Policy requires human sign-off for high value or medium risk cases.,2026-08-26T19:16:04.488208
APP-5a81547f,CASE-2983,PENDING,"Recommend ESCALATE delay 30m. Amount ₹11,682.23 exceeds threshold.",Policy requires human sign-off for high value or medium risk cases.,2026-08-28T09:16:04.488208
APP-4093d1e4,CASE-2984,PENDING,"Recommend ESCALATE delay 30m. Amount ₹6,182.23 exceeds threshold.",Policy requires human sign-off for high value or medium risk cases.,2026-08-26T22:16:04.488208
APP-d0e19f1f,CASE-2985,PENDING,"Recommend ESCALATE delay 30m. Amount ₹11,682.23 exceeds threshold.",Policy requires human sign-off for high value or medium risk cases.,2026-08-27T21:16:04.488208
APP-e43c7568,CASE-2986,PENDING,"Recommend ESCALATE delay 30m. Amount ₹11,682.23 exceeds threshold.",Policy requires human sign-off for high value or medium risk cases.,2026-08-27T12:16:04.488208
APP-958356bc,CASE-2987,PENDING,"Recommend ESCALATE delay 30m. Amount ₹11,682.23 exceeds threshold.",Policy requires human sign-off for high value or medium risk cases.,2026-08-27T05:16:04.488208
APP-537f515f,CASE-2988,PENDING,"Recommend ESCALATE delay 30m. Amount ₹11,682.23 exceeds threshold.",Policy requires human sign-off for high value or medium risk cases.,2026-08-28T06:16:04.488208
APP-5fe96788,CASE-2989,PENDING,"Recommend ESCALATE delay 30m. Amount ₹6,182.23 exceeds threshold.",Policy requires human sign-off for high value or medium risk cases.,2026-08-27T12:16:04.488208
APP-7de9adb1,CASE-2990,PENDING,"Recommend ESCALATE delay 30m. Amount ₹11,682.23 exceeds threshold.",Policy requires human sign-off for high value or medium risk cases.,2026-08-27T09:16:04.488208
APP-a01df0a9,CASE-2991,PENDING,"Recommend ESCALATE delay 30m. Amount ₹6,182.23 exceeds threshold.",Policy requires human sign-off for high value or medium risk cases.,2026-08-27T09:16:04.488208
APP-586c94a9,CASE-2992,PENDING,"Recommend ESCALATE delay 30m. Amount ₹3,182.23 exceeds threshold.",Policy requires human sign-off for high value or medium risk cases.,2026-08-26T17:16:04.488208
APP-12725687,CASE-2993,PENDING,"Recommend ESCALATE delay 30m. Amount ₹4,482.23 exceeds threshold.",Policy requires human sign-off for high value or medium risk cases.,2026-08-26T20:16:04.488208
APP-093076f7,CASE-2994,PENDING,"Recommend ESCALATE delay 30m. Amount ₹3,182.23 exceeds threshold.",Policy requires human sign-off for high value or medium risk cases.,2026-08-27T06:16:04.488208
APP-78656e0e,CASE-2995,PENDING,"Recommend ESCALATE delay 30m. Amount ₹6,182.23 exceeds threshold.",Policy requires human sign-off for high value or medium risk cases.,2026-08-27T03:16:04.488208
APP-a2444424,CASE-2996,PENDING,"Recommend ESCALATE delay 30m. Amount ₹11,682.23 exceeds threshold.",Policy requires human sign-off for high value or medium risk cases.,2026-08-28T08:16:04.488208
APP-470e1b66,CASE-2997,PENDING,"Recommend ESCALATE delay 30m. Amount ₹3,182.23 exceeds threshold.",Policy requires human sign-off for high value or medium risk cases.,2026-08-28T06:16:04.488208
APP-fadb4fc7,CASE-2998,PENDING,"Recommend ESCALATE delay 30m. Amount ₹11,682.23 exceeds threshold.",Policy requires human sign-off for high value or medium risk cases.,2026-08-27T20:16:04.488208
APP-476ba978,CASE-2999,PENDING,"Recommend ESCALATE delay 30m. Amount ₹3,500.00 exceeds threshold.",Policy requires human sign-off for high value or medium risk cases.,2026-08-26T18:16:04.488208
