id,case_id,event_type,actor_type,actor_id,reason,metadata_json,timestamp
AUD-44a02ba3,CASE-1021,CASE_CREATED,SYSTEM,SYSTEM,"Case initialized for FAILED_PAYMENT amount ₹2,000.00","{""amount_at_risk"": 2000.0, ""score"": 87, ""policy"": ""AUTO""}",2026-08-28T09:16:04.270951
AUD-417beced,CASE-1032,CASE_CREATED,SYSTEM,SYSTEM,"Case initialized for CHECKOUT_ABANDONMENT amount ₹8,500.00","{""amount_at_risk"": 8500.0, ""score"": 75, ""policy"": ""HUMAN""}",2026-08-27T18:16:04.270951
AUD-740359de,CASE-1048,CASE_CREATED,SYSTEM,SYSTEM,"Case initialized for FAILED_PAYMENT amount ₹25,000.00","{""amount_at_risk"": 25000.0, ""score"": 10, ""policy"": ""BLOCK""}",2026-08-26T19:16:04.270951
AUD-92d8f48d,CASE-1088,CASE_CREATED,SYSTEM,SYSTEM,"Case initialized for SUBSCRIPTION_FAILURE amount ₹2,000.00","{""amount_at_risk"": 2000.0, ""score"": 65, ""policy"": ""HUMAN""}",2026-08-27T08:16:04.272959
AUD-97be5be5,CASE-1102,CASE_CREATED,SYSTEM,SYSTEM,"Case initialized for OVERDUE_INVOICE amount ₹75,000.00","{""amount_at_risk"": 75000.0, ""score"": 55, ""policy"": ""HUMAN""}",2026-08-26T17:16:04.272959
AUD-80b6ee64,CASE-2005,CASE_CREATED,SYSTEM,SYSTEM,"Case initialized for FAILED_PAYMENT amount ₹12,000.00","{""amount_at_risk"": 12000.0, ""score"": 79, ""policy"": ""HUMAN""}",2026-08-28T01:16:04.272959
AUD-57394e7f,CASE-2006,CASE_CREATED,SYSTEM,SYSTEM,"Case initialized for FAILED_PAYMENT amount ₹7,500.00","{""amount_at_risk"": 7500.0, ""score"": 70, ""policy"": ""HUMAN""}",2026-08-27T22:16:04.272959
AUD-52c4a0c8,CASE-2007,CASE_CREATED,SYSTEM,SYSTEM,"Case initialized for FAILED_PAYMENT amount ₹1,499.00","{""amount_at_risk"": 1499.0, ""score"": 93, ""policy"": ""AUTO""}",2026-08-26T14:16:04.272959
AUD-f2ac9dbf,CASE-2008,CASE_CREATED,SYSTEM,SYSTEM,"Case initialized for FAILED_PAYMENT amount ₹7,500.00","{""amount_at_risk"": 7500.0, ""score"": 72, ""policy"": ""HUMAN""}",2026-08-27T21:16:04.272959
AUD-281d9596,CASE-2009,CASE_CREATED,SYSTEM,SYSTEM,"Case initialized for FAILED_PAYMENT amount ₹4,999.00","{""amount_at_risk"": 4999.0, ""score"": 67, ""policy"": ""HUMAN""}",2026-08-26T14:16:04.272959
AUD-8f963831,CASE-2010,CASE_CREATED,SYSTEM,SYSTEM,"Case initialized for FAILED_PAYMENT amount ₹1,499.00","{""amount_at_risk"": 1499.0, ""score"": 47, ""policy"": ""HUMAN""}",2026-08-27T23:16:04.272959
AUD-86791685,CASE-2011,CASE_CREATED,SYSTEM,SYSTEM,"Case initialized for FAILED_PAYMENT amount ₹1,499.00","{""amount_at_risk"": 1499.0, ""score"": 51, ""policy"": ""HUMAN""}",2026-08-26T17:16:04.272959
AUD-50df3959,CASE-2012,CASE_CREATED,SYSTEM,SYSTEM,"Case initialized for FAILED_PAYMENT amount ₹12,000.00","{""amount_at_risk"": 12000.0, ""score"": 48, ""policy"": ""HUMAN""}",2026-08-27T08:16:04.272959
AUD-b142bd31,CASE-2013,CASE_CREATED,SYSTEM,SYSTEM,"Case initialized for FAILED_PAYMENT amount ₹2,499.00","{""amount_at_risk"": 2499.0, ""score"": 79, ""policy"": ""HUMAN""}",2026-08-27T04:16:04.272959
AUD-8328d600,CASE-2014,CASE_CREATED,SYSTEM,SYSTEM,"Case initialized for FAILED_PAYMENT amount ₹3,999.00","{""amount_at_risk"": 3999.0, ""score"": 59, ""policy"": ""HUMAN""}",2026-08-26T22:16:04.272959
AUD-a77b6ffb,CASE-2015,CASE_CREATED,SYSTEM,SYSTEM,"Case initialized for FAILED_PAYMENT amount ₹12,000.00","{""amount_at_risk"": 12000.0, ""score"": 65, ""policy"": ""HUMAN""}",2026-08-26T18:16:04.272959
AUD-88d79ad4,CASE-2016,CASE_CREATED,SYSTEM,SYSTEM,"Case initialized for FAILED_PAYMENT amount ₹7,500.00","{""amount_at_risk"": 7500.0, ""score"": 59, ""policy"": ""HUMAN""}",2026-08-28T09:16:04.272959
AUD-d5ad4b6f,CASE-2017,CASE_CREATED,SYSTEM,SYSTEM,"Case initialized for FAILED_PAYMENT amount ₹7,500.00","{""amount_at_risk"": 7500.0, ""score"": 82, ""policy"": ""HUMAN""}",2026-08-27T05:16:04.272959
AUD-72bda65e,CASE-2018,CASE_CREATED,SYSTEM,SYSTEM,"Case initialized for FAILED_PAYMENT amount ₹1,499.00","{""amount_at_risk"": 1499.0, ""score"": 67, ""policy"": ""HUMAN""}",2026-08-27T10:16:04.274968
AUD-2c424d90,CASE-2019,CASE_CREATED,SYSTEM,SYSTEM,"Case initialized for FAILED_PAYMENT amount ₹4,999.00","{""amount_at_risk"": 4999.0, ""score"": 54, ""policy"": ""HUMAN""}",2026-08-27T02:16:04.274968
AUD-0ab99c64,CASE-2020,CASE_CREATED,SYSTEM,SYSTEM,"Case initialized for FAILED_PAYMENT amount ₹4,999.00","{""amount_at_risk"": 4999.0, ""score"": 60, ""policy"": ""HUMAN""}",2026-08-28T03:16:04.274968
AUD-29d23389,CASE-2021,CASE_CREATED,SYSTEM,SYSTEM,"Case initialized for FAILED_PAYMENT amount ₹4,999.00","{""amount_at_risk"": 4999.0, ""score"": 48, ""policy"": ""HUMAN""}",2026-08-27T01:16:04.274968
AUD-90f4400d,CASE-2022,CASE_CREATED,SYSTEM,SYSTEM,"Case initialized for FAILED_PAYMENT amount ₹7,500.00","{""amount_at_risk"": 7500.0, ""score"": 53, ""policy"": ""HUMAN""}",2026-08-27T23:16:04.274968
AUD-346c19fb,CASE-2023,CASE_CREATED,SYSTEM,SYSTEM,"Case initialized for FAILED_PAYMENT amount ₹3,999.00","{""amount_at_risk"": 3999.0, ""score"": 86, ""policy"": ""AUTO""}",2026-08-27T02:16:04.274968
AUD-fc953e6e,CASE-2024,CASE_CREATED,SYSTEM,SYSTEM,"Case initialized for FAILED_PAYMENT amount ₹12,000.00","{""amount_at_risk"": 12000.0, ""score"": 57, ""policy"": ""HUMAN""}",2026-08-26T17:16:04.274968
AUD-b09df4ee,CASE-2025,CASE_CREATED,SYSTEM,SYSTEM,"Case initialized for FAILED_PAYMENT amount ₹7,500.00","{""amount_at_risk"": 7500.0, ""score"": 83, ""policy"": ""HUMAN""}",2026-08-26T23:16:04.274968
AUD-d8e805ba,CASE-2026,CASE_CREATED,SYSTEM,SYSTEM,"Case initialized for FAILED_PAYMENT amount ₹12,000.00","{""amount_at_risk"": 12000.0, ""score"": 87, ""policy"": ""HUMAN""}",2026-08-27T23:16:04.274968
AUD-07947327,CASE-2027,CASE_CREATED,SYSTEM,SYSTEM,"Case initialized for FAILED_PAYMENT amount ₹3,999.00","{""amount_at_risk"": 3999.0, ""score"": 64, ""policy"": ""HUMAN""}",2026-08-26T13:16:04.274968
AUD-d5c97226,CASE-2028,CASE_CREATED,SYSTEM,SYSTEM,"Case initialized for FAILED_PAYMENT amount ₹1,499.00","{""amount_at_risk"": 1499.0, ""score"": 92, ""policy"": ""AUTO""}",2026-08-26T22:16:04.274968
AUD-840170f5,CASE-2029,CASE_CREATED,SYSTEM,SYSTEM,"Case initialized for FAILED_PAYMENT amount ₹12,000.00","{""amount_at_risk"": 12000.0, ""score"": 58, ""policy"": ""HUMAN""}",2026-08-27T16:16:04.274968
AUD-da114090,CASE-2030,CASE_CREATED,SYSTEM,SYSTEM,"Case initialized for FAILED_PAYMENT amount ₹3,999.00","{""amount_at_risk"": 3999.0, ""score"": 69, ""policy"": ""HUMAN""}",2026-08-27T20:16:04.274968
AUD-3a64ee1b,CASE-2031,CASE_CREATED,SYSTEM,SYSTEM,"Case initialized for FAILED_PAYMENT amount ₹3,999.00","{""amount_at_risk"": 3999.0, ""score"": 77, ""policy"": ""HUMAN""}",2026-08-26T14:16:04.274968
AUD-2840520f,CASE-2032,CASE_CREATED,SYSTEM,SYSTEM,"Case initialized for FAILED_PAYMENT amount ₹4,999.00","{""amount_at_risk"": 4999.0, ""score"": 93, ""policy"": ""AUTO""}",2026-08-27T10:16:04.276625
AUD-6c425ba3,CASE-2033,CASE_CREATED,SYSTEM,SYSTEM,"Case initialized for FAILED_PAYMENT amount ₹1,499.00","{""amount_at_risk"": 1499.0, ""score"": 81, ""policy"": ""AUTO""}",2026-08-27T01:16:04.276625
AUD-2893745a,CASE-2034,CASE_CREATED,SYSTEM,SYSTEM,"Case initialized for FAILED_PAYMENT amount ₹7,500.00","{""amount_at_risk"": 7500.0, ""score"": 82, ""policy"": ""HUMAN""}",2026-08-28T00:16:04.276625
AUD-fb72d2da,CASE-2035,CASE_CREATED,SYSTEM,SYSTEM,"Case initialized for FAILED_PAYMENT amount ₹3,999.00","{""amount_at_risk"": 3999.0, ""score"": 59, ""policy"": ""HUMAN""}",2026-08-27T01:16:04.276625
AUD-e4a2caec,CASE-2036,CASE_CREATED,SYSTEM,SYSTEM,"Case initialized for FAILED_PAYMENT amount ₹12,000.00","{""amount_at_risk"": 12000.0, ""score"": 88, ""policy"": ""HUMAN""}",2026-08-26T14:16:04.276625
AUD-6047307d,CASE-2037,CASE_CREATED,SYSTEM,SYSTEM,"Case initialized for FAILED_PAYMENT amount ₹12,000.00","{""amount_at_risk"": 12000.0, ""score"": 92, ""policy"": ""HUMAN""}",2026-08-26T14:16:04.276625
AUD-35d1d176,CASE-2038,CASE_CREATED,SYSTEM,SYSTEM,"Case initialized for FAILED_PAYMENT amount ₹3,999.00","{""amount_at_risk"": 3999.0, ""score"": 55, ""policy"": ""HUMAN""}",2026-08-27T02:16:04.276625
AUD-11d284e2,CASE-2039,CASE_CREATED,SYSTEM,SYSTEM,"Case initialized for FAILED_PAYMENT amount ₹12,000.00","{""amount_at_risk"": 12000.0, ""score"": 48, ""policy"": ""HUMAN""}",2026-08-26T18:16:04.276625
AUD-a5092a46,CASE-2040,CASE_CREATED,SYSTEM,SYSTEM,"Case initialized for FAILED_PAYMENT amount ₹1,499.00","{""amount_at_risk"": 1499.0, ""score"": 93, ""policy"": ""AUTO""}",2026-08-26T15:16:04.276625
AUD-cb356faa,CASE-2041,CASE_CREATED,SYSTEM,SYSTEM,"Case initialized for FAILED_PAYMENT amount ₹2,499.00","{""amount_at_risk"": 2499.0, ""score"": 45, ""policy"": ""HUMAN""}",2026-08-28T09:16:04.276625
AUD-2a8b5b52,CASE-2042,CASE_CREATED,SYSTEM,SYSTEM,"Case initialized for FAILED_PAYMENT amount ₹7,500.00","{""amount_at_risk"": 7500.0, ""score"": 85, ""policy"": ""HUMAN""}",2026-08-28T12:16:04.276625
AUD-367b38c9,CASE-2043,CASE_CREATED,SYSTEM,SYSTEM,"Case initialized for FAILED_PAYMENT amount ₹7,500.00","{""amount_at_risk"": 7500.0, ""score"": 80, ""policy"": ""HUMAN""}",2026-08-27T03:16:04.276625
AUD-1060ad79,CASE-2044,CASE_CREATED,SYSTEM,SYSTEM,"Case initialized for FAILED_PAYMENT amount ₹12,000.00","{""amount_at_risk"": 12000.0, ""score"": 62, ""policy"": ""HUMAN""}",2026-08-27T04:16:04.276625
AUD-6305311e,CASE-2045,CASE_CREATED,SYSTEM,SYSTEM,"Case initialized for FAILED_PAYMENT amount ₹12,000.00","{""amount_at_risk"": 12000.0, ""score"": 88, ""policy"": ""HUMAN""}",2026-08-28T06:16:04.276625
AUD-299ee4e2,CASE-2046,CASE_CREATED,SYSTEM,SYSTEM,"Case initialized for FAILED_PAYMENT amount ₹7,500.00","{""amount_at_risk"": 7500.0, ""score"": 54, ""policy"": ""HUMAN""}",2026-08-27T03:16:04.276625
AUD-f26e6e32,CASE-2047,CASE_CREATED,SYSTEM,SYSTEM,"Case initialized for FAILED_PAYMENT amount ₹3,999.00","{""amount_at_risk"": 3999.0, ""score"": 67, ""policy"": ""HUMAN""}",2026-08-27T13:16:04.276625
AUD-7ecfa510,CASE-2048,CASE_CREATED,SYSTEM,SYSTEM,"Case initialized for FAILED_PAYMENT amount ₹4,999.00","{""amount_at_risk"": 4999.0, ""score"": 74, ""policy"": ""HUMAN""}",2026-08-27T22:16:04.276625
AUD-2ffac280,CASE-2049,CASE_CREATED,SYSTEM,SYSTEM,"Case initialized for FAILED_PAYMENT amount ₹3,999.00","{""amount_at_risk"": 3999.0, ""score"": 88, ""policy"": ""AUTO""}",2026-08-27T11:16:04.276625
AUD-1dfe58ca,CASE-2050,CASE_CREATED,SYSTEM,SYSTEM,"Case initialized for FAILED_PAYMENT amount ₹4,999.00","{""amount_at_risk"": 4999.0, ""score"": 69, ""policy"": ""HUMAN""}",2026-08-26T20:16:04.278632
AUD-9ae6dde2,CASE-2051,CASE_CREATED,SYSTEM,SYSTEM,"Case initialized for FAILED_PAYMENT amount ₹1,499.00","{""amount_at_risk"": 1499.0, ""score"": 89, ""policy"": ""AUTO""}",2026-08-27T15:16:04.278632
AUD-82fe91a7,CASE-2052,CASE_CREATED,SYSTEM,SYSTEM,"Case initialized for FAILED_PAYMENT amount ₹7,500.00","{""amount_at_risk"": 7500.0, ""score"": 51, ""policy"": ""HUMAN""}",2026-08-27T23:16:04.278632
AUD-ceb896f8,CASE-2053,CASE_CREATED,SYSTEM,SYSTEM,"Case initialized for FAILED_PAYMENT amount ₹12,000.00","{""amount_at_risk"": 12000.0, ""score"": 81, ""policy"": ""HUMAN""}",2026-08-28T08:16:04.278632
AUD-f838d1ac,CASE-2054,CASE_CREATED,SYSTEM,SYSTEM,"Case initialized for FAILED_PAYMENT amount ₹12,000.00","{""amount_at_risk"": 12000.0, ""score"": 62, ""policy"": ""HUMAN""}",2026-08-27T16:16:04.278632
AUD-06062d15,CASE-2055,CASE_CREATED,SYSTEM,SYSTEM,"Case initialized for FAILED_PAYMENT amount ₹1,499.00","{""amount_at_risk"": 1499.0, ""score"": 58, ""policy"": ""HUMAN""}",2026-08-27T17:16:04.278632
AUD-192ba427,CASE-2056,CASE_CREATED,SYSTEM,SYSTEM,"Case initialized for FAILED_PAYMENT amount ₹2,499.00","{""amount_at_risk"": 2499.0, ""score"": 81, ""policy"": ""AUTO""}",2026-08-26T13:16:04.278632
AUD-34be2787,CASE-2057,CASE_CREATED,SYSTEM,SYSTEM,"Case initialized for FAILED_PAYMENT amount ₹2,499.00","{""amount_at_risk"": 2499.0, ""score"": 95, ""policy"": ""AUTO""}",2026-08-28T06:16:04.278632
AUD-8369668e,CASE-2058,CASE_CREATED,SYSTEM,SYSTEM,"Case initialized for FAILED_PAYMENT amount ₹4,999.00","{""amount_at_risk"": 4999.0, ""score"": 59, ""policy"": ""HUMAN""}",2026-08-26T21:16:04.278632
AUD-90a70251,CASE-2059,CASE_CREATED,SYSTEM,SYSTEM,"Case initialized for FAILED_PAYMENT amount ₹7,500.00","{""amount_at_risk"": 7500.0, ""score"": 70, ""policy"": ""HUMAN""}",2026-08-27T19:16:04.278632
AUD-c310b032,CASE-2060,CASE_CREATED,SYSTEM,SYSTEM,"Case initialized for FAILED_PAYMENT amount ₹4,999.00","{""amount_at_risk"": 4999.0, ""score"": 76, ""policy"": ""HUMAN""}",2026-08-27T12:16:04.278632
AUD-6df58af4,CASE-2061,CASE_CREATED,SYSTEM,SYSTEM,"Case initialized for FAILED_PAYMENT amount ₹4,999.00","{""amount_at_risk"": 4999.0, ""score"": 56, ""policy"": ""HUMAN""}",2026-08-26T21:16:04.278632
AUD-83351cc7,CASE-2062,CASE_CREATED,SYSTEM,SYSTEM,"Case initialized for FAILED_PAYMENT amount ₹3,999.00","{""amount_at_risk"": 3999.0, ""score"": 60, ""policy"": ""HUMAN""}",2026-08-28T03:16:04.278632
AUD-ba9d323f,CASE-2063,CASE_CREATED,SYSTEM,SYSTEM,"Case initialized for FAILED_PAYMENT amount ₹4,999.00","{""amount_at_risk"": 4999.0, ""score"": 90, ""policy"": ""AUTO""}",2026-08-27T13:16:04.278632
AUD-bf1a2a95,CASE-2064,CASE_CREATED,SYSTEM,SYSTEM,"Case initialized for FAILED_PAYMENT amount ₹1,499.00","{""amount_at_risk"": 1499.0, ""score"": 50, ""policy"": ""HUMAN""}",2026-08-27T13:16:04.278632
AUD-075af113,CASE-2065,CASE_CREATED,SYSTEM,SYSTEM,"Case initialized for FAILED_PAYMENT amount ₹3,999.00","{""amount_at_risk"": 3999.0, ""score"": 51, ""policy"": ""HUMAN""}",2026-08-27T09:16:04.278632
AUD-02021dbe,CASE-2066,CASE_CREATED,SYSTEM,SYSTEM,"Case initialized for FAILED_PAYMENT amount ₹4,999.00","{""amount_at_risk"": 4999.0, ""score"": 80, ""policy"": ""AUTO""}",2026-08-28T07:16:04.278632
AUD-f869c405,CASE-2067,CASE_CREATED,SYSTEM,SYSTEM,"Case initialized for FAILED_PAYMENT amount ₹3,999.00","{""amount_at_risk"": 3999.0, ""score"": 80, ""policy"": ""AUTO""}",2026-08-27T18:16:04.278632
AUD-97729656,CASE-2068,CASE_CREATED,SYSTEM,SYSTEM,"Case initialized for FAILED_PAYMENT amount ₹4,999.00","{""amount_at_risk"": 4999.0, ""score"": 69, ""policy"": ""HUMAN""}",2026-08-27T03:16:04.278632
AUD-572f20ab,CASE-2069,CASE_CREATED,SYSTEM,SYSTEM,"Case initialized for FAILED_PAYMENT amount ₹2,499.00","{""amount_at_risk"": 2499.0, ""score"": 88, ""policy"": ""AUTO""}",2026-08-27T19:16:04.278632
AUD-e07cdad6,CASE-2070,CASE_CREATED,SYSTEM,SYSTEM,"Case initialized for FAILED_PAYMENT amount ₹4,999.00","{""amount_at_risk"": 4999.0, ""score"": 54, ""policy"": ""HUMAN""}",2026-08-27T19:16:04.278632
AUD-7398e9ef,CASE-2071,CASE_CREATED,SYSTEM,SYSTEM,"Case initialized for FAILED_PAYMENT amount ₹4,999.00","{""amount_at_risk"": 4999.0, ""score"": 64, ""policy"": ""HUMAN""}",2026-08-27T20:16:04.278632
AUD-e6809537,CASE-2072,CASE_CREATED,SYSTEM,SYSTEM,"Case initialized for FAILED_PAYMENT amount ₹2,499.00","{""amount_at_risk"": 2499.0, ""score"": 91, ""policy"": ""AUTO""}",2026-08-28T04:16:04.278632
AUD-a3554368,CASE-2073,CASE_CREATED,SYSTEM,SYSTEM,"Case initialized for FAILED_PAYMENT amount ₹3,999.00","{""amount_at_risk"": 3999.0, ""score"": 45, ""policy"": ""HUMAN""}",2026-08-27T12:16:04.278632
AUD-4b36d583,CASE-2074,CASE_CREATED,SYSTEM,SYSTEM,"Case initialized for FAILED_PAYMENT amount ₹3,999.00","{""amount_at_risk"": 3999.0, ""score"": 73, ""policy"": ""HUMAN""}",2026-08-26T22:16:04.278632
AUD-5f1c0795,CASE-2075,CASE_CREATED,SYSTEM,SYSTEM,"Case initialized for FAILED_PAYMENT amount ₹2,499.00","{""amount_at_risk"": 2499.0, ""score"": 64, ""policy"": ""HUMAN""}",2026-08-27T16:16:04.278632
AUD-8f35f739,CASE-2076,CASE_CREATED,SYSTEM,SYSTEM,"Case initialized for FAILED_PAYMENT amount ₹2,499.00","{""amount_at_risk"": 2499.0, ""score"": 70, ""policy"": ""HUMAN""}",2026-08-26T16:16:04.278632
AUD-a28a4b5d,CASE-2077,CASE_CREATED,SYSTEM,SYSTEM,"Case initialized for FAILED_PAYMENT amount ₹12,000.00","{""amount_at_risk"": 12000.0, ""score"": 76, ""policy"": ""HUMAN""}",2026-08-27T12:16:04.278632
AUD-6e839c2b,CASE-2078,CASE_CREATED,SYSTEM,SYSTEM,"Case initialized for FAILED_PAYMENT amount ₹3,999.00","{""amount_at_risk"": 3999.0, ""score"": 95, ""policy"": ""AUTO""}",2026-08-27T02:16:04.278632
AUD-86ccf943,CASE-2079,CASE_CREATED,SYSTEM,SYSTEM,"Case initialized for FAILED_PAYMENT amount ₹2,499.00","{""amount_at_risk"": 2499.0, ""score"": 88, ""policy"": ""AUTO""}",2026-08-27T23:16:04.278632
AUD-7176e5c8,CASE-2080,CASE_CREATED,SYSTEM,SYSTEM,"Case initialized for FAILED_PAYMENT amount ₹4,999.00","{""amount_at_risk"": 4999.0, ""score"": 63, ""policy"": ""HUMAN""}",2026-08-27T05:16:04.278632
AUD-df726abd,CASE-2081,CASE_CREATED,SYSTEM,SYSTEM,"Case initialized for FAILED_PAYMENT amount ₹2,499.00","{""amount_at_risk"": 2499.0, ""score"": 85, ""policy"": ""AUTO""}",2026-08-27T09:16:04.278632
AUD-70a8a002,CASE-2082,CASE_CREATED,SYSTEM,SYSTEM,"Case initialized for FAILED_PAYMENT amount ₹4,999.00","{""amount_at_risk"": 4999.0, ""score"": 49, ""policy"": ""HUMAN""}",2026-08-27T11:16:04.278632
AUD-29b1e5c6,CASE-2083,CASE_CREATED,SYSTEM,SYSTEM,"Case initialized for FAILED_PAYMENT amount ₹7,500.00","{""amount_at_risk"": 7500.0, ""score"": 77, ""policy"": ""HUMAN""}",2026-08-26T16:16:04.278632
AUD-a90a5942,CASE-2084,CASE_CREATED,SYSTEM,SYSTEM,"Case initialized for FAILED_PAYMENT amount ₹7,500.00","{""amount_at_risk"": 7500.0, ""score"": 83, ""policy"": ""HUMAN""}",2026-08-26T18:16:04.278632
AUD-22594014,CASE-2085,CASE_CREATED,SYSTEM,SYSTEM,"Case initialized for FAILED_PAYMENT amount ₹12,000.00","{""amount_at_risk"": 12000.0, ""score"": 67, ""policy"": ""HUMAN""}",2026-08-26T19:16:04.278632
AUD-9904249c,CASE-2086,CASE_CREATED,SYSTEM,SYSTEM,"Case initialized for FAILED_PAYMENT amount ₹12,000.00","{""amount_at_risk"": 12000.0, ""score"": 86, ""policy"": ""HUMAN""}",2026-08-28T06:16:04.278632
AUD-3a5e9a80,CASE-2087,CASE_CREATED,SYSTEM,SYSTEM,"Case initialized for FAILED_PAYMENT amount ₹1,499.00","{""amount_at_risk"": 1499.0, ""score"": 51, ""policy"": ""HUMAN""}",2026-08-26T13:16:04.278632
AUD-c161d257,CASE-2088,CASE_CREATED,SYSTEM,SYSTEM,"Case initialized for FAILED_PAYMENT amount ₹7,500.00","{""amount_at_risk"": 7500.0, ""score"": 80, ""policy"": ""HUMAN""}",2026-08-27T13:16:04.278632
AUD-cba930c9,CASE-2089,CASE_CREATED,SYSTEM,SYSTEM,"Case initialized for FAILED_PAYMENT amount ₹4,999.00","{""amount_at_risk"": 4999.0, ""score"": 74, ""policy"": ""HUMAN""}",2026-08-28T11:16:04.278632
AUD-5f024a1b,CASE-2090,CASE_CREATED,SYSTEM,SYSTEM,"Case initialized for FAILED_PAYMENT amount ₹4,999.00","{""amount_at_risk"": 4999.0, ""score"": 51, ""policy"": ""HUMAN""}",2026-08-28T05:16:04.278632
AUD-33c4bf17,CASE-2091,CASE_CREATED,SYSTEM,SYSTEM,"Case initialized for FAILED_PAYMENT amount ₹12,000.00","{""amount_at_risk"": 12000.0, ""score"": 54, ""policy"": ""HUMAN""}",2026-08-27T07:16:04.278632
AUD-a6e1b2d2,CASE-2092,CASE_CREATED,SYSTEM,SYSTEM,"Case initialized for FAILED_PAYMENT amount ₹2,499.00","{""amount_at_risk"": 2499.0, ""score"": 78, ""policy"": ""HUMAN""}",2026-08-28T06:16:04.278632
AUD-e40c977b,CASE-2093,CASE_CREATED,SYSTEM,SYSTEM,"Case initialized for FAILED_PAYMENT amount ₹4,999.00","{""amount_at_risk"": 4999.0, ""score"": 91, ""policy"": ""AUTO""}",2026-08-28T10:16:04.278632
AUD-52d86cda,CASE-2094,CASE_CREATED,SYSTEM,SYSTEM,"Case initialized for FAILED_PAYMENT amount ₹12,000.00","{""amount_at_risk"": 12000.0, ""score"": 52, ""policy"": ""HUMAN""}",2026-08-28T06:16:04.278632
AUD-1e08890f,CASE-2095,CASE_CREATED,SYSTEM,SYSTEM,"Case initialized for FAILED_PAYMENT amount ₹12,000.00","{""amount_at_risk"": 12000.0, ""score"": 55, ""policy"": ""HUMAN""}",2026-08-28T02:16:04.278632
AUD-5cdb28d3,CASE-2096,CASE_CREATED,SYSTEM,SYSTEM,"Case initialized for FAILED_PAYMENT amount ₹3,999.00","{""amount_at_risk"": 3999.0, ""score"": 80, ""policy"": ""AUTO""}",2026-08-26T20:16:04.278632
AUD-80a73d94,CASE-2097,CASE_CREATED,SYSTEM,SYSTEM,"Case initialized for FAILED_PAYMENT amount ₹2,499.00","{""amount_at_risk"": 2499.0, ""score"": 56, ""policy"": ""HUMAN""}",2026-08-26T13:16:04.278632
AUD-e37ff953,CASE-2098,CASE_CREATED,SYSTEM,SYSTEM,"Case initialized for FAILED_PAYMENT amount ₹7,500.00","{""amount_at_risk"": 7500.0, ""score"": 57, ""policy"": ""HUMAN""}",2026-08-28T12:16:04.278632
AUD-08bf39e2,CASE-2099,CASE_CREATED,SYSTEM,SYSTEM,"Case initialized for FAILED_PAYMENT amount ₹12,000.00","{""amount_at_risk"": 12000.0, ""score"": 58, ""policy"": ""HUMAN""}",2026-08-28T08:16:04.278632
AUD-00dfd8de,CASE-2100,CASE_CREATED,SYSTEM,SYSTEM,"Case initialized for FAILED_PAYMENT amount ₹7,500.00","{""amount_at_risk"": 7500.0, ""score"": 51, ""policy"": ""HUMAN""}",2026-08-27T16:16:04.283657
AUD-780a238e,CASE-2101,CASE_CREATED,SYSTEM,SYSTEM,"Case initialized for FAILED_PAYMENT amount ₹2,499.00","{""amount_at_risk"": 2499.0, ""score"": 74, ""policy"": ""HUMAN""}",2026-08-27T05:16:04.283657
AUD-b21594b7,CASE-2102,CASE_CREATED,SYSTEM,SYSTEM,"Case initialized for FAILED_PAYMENT amount ₹7,500.00","{""amount_at_risk"": 7500.0, ""score"": 85, ""policy"": ""HUMAN""}",2026-08-27T11:16:04.283657
AUD-d3d0e1ea,CASE-2103,CASE_CREATED,SYSTEM,SYSTEM,"Case initialized for FAILED_PAYMENT amount ₹7,500.00","{""amount_at_risk"": 7500.0, ""score"": 52, ""policy"": ""HUMAN""}",2026-08-26T21:16:04.283657
AUD-dbcd6d7f,CASE-2104,CASE_CREATED,SYSTEM,SYSTEM,"Case initialized for FAILED_PAYMENT amount ₹2,499.00","{""amount_at_risk"": 2499.0, ""score"": 88, ""policy"": ""AUTO""}",2026-08-28T04:16:04.283657
AUD-cee10226,CASE-2105,CASE_CREATED,SYSTEM,SYSTEM,"Case initialized for FAILED_PAYMENT amount ₹3,999.00","{""amount_at_risk"": 3999.0, ""score"": 52, ""policy"": ""HUMAN""}",2026-08-28T01:16:04.283657
AUD-ea3a8914,CASE-2106,CASE_CREATED,SYSTEM,SYSTEM,"Case initialized for FAILED_PAYMENT amount ₹3,999.00","{""amount_at_risk"": 3999.0, ""score"": 89, ""policy"": ""AUTO""}",2026-08-28T04:16:04.283657
AUD-f65c8226,CASE-2107,CASE_CREATED,SYSTEM,SYSTEM,"Case initialized for FAILED_PAYMENT amount ₹7,500.00","{""amount_at_risk"": 7500.0, ""score"": 69, ""policy"": ""HUMAN""}",2026-08-26T20:16:04.283657
AUD-a8e8c126,CASE-2108,CASE_CREATED,SYSTEM,SYSTEM,"Case initialized for FAILED_PAYMENT amount ₹7,500.00","{""amount_at_risk"": 7500.0, ""score"": 89, ""policy"": ""HUMAN""}",2026-08-27T18:16:04.285164
AUD-568b0d87,CASE-2109,CASE_CREATED,SYSTEM,SYSTEM,"Case initialized for FAILED_PAYMENT amount ₹2,499.00","{""amount_at_risk"": 2499.0, ""score"": 56, ""policy"": ""HUMAN""}",2026-08-28T09:16:04.285164
AUD-27c8d810,CASE-2110,CASE_CREATED,SYSTEM,SYSTEM,"Case initialized for FAILED_PAYMENT amount ₹3,999.00","{""amount_at_risk"": 3999.0, ""score"": 45, ""policy"": ""HUMAN""}",2026-08-27T12:16:04.285164
AUD-b27cb295,CASE-2111,CASE_CREATED,SYSTEM,SYSTEM,"Case initialized for FAILED_PAYMENT amount ₹7,500.00","{""amount_at_risk"": 7500.0, ""score"": 77, ""policy"": ""HUMAN""}",2026-08-27T05:16:04.285164
AUD-73b7716c,CASE-2112,CASE_CREATED,SYSTEM,SYSTEM,"Case initialized for FAILED_PAYMENT amount ₹4,999.00","{""amount_at_risk"": 4999.0, ""score"": 90, ""policy"": ""AUTO""}",2026-08-27T00:16:04.285164
AUD-410474a4,CASE-2113,CASE_CREATED,SYSTEM,SYSTEM,"Case initialized for FAILED_PAYMENT amount ₹1,499.00","{""amount_at_risk"": 1499.0, ""score"": 95, ""policy"": ""AUTO""}",2026-08-27T22:16:04.285164
AUD-52c97310,CASE-2114,CASE_CREATED,SYSTEM,SYSTEM,"Case initialized for FAILED_PAYMENT amount ₹7,500.00","{""amount_at_risk"": 7500.0, ""score"": 63, ""policy"": ""HUMAN""}",2026-08-26T13:16:04.285164
AUD-a504ea8c,CASE-2115,CASE_CREATED,SYSTEM,SYSTEM,"Case initialized for FAILED_PAYMENT amount ₹4,999.00","{""amount_at_risk"": 4999.0, ""score"": 80, ""policy"": ""AUTO""}",2026-08-27T02:16:04.285164
AUD-fc0493e6,CASE-2116,CASE_CREATED,SYSTEM,SYSTEM,"Case initialized for FAILED_PAYMENT amount ₹3,999.00","{""amount_at_risk"": 3999.0, ""score"": 79, ""policy"": ""HUMAN""}",2026-08-27T23:16:04.285164
AUD-6a7d37ac,CASE-2117,CASE_CREATED,SYSTEM,SYSTEM,"Case initialized for FAILED_PAYMENT amount ₹4,999.00","{""amount_at_risk"": 4999.0, ""score"": 51, ""policy"": ""HUMAN""}",2026-08-27T08:16:04.285164
AUD-d8b0652b,CASE-2118,CASE_CREATED,SYSTEM,SYSTEM,"Case initialized for FAILED_PAYMENT amount ₹3,999.00","{""amount_at_risk"": 3999.0, ""score"": 67, ""policy"": ""HUMAN""}",2026-08-27T21:16:04.285164
AUD-92a7ae24,CASE-2119,CASE_CREATED,SYSTEM,SYSTEM,"Case initialized for FAILED_PAYMENT amount ₹2,499.00","{""amount_at_risk"": 2499.0, ""score"": 92, ""policy"": ""AUTO""}",2026-08-26T21:16:04.285164
AUD-bbbc46da,CASE-2120,CASE_CREATED,SYSTEM,SYSTEM,"Case initialized for FAILED_PAYMENT amount ₹2,499.00","{""amount_at_risk"": 2499.0, ""score"": 95, ""policy"": ""AUTO""}",2026-08-27T14:16:04.285164
AUD-d6f7128a,CASE-2121,CASE_CREATED,SYSTEM,SYSTEM,"Case initialized for FAILED_PAYMENT amount ₹7,500.00","{""amount_at_risk"": 7500.0, ""score"": 62, ""policy"": ""HUMAN""}",2026-08-26T15:16:04.285164
AUD-4d6e4336,CASE-2122,CASE_CREATED,SYSTEM,SYSTEM,"Case initialized for FAILED_PAYMENT amount ₹3,999.00","{""amount_at_risk"": 3999.0, ""score"": 63, ""policy"": ""HUMAN""}",2026-08-26T17:16:04.285164
AUD-67eaf9a8,CASE-2123,CASE_CREATED,SYSTEM,SYSTEM,"Case initialized for FAILED_PAYMENT amount ₹1,499.00","{""amount_at_risk"": 1499.0, ""score"": 53, ""policy"": ""HUMAN""}",2026-08-26T19:16:04.285164
AUD-4471c513,CASE-2124,CASE_CREATED,SYSTEM,SYSTEM,"Case initialized for FAILED_PAYMENT amount ₹2,499.00","{""amount_at_risk"": 2499.0, ""score"": 89, ""policy"": ""AUTO""}",2026-08-27T16:16:04.287232
AUD-76993a2b,CASE-2125,CASE_CREATED,SYSTEM,SYSTEM,"Case initialized for FAILED_PAYMENT amount ₹2,499.00","{""amount_at_risk"": 2499.0, ""score"": 93, ""policy"": ""AUTO""}",2026-08-27T00:16:04.287232
AUD-435bdec3,CASE-2126,CASE_CREATED,SYSTEM,SYSTEM,"Case initialized for FAILED_PAYMENT amount ₹12,000.00","{""amount_at_risk"": 12000.0, ""score"": 62, ""policy"": ""HUMAN""}",2026-08-28T08:16:04.287232
AUD-eb61f433,CASE-2127,CASE_CREATED,SYSTEM,SYSTEM,"Case initialized for FAILED_PAYMENT amount ₹12,000.00","{""amount_at_risk"": 12000.0, ""score"": 95, ""policy"": ""HUMAN""}",2026-08-26T13:16:04.287232
AUD-141f6e6b,CASE-2128,CASE_CREATED,SYSTEM,SYSTEM,"Case initialized for FAILED_PAYMENT amount ₹3,999.00","{""amount_at_risk"": 3999.0, ""score"": 89, ""policy"": ""AUTO""}",2026-08-27T16:16:04.287232
AUD-2c552c7c,CASE-2129,CASE_CREATED,SYSTEM,SYSTEM,"Case initialized for FAILED_PAYMENT amount ₹7,500.00","{""amount_at_risk"": 7500.0, ""score"": 45, ""policy"": ""HUMAN""}",2026-08-26T18:16:04.287232
AUD-600347c8,CASE-2130,CASE_CREATED,SYSTEM,SYSTEM,"Case initialized for FAILED_PAYMENT amount ₹12,000.00","{""amount_at_risk"": 12000.0, ""score"": 67, ""policy"": ""HUMAN""}",2026-08-27T09:16:04.287232
AUD-75beae09,CASE-2131,CASE_CREATED,SYSTEM,SYSTEM,"Case initialized for FAILED_PAYMENT amount ₹2,499.00","{""amount_at_risk"": 2499.0, ""score"": 76, ""policy"": ""HUMAN""}",2026-08-27T15:16:04.287232
AUD-752091aa,CASE-2132,CASE_CREATED,SYSTEM,SYSTEM,"Case initialized for FAILED_PAYMENT amount ₹7,500.00","{""amount_at_risk"": 7500.0, ""score"": 81, ""policy"": ""HUMAN""}",2026-08-26T17:16:04.287232
AUD-ae427ddc,CASE-2133,CASE_CREATED,SYSTEM,SYSTEM,"Case initialized for FAILED_PAYMENT amount ₹1,499.00","{""amount_at_risk"": 1499.0, ""score"": 47, ""policy"": ""HUMAN""}",2026-08-28T05:16:04.287232
AUD-d4d613b4,CASE-2134,CASE_CREATED,SYSTEM,SYSTEM,"Case initialized for FAILED_PAYMENT amount ₹2,499.00","{""amount_at_risk"": 2499.0, ""score"": 73, ""policy"": ""HUMAN""}",2026-08-28T00:16:04.287232
AUD-b3775d67,CASE-2135,CASE_CREATED,SYSTEM,SYSTEM,"Case initialized for FAILED_PAYMENT amount ₹12,000.00","{""amount_at_risk"": 12000.0, ""score"": 53, ""policy"": ""HUMAN""}",2026-08-28T07:16:04.287232
AUD-eb230edb,CASE-2136,CASE_CREATED,SYSTEM,SYSTEM,"Case initialized for FAILED_PAYMENT amount ₹12,000.00","{""amount_at_risk"": 12000.0, ""score"": 68, ""policy"": ""HUMAN""}",2026-08-26T18:16:04.287232
AUD-ac6a4c33,CASE-2137,CASE_CREATED,SYSTEM,SYSTEM,"Case initialized for FAILED_PAYMENT amount ₹12,000.00","{""amount_at_risk"": 12000.0, ""score"": 55, ""policy"": ""HUMAN""}",2026-08-27T17:16:04.287232
AUD-03e80080,CASE-2138,CASE_CREATED,SYSTEM,SYSTEM,"Case initialized for FAILED_PAYMENT amount ₹12,000.00","{""amount_at_risk"": 12000.0, ""score"": 89, ""policy"": ""HUMAN""}",2026-08-28T07:16:04.287232
AUD-db69ed6a,CASE-2139,CASE_CREATED,SYSTEM,SYSTEM,"Case initialized for FAILED_PAYMENT amount ₹12,000.00","{""amount_at_risk"": 12000.0, ""score"": 51, ""policy"": ""HUMAN""}",2026-08-28T08:16:04.287232
AUD-886cd2a8,CASE-2140,CASE_CREATED,SYSTEM,SYSTEM,"Case initialized for FAILED_PAYMENT amount ₹2,499.00","{""amount_at_risk"": 2499.0, ""score"": 82, ""policy"": ""AUTO""}",2026-08-26T16:16:04.287232
AUD-607dbe5b,CASE-2141,CASE_CREATED,SYSTEM,SYSTEM,"Case initialized for FAILED_PAYMENT amount ₹3,999.00","{""amount_at_risk"": 3999.0, ""score"": 52, ""policy"": ""HUMAN""}",2026-08-28T08:16:04.287232
AUD-ef115ee9,CASE-2142,CASE_CREATED,SYSTEM,SYSTEM,"Case initialized for FAILED_PAYMENT amount ₹2,499.00","{""amount_at_risk"": 2499.0, ""score"": 69, ""policy"": ""HUMAN""}",2026-08-27T16:16:04.287232
AUD-b0700d45,CASE-2143,CASE_CREATED,SYSTEM,SYSTEM,"Case initialized for FAILED_PAYMENT amount ₹3,999.00","{""amount_at_risk"": 3999.0, ""score"": 64, ""policy"": ""HUMAN""}",2026-08-26T19:16:04.287232
AUD-f71aa349,CASE-2144,CASE_CREATED,SYSTEM,SYSTEM,"Case initialized for FAILED_PAYMENT amount ₹12,000.00","{""amount_at_risk"": 12000.0, ""score"": 54, ""policy"": ""HUMAN""}",2026-08-26T19:16:04.287232
AUD-859b3d65,CASE-2145,CASE_CREATED,SYSTEM,SYSTEM,"Case initialized for FAILED_PAYMENT amount ₹2,499.00","{""amount_at_risk"": 2499.0, ""score"": 73, ""policy"": ""HUMAN""}",2026-08-26T13:16:04.287232
AUD-6123c8f3,CASE-2146,CASE_CREATED,SYSTEM,SYSTEM,"Case initialized for FAILED_PAYMENT amount ₹2,499.00","{""amount_at_risk"": 2499.0, ""score"": 71, ""policy"": ""HUMAN""}",2026-08-28T06:16:04.287232
AUD-68ff585e,CASE-2147,CASE_CREATED,SYSTEM,SYSTEM,"Case initialized for FAILED_PAYMENT amount ₹2,499.00","{""amount_at_risk"": 2499.0, ""score"": 93, ""policy"": ""AUTO""}",2026-08-27T16:16:04.287232
AUD-da10e77f,CASE-2148,CASE_CREATED,SYSTEM,SYSTEM,"Case initialized for FAILED_PAYMENT amount ₹2,499.00","{""amount_at_risk"": 2499.0, ""score"": 60, ""policy"": ""HUMAN""}",2026-08-27T01:16:04.287232
AUD-0b81bddd,CASE-2149,CASE_CREATED,SYSTEM,SYSTEM,"Case initialized for FAILED_PAYMENT amount ₹7,500.00","{""amount_at_risk"": 7500.0, ""score"": 83, ""policy"": ""HUMAN""}",2026-08-27T17:16:04.287232
AUD-291d3946,CASE-2150,CASE_CREATED,SYSTEM,SYSTEM,"Case initialized for FAILED_PAYMENT amount ₹2,499.00","{""amount_at_risk"": 2499.0, ""score"": 78, ""policy"": ""HUMAN""}",2026-08-27T11:16:04.287232
AUD-a5dc9c33,CASE-2151,CASE_CREATED,SYSTEM,SYSTEM,"Case initialized for FAILED_PAYMENT amount ₹3,999.00","{""amount_at_risk"": 3999.0, ""score"": 86, ""policy"": ""AUTO""}",2026-08-28T05:16:04.287232
AUD-0b5f21c6,CASE-2152,CASE_CREATED,SYSTEM,SYSTEM,"Case initialized for FAILED_PAYMENT amount ₹2,499.00","{""amount_at_risk"": 2499.0, ""score"": 76, ""policy"": ""HUMAN""}",2026-08-27T16:16:04.287232
AUD-6b598a74,CASE-2153,CASE_CREATED,SYSTEM,SYSTEM,"Case initialized for FAILED_PAYMENT amount ₹2,499.00","{""amount_at_risk"": 2499.0, ""score"": 69, ""policy"": ""HUMAN""}",2026-08-27T02:16:04.287232
AUD-4e4796e8,CASE-2154,CASE_CREATED,SYSTEM,SYSTEM,"Case initialized for FAILED_PAYMENT amount ₹12,000.00","{""amount_at_risk"": 12000.0, ""score"": 56, ""policy"": ""HUMAN""}",2026-08-26T23:16:04.287232
AUD-5f5d90df,CASE-2155,CASE_CREATED,SYSTEM,SYSTEM,"Case initialized for FAILED_PAYMENT amount ₹1,499.00","{""amount_at_risk"": 1499.0, ""score"": 45, ""policy"": ""HUMAN""}",2026-08-28T09:16:04.287232
AUD-e248976f,CASE-2156,CASE_CREATED,SYSTEM,SYSTEM,"Case initialized for FAILED_PAYMENT amount ₹4,999.00","{""amount_at_risk"": 4999.0, ""score"": 77, ""policy"": ""HUMAN""}",2026-08-26T16:16:04.287232
AUD-856a7c9f,CASE-2157,CASE_CREATED,SYSTEM,SYSTEM,"Case initialized for FAILED_PAYMENT amount ₹4,999.00","{""amount_at_risk"": 4999.0, ""score"": 50, ""policy"": ""HUMAN""}",2026-08-28T07:16:04.287232
AUD-7cecaefe,CASE-2158,CASE_CREATED,SYSTEM,SYSTEM,"Case initialized for FAILED_PAYMENT amount ₹3,999.00","{""amount_at_risk"": 3999.0, ""score"": 50, ""policy"": ""HUMAN""}",2026-08-27T02:16:04.287232
AUD-a8555ad8,CASE-2159,CASE_CREATED,SYSTEM,SYSTEM,"Case initialized for FAILED_PAYMENT amount ₹3,999.00","{""amount_at_risk"": 3999.0, ""score"": 70, ""policy"": ""HUMAN""}",2026-08-27T09:16:04.287232
AUD-7689e29f,CASE-2160,CASE_CREATED,SYSTEM,SYSTEM,"Case initialized for FAILED_PAYMENT amount ₹12,000.00","{""amount_at_risk"": 12000.0, ""score"": 60, ""policy"": ""HUMAN""}",2026-08-27T09:16:04.287232
AUD-7a9f5d5c,CASE-2161,CASE_CREATED,SYSTEM,SYSTEM,"Case initialized for FAILED_PAYMENT amount ₹1,499.00","{""amount_at_risk"": 1499.0, ""score"": 74, ""policy"": ""HUMAN""}",2026-08-26T13:16:04.287232
AUD-77c45cdd,CASE-2162,CASE_CREATED,SYSTEM,SYSTEM,"Case initialized for FAILED_PAYMENT amount ₹12,000.00","{""amount_at_risk"": 12000.0, ""score"": 92, ""policy"": ""HUMAN""}",2026-08-26T15:16:04.287232
AUD-1120e095,CASE-2163,CASE_CREATED,SYSTEM,SYSTEM,"Case initialized for FAILED_PAYMENT amount ₹2,499.00","{""amount_at_risk"": 2499.0, ""score"": 89, ""policy"": ""AUTO""}",2026-08-27T03:16:04.287232
AUD-052f6225,CASE-2164,CASE_CREATED,SYSTEM,SYSTEM,"Case initialized for FAILED_PAYMENT amount ₹12,000.00","{""amount_at_risk"": 12000.0, ""score"": 61, ""policy"": ""HUMAN""}",2026-08-26T13:16:04.287232
AUD-68b95622,CASE-2165,CASE_CREATED,SYSTEM,SYSTEM,"Case initialized for FAILED_PAYMENT amount ₹3,999.00","{""amount_at_risk"": 3999.0, ""score"": 91, ""policy"": ""AUTO""}",2026-08-27T19:16:04.287232
AUD-90859f4f,CASE-2166,CASE_CREATED,SYSTEM,SYSTEM,"Case initialized for FAILED_PAYMENT amount ₹7,500.00","{""amount_at_risk"": 7500.0, ""score"": 49, ""policy"": ""HUMAN""}",2026-08-27T07:16:04.287232
AUD-f215e9e9,CASE-2167,CASE_CREATED,SYSTEM,SYSTEM,"Case initialized for FAILED_PAYMENT amount ₹7,500.00","{""amount_at_risk"": 7500.0, ""score"": 68, ""policy"": ""HUMAN""}",2026-08-28T02:16:04.287232
AUD-16701a38,CASE-2168,CASE_CREATED,SYSTEM,SYSTEM,"Case initialized for FAILED_PAYMENT amount ₹3,999.00","{""amount_at_risk"": 3999.0, ""score"": 55, ""policy"": ""HUMAN""}",2026-08-26T17:16:04.287232
AUD-70de8455,CASE-2169,CASE_CREATED,SYSTEM,SYSTEM,"Case initialized for FAILED_PAYMENT amount ₹12,000.00","{""amount_at_risk"": 12000.0, ""score"": 52, ""policy"": ""HUMAN""}",2026-08-28T12:16:04.287232
AUD-b867836e,CASE-2170,CASE_CREATED,SYSTEM,SYSTEM,"Case initialized for FAILED_PAYMENT amount ₹2,499.00","{""amount_at_risk"": 2499.0, ""score"": 47, ""policy"": ""HUMAN""}",2026-08-28T03:16:04.287232
AUD-3ca5e9cb,CASE-2171,CASE_CREATED,SYSTEM,SYSTEM,"Case initialized for FAILED_PAYMENT amount ₹2,499.00","{""amount_at_risk"": 2499.0, ""score"": 47, ""policy"": ""HUMAN""}",2026-08-27T16:16:04.287232
AUD-3f7ece19,CASE-2172,CASE_CREATED,SYSTEM,SYSTEM,"Case initialized for FAILED_PAYMENT amount ₹2,499.00","{""amount_at_risk"": 2499.0, ""score"": 71, ""policy"": ""HUMAN""}",2026-08-27T00:16:04.287232
AUD-08b1954d,CASE-2173,CASE_CREATED,SYSTEM,SYSTEM,"Case initialized for FAILED_PAYMENT amount ₹3,999.00","{""amount_at_risk"": 3999.0, ""score"": 52, ""policy"": ""HUMAN""}",2026-08-27T22:16:04.287232
AUD-4e9af38c,CASE-2174,CASE_CREATED,SYSTEM,SYSTEM,"Case initialized for FAILED_PAYMENT amount ₹7,500.00","{""amount_at_risk"": 7500.0, ""score"": 47, ""policy"": ""HUMAN""}",2026-08-27T18:16:04.287232
AUD-5a0a1f87,CASE-2175,CASE_CREATED,SYSTEM,SYSTEM,"Case initialized for FAILED_PAYMENT amount ₹3,999.00","{""amount_at_risk"": 3999.0, ""score"": 65, ""policy"": ""HUMAN""}",2026-08-27T13:16:04.295307
AUD-2bc62888,CASE-2176,CASE_CREATED,SYSTEM,SYSTEM,"Case initialized for FAILED_PAYMENT amount ₹2,499.00","{""amount_at_risk"": 2499.0, ""score"": 63, ""policy"": ""HUMAN""}",2026-08-26T21:16:04.295307
AUD-aeacfc47,CASE-2177,CASE_CREATED,SYSTEM,SYSTEM,"Case initialized for FAILED_PAYMENT amount ₹2,499.00","{""amount_at_risk"": 2499.0, ""score"": 74, ""policy"": ""HUMAN""}",2026-08-26T14:16:04.295307
AUD-d79eef5a,CASE-2178,CASE_CREATED,SYSTEM,SYSTEM,"Case initialized for FAILED_PAYMENT amount ₹7,500.00","{""amount_at_risk"": 7500.0, ""score"": 93, ""policy"": ""HUMAN""}",2026-08-27T10:16:04.295307
AUD-d2ae9cf9,CASE-2179,CASE_CREATED,SYSTEM,SYSTEM,"Case initialized for FAILED_PAYMENT amount ₹1,499.00","{""amount_at_risk"": 1499.0, ""score"": 59, ""policy"": ""HUMAN""}",2026-08-26T16:16:04.295307
AUD-330e8540,CASE-2180,CASE_CREATED,SYSTEM,SYSTEM,"Case initialized for FAILED_PAYMENT amount ₹1,499.00","{""amount_at_risk"": 1499.0, ""score"": 66, ""policy"": ""HUMAN""}",2026-08-26T14:16:04.295307
AUD-e4931117,CASE-2181,CASE_CREATED,SYSTEM,SYSTEM,"Case initialized for FAILED_PAYMENT amount ₹3,999.00","{""amount_at_risk"": 3999.0, ""score"": 51, ""policy"": ""HUMAN""}",2026-08-27T05:16:04.296427
AUD-4cfeb997,CASE-2182,CASE_CREATED,SYSTEM,SYSTEM,"Case initialized for FAILED_PAYMENT amount ₹1,499.00","{""amount_at_risk"": 1499.0, ""score"": 54, ""policy"": ""HUMAN""}",2026-08-27T22:16:04.296427
AUD-49a537e6,CASE-2183,CASE_CREATED,SYSTEM,SYSTEM,"Case initialized for FAILED_PAYMENT amount ₹7,500.00","{""amount_at_risk"": 7500.0, ""score"": 71, ""policy"": ""HUMAN""}",2026-08-28T07:16:04.296427
AUD-8555361f,CASE-2184,CASE_CREATED,SYSTEM,SYSTEM,"Case initialized for FAILED_PAYMENT amount ₹7,500.00","{""amount_at_risk"": 7500.0, ""score"": 51, ""policy"": ""HUMAN""}",2026-08-27T11:16:04.296427
AUD-5299cfaa,CASE-2185,CASE_CREATED,SYSTEM,SYSTEM,"Case initialized for FAILED_PAYMENT amount ₹1,499.00","{""amount_at_risk"": 1499.0, ""score"": 82, ""policy"": ""AUTO""}",2026-08-27T18:16:04.296427
AUD-3241a060,CASE-2186,CASE_CREATED,SYSTEM,SYSTEM,"Case initialized for FAILED_PAYMENT amount ₹3,999.00","{""amount_at_risk"": 3999.0, ""score"": 65, ""policy"": ""HUMAN""}",2026-08-27T08:16:04.296427
AUD-a55326d1,CASE-2187,CASE_CREATED,SYSTEM,SYSTEM,"Case initialized for FAILED_PAYMENT amount ₹3,999.00","{""amount_at_risk"": 3999.0, ""score"": 59, ""policy"": ""HUMAN""}",2026-08-26T23:16:04.296427
AUD-6f4aeb81,CASE-2188,CASE_CREATED,SYSTEM,SYSTEM,"Case initialized for FAILED_PAYMENT amount ₹1,499.00","{""amount_at_risk"": 1499.0, ""score"": 54, ""policy"": ""HUMAN""}",2026-08-27T07:16:04.296427
AUD-ed6cec96,CASE-2189,CASE_CREATED,SYSTEM,SYSTEM,"Case initialized for FAILED_PAYMENT amount ₹3,999.00","{""amount_at_risk"": 3999.0, ""score"": 71, ""policy"": ""HUMAN""}",2026-08-27T08:16:04.296427
AUD-b27784bb,CASE-2190,CASE_CREATED,SYSTEM,SYSTEM,"Case initialized for FAILED_PAYMENT amount ₹3,999.00","{""amount_at_risk"": 3999.0, ""score"": 74, ""policy"": ""HUMAN""}",2026-08-28T02:16:04.296427
AUD-36f8a5e3,CASE-2191,CASE_CREATED,SYSTEM,SYSTEM,"Case initialized for FAILED_PAYMENT amount ₹12,000.00","{""amount_at_risk"": 12000.0, ""score"": 64, ""policy"": ""HUMAN""}",2026-08-28T03:16:04.296427
AUD-4a33f39f,CASE-2192,CASE_CREATED,SYSTEM,SYSTEM,"Case initialized for FAILED_PAYMENT amount ₹1,499.00","{""amount_at_risk"": 1499.0, ""score"": 90, ""policy"": ""AUTO""}",2026-08-28T09:16:04.296427
AUD-1368432d,CASE-2193,CASE_CREATED,SYSTEM,SYSTEM,"Case initialized for FAILED_PAYMENT amount ₹12,000.00","{""amount_at_risk"": 12000.0, ""score"": 64, ""policy"": ""HUMAN""}",2026-08-27T11:16:04.298440
AUD-e2ff266b,CASE-2194,CASE_CREATED,SYSTEM,SYSTEM,"Case initialized for FAILED_PAYMENT amount ₹4,999.00","{""amount_at_risk"": 4999.0, ""score"": 80, ""policy"": ""AUTO""}",2026-08-28T06:16:04.298440
AUD-92df38f1,CASE-2195,CASE_CREATED,SYSTEM,SYSTEM,"Case initialized for FAILED_PAYMENT amount ₹2,499.00","{""amount_at_risk"": 2499.0, ""score"": 52, ""policy"": ""HUMAN""}",2026-08-28T04:16:04.298440
AUD-0fbc1727,CASE-2196,CASE_CREATED,SYSTEM,SYSTEM,"Case initialized for FAILED_PAYMENT amount ₹2,499.00","{""amount_at_risk"": 2499.0, ""score"": 70, ""policy"": ""HUMAN""}",2026-08-26T23:16:04.298440
AUD-e0c6e6a1,CASE-2197,CASE_CREATED,SYSTEM,SYSTEM,"Case initialized for FAILED_PAYMENT amount ₹3,999.00","{""amount_at_risk"": 3999.0, ""score"": 49, ""policy"": ""HUMAN""}",2026-08-26T19:16:04.298440
AUD-9f8fbe16,CASE-2198,CASE_CREATED,SYSTEM,SYSTEM,"Case initialized for FAILED_PAYMENT amount ₹4,999.00","{""amount_at_risk"": 4999.0, ""score"": 53, ""policy"": ""HUMAN""}",2026-08-28T10:16:04.298440
AUD-0018ad17,CASE-2199,CASE_CREATED,SYSTEM,SYSTEM,"Case initialized for FAILED_PAYMENT amount ₹4,999.00","{""amount_at_risk"": 4999.0, ""score"": 48, ""policy"": ""HUMAN""}",2026-08-27T11:16:04.299480
AUD-07708eea,CASE-2200,CASE_CREATED,SYSTEM,SYSTEM,"Case initialized for FAILED_PAYMENT amount ₹4,999.00","{""amount_at_risk"": 4999.0, ""score"": 46, ""policy"": ""HUMAN""}",2026-08-27T14:16:04.299480
AUD-8d4bb259,CASE-2201,CASE_CREATED,SYSTEM,SYSTEM,"Case initialized for FAILED_PAYMENT amount ₹2,499.00","{""amount_at_risk"": 2499.0, ""score"": 56, ""policy"": ""HUMAN""}",2026-08-28T03:16:04.299480
AUD-2e2bce70,CASE-2202,CASE_CREATED,SYSTEM,SYSTEM,"Case initialized for FAILED_PAYMENT amount ₹1,499.00","{""amount_at_risk"": 1499.0, ""score"": 84, ""policy"": ""AUTO""}",2026-08-27T10:16:04.300382
AUD-252ae1be,CASE-2203,CASE_CREATED,SYSTEM,SYSTEM,"Case initialized for FAILED_PAYMENT amount ₹7,500.00","{""amount_at_risk"": 7500.0, ""score"": 75, ""policy"": ""HUMAN""}",2026-08-27T12:16:04.300382
AUD-491110ea,CASE-2204,CASE_CREATED,SYSTEM,SYSTEM,"Case initialized for FAILED_PAYMENT amount ₹2,499.00","{""amount_at_risk"": 2499.0, ""score"": 71, ""policy"": ""HUMAN""}",2026-08-27T02:16:04.300951
AUD-674d06cd,CASE-2205,CASE_CREATED,SYSTEM,SYSTEM,"Case initialized for FAILED_PAYMENT amount ₹1,499.00","{""amount_at_risk"": 1499.0, ""score"": 69, ""policy"": ""HUMAN""}",2026-08-27T05:16:04.300951
AUD-eacc82ed,CASE-2206,CASE_CREATED,SYSTEM,SYSTEM,"Case initialized for FAILED_PAYMENT amount ₹3,999.00","{""amount_at_risk"": 3999.0, ""score"": 81, ""policy"": ""AUTO""}",2026-08-28T11:16:04.301483
AUD-c1ad6679,CASE-2207,CASE_CREATED,SYSTEM,SYSTEM,"Case initialized for FAILED_PAYMENT amount ₹3,999.00","{""amount_at_risk"": 3999.0, ""score"": 83, ""policy"": ""AUTO""}",2026-08-27T03:16:04.301483
AUD-16b39f9e,CASE-2208,CASE_CREATED,SYSTEM,SYSTEM,"Case initialized for FAILED_PAYMENT amount ₹3,999.00","{""amount_at_risk"": 3999.0, ""score"": 94, ""policy"": ""AUTO""}",2026-08-27T21:16:04.301483
AUD-0ae19a74,CASE-2209,CASE_CREATED,SYSTEM,SYSTEM,"Case initialized for FAILED_PAYMENT amount ₹12,000.00","{""amount_at_risk"": 12000.0, ""score"": 60, ""policy"": ""HUMAN""}",2026-08-27T00:16:04.301483
AUD-e8c4e9d4,CASE-2210,CASE_CREATED,SYSTEM,SYSTEM,"Case initialized for FAILED_PAYMENT amount ₹4,999.00","{""amount_at_risk"": 4999.0, ""score"": 67, ""policy"": ""HUMAN""}",2026-08-26T23:16:04.301483
AUD-9605b662,CASE-2211,CASE_CREATED,SYSTEM,SYSTEM,"Case initialized for FAILED_PAYMENT amount ₹3,999.00","{""amount_at_risk"": 3999.0, ""score"": 92, ""policy"": ""AUTO""}",2026-08-27T00:16:04.302136
AUD-6f05797f,CASE-2212,CASE_CREATED,SYSTEM,SYSTEM,"Case initialized for FAILED_PAYMENT amount ₹2,499.00","{""amount_at_risk"": 2499.0, ""score"": 81, ""policy"": ""AUTO""}",2026-08-27T05:16:04.302136
AUD-6ad8a951,CASE-2213,CASE_CREATED,SYSTEM,SYSTEM,"Case initialized for FAILED_PAYMENT amount ₹1,499.00","{""amount_at_risk"": 1499.0, ""score"": 50, ""policy"": ""HUMAN""}",2026-08-27T22:16:04.302136
AUD-0b5a9760,CASE-2214,CASE_CREATED,SYSTEM,SYSTEM,"Case initialized for FAILED_PAYMENT amount ₹1,499.00","{""amount_at_risk"": 1499.0, ""score"": 78, ""policy"": ""HUMAN""}",2026-08-26T21:16:04.302136
AUD-eeaa1c7c,CASE-2215,CASE_CREATED,SYSTEM,SYSTEM,"Case initialized for FAILED_PAYMENT amount ₹2,499.00","{""amount_at_risk"": 2499.0, ""score"": 53, ""policy"": ""HUMAN""}",2026-08-28T09:16:04.302735
AUD-0ee8090d,CASE-2216,CASE_CREATED,SYSTEM,SYSTEM,"Case initialized for FAILED_PAYMENT amount ₹1,499.00","{""amount_at_risk"": 1499.0, ""score"": 54, ""policy"": ""HUMAN""}",2026-08-27T13:16:04.302735
AUD-2c5d63a1,CASE-2217,CASE_CREATED,SYSTEM,SYSTEM,"Case initialized for FAILED_PAYMENT amount ₹1,499.00","{""amount_at_risk"": 1499.0, ""score"": 68, ""policy"": ""HUMAN""}",2026-08-27T17:16:04.302735
AUD-f091d2e7,CASE-2218,CASE_CREATED,SYSTEM,SYSTEM,"Case initialized for FAILED_PAYMENT amount ₹3,999.00","{""amount_at_risk"": 3999.0, ""score"": 53, ""policy"": ""HUMAN""}",2026-08-27T05:16:04.303288
AUD-c5b54fd3,CASE-2219,CASE_CREATED,SYSTEM,SYSTEM,"Case initialized for FAILED_PAYMENT amount ₹12,000.00","{""amount_at_risk"": 12000.0, ""score"": 65, ""policy"": ""HUMAN""}",2026-08-26T18:16:04.303288
AUD-2212cce7,CASE-2220,CASE_CREATED,SYSTEM,SYSTEM,"Case initialized for FAILED_PAYMENT amount ₹7,500.00","{""amount_at_risk"": 7500.0, ""score"": 56, ""policy"": ""HUMAN""}",2026-08-26T16:16:04.303981
AUD-8bf99571,CASE-2221,CASE_CREATED,SYSTEM,SYSTEM,"Case initialized for FAILED_PAYMENT amount ₹3,999.00","{""amount_at_risk"": 3999.0, ""score"": 53, ""policy"": ""HUMAN""}",2026-08-27T00:16:04.303981
AUD-60ea633c,CASE-2222,CASE_CREATED,SYSTEM,SYSTEM,"Case initialized for FAILED_PAYMENT amount ₹4,999.00","{""amount_at_risk"": 4999.0, ""score"": 94, ""policy"": ""AUTO""}",2026-08-27T16:16:04.304551
AUD-f4905b75,CASE-2223,CASE_CREATED,SYSTEM,SYSTEM,"Case initialized for FAILED_PAYMENT amount ₹7,500.00","{""amount_at_risk"": 7500.0, ""score"": 59, ""policy"": ""HUMAN""}",2026-08-28T03:16:04.304551
AUD-1cb42c44,CASE-2224,CASE_CREATED,SYSTEM,SYSTEM,"Case initialized for FAILED_PAYMENT amount ₹3,999.00","{""amount_at_risk"": 3999.0, ""score"": 92, ""policy"": ""AUTO""}",2026-08-26T20:16:04.305081
AUD-e35f8b18,CASE-2225,CASE_CREATED,SYSTEM,SYSTEM,"Case initialized for FAILED_PAYMENT amount ₹1,499.00","{""amount_at_risk"": 1499.0, ""score"": 90, ""policy"": ""AUTO""}",2026-08-27T20:16:04.305081
AUD-1e3a3245,CASE-2226,CASE_CREATED,SYSTEM,SYSTEM,"Case initialized for FAILED_PAYMENT amount ₹2,499.00","{""amount_at_risk"": 2499.0, ""score"": 60, ""policy"": ""HUMAN""}",2026-08-28T06:16:04.305081
AUD-ef68c725,CASE-2227,CASE_CREATED,SYSTEM,SYSTEM,"Case initialized for FAILED_PAYMENT amount ₹12,000.00","{""amount_at_risk"": 12000.0, ""score"": 45, ""policy"": ""HUMAN""}",2026-08-26T14:16:04.305616
AUD-6097db44,CASE-2228,CASE_CREATED,SYSTEM,SYSTEM,"Case initialized for FAILED_PAYMENT amount ₹4,999.00","{""amount_at_risk"": 4999.0, ""score"": 55, ""policy"": ""HUMAN""}",2026-08-27T14:16:04.305616
AUD-1bbf1882,CASE-2229,CASE_CREATED,SYSTEM,SYSTEM,"Case initialized for FAILED_PAYMENT amount ₹7,500.00","{""amount_at_risk"": 7500.0, ""score"": 69, ""policy"": ""HUMAN""}",2026-08-26T19:16:04.305616
AUD-f578b955,CASE-2230,CASE_CREATED,SYSTEM,SYSTEM,"Case initialized for FAILED_PAYMENT amount ₹12,000.00","{""amount_at_risk"": 12000.0, ""score"": 59, ""policy"": ""HUMAN""}",2026-08-28T10:16:04.305616
AUD-b1b6b2fb,CASE-2231,CASE_CREATED,SYSTEM,SYSTEM,"Case initialized for FAILED_PAYMENT amount ₹3,999.00","{""amount_at_risk"": 3999.0, ""score"": 46, ""policy"": ""HUMAN""}",2026-08-28T08:16:04.306195
AUD-3e5142fe,CASE-2232,CASE_CREATED,SYSTEM,SYSTEM,"Case initialized for FAILED_PAYMENT amount ₹3,999.00","{""amount_at_risk"": 3999.0, ""score"": 55, ""policy"": ""HUMAN""}",2026-08-28T08:16:04.306195
AUD-487d63cf,CASE-2233,CASE_CREATED,SYSTEM,SYSTEM,"Case initialized for FAILED_PAYMENT amount ₹7,500.00","{""amount_at_risk"": 7500.0, ""score"": 50, ""policy"": ""HUMAN""}",2026-08-28T11:16:04.306195
AUD-aae0d24c,CASE-2234,CASE_CREATED,SYSTEM,SYSTEM,"Case initialized for FAILED_PAYMENT amount ₹4,999.00","{""amount_at_risk"": 4999.0, ""score"": 86, ""policy"": ""AUTO""}",2026-08-28T06:16:04.306195
AUD-2822f2e5,CASE-2235,CASE_CREATED,SYSTEM,SYSTEM,"Case initialized for FAILED_PAYMENT amount ₹3,999.00","{""amount_at_risk"": 3999.0, ""score"": 58, ""policy"": ""HUMAN""}",2026-08-27T01:16:04.306807
AUD-6dc02f86,CASE-2236,CASE_CREATED,SYSTEM,SYSTEM,"Case initialized for FAILED_PAYMENT amount ₹12,000.00","{""amount_at_risk"": 12000.0, ""score"": 91, ""policy"": ""HUMAN""}",2026-08-27T18:16:04.306807
AUD-5958c3c2,CASE-2237,CASE_CREATED,SYSTEM,SYSTEM,"Case initialized for FAILED_PAYMENT amount ₹3,999.00","{""amount_at_risk"": 3999.0, ""score"": 60, ""policy"": ""HUMAN""}",2026-08-27T00:16:04.306807
AUD-6fd7aaed,CASE-2238,CASE_CREATED,SYSTEM,SYSTEM,"Case initialized for FAILED_PAYMENT amount ₹7,500.00","{""amount_at_risk"": 7500.0, ""score"": 76, ""policy"": ""HUMAN""}",2026-08-28T12:16:04.306807
AUD-7717a70a,CASE-2239,CASE_CREATED,SYSTEM,SYSTEM,"Case initialized for FAILED_PAYMENT amount ₹4,999.00","{""amount_at_risk"": 4999.0, ""score"": 50, ""policy"": ""HUMAN""}",2026-08-28T06:16:04.307426
AUD-c007294a,CASE-2240,CASE_CREATED,SYSTEM,SYSTEM,"Case initialized for FAILED_PAYMENT amount ₹1,499.00","{""amount_at_risk"": 1499.0, ""score"": 58, ""policy"": ""HUMAN""}",2026-08-27T06:16:04.307426
AUD-540c3bf4,CASE-2241,CASE_CREATED,SYSTEM,SYSTEM,"Case initialized for FAILED_PAYMENT amount ₹1,499.00","{""amount_at_risk"": 1499.0, ""score"": 64, ""policy"": ""HUMAN""}",2026-08-26T18:16:04.307426
AUD-43a871e9,CASE-2242,CASE_CREATED,SYSTEM,SYSTEM,"Case initialized for FAILED_PAYMENT amount ₹3,999.00","{""amount_at_risk"": 3999.0, ""score"": 50, ""policy"": ""HUMAN""}",2026-08-27T13:16:04.307426
AUD-760f0cb4,CASE-2243,CASE_CREATED,SYSTEM,SYSTEM,"Case initialized for FAILED_PAYMENT amount ₹4,999.00","{""amount_at_risk"": 4999.0, ""score"": 68, ""policy"": ""HUMAN""}",2026-08-27T20:16:04.307426
AUD-55115e6e,CASE-2244,CASE_CREATED,SYSTEM,SYSTEM,"Case initialized for FAILED_PAYMENT amount ₹4,999.00","{""amount_at_risk"": 4999.0, ""score"": 74, ""policy"": ""HUMAN""}",2026-08-27T00:16:04.307426
AUD-c9d81798,CASE-2245,CASE_CREATED,SYSTEM,SYSTEM,"Case initialized for FAILED_PAYMENT amount ₹1,499.00","{""amount_at_risk"": 1499.0, ""score"": 54, ""policy"": ""HUMAN""}",2026-08-27T14:16:04.307426
AUD-a3990867,CASE-2246,CASE_CREATED,SYSTEM,SYSTEM,"Case initialized for FAILED_PAYMENT amount ₹7,500.00","{""amount_at_risk"": 7500.0, ""score"": 71, ""policy"": ""HUMAN""}",2026-08-27T03:16:04.307426
AUD-8253ec44,CASE-2247,CASE_CREATED,SYSTEM,SYSTEM,"Case initialized for FAILED_PAYMENT amount ₹4,999.00","{""amount_at_risk"": 4999.0, ""score"": 79, ""policy"": ""HUMAN""}",2026-08-27T17:16:04.307426
AUD-da31bf8d,CASE-2248,CASE_CREATED,SYSTEM,SYSTEM,"Case initialized for FAILED_PAYMENT amount ₹1,499.00","{""amount_at_risk"": 1499.0, ""score"": 70, ""policy"": ""HUMAN""}",2026-08-27T08:16:04.307426
AUD-217534bf,CASE-2249,CASE_CREATED,SYSTEM,SYSTEM,"Case initialized for FAILED_PAYMENT amount ₹2,499.00","{""amount_at_risk"": 2499.0, ""score"": 55, ""policy"": ""HUMAN""}",2026-08-28T10:16:04.307426
AUD-cc030252,CASE-2250,CASE_CREATED,SYSTEM,SYSTEM,"Case initialized for FAILED_PAYMENT amount ₹4,999.00","{""amount_at_risk"": 4999.0, ""score"": 50, ""policy"": ""HUMAN""}",2026-08-28T03:16:04.307426
AUD-1178ff58,CASE-2251,CASE_CREATED,SYSTEM,SYSTEM,"Case initialized for FAILED_PAYMENT amount ₹7,500.00","{""amount_at_risk"": 7500.0, ""score"": 61, ""policy"": ""HUMAN""}",2026-08-27T12:16:04.307426
AUD-1d213233,CASE-2252,CASE_CREATED,SYSTEM,SYSTEM,"Case initialized for FAILED_PAYMENT amount ₹7,500.00","{""amount_at_risk"": 7500.0, ""score"": 70, ""policy"": ""HUMAN""}",2026-08-27T03:16:04.307426
AUD-21731473,CASE-2253,CASE_CREATED,SYSTEM,SYSTEM,"Case initialized for FAILED_PAYMENT amount ₹4,999.00","{""amount_at_risk"": 4999.0, ""score"": 45, ""policy"": ""HUMAN""}",2026-08-27T10:16:04.307426
AUD-bee9c529,CASE-2254,CASE_CREATED,SYSTEM,SYSTEM,"Case initialized for FAILED_PAYMENT amount ₹2,499.00","{""amount_at_risk"": 2499.0, ""score"": 54, ""policy"": ""HUMAN""}",2026-08-27T00:16:04.307426
AUD-5a7a90a8,CASE-2255,CASE_CREATED,SYSTEM,SYSTEM,"Case initialized for FAILED_PAYMENT amount ₹1,499.00","{""amount_at_risk"": 1499.0, ""score"": 95, ""policy"": ""AUTO""}",2026-08-27T20:16:04.307426
AUD-037c4151,CASE-2256,CASE_CREATED,SYSTEM,SYSTEM,"Case initialized for FAILED_PAYMENT amount ₹4,999.00","{""amount_at_risk"": 4999.0, ""score"": 86, ""policy"": ""AUTO""}",2026-08-27T19:16:04.307426
AUD-f0a4523a,CASE-2257,CASE_CREATED,SYSTEM,SYSTEM,"Case initialized for FAILED_PAYMENT amount ₹4,999.00","{""amount_at_risk"": 4999.0, ""score"": 54, ""policy"": ""HUMAN""}",2026-08-27T15:16:04.307426
AUD-a3de81f1,CASE-2258,CASE_CREATED,SYSTEM,SYSTEM,"Case initialized for FAILED_PAYMENT amount ₹12,000.00","{""amount_at_risk"": 12000.0, ""score"": 60, ""policy"": ""HUMAN""}",2026-08-27T13:16:04.307426
AUD-b060d0fd,CASE-2259,CASE_CREATED,SYSTEM,SYSTEM,"Case initialized for FAILED_PAYMENT amount ₹1,499.00","{""amount_at_risk"": 1499.0, ""score"": 66, ""policy"": ""HUMAN""}",2026-08-27T05:16:04.307426
AUD-668e2f2c,CASE-2260,CASE_CREATED,SYSTEM,SYSTEM,"Case initialized for FAILED_PAYMENT amount ₹12,000.00","{""amount_at_risk"": 12000.0, ""score"": 88, ""policy"": ""HUMAN""}",2026-08-27T17:16:04.307426
AUD-e128b0e4,CASE-2261,CASE_CREATED,SYSTEM,SYSTEM,"Case initialized for FAILED_PAYMENT amount ₹12,000.00","{""amount_at_risk"": 12000.0, ""score"": 73, ""policy"": ""HUMAN""}",2026-08-27T10:16:04.307426
AUD-17be0e00,CASE-2262,CASE_CREATED,SYSTEM,SYSTEM,"Case initialized for FAILED_PAYMENT amount ₹7,500.00","{""amount_at_risk"": 7500.0, ""score"": 86, ""policy"": ""HUMAN""}",2026-08-27T23:16:04.307426
AUD-65eca304,CASE-2263,CASE_CREATED,SYSTEM,SYSTEM,"Case initialized for FAILED_PAYMENT amount ₹4,999.00","{""amount_at_risk"": 4999.0, ""score"": 92, ""policy"": ""AUTO""}",2026-08-27T04:16:04.307426
AUD-bbfd357a,CASE-2264,CASE_CREATED,SYSTEM,SYSTEM,"Case initialized for FAILED_PAYMENT amount ₹2,499.00","{""amount_at_risk"": 2499.0, ""score"": 49, ""policy"": ""HUMAN""}",2026-08-27T03:16:04.307426
AUD-4116b279,CASE-2265,CASE_CREATED,SYSTEM,SYSTEM,"Case initialized for FAILED_PAYMENT amount ₹7,500.00","{""amount_at_risk"": 7500.0, ""score"": 46, ""policy"": ""HUMAN""}",2026-08-28T09:16:04.307426
AUD-d5334147,CASE-2266,CASE_CREATED,SYSTEM,SYSTEM,"Case initialized for FAILED_PAYMENT amount ₹2,499.00","{""amount_at_risk"": 2499.0, ""score"": 47, ""policy"": ""HUMAN""}",2026-08-26T15:16:04.307426
AUD-b657fc1d,CASE-2267,CASE_CREATED,SYSTEM,SYSTEM,"Case initialized for FAILED_PAYMENT amount ₹2,499.00","{""amount_at_risk"": 2499.0, ""score"": 62, ""policy"": ""HUMAN""}",2026-08-27T11:16:04.307426
AUD-83b255a1,CASE-2268,CASE_CREATED,SYSTEM,SYSTEM,"Case initialized for FAILED_PAYMENT amount ₹12,000.00","{""amount_at_risk"": 12000.0, ""score"": 52, ""policy"": ""HUMAN""}",2026-08-27T05:16:04.307426
AUD-d3d8d4fb,CASE-2269,CASE_CREATED,SYSTEM,SYSTEM,"Case initialized for FAILED_PAYMENT amount ₹7,500.00","{""amount_at_risk"": 7500.0, ""score"": 73, ""policy"": ""HUMAN""}",2026-08-27T01:16:04.307426
AUD-833e9072,CASE-2270,CASE_CREATED,SYSTEM,SYSTEM,"Case initialized for FAILED_PAYMENT amount ₹3,999.00","{""amount_at_risk"": 3999.0, ""score"": 67, ""policy"": ""HUMAN""}",2026-08-26T16:16:04.307426
AUD-1d882f9d,CASE-2271,CASE_CREATED,SYSTEM,SYSTEM,"Case initialized for FAILED_PAYMENT amount ₹1,499.00","{""amount_at_risk"": 1499.0, ""score"": 63, ""policy"": ""HUMAN""}",2026-08-28T02:16:04.307426
AUD-07fb5503,CASE-2272,CASE_CREATED,SYSTEM,SYSTEM,"Case initialized for FAILED_PAYMENT amount ₹7,500.00","{""amount_at_risk"": 7500.0, ""score"": 94, ""policy"": ""HUMAN""}",2026-08-27T22:16:04.307426
AUD-d5f735fa,CASE-2273,CASE_CREATED,SYSTEM,SYSTEM,"Case initialized for FAILED_PAYMENT amount ₹12,000.00","{""amount_at_risk"": 12000.0, ""score"": 58, ""policy"": ""HUMAN""}",2026-08-28T11:16:04.314887
AUD-0ca50028,CASE-2274,CASE_CREATED,SYSTEM,SYSTEM,"Case initialized for FAILED_PAYMENT amount ₹12,000.00","{""amount_at_risk"": 12000.0, ""score"": 45, ""policy"": ""HUMAN""}",2026-08-28T01:16:04.314887
AUD-7ffcae02,CASE-2275,CASE_CREATED,SYSTEM,SYSTEM,"Case initialized for FAILED_PAYMENT amount ₹7,500.00","{""amount_at_risk"": 7500.0, ""score"": 45, ""policy"": ""HUMAN""}",2026-08-27T17:16:04.315660
AUD-b858e4a6,CASE-2276,CASE_CREATED,SYSTEM,SYSTEM,"Case initialized for FAILED_PAYMENT amount ₹12,000.00","{""amount_at_risk"": 12000.0, ""score"": 90, ""policy"": ""HUMAN""}",2026-08-27T14:16:04.315660
AUD-1b976d7e,CASE-2277,CASE_CREATED,SYSTEM,SYSTEM,"Case initialized for FAILED_PAYMENT amount ₹4,999.00","{""amount_at_risk"": 4999.0, ""score"": 61, ""policy"": ""HUMAN""}",2026-08-26T17:16:04.316566
AUD-943fb2d7,CASE-2278,CASE_CREATED,SYSTEM,SYSTEM,"Case initialized for FAILED_PAYMENT amount ₹7,500.00","{""amount_at_risk"": 7500.0, ""score"": 84, ""policy"": ""HUMAN""}",2026-08-27T04:16:04.316566
AUD-cb4a0f7f,CASE-2279,CASE_CREATED,SYSTEM,SYSTEM,"Case initialized for FAILED_PAYMENT amount ₹12,000.00","{""amount_at_risk"": 12000.0, ""score"": 68, ""policy"": ""HUMAN""}",2026-08-26T17:16:04.316566
AUD-5d722fce,CASE-2280,CASE_CREATED,SYSTEM,SYSTEM,"Case initialized for FAILED_PAYMENT amount ₹1,499.00","{""amount_at_risk"": 1499.0, ""score"": 75, ""policy"": ""HUMAN""}",2026-08-26T20:16:04.316566
AUD-00f6dd94,CASE-2281,CASE_CREATED,SYSTEM,SYSTEM,"Case initialized for FAILED_PAYMENT amount ₹3,999.00","{""amount_at_risk"": 3999.0, ""score"": 62, ""policy"": ""HUMAN""}",2026-08-28T03:16:04.316566
AUD-5cd14a26,CASE-2282,CASE_CREATED,SYSTEM,SYSTEM,"Case initialized for FAILED_PAYMENT amount ₹7,500.00","{""amount_at_risk"": 7500.0, ""score"": 93, ""policy"": ""HUMAN""}",2026-08-27T11:16:04.316566
AUD-ee804d4a,CASE-2283,CASE_CREATED,SYSTEM,SYSTEM,"Case initialized for FAILED_PAYMENT amount ₹12,000.00","{""amount_at_risk"": 12000.0, ""score"": 65, ""policy"": ""HUMAN""}",2026-08-27T05:16:04.318577
AUD-66c0c74a,CASE-2284,CASE_CREATED,SYSTEM,SYSTEM,"Case initialized for FAILED_PAYMENT amount ₹3,999.00","{""amount_at_risk"": 3999.0, ""score"": 61, ""policy"": ""HUMAN""}",2026-08-26T13:16:04.318577
AUD-774399ae,CASE-2285,CASE_CREATED,SYSTEM,SYSTEM,"Case initialized for FAILED_PAYMENT amount ₹1,499.00","{""amount_at_risk"": 1499.0, ""score"": 82, ""policy"": ""AUTO""}",2026-08-26T14:16:04.318577
AUD-fd72d795,CASE-2286,CASE_CREATED,SYSTEM,SYSTEM,"Case initialized for FAILED_PAYMENT amount ₹12,000.00","{""amount_at_risk"": 12000.0, ""score"": 59, ""policy"": ""HUMAN""}",2026-08-27T14:16:04.318577
AUD-9a25f44c,CASE-2287,CASE_CREATED,SYSTEM,SYSTEM,"Case initialized for FAILED_PAYMENT amount ₹7,500.00","{""amount_at_risk"": 7500.0, ""score"": 64, ""policy"": ""HUMAN""}",2026-08-28T06:16:04.318577
AUD-acfc0e94,CASE-2288,CASE_CREATED,SYSTEM,SYSTEM,"Case initialized for FAILED_PAYMENT amount ₹4,999.00","{""amount_at_risk"": 4999.0, ""score"": 53, ""policy"": ""HUMAN""}",2026-08-27T15:16:04.318577
AUD-4cbd0ba6,CASE-2289,CASE_CREATED,SYSTEM,SYSTEM,"Case initialized for FAILED_PAYMENT amount ₹12,000.00","{""amount_at_risk"": 12000.0, ""score"": 50, ""policy"": ""HUMAN""}",2026-08-26T13:16:04.318577
AUD-213269ba,CASE-2290,CASE_CREATED,SYSTEM,SYSTEM,"Case initialized for FAILED_PAYMENT amount ₹3,999.00","{""amount_at_risk"": 3999.0, ""score"": 71, ""policy"": ""HUMAN""}",2026-08-26T23:16:04.318577
AUD-502ee123,CASE-2291,CASE_CREATED,SYSTEM,SYSTEM,"Case initialized for FAILED_PAYMENT amount ₹3,999.00","{""amount_at_risk"": 3999.0, ""score"": 74, ""policy"": ""HUMAN""}",2026-08-26T20:16:04.320609
AUD-5d482a85,CASE-2292,CASE_CREATED,SYSTEM,SYSTEM,"Case initialized for FAILED_PAYMENT amount ₹7,500.00","{""amount_at_risk"": 7500.0, ""score"": 82, ""policy"": ""HUMAN""}",2026-08-27T04:16:04.320609
AUD-7768c63c,CASE-2293,CASE_CREATED,SYSTEM,SYSTEM,"Case initialized for FAILED_PAYMENT amount ₹1,499.00","{""amount_at_risk"": 1499.0, ""score"": 88, ""policy"": ""AUTO""}",2026-08-28T03:16:04.320609
AUD-cd459715,CASE-2294,CASE_CREATED,SYSTEM,SYSTEM,"Case initialized for FAILED_PAYMENT amount ₹2,499.00","{""amount_at_risk"": 2499.0, ""score"": 57, ""policy"": ""HUMAN""}",2026-08-27T07:16:04.320609
AUD-9d979b15,CASE-2295,CASE_CREATED,SYSTEM,SYSTEM,"Case initialized for FAILED_PAYMENT amount ₹2,499.00","{""amount_at_risk"": 2499.0, ""score"": 65, ""policy"": ""HUMAN""}",2026-08-27T15:16:04.320609
AUD-d4666ad2,CASE-2296,CASE_CREATED,SYSTEM,SYSTEM,"Case initialized for FAILED_PAYMENT amount ₹12,000.00","{""amount_at_risk"": 12000.0, ""score"": 56, ""policy"": ""HUMAN""}",2026-08-27T08:16:04.320609
AUD-0e1a4664,CASE-2297,CASE_CREATED,SYSTEM,SYSTEM,"Case initialized for FAILED_PAYMENT amount ₹3,999.00","{""amount_at_risk"": 3999.0, ""score"": 58, ""policy"": ""HUMAN""}",2026-08-28T07:16:04.320609
AUD-5e6aef28,CASE-2298,CASE_CREATED,SYSTEM,SYSTEM,"Case initialized for FAILED_PAYMENT amount ₹2,499.00","{""amount_at_risk"": 2499.0, ""score"": 84, ""policy"": ""AUTO""}",2026-08-27T06:16:04.320609
AUD-16bceb6c,CASE-2299,CASE_CREATED,SYSTEM,SYSTEM,"Case initialized for FAILED_PAYMENT amount ₹4,999.00","{""amount_at_risk"": 4999.0, ""score"": 45, ""policy"": ""HUMAN""}",2026-08-27T13:16:04.320609
AUD-92b05970,CASE-2300,CASE_CREATED,SYSTEM,SYSTEM,"Case initialized for FAILED_PAYMENT amount ₹1,499.00","{""amount_at_risk"": 1499.0, ""score"": 65, ""policy"": ""HUMAN""}",2026-08-26T17:16:04.320609
AUD-3fa1f347,CASE-2301,CASE_CREATED,SYSTEM,SYSTEM,"Case initialized for FAILED_PAYMENT amount ₹1,499.00","{""amount_at_risk"": 1499.0, ""score"": 85, ""policy"": ""AUTO""}",2026-08-28T04:16:04.320609
AUD-6b7d713d,CASE-2302,CASE_CREATED,SYSTEM,SYSTEM,"Case initialized for FAILED_PAYMENT amount ₹1,499.00","{""amount_at_risk"": 1499.0, ""score"": 69, ""policy"": ""HUMAN""}",2026-08-28T08:16:04.320609
AUD-3fc0c43d,CASE-2303,CASE_CREATED,SYSTEM,SYSTEM,"Case initialized for FAILED_PAYMENT amount ₹1,499.00","{""amount_at_risk"": 1499.0, ""score"": 64, ""policy"": ""HUMAN""}",2026-08-27T03:16:04.320609
AUD-a14f738d,CASE-2304,CASE_CREATED,SYSTEM,SYSTEM,"Case initialized for FAILED_PAYMENT amount ₹7,500.00","{""amount_at_risk"": 7500.0, ""score"": 78, ""policy"": ""HUMAN""}",2026-08-28T04:16:04.320609
AUD-bbadc92b,CASE-2305,CASE_CREATED,SYSTEM,SYSTEM,"Case initialized for FAILED_PAYMENT amount ₹3,999.00","{""amount_at_risk"": 3999.0, ""score"": 76, ""policy"": ""HUMAN""}",2026-08-27T11:16:04.325264
AUD-86ad73ed,CASE-2306,CASE_CREATED,SYSTEM,SYSTEM,"Case initialized for FAILED_PAYMENT amount ₹1,499.00","{""amount_at_risk"": 1499.0, ""score"": 59, ""policy"": ""HUMAN""}",2026-08-26T14:16:04.325264
AUD-bec0df23,CASE-2307,CASE_CREATED,SYSTEM,SYSTEM,"Case initialized for FAILED_PAYMENT amount ₹1,499.00","{""amount_at_risk"": 1499.0, ""score"": 82, ""policy"": ""AUTO""}",2026-08-26T19:16:04.325264
AUD-796ae37f,CASE-2308,CASE_CREATED,SYSTEM,SYSTEM,"Case initialized for FAILED_PAYMENT amount ₹1,499.00","{""amount_at_risk"": 1499.0, ""score"": 69, ""policy"": ""HUMAN""}",2026-08-28T09:16:04.325264
AUD-354a5bd1,CASE-2309,CASE_CREATED,SYSTEM,SYSTEM,"Case initialized for FAILED_PAYMENT amount ₹12,000.00","{""amount_at_risk"": 12000.0, ""score"": 51, ""policy"": ""HUMAN""}",2026-08-28T05:16:04.325264
AUD-41f28712,CASE-2310,CASE_CREATED,SYSTEM,SYSTEM,"Case initialized for FAILED_PAYMENT amount ₹4,999.00","{""amount_at_risk"": 4999.0, ""score"": 73, ""policy"": ""HUMAN""}",2026-08-27T20:16:04.325264
AUD-4ce23bed,CASE-2311,CASE_CREATED,SYSTEM,SYSTEM,"Case initialized for FAILED_PAYMENT amount ₹4,999.00","{""amount_at_risk"": 4999.0, ""score"": 89, ""policy"": ""AUTO""}",2026-08-26T18:16:04.325264
AUD-62f3a63b,CASE-2312,CASE_CREATED,SYSTEM,SYSTEM,"Case initialized for FAILED_PAYMENT amount ₹1,499.00","{""amount_at_risk"": 1499.0, ""score"": 87, ""policy"": ""AUTO""}",2026-08-27T04:16:04.325264
AUD-366ec0e6,CASE-2313,CASE_CREATED,SYSTEM,SYSTEM,"Case initialized for FAILED_PAYMENT amount ₹12,000.00","{""amount_at_risk"": 12000.0, ""score"": 84, ""policy"": ""HUMAN""}",2026-08-28T06:16:04.325264
AUD-2acd5418,CASE-2314,CASE_CREATED,SYSTEM,SYSTEM,"Case initialized for FAILED_PAYMENT amount ₹4,999.00","{""amount_at_risk"": 4999.0, ""score"": 57, ""policy"": ""HUMAN""}",2026-08-28T00:16:04.325264
AUD-e715230d,CASE-2315,CASE_CREATED,SYSTEM,SYSTEM,"Case initialized for FAILED_PAYMENT amount ₹3,999.00","{""amount_at_risk"": 3999.0, ""score"": 90, ""policy"": ""AUTO""}",2026-08-27T05:16:04.325264
AUD-4b81ce6c,CASE-2316,CASE_CREATED,SYSTEM,SYSTEM,"Case initialized for FAILED_PAYMENT amount ₹2,499.00","{""amount_at_risk"": 2499.0, ""score"": 89, ""policy"": ""AUTO""}",2026-08-28T12:16:04.325264
AUD-b3838bf9,CASE-2317,CASE_CREATED,SYSTEM,SYSTEM,"Case initialized for FAILED_PAYMENT amount ₹12,000.00","{""amount_at_risk"": 12000.0, ""score"": 50, ""policy"": ""HUMAN""}",2026-08-28T07:16:04.325264
AUD-77c1d01c,CASE-2318,CASE_CREATED,SYSTEM,SYSTEM,"Case initialized for FAILED_PAYMENT amount ₹7,500.00","{""amount_at_risk"": 7500.0, ""score"": 49, ""policy"": ""HUMAN""}",2026-08-27T22:16:04.325264
AUD-4536ee9a,CASE-2319,CASE_CREATED,SYSTEM,SYSTEM,"Case initialized for FAILED_PAYMENT amount ₹4,999.00","{""amount_at_risk"": 4999.0, ""score"": 63, ""policy"": ""HUMAN""}",2026-08-28T06:16:04.325264
AUD-c0ef1156,CASE-2320,CASE_CREATED,SYSTEM,SYSTEM,"Case initialized for FAILED_PAYMENT amount ₹2,499.00","{""amount_at_risk"": 2499.0, ""score"": 47, ""policy"": ""HUMAN""}",2026-08-27T16:16:04.325264
AUD-d7349667,CASE-2321,CASE_CREATED,SYSTEM,SYSTEM,"Case initialized for FAILED_PAYMENT amount ₹4,999.00","{""amount_at_risk"": 4999.0, ""score"": 92, ""policy"": ""AUTO""}",2026-08-26T18:16:04.325264
AUD-2115fa38,CASE-2322,CASE_CREATED,SYSTEM,SYSTEM,"Case initialized for FAILED_PAYMENT amount ₹12,000.00","{""amount_at_risk"": 12000.0, ""score"": 55, ""policy"": ""HUMAN""}",2026-08-26T21:16:04.325264
AUD-6b6b0526,CASE-2323,CASE_CREATED,SYSTEM,SYSTEM,"Case initialized for FAILED_PAYMENT amount ₹3,999.00","{""amount_at_risk"": 3999.0, ""score"": 91, ""policy"": ""AUTO""}",2026-08-27T11:16:04.325264
AUD-5ec70617,CASE-2324,CASE_CREATED,SYSTEM,SYSTEM,"Case initialized for FAILED_PAYMENT amount ₹4,999.00","{""amount_at_risk"": 4999.0, ""score"": 74, ""policy"": ""HUMAN""}",2026-08-27T06:16:04.325264
AUD-817c9aa7,CASE-2325,CASE_CREATED,SYSTEM,SYSTEM,"Case initialized for FAILED_PAYMENT amount ₹4,999.00","{""amount_at_risk"": 4999.0, ""score"": 86, ""policy"": ""AUTO""}",2026-08-26T16:16:04.325264
AUD-ab1fd926,CASE-2326,CASE_CREATED,SYSTEM,SYSTEM,"Case initialized for FAILED_PAYMENT amount ₹12,000.00","{""amount_at_risk"": 12000.0, ""score"": 48, ""policy"": ""HUMAN""}",2026-08-26T23:16:04.325264
AUD-865419e3,CASE-2327,CASE_CREATED,SYSTEM,SYSTEM,"Case initialized for FAILED_PAYMENT amount ₹4,999.00","{""amount_at_risk"": 4999.0, ""score"": 81, ""policy"": ""AUTO""}",2026-08-26T21:16:04.325264
AUD-d128f057,CASE-2328,CASE_CREATED,SYSTEM,SYSTEM,"Case initialized for FAILED_PAYMENT amount ₹1,499.00","{""amount_at_risk"": 1499.0, ""score"": 88, ""policy"": ""AUTO""}",2026-08-28T05:16:04.325264
AUD-251f0b61,CASE-2329,CASE_CREATED,SYSTEM,SYSTEM,"Case initialized for FAILED_PAYMENT amount ₹4,999.00","{""amount_at_risk"": 4999.0, ""score"": 73, ""policy"": ""HUMAN""}",2026-08-26T19:16:04.330375
AUD-e9e46db6,CASE-2330,CASE_CREATED,SYSTEM,SYSTEM,"Case initialized for FAILED_PAYMENT amount ₹3,999.00","{""amount_at_risk"": 3999.0, ""score"": 45, ""policy"": ""HUMAN""}",2026-08-27T15:16:04.330375
AUD-92ebbafb,CASE-2331,CASE_CREATED,SYSTEM,SYSTEM,"Case initialized for FAILED_PAYMENT amount ₹7,500.00","{""amount_at_risk"": 7500.0, ""score"": 78, ""policy"": ""HUMAN""}",2026-08-26T14:16:04.330375
AUD-d787a5b3,CASE-2332,CASE_CREATED,SYSTEM,SYSTEM,"Case initialized for FAILED_PAYMENT amount ₹2,499.00","{""amount_at_risk"": 2499.0, ""score"": 75, ""policy"": ""HUMAN""}",2026-08-27T01:16:04.330375
AUD-604955a5,CASE-2333,CASE_CREATED,SYSTEM,SYSTEM,"Case initialized for FAILED_PAYMENT amount ₹7,500.00","{""amount_at_risk"": 7500.0, ""score"": 48, ""policy"": ""HUMAN""}",2026-08-27T06:16:04.330375
AUD-6e11620c,CASE-2334,CASE_CREATED,SYSTEM,SYSTEM,"Case initialized for FAILED_PAYMENT amount ₹4,999.00","{""amount_at_risk"": 4999.0, ""score"": 55, ""policy"": ""HUMAN""}",2026-08-27T21:16:04.330375
AUD-29d68ebc,CASE-2335,CASE_CREATED,SYSTEM,SYSTEM,"Case initialized for FAILED_PAYMENT amount ₹3,999.00","{""amount_at_risk"": 3999.0, ""score"": 62, ""policy"": ""HUMAN""}",2026-08-26T19:16:04.330375
AUD-b9c73476,CASE-2336,CASE_CREATED,SYSTEM,SYSTEM,"Case initialized for FAILED_PAYMENT amount ₹4,999.00","{""amount_at_risk"": 4999.0, ""score"": 70, ""policy"": ""HUMAN""}",2026-08-27T08:16:04.330375
AUD-35d89222,CASE-2337,CASE_CREATED,SYSTEM,SYSTEM,"Case initialized for FAILED_PAYMENT amount ₹7,500.00","{""amount_at_risk"": 7500.0, ""score"": 73, ""policy"": ""HUMAN""}",2026-08-27T16:16:04.330375
AUD-fd7b8aba,CASE-2338,CASE_CREATED,SYSTEM,SYSTEM,"Case initialized for FAILED_PAYMENT amount ₹1,499.00","{""amount_at_risk"": 1499.0, ""score"": 76, ""policy"": ""HUMAN""}",2026-08-27T10:16:04.330375
AUD-bab6d8d7,CASE-2339,CASE_CREATED,SYSTEM,SYSTEM,"Case initialized for FAILED_PAYMENT amount ₹1,499.00","{""amount_at_risk"": 1499.0, ""score"": 80, ""policy"": ""AUTO""}",2026-08-27T01:16:04.330375
AUD-2b5c3266,CASE-2340,CASE_CREATED,SYSTEM,SYSTEM,"Case initialized for FAILED_PAYMENT amount ₹2,499.00","{""amount_at_risk"": 2499.0, ""score"": 86, ""policy"": ""AUTO""}",2026-08-27T22:16:04.330375
AUD-b2e9a5bc,CASE-2341,CASE_CREATED,SYSTEM,SYSTEM,"Case initialized for FAILED_PAYMENT amount ₹4,999.00","{""amount_at_risk"": 4999.0, ""score"": 66, ""policy"": ""HUMAN""}",2026-08-26T18:16:04.330375
AUD-0a1558be,CASE-2342,CASE_CREATED,SYSTEM,SYSTEM,"Case initialized for FAILED_PAYMENT amount ₹3,999.00","{""amount_at_risk"": 3999.0, ""score"": 90, ""policy"": ""AUTO""}",2026-08-27T15:16:04.330375
AUD-87e1e32c,CASE-2343,CASE_CREATED,SYSTEM,SYSTEM,"Case initialized for FAILED_PAYMENT amount ₹3,999.00","{""amount_at_risk"": 3999.0, ""score"": 85, ""policy"": ""AUTO""}",2026-08-28T06:16:04.330375
AUD-d1b95aed,CASE-2344,CASE_CREATED,SYSTEM,SYSTEM,"Case initialized for FAILED_PAYMENT amount ₹1,499.00","{""amount_at_risk"": 1499.0, ""score"": 55, ""policy"": ""HUMAN""}",2026-08-26T13:16:04.330375
AUD-63e19d03,CASE-2345,CASE_CREATED,SYSTEM,SYSTEM,"Case initialized for FAILED_PAYMENT amount ₹12,000.00","{""amount_at_risk"": 12000.0, ""score"": 71, ""policy"": ""HUMAN""}",2026-08-28T00:16:04.330375
AUD-a2c97974,CASE-2346,CASE_CREATED,SYSTEM,SYSTEM,"Case initialized for FAILED_PAYMENT amount ₹2,499.00","{""amount_at_risk"": 2499.0, ""score"": 52, ""policy"": ""HUMAN""}",2026-08-28T00:16:04.330375
AUD-8305f6fa,CASE-2347,CASE_CREATED,SYSTEM,SYSTEM,"Case initialized for FAILED_PAYMENT amount ₹12,000.00","{""amount_at_risk"": 12000.0, ""score"": 66, ""policy"": ""HUMAN""}",2026-08-26T20:16:04.330375
AUD-7e1a788e,CASE-2348,CASE_CREATED,SYSTEM,SYSTEM,"Case initialized for FAILED_PAYMENT amount ₹12,000.00","{""amount_at_risk"": 12000.0, ""score"": 82, ""policy"": ""HUMAN""}",2026-08-26T18:16:04.330375
AUD-f4dff4d2,CASE-2349,CASE_CREATED,SYSTEM,SYSTEM,"Case initialized for FAILED_PAYMENT amount ₹7,500.00","{""amount_at_risk"": 7500.0, ""score"": 77, ""policy"": ""HUMAN""}",2026-08-27T03:16:04.335165
AUD-dcfa8eff,CASE-2350,CASE_CREATED,SYSTEM,SYSTEM,"Case initialized for FAILED_PAYMENT amount ₹12,000.00","{""amount_at_risk"": 12000.0, ""score"": 48, ""policy"": ""HUMAN""}",2026-08-27T06:16:04.335165
AUD-35d8e3b4,CASE-2351,CASE_CREATED,SYSTEM,SYSTEM,"Case initialized for FAILED_PAYMENT amount ₹7,500.00","{""amount_at_risk"": 7500.0, ""score"": 94, ""policy"": ""HUMAN""}",2026-08-28T04:16:04.335165
AUD-5e2a60c9,CASE-2352,CASE_CREATED,SYSTEM,SYSTEM,"Case initialized for FAILED_PAYMENT amount ₹1,499.00","{""amount_at_risk"": 1499.0, ""score"": 69, ""policy"": ""HUMAN""}",2026-08-26T22:16:04.335165
AUD-e9fced90,CASE-2353,CASE_CREATED,SYSTEM,SYSTEM,"Case initialized for FAILED_PAYMENT amount ₹12,000.00","{""amount_at_risk"": 12000.0, ""score"": 93, ""policy"": ""HUMAN""}",2026-08-27T15:16:04.335165
AUD-dc5d7e49,CASE-2354,CASE_CREATED,SYSTEM,SYSTEM,"Case initialized for FAILED_PAYMENT amount ₹3,999.00","{""amount_at_risk"": 3999.0, ""score"": 73, ""policy"": ""HUMAN""}",2026-08-26T22:16:04.335165
AUD-798f9c64,CASE-2355,CASE_CREATED,SYSTEM,SYSTEM,"Case initialized for FAILED_PAYMENT amount ₹12,000.00","{""amount_at_risk"": 12000.0, ""score"": 92, ""policy"": ""HUMAN""}",2026-08-27T01:16:04.335165
AUD-cd5c1c86,CASE-2356,CASE_CREATED,SYSTEM,SYSTEM,"Case initialized for FAILED_PAYMENT amount ₹3,999.00","{""amount_at_risk"": 3999.0, ""score"": 90, ""policy"": ""AUTO""}",2026-08-27T23:16:04.336631
AUD-6e671576,CASE-2357,CASE_CREATED,SYSTEM,SYSTEM,"Case initialized for FAILED_PAYMENT amount ₹7,500.00","{""amount_at_risk"": 7500.0, ""score"": 90, ""policy"": ""HUMAN""}",2026-08-28T04:16:04.336631
AUD-ed0870e7,CASE-2358,CASE_CREATED,SYSTEM,SYSTEM,"Case initialized for FAILED_PAYMENT amount ₹12,000.00","{""amount_at_risk"": 12000.0, ""score"": 86, ""policy"": ""HUMAN""}",2026-08-28T05:16:04.336631
AUD-b4d4d2f2,CASE-2359,CASE_CREATED,SYSTEM,SYSTEM,"Case initialized for FAILED_PAYMENT amount ₹3,999.00","{""amount_at_risk"": 3999.0, ""score"": 80, ""policy"": ""AUTO""}",2026-08-26T13:16:04.336631
AUD-6cdfdc74,CASE-2360,CASE_CREATED,SYSTEM,SYSTEM,"Case initialized for FAILED_PAYMENT amount ₹7,500.00","{""amount_at_risk"": 7500.0, ""score"": 63, ""policy"": ""HUMAN""}",2026-08-28T06:16:04.336631
AUD-5420fd83,CASE-2361,CASE_CREATED,SYSTEM,SYSTEM,"Case initialized for FAILED_PAYMENT amount ₹1,499.00","{""amount_at_risk"": 1499.0, ""score"": 69, ""policy"": ""HUMAN""}",2026-08-28T09:16:04.336631
AUD-38b971cb,CASE-2362,CASE_CREATED,SYSTEM,SYSTEM,"Case initialized for FAILED_PAYMENT amount ₹2,499.00","{""amount_at_risk"": 2499.0, ""score"": 62, ""policy"": ""HUMAN""}",2026-08-27T20:16:04.336631
AUD-3f039262,CASE-2363,CASE_CREATED,SYSTEM,SYSTEM,"Case initialized for FAILED_PAYMENT amount ₹2,499.00","{""amount_at_risk"": 2499.0, ""score"": 48, ""policy"": ""HUMAN""}",2026-08-28T10:16:04.336631
AUD-cf61fcb8,CASE-2364,CASE_CREATED,SYSTEM,SYSTEM,"Case initialized for FAILED_PAYMENT amount ₹3,999.00","{""amount_at_risk"": 3999.0, ""score"": 73, ""policy"": ""HUMAN""}",2026-08-26T19:16:04.336631
AUD-83254cd6,CASE-2365,CASE_CREATED,SYSTEM,SYSTEM,"Case initialized for FAILED_PAYMENT amount ₹7,500.00","{""amount_at_risk"": 7500.0, ""score"": 69, ""policy"": ""HUMAN""}",2026-08-26T18:16:04.338901
AUD-49e6bb90,CASE-2366,CASE_CREATED,SYSTEM,SYSTEM,"Case initialized for FAILED_PAYMENT amount ₹1,499.00","{""amount_at_risk"": 1499.0, ""score"": 69, ""policy"": ""HUMAN""}",2026-08-27T16:16:04.338901
AUD-3e049c41,CASE-2367,CASE_CREATED,SYSTEM,SYSTEM,"Case initialized for FAILED_PAYMENT amount ₹7,500.00","{""amount_at_risk"": 7500.0, ""score"": 48, ""policy"": ""HUMAN""}",2026-08-26T21:16:04.338901
AUD-aaedcd06,CASE-2368,CASE_CREATED,SYSTEM,SYSTEM,"Case initialized for FAILED_PAYMENT amount ₹4,999.00","{""amount_at_risk"": 4999.0, ""score"": 59, ""policy"": ""HUMAN""}",2026-08-28T00:16:04.338901
AUD-1e67a3c5,CASE-2369,CASE_CREATED,SYSTEM,SYSTEM,"Case initialized for FAILED_PAYMENT amount ₹3,999.00","{""amount_at_risk"": 3999.0, ""score"": 73, ""policy"": ""HUMAN""}",2026-08-28T01:16:04.338901
AUD-e387e280,CASE-2370,CASE_CREATED,SYSTEM,SYSTEM,"Case initialized for FAILED_PAYMENT amount ₹12,000.00","{""amount_at_risk"": 12000.0, ""score"": 77, ""policy"": ""HUMAN""}",2026-08-27T09:16:04.338901
AUD-b4ed3e68,CASE-2371,CASE_CREATED,SYSTEM,SYSTEM,"Case initialized for FAILED_PAYMENT amount ₹3,999.00","{""amount_at_risk"": 3999.0, ""score"": 80, ""policy"": ""AUTO""}",2026-08-27T15:16:04.338901
AUD-c4ef1c98,CASE-2372,CASE_CREATED,SYSTEM,SYSTEM,"Case initialized for FAILED_PAYMENT amount ₹4,999.00","{""amount_at_risk"": 4999.0, ""score"": 90, ""policy"": ""AUTO""}",2026-08-26T22:16:04.338901
AUD-eaef1869,CASE-2373,CASE_CREATED,SYSTEM,SYSTEM,"Case initialized for FAILED_PAYMENT amount ₹1,499.00","{""amount_at_risk"": 1499.0, ""score"": 94, ""policy"": ""AUTO""}",2026-08-27T01:16:04.338901
AUD-f88b9265,CASE-2374,CASE_CREATED,SYSTEM,SYSTEM,"Case initialized for FAILED_PAYMENT amount ₹3,999.00","{""amount_at_risk"": 3999.0, ""score"": 49, ""policy"": ""HUMAN""}",2026-08-27T03:16:04.338901
AUD-7aae5771,CASE-2375,CASE_CREATED,SYSTEM,SYSTEM,"Case initialized for FAILED_PAYMENT amount ₹1,499.00","{""amount_at_risk"": 1499.0, ""score"": 95, ""policy"": ""AUTO""}",2026-08-27T14:16:04.338901
AUD-e060dd81,CASE-2376,CASE_CREATED,SYSTEM,SYSTEM,"Case initialized for FAILED_PAYMENT amount ₹2,499.00","{""amount_at_risk"": 2499.0, ""score"": 58, ""policy"": ""HUMAN""}",2026-08-27T18:16:04.338901
AUD-e06252a5,CASE-2377,CASE_CREATED,SYSTEM,SYSTEM,"Case initialized for FAILED_PAYMENT amount ₹2,499.00","{""amount_at_risk"": 2499.0, ""score"": 93, ""policy"": ""AUTO""}",2026-08-26T18:16:04.338901
AUD-c6de8614,CASE-2378,CASE_CREATED,SYSTEM,SYSTEM,"Case initialized for FAILED_PAYMENT amount ₹3,999.00","{""amount_at_risk"": 3999.0, ""score"": 73, ""policy"": ""HUMAN""}",2026-08-26T17:16:04.338901
AUD-0f4330d6,CASE-2379,CASE_CREATED,SYSTEM,SYSTEM,"Case initialized for FAILED_PAYMENT amount ₹3,999.00","{""amount_at_risk"": 3999.0, ""score"": 69, ""policy"": ""HUMAN""}",2026-08-27T02:16:04.338901
AUD-ec8f3028,CASE-2380,CASE_CREATED,SYSTEM,SYSTEM,"Case initialized for FAILED_PAYMENT amount ₹12,000.00","{""amount_at_risk"": 12000.0, ""score"": 63, ""policy"": ""HUMAN""}",2026-08-27T04:16:04.338901
AUD-73796476,CASE-2381,CASE_CREATED,SYSTEM,SYSTEM,"Case initialized for FAILED_PAYMENT amount ₹4,999.00","{""amount_at_risk"": 4999.0, ""score"": 76, ""policy"": ""HUMAN""}",2026-08-28T00:16:04.338901
AUD-ddeddf40,CASE-2382,CASE_CREATED,SYSTEM,SYSTEM,"Case initialized for FAILED_PAYMENT amount ₹3,999.00","{""amount_at_risk"": 3999.0, ""score"": 77, ""policy"": ""HUMAN""}",2026-08-27T02:16:04.338901
AUD-6c4cd76b,CASE-2383,CASE_CREATED,SYSTEM,SYSTEM,"Case initialized for FAILED_PAYMENT amount ₹7,500.00","{""amount_at_risk"": 7500.0, ""score"": 45, ""policy"": ""HUMAN""}",2026-08-26T20:16:04.338901
AUD-f051ea7c,CASE-2384,CASE_CREATED,SYSTEM,SYSTEM,"Case initialized for FAILED_PAYMENT amount ₹2,499.00","{""amount_at_risk"": 2499.0, ""score"": 88, ""policy"": ""AUTO""}",2026-08-26T16:16:04.338901
AUD-e952ae12,CASE-2385,CASE_CREATED,SYSTEM,SYSTEM,"Case initialized for FAILED_PAYMENT amount ₹12,000.00","{""amount_at_risk"": 12000.0, ""score"": 94, ""policy"": ""HUMAN""}",2026-08-26T17:16:04.338901
AUD-0076d8f7,CASE-2386,CASE_CREATED,SYSTEM,SYSTEM,"Case initialized for FAILED_PAYMENT amount ₹2,499.00","{""amount_at_risk"": 2499.0, ""score"": 46, ""policy"": ""HUMAN""}",2026-08-28T07:16:04.338901
AUD-d3b4da00,CASE-2387,CASE_CREATED,SYSTEM,SYSTEM,"Case initialized for FAILED_PAYMENT amount ₹1,499.00","{""amount_at_risk"": 1499.0, ""score"": 48, ""policy"": ""HUMAN""}",2026-08-28T08:16:04.338901
AUD-92e10f75,CASE-2388,CASE_CREATED,SYSTEM,SYSTEM,"Case initialized for FAILED_PAYMENT amount ₹7,500.00","{""amount_at_risk"": 7500.0, ""score"": 59, ""policy"": ""HUMAN""}",2026-08-27T08:16:04.338901
AUD-1af4ad9e,CASE-2389,CASE_CREATED,SYSTEM,SYSTEM,"Case initialized for FAILED_PAYMENT amount ₹12,000.00","{""amount_at_risk"": 12000.0, ""score"": 70, ""policy"": ""HUMAN""}",2026-08-27T12:16:04.338901
AUD-01fbd6d8,CASE-2390,CASE_CREATED,SYSTEM,SYSTEM,"Case initialized for FAILED_PAYMENT amount ₹12,000.00","{""amount_at_risk"": 12000.0, ""score"": 52, ""policy"": ""HUMAN""}",2026-08-26T14:16:04.338901
AUD-b365f5ce,CASE-2391,CASE_CREATED,SYSTEM,SYSTEM,"Case initialized for FAILED_PAYMENT amount ₹7,500.00","{""amount_at_risk"": 7500.0, ""score"": 49, ""policy"": ""HUMAN""}",2026-08-28T08:16:04.338901
AUD-524f5600,CASE-2392,CASE_CREATED,SYSTEM,SYSTEM,"Case initialized for FAILED_PAYMENT amount ₹3,999.00","{""amount_at_risk"": 3999.0, ""score"": 77, ""policy"": ""HUMAN""}",2026-08-27T17:16:04.345213
AUD-c512c18f,CASE-2393,CASE_CREATED,SYSTEM,SYSTEM,"Case initialized for FAILED_PAYMENT amount ₹7,500.00","{""amount_at_risk"": 7500.0, ""score"": 50, ""policy"": ""HUMAN""}",2026-08-27T11:16:04.345213
AUD-60074269,CASE-2394,CASE_CREATED,SYSTEM,SYSTEM,"Case initialized for FAILED_PAYMENT amount ₹12,000.00","{""amount_at_risk"": 12000.0, ""score"": 46, ""policy"": ""HUMAN""}",2026-08-27T22:16:04.345213
AUD-0ef75bb5,CASE-2395,CASE_CREATED,SYSTEM,SYSTEM,"Case initialized for FAILED_PAYMENT amount ₹2,499.00","{""amount_at_risk"": 2499.0, ""score"": 92, ""policy"": ""AUTO""}",2026-08-28T03:16:04.345213
AUD-a5fb8294,CASE-2396,CASE_CREATED,SYSTEM,SYSTEM,"Case initialized for FAILED_PAYMENT amount ₹3,999.00","{""amount_at_risk"": 3999.0, ""score"": 88, ""policy"": ""AUTO""}",2026-08-27T01:16:04.346432
AUD-c35aea4f,CASE-2397,CASE_CREATED,SYSTEM,SYSTEM,"Case initialized for FAILED_PAYMENT amount ₹2,499.00","{""amount_at_risk"": 2499.0, ""score"": 52, ""policy"": ""HUMAN""}",2026-08-26T22:16:04.346432
AUD-a3047ae1,CASE-2398,CASE_CREATED,SYSTEM,SYSTEM,"Case initialized for FAILED_PAYMENT amount ₹4,999.00","{""amount_at_risk"": 4999.0, ""score"": 79, ""policy"": ""HUMAN""}",2026-08-27T23:16:04.346432
AUD-20ed2fb8,CASE-2399,CASE_CREATED,SYSTEM,SYSTEM,"Case initialized for FAILED_PAYMENT amount ₹12,000.00","{""amount_at_risk"": 12000.0, ""score"": 92, ""policy"": ""HUMAN""}",2026-08-26T19:16:04.346432
AUD-db1183c9,CASE-2400,CASE_CREATED,SYSTEM,SYSTEM,"Case initialized for CHECKOUT_ABANDONMENT amount ₹2,999.00","{""amount_at_risk"": 2999.0, ""score"": 60, ""policy"": ""AUTO""}",2026-08-27T20:16:04.346432
AUD-39b3928b,CASE-2401,CASE_CREATED,SYSTEM,SYSTEM,"Case initialized for CHECKOUT_ABANDONMENT amount ₹2,999.00","{""amount_at_risk"": 2999.0, ""score"": 57, ""policy"": ""AUTO""}",2026-08-27T07:16:04.346432
AUD-75004501,CASE-2402,CASE_CREATED,SYSTEM,SYSTEM,"Case initialized for CHECKOUT_ABANDONMENT amount ₹1,200.00","{""amount_at_risk"": 1200.0, ""score"": 68, ""policy"": ""AUTO""}",2026-08-28T00:16:04.348460
AUD-3b6e18fc,CASE-2403,CASE_CREATED,SYSTEM,SYSTEM,"Case initialized for CHECKOUT_ABANDONMENT amount ₹8,500.00","{""amount_at_risk"": 8500.0, ""score"": 71, ""policy"": ""HUMAN""}",2026-08-26T19:16:04.348460
AUD-48de1ff1,CASE-2404,CASE_CREATED,SYSTEM,SYSTEM,"Case initialized for CHECKOUT_ABANDONMENT amount ₹2,999.00","{""amount_at_risk"": 2999.0, ""score"": 56, ""policy"": ""AUTO""}",2026-08-27T16:16:04.348460
AUD-cf9739fb,CASE-2405,CASE_CREATED,SYSTEM,SYSTEM,"Case initialized for CHECKOUT_ABANDONMENT amount ₹8,500.00","{""amount_at_risk"": 8500.0, ""score"": 78, ""policy"": ""HUMAN""}",2026-08-26T23:16:04.348460
AUD-52898a4a,CASE-2406,CASE_CREATED,SYSTEM,SYSTEM,"Case initialized for CHECKOUT_ABANDONMENT amount ₹2,999.00","{""amount_at_risk"": 2999.0, ""score"": 86, ""policy"": ""AUTO""}",2026-08-27T09:16:04.348460
AUD-6c6500d2,CASE-2407,CASE_CREATED,SYSTEM,SYSTEM,"Case initialized for CHECKOUT_ABANDONMENT amount ₹2,999.00","{""amount_at_risk"": 2999.0, ""score"": 50, ""policy"": ""AUTO""}",2026-08-26T15:16:04.350477
AUD-8c80e7a2,CASE-2408,CASE_CREATED,SYSTEM,SYSTEM,"Case initialized for CHECKOUT_ABANDONMENT amount ₹8,500.00","{""amount_at_risk"": 8500.0, ""score"": 67, ""policy"": ""HUMAN""}",2026-08-26T14:16:04.350477
AUD-cf7637c0,CASE-2409,CASE_CREATED,SYSTEM,SYSTEM,"Case initialized for CHECKOUT_ABANDONMENT amount ₹4,800.00","{""amount_at_risk"": 4800.0, ""score"": 80, ""policy"": ""AUTO""}",2026-08-27T17:16:04.350477
AUD-b39a4b30,CASE-2410,CASE_CREATED,SYSTEM,SYSTEM,"Case initialized for CHECKOUT_ABANDONMENT amount ₹8,500.00","{""amount_at_risk"": 8500.0, ""score"": 85, ""policy"": ""HUMAN""}",2026-08-26T22:16:04.350477
AUD-dadb0ba3,CASE-2411,CASE_CREATED,SYSTEM,SYSTEM,"Case initialized for CHECKOUT_ABANDONMENT amount ₹1,200.00","{""amount_at_risk"": 1200.0, ""score"": 67, ""policy"": ""AUTO""}",2026-08-26T14:16:04.350477
AUD-c5c38b97,CASE-2412,CASE_CREATED,SYSTEM,SYSTEM,"Case initialized for CHECKOUT_ABANDONMENT amount ₹1,200.00","{""amount_at_risk"": 1200.0, ""score"": 54, ""policy"": ""AUTO""}",2026-08-26T23:16:04.350477
AUD-d035430c,CASE-2413,CASE_CREATED,SYSTEM,SYSTEM,"Case initialized for CHECKOUT_ABANDONMENT amount ₹8,500.00","{""amount_at_risk"": 8500.0, ""score"": 87, ""policy"": ""HUMAN""}",2026-08-27T20:16:04.350477
AUD-e2937d32,CASE-2414,CASE_CREATED,SYSTEM,SYSTEM,"Case initialized for CHECKOUT_ABANDONMENT amount ₹8,500.00","{""amount_at_risk"": 8500.0, ""score"": 59, ""policy"": ""HUMAN""}",2026-08-26T23:16:04.353050
AUD-60b10651,CASE-2415,CASE_CREATED,SYSTEM,SYSTEM,"Case initialized for CHECKOUT_ABANDONMENT amount ₹4,800.00","{""amount_at_risk"": 4800.0, ""score"": 58, ""policy"": ""AUTO""}",2026-08-27T13:16:04.353050
AUD-a4610556,CASE-2416,CASE_CREATED,SYSTEM,SYSTEM,"Case initialized for CHECKOUT_ABANDONMENT amount ₹1,200.00","{""amount_at_risk"": 1200.0, ""score"": 65, ""policy"": ""AUTO""}",2026-08-28T02:16:04.353050
AUD-5c5edc7a,CASE-2417,CASE_CREATED,SYSTEM,SYSTEM,"Case initialized for CHECKOUT_ABANDONMENT amount ₹2,999.00","{""amount_at_risk"": 2999.0, ""score"": 86, ""policy"": ""AUTO""}",2026-08-26T14:16:04.353050
AUD-fcb6b864,CASE-2418,CASE_CREATED,SYSTEM,SYSTEM,"Case initialized for CHECKOUT_ABANDONMENT amount ₹8,500.00","{""amount_at_risk"": 8500.0, ""score"": 72, ""policy"": ""HUMAN""}",2026-08-27T22:16:04.353050
AUD-a782ec74,CASE-2419,CASE_CREATED,SYSTEM,SYSTEM,"Case initialized for CHECKOUT_ABANDONMENT amount ₹1,200.00","{""amount_at_risk"": 1200.0, ""score"": 66, ""policy"": ""AUTO""}",2026-08-26T18:16:04.353050
AUD-f2f24484,CASE-2420,CASE_CREATED,SYSTEM,SYSTEM,"Case initialized for CHECKOUT_ABANDONMENT amount ₹2,999.00","{""amount_at_risk"": 2999.0, ""score"": 83, ""policy"": ""AUTO""}",2026-08-27T07:16:04.355065
AUD-b91b5b7c,CASE-2421,CASE_CREATED,SYSTEM,SYSTEM,"Case initialized for CHECKOUT_ABANDONMENT amount ₹1,200.00","{""amount_at_risk"": 1200.0, ""score"": 52, ""policy"": ""AUTO""}",2026-08-27T03:16:04.355065
AUD-a0d58012,CASE-2422,CASE_CREATED,SYSTEM,SYSTEM,"Case initialized for CHECKOUT_ABANDONMENT amount ₹4,800.00","{""amount_at_risk"": 4800.0, ""score"": 66, ""policy"": ""AUTO""}",2026-08-26T19:16:04.355065
AUD-8526b385,CASE-2423,CASE_CREATED,SYSTEM,SYSTEM,"Case initialized for CHECKOUT_ABANDONMENT amount ₹8,500.00","{""amount_at_risk"": 8500.0, ""score"": 73, ""policy"": ""HUMAN""}",2026-08-27T22:16:04.356120
AUD-8d7e8041,CASE-2424,CASE_CREATED,SYSTEM,SYSTEM,"Case initialized for CHECKOUT_ABANDONMENT amount ₹8,500.00","{""amount_at_risk"": 8500.0, ""score"": 72, ""policy"": ""HUMAN""}",2026-08-26T22:16:04.356895
AUD-713ecbe2,CASE-2425,CASE_CREATED,SYSTEM,SYSTEM,"Case initialized for CHECKOUT_ABANDONMENT amount ₹1,200.00","{""amount_at_risk"": 1200.0, ""score"": 82, ""policy"": ""AUTO""}",2026-08-27T22:16:04.356895
AUD-ef446361,CASE-2426,CASE_CREATED,SYSTEM,SYSTEM,"Case initialized for CHECKOUT_ABANDONMENT amount ₹1,200.00","{""amount_at_risk"": 1200.0, ""score"": 82, ""policy"": ""AUTO""}",2026-08-28T01:16:04.356895
AUD-3f07448d,CASE-2427,CASE_CREATED,SYSTEM,SYSTEM,"Case initialized for CHECKOUT_ABANDONMENT amount ₹2,999.00","{""amount_at_risk"": 2999.0, ""score"": 73, ""policy"": ""AUTO""}",2026-08-27T15:16:04.356895
AUD-671032f4,CASE-2428,CASE_CREATED,SYSTEM,SYSTEM,"Case initialized for CHECKOUT_ABANDONMENT amount ₹1,200.00","{""amount_at_risk"": 1200.0, ""score"": 80, ""policy"": ""AUTO""}",2026-08-26T23:16:04.356895
AUD-feef4156,CASE-2429,CASE_CREATED,SYSTEM,SYSTEM,"Case initialized for CHECKOUT_ABANDONMENT amount ₹2,999.00","{""amount_at_risk"": 2999.0, ""score"": 76, ""policy"": ""AUTO""}",2026-08-28T04:16:04.358910
AUD-eafc31f3,CASE-2430,CASE_CREATED,SYSTEM,SYSTEM,"Case initialized for CHECKOUT_ABANDONMENT amount ₹2,999.00","{""amount_at_risk"": 2999.0, ""score"": 58, ""policy"": ""AUTO""}",2026-08-28T03:16:04.358910
AUD-550a54de,CASE-2431,CASE_CREATED,SYSTEM,SYSTEM,"Case initialized for CHECKOUT_ABANDONMENT amount ₹1,200.00","{""amount_at_risk"": 1200.0, ""score"": 60, ""policy"": ""AUTO""}",2026-08-27T11:16:04.358910
AUD-4a63ec5b,CASE-2432,CASE_CREATED,SYSTEM,SYSTEM,"Case initialized for CHECKOUT_ABANDONMENT amount ₹1,200.00","{""amount_at_risk"": 1200.0, ""score"": 68, ""policy"": ""AUTO""}",2026-08-26T22:16:04.358910
AUD-e94381e1,CASE-2433,CASE_CREATED,SYSTEM,SYSTEM,"Case initialized for CHECKOUT_ABANDONMENT amount ₹8,500.00","{""amount_at_risk"": 8500.0, ""score"": 80, ""policy"": ""HUMAN""}",2026-08-26T22:16:04.358910
AUD-5e4db193,CASE-2434,CASE_CREATED,SYSTEM,SYSTEM,"Case initialized for CHECKOUT_ABANDONMENT amount ₹2,999.00","{""amount_at_risk"": 2999.0, ""score"": 87, ""policy"": ""AUTO""}",2026-08-26T14:16:04.358910
AUD-00cc0fb3,CASE-2435,CASE_CREATED,SYSTEM,SYSTEM,"Case initialized for CHECKOUT_ABANDONMENT amount ₹4,800.00","{""amount_at_risk"": 4800.0, ""score"": 79, ""policy"": ""AUTO""}",2026-08-27T12:16:04.360963
AUD-cea5ae92,CASE-2436,CASE_CREATED,SYSTEM,SYSTEM,"Case initialized for CHECKOUT_ABANDONMENT amount ₹2,999.00","{""amount_at_risk"": 2999.0, ""score"": 56, ""policy"": ""AUTO""}",2026-08-27T04:16:04.360963
AUD-58bbfc85,CASE-2437,CASE_CREATED,SYSTEM,SYSTEM,"Case initialized for CHECKOUT_ABANDONMENT amount ₹8,500.00","{""amount_at_risk"": 8500.0, ""score"": 59, ""policy"": ""HUMAN""}",2026-08-26T21:16:04.360963
AUD-dcd9cd5e,CASE-2438,CASE_CREATED,SYSTEM,SYSTEM,"Case initialized for CHECKOUT_ABANDONMENT amount ₹1,200.00","{""amount_at_risk"": 1200.0, ""score"": 84, ""policy"": ""AUTO""}",2026-08-27T06:16:04.360963
AUD-18486108,CASE-2439,CASE_CREATED,SYSTEM,SYSTEM,"Case initialized for CHECKOUT_ABANDONMENT amount ₹2,999.00","{""amount_at_risk"": 2999.0, ""score"": 88, ""policy"": ""AUTO""}",2026-08-26T19:16:04.362479
AUD-fbfe1ce8,CASE-2440,CASE_CREATED,SYSTEM,SYSTEM,"Case initialized for CHECKOUT_ABANDONMENT amount ₹8,500.00","{""amount_at_risk"": 8500.0, ""score"": 83, ""policy"": ""HUMAN""}",2026-08-26T16:16:04.362479
AUD-52a8f50d,CASE-2441,CASE_CREATED,SYSTEM,SYSTEM,"Case initialized for CHECKOUT_ABANDONMENT amount ₹8,500.00","{""amount_at_risk"": 8500.0, ""score"": 64, ""policy"": ""HUMAN""}",2026-08-26T23:16:04.362479
AUD-2443f4c2,CASE-2442,CASE_CREATED,SYSTEM,SYSTEM,"Case initialized for CHECKOUT_ABANDONMENT amount ₹1,200.00","{""amount_at_risk"": 1200.0, ""score"": 77, ""policy"": ""AUTO""}",2026-08-27T22:16:04.362479
AUD-2e6bd598,CASE-2443,CASE_CREATED,SYSTEM,SYSTEM,"Case initialized for CHECKOUT_ABANDONMENT amount ₹1,200.00","{""amount_at_risk"": 1200.0, ""score"": 68, ""policy"": ""AUTO""}",2026-08-28T00:16:04.364504
AUD-d8af03b8,CASE-2444,CASE_CREATED,SYSTEM,SYSTEM,"Case initialized for CHECKOUT_ABANDONMENT amount ₹1,200.00","{""amount_at_risk"": 1200.0, ""score"": 50, ""policy"": ""AUTO""}",2026-08-28T12:16:04.365031
AUD-ef4f43ce,CASE-2445,CASE_CREATED,SYSTEM,SYSTEM,"Case initialized for CHECKOUT_ABANDONMENT amount ₹8,500.00","{""amount_at_risk"": 8500.0, ""score"": 63, ""policy"": ""HUMAN""}",2026-08-28T06:16:04.365031
AUD-7bd24826,CASE-2446,CASE_CREATED,SYSTEM,SYSTEM,"Case initialized for CHECKOUT_ABANDONMENT amount ₹2,999.00","{""amount_at_risk"": 2999.0, ""score"": 77, ""policy"": ""AUTO""}",2026-08-27T02:16:04.365031
AUD-5892aa45,CASE-2447,CASE_CREATED,SYSTEM,SYSTEM,"Case initialized for CHECKOUT_ABANDONMENT amount ₹8,500.00","{""amount_at_risk"": 8500.0, ""score"": 86, ""policy"": ""HUMAN""}",2026-08-27T11:16:04.365031
AUD-db3acdf2,CASE-2448,CASE_CREATED,SYSTEM,SYSTEM,"Case initialized for CHECKOUT_ABANDONMENT amount ₹2,999.00","{""amount_at_risk"": 2999.0, ""score"": 76, ""policy"": ""AUTO""}",2026-08-27T13:16:04.365031
AUD-752339d0,CASE-2449,CASE_CREATED,SYSTEM,SYSTEM,"Case initialized for CHECKOUT_ABANDONMENT amount ₹8,500.00","{""amount_at_risk"": 8500.0, ""score"": 66, ""policy"": ""HUMAN""}",2026-08-27T11:16:04.365031
AUD-1599b89c,CASE-2450,CASE_CREATED,SYSTEM,SYSTEM,"Case initialized for CHECKOUT_ABANDONMENT amount ₹2,999.00","{""amount_at_risk"": 2999.0, ""score"": 57, ""policy"": ""AUTO""}",2026-08-28T02:16:04.365031
AUD-20f9e11a,CASE-2451,CASE_CREATED,SYSTEM,SYSTEM,"Case initialized for CHECKOUT_ABANDONMENT amount ₹1,200.00","{""amount_at_risk"": 1200.0, ""score"": 63, ""policy"": ""AUTO""}",2026-08-27T01:16:04.367812
AUD-e453bf77,CASE-2452,CASE_CREATED,SYSTEM,SYSTEM,"Case initialized for CHECKOUT_ABANDONMENT amount ₹1,200.00","{""amount_at_risk"": 1200.0, ""score"": 60, ""policy"": ""AUTO""}",2026-08-28T03:16:04.367812
AUD-274ae13a,CASE-2453,CASE_CREATED,SYSTEM,SYSTEM,"Case initialized for CHECKOUT_ABANDONMENT amount ₹8,500.00","{""amount_at_risk"": 8500.0, ""score"": 88, ""policy"": ""HUMAN""}",2026-08-27T20:16:04.367812
AUD-c7aeff8e,CASE-2454,CASE_CREATED,SYSTEM,SYSTEM,"Case initialized for CHECKOUT_ABANDONMENT amount ₹2,999.00","{""amount_at_risk"": 2999.0, ""score"": 73, ""policy"": ""AUTO""}",2026-08-27T12:16:04.367812
AUD-95b65a59,CASE-2455,CASE_CREATED,SYSTEM,SYSTEM,"Case initialized for CHECKOUT_ABANDONMENT amount ₹8,500.00","{""amount_at_risk"": 8500.0, ""score"": 89, ""policy"": ""HUMAN""}",2026-08-26T22:16:04.367812
AUD-edc97295,CASE-2456,CASE_CREATED,SYSTEM,SYSTEM,"Case initialized for CHECKOUT_ABANDONMENT amount ₹1,200.00","{""amount_at_risk"": 1200.0, ""score"": 61, ""policy"": ""AUTO""}",2026-08-28T00:16:04.369823
AUD-b2804509,CASE-2457,CASE_CREATED,SYSTEM,SYSTEM,"Case initialized for CHECKOUT_ABANDONMENT amount ₹4,800.00","{""amount_at_risk"": 4800.0, ""score"": 62, ""policy"": ""AUTO""}",2026-08-28T02:16:04.369823
AUD-467f071c,CASE-2458,CASE_CREATED,SYSTEM,SYSTEM,"Case initialized for CHECKOUT_ABANDONMENT amount ₹1,200.00","{""amount_at_risk"": 1200.0, ""score"": 73, ""policy"": ""AUTO""}",2026-08-28T07:16:04.370665
AUD-d54b477a,CASE-2459,CASE_CREATED,SYSTEM,SYSTEM,"Case initialized for CHECKOUT_ABANDONMENT amount ₹4,800.00","{""amount_at_risk"": 4800.0, ""score"": 75, ""policy"": ""AUTO""}",2026-08-26T23:16:04.370665
AUD-5fcf8c7c,CASE-2460,CASE_CREATED,SYSTEM,SYSTEM,"Case initialized for CHECKOUT_ABANDONMENT amount ₹2,999.00","{""amount_at_risk"": 2999.0, ""score"": 83, ""policy"": ""AUTO""}",2026-08-27T01:16:04.370665
AUD-3a205b62,CASE-2461,CASE_CREATED,SYSTEM,SYSTEM,"Case initialized for CHECKOUT_ABANDONMENT amount ₹4,800.00","{""amount_at_risk"": 4800.0, ""score"": 85, ""policy"": ""AUTO""}",2026-08-27T19:16:04.370665
AUD-c4faa0c8,CASE-2462,CASE_CREATED,SYSTEM,SYSTEM,"Case initialized for CHECKOUT_ABANDONMENT amount ₹2,999.00","{""amount_at_risk"": 2999.0, ""score"": 88, ""policy"": ""AUTO""}",2026-08-27T00:16:04.370665
AUD-06a60324,CASE-2463,CASE_CREATED,SYSTEM,SYSTEM,"Case initialized for CHECKOUT_ABANDONMENT amount ₹1,200.00","{""amount_at_risk"": 1200.0, ""score"": 66, ""policy"": ""AUTO""}",2026-08-28T06:16:04.372767
AUD-a31f0990,CASE-2464,CASE_CREATED,SYSTEM,SYSTEM,"Case initialized for CHECKOUT_ABANDONMENT amount ₹1,200.00","{""amount_at_risk"": 1200.0, ""score"": 82, ""policy"": ""AUTO""}",2026-08-27T04:16:04.372767
AUD-2aae59c6,CASE-2465,CASE_CREATED,SYSTEM,SYSTEM,"Case initialized for CHECKOUT_ABANDONMENT amount ₹4,800.00","{""amount_at_risk"": 4800.0, ""score"": 84, ""policy"": ""AUTO""}",2026-08-27T08:16:04.372767
AUD-e66f0005,CASE-2466,CASE_CREATED,SYSTEM,SYSTEM,"Case initialized for CHECKOUT_ABANDONMENT amount ₹8,500.00","{""amount_at_risk"": 8500.0, ""score"": 86, ""policy"": ""HUMAN""}",2026-08-27T07:16:04.372767
AUD-06b9e434,CASE-2467,CASE_CREATED,SYSTEM,SYSTEM,"Case initialized for CHECKOUT_ABANDONMENT amount ₹8,500.00","{""amount_at_risk"": 8500.0, ""score"": 87, ""policy"": ""HUMAN""}",2026-08-27T20:16:04.372767
AUD-0557696f,CASE-2468,CASE_CREATED,SYSTEM,SYSTEM,"Case initialized for CHECKOUT_ABANDONMENT amount ₹1,200.00","{""amount_at_risk"": 1200.0, ""score"": 74, ""policy"": ""AUTO""}",2026-08-27T10:16:04.372767
AUD-301472e0,CASE-2469,CASE_CREATED,SYSTEM,SYSTEM,"Case initialized for CHECKOUT_ABANDONMENT amount ₹4,800.00","{""amount_at_risk"": 4800.0, ""score"": 83, ""policy"": ""AUTO""}",2026-08-27T20:16:04.375289
AUD-2bc80794,CASE-2470,CASE_CREATED,SYSTEM,SYSTEM,"Case initialized for CHECKOUT_ABANDONMENT amount ₹2,999.00","{""amount_at_risk"": 2999.0, ""score"": 68, ""policy"": ""AUTO""}",2026-08-26T13:16:04.375289
AUD-251d57ec,CASE-2471,CASE_CREATED,SYSTEM,SYSTEM,"Case initialized for CHECKOUT_ABANDONMENT amount ₹4,800.00","{""amount_at_risk"": 4800.0, ""score"": 54, ""policy"": ""AUTO""}",2026-08-27T16:16:04.375289
AUD-96069ea2,CASE-2472,CASE_CREATED,SYSTEM,SYSTEM,"Case initialized for CHECKOUT_ABANDONMENT amount ₹4,800.00","{""amount_at_risk"": 4800.0, ""score"": 63, ""policy"": ""AUTO""}",2026-08-26T13:16:04.375289
AUD-6a3d0ae9,CASE-2473,CASE_CREATED,SYSTEM,SYSTEM,"Case initialized for CHECKOUT_ABANDONMENT amount ₹2,999.00","{""amount_at_risk"": 2999.0, ""score"": 81, ""policy"": ""AUTO""}",2026-08-27T21:16:04.375289
AUD-347b0d9d,CASE-2474,CASE_CREATED,SYSTEM,SYSTEM,"Case initialized for CHECKOUT_ABANDONMENT amount ₹4,800.00","{""amount_at_risk"": 4800.0, ""score"": 63, ""policy"": ""AUTO""}",2026-08-26T21:16:04.375289
AUD-7073f827,CASE-2475,CASE_CREATED,SYSTEM,SYSTEM,"Case initialized for CHECKOUT_ABANDONMENT amount ₹4,800.00","{""amount_at_risk"": 4800.0, ""score"": 59, ""policy"": ""AUTO""}",2026-08-26T17:16:04.375289
AUD-af030ff7,CASE-2476,CASE_CREATED,SYSTEM,SYSTEM,"Case initialized for CHECKOUT_ABANDONMENT amount ₹8,500.00","{""amount_at_risk"": 8500.0, ""score"": 89, ""policy"": ""HUMAN""}",2026-08-27T13:16:04.377854
AUD-9d25a731,CASE-2477,CASE_CREATED,SYSTEM,SYSTEM,"Case initialized for CHECKOUT_ABANDONMENT amount ₹4,800.00","{""amount_at_risk"": 4800.0, ""score"": 81, ""policy"": ""AUTO""}",2026-08-28T01:16:04.377854
AUD-46f20572,CASE-2478,CASE_CREATED,SYSTEM,SYSTEM,"Case initialized for CHECKOUT_ABANDONMENT amount ₹4,800.00","{""amount_at_risk"": 4800.0, ""score"": 75, ""policy"": ""AUTO""}",2026-08-27T03:16:04.377854
AUD-a0981bc3,CASE-2479,CASE_CREATED,SYSTEM,SYSTEM,"Case initialized for CHECKOUT_ABANDONMENT amount ₹8,500.00","{""amount_at_risk"": 8500.0, ""score"": 80, ""policy"": ""HUMAN""}",2026-08-27T14:16:04.377854
AUD-66c1687c,CASE-2480,CASE_CREATED,SYSTEM,SYSTEM,"Case initialized for CHECKOUT_ABANDONMENT amount ₹8,500.00","{""amount_at_risk"": 8500.0, ""score"": 61, ""policy"": ""HUMAN""}",2026-08-27T03:16:04.377854
AUD-72406791,CASE-2481,CASE_CREATED,SYSTEM,SYSTEM,"Case initialized for CHECKOUT_ABANDONMENT amount ₹8,500.00","{""amount_at_risk"": 8500.0, ""score"": 70, ""policy"": ""HUMAN""}",2026-08-27T23:16:04.377854
AUD-4d0aac5d,CASE-2482,CASE_CREATED,SYSTEM,SYSTEM,"Case initialized for CHECKOUT_ABANDONMENT amount ₹8,500.00","{""amount_at_risk"": 8500.0, ""score"": 87, ""policy"": ""HUMAN""}",2026-08-26T21:16:04.377854
AUD-df990b8c,CASE-2483,CASE_CREATED,SYSTEM,SYSTEM,"Case initialized for CHECKOUT_ABANDONMENT amount ₹4,800.00","{""amount_at_risk"": 4800.0, ""score"": 61, ""policy"": ""AUTO""}",2026-08-27T19:16:04.380370
AUD-f748620b,CASE-2484,CASE_CREATED,SYSTEM,SYSTEM,"Case initialized for CHECKOUT_ABANDONMENT amount ₹8,500.00","{""amount_at_risk"": 8500.0, ""score"": 89, ""policy"": ""HUMAN""}",2026-08-27T05:16:04.380370
AUD-d758840d,CASE-2485,CASE_CREATED,SYSTEM,SYSTEM,"Case initialized for CHECKOUT_ABANDONMENT amount ₹8,500.00","{""amount_at_risk"": 8500.0, ""score"": 63, ""policy"": ""HUMAN""}",2026-08-27T11:16:04.380370
AUD-65bff345,CASE-2486,CASE_CREATED,SYSTEM,SYSTEM,"Case initialized for CHECKOUT_ABANDONMENT amount ₹4,800.00","{""amount_at_risk"": 4800.0, ""score"": 78, ""policy"": ""AUTO""}",2026-08-26T17:16:04.380370
AUD-d932f431,CASE-2487,CASE_CREATED,SYSTEM,SYSTEM,"Case initialized for CHECKOUT_ABANDONMENT amount ₹2,999.00","{""amount_at_risk"": 2999.0, ""score"": 56, ""policy"": ""AUTO""}",2026-08-27T09:16:04.380370
AUD-f68eb025,CASE-2488,CASE_CREATED,SYSTEM,SYSTEM,"Case initialized for CHECKOUT_ABANDONMENT amount ₹8,500.00","{""amount_at_risk"": 8500.0, ""score"": 62, ""policy"": ""HUMAN""}",2026-08-28T12:16:04.382388
AUD-05ae4773,CASE-2489,CASE_CREATED,SYSTEM,SYSTEM,"Case initialized for CHECKOUT_ABANDONMENT amount ₹2,999.00","{""amount_at_risk"": 2999.0, ""score"": 76, ""policy"": ""AUTO""}",2026-08-27T03:16:04.382388
AUD-07d2ccd5,CASE-2490,CASE_CREATED,SYSTEM,SYSTEM,"Case initialized for CHECKOUT_ABANDONMENT amount ₹4,800.00","{""amount_at_risk"": 4800.0, ""score"": 81, ""policy"": ""AUTO""}",2026-08-27T00:16:04.382388
AUD-410843d9,CASE-2491,CASE_CREATED,SYSTEM,SYSTEM,"Case initialized for CHECKOUT_ABANDONMENT amount ₹1,200.00","{""amount_at_risk"": 1200.0, ""score"": 75, ""policy"": ""AUTO""}",2026-08-27T23:16:04.382388
AUD-f09f1dd8,CASE-2492,CASE_CREATED,SYSTEM,SYSTEM,"Case initialized for CHECKOUT_ABANDONMENT amount ₹4,800.00","{""amount_at_risk"": 4800.0, ""score"": 80, ""policy"": ""AUTO""}",2026-08-27T15:16:04.382388
AUD-dc05f67b,CASE-2493,CASE_CREATED,SYSTEM,SYSTEM,"Case initialized for CHECKOUT_ABANDONMENT amount ₹4,800.00","{""amount_at_risk"": 4800.0, ""score"": 73, ""policy"": ""AUTO""}",2026-08-28T11:16:04.382388
AUD-905c47d4,CASE-2494,CASE_CREATED,SYSTEM,SYSTEM,"Case initialized for CHECKOUT_ABANDONMENT amount ₹8,500.00","{""amount_at_risk"": 8500.0, ""score"": 57, ""policy"": ""HUMAN""}",2026-08-27T00:16:04.382388
AUD-e9b19c01,CASE-2495,CASE_CREATED,SYSTEM,SYSTEM,"Case initialized for CHECKOUT_ABANDONMENT amount ₹2,999.00","{""amount_at_risk"": 2999.0, ""score"": 68, ""policy"": ""AUTO""}",2026-08-27T04:16:04.382388
AUD-bea9f054,CASE-2496,CASE_CREATED,SYSTEM,SYSTEM,"Case initialized for CHECKOUT_ABANDONMENT amount ₹8,500.00","{""amount_at_risk"": 8500.0, ""score"": 78, ""policy"": ""HUMAN""}",2026-08-27T18:16:04.382388
AUD-24c0d983,CASE-2497,CASE_CREATED,SYSTEM,SYSTEM,"Case initialized for CHECKOUT_ABANDONMENT amount ₹8,500.00","{""amount_at_risk"": 8500.0, ""score"": 90, ""policy"": ""HUMAN""}",2026-08-27T15:16:04.382388
AUD-6fe0548b,CASE-2498,CASE_CREATED,SYSTEM,SYSTEM,"Case initialized for CHECKOUT_ABANDONMENT amount ₹8,500.00","{""amount_at_risk"": 8500.0, ""score"": 90, ""policy"": ""HUMAN""}",2026-08-28T07:16:04.382388
AUD-79d4ff0b,CASE-2499,CASE_CREATED,SYSTEM,SYSTEM,"Case initialized for CHECKOUT_ABANDONMENT amount ₹2,999.00","{""amount_at_risk"": 2999.0, ""score"": 71, ""policy"": ""AUTO""}",2026-08-26T19:16:04.385065
AUD-e77e937d,CASE-2500,CASE_CREATED,SYSTEM,SYSTEM,"Case initialized for CHECKOUT_ABANDONMENT amount ₹4,800.00","{""amount_at_risk"": 4800.0, ""score"": 67, ""policy"": ""AUTO""}",2026-08-27T13:16:04.385065
AUD-cb5f31a8,CASE-2501,CASE_CREATED,SYSTEM,SYSTEM,"Case initialized for CHECKOUT_ABANDONMENT amount ₹8,500.00","{""amount_at_risk"": 8500.0, ""score"": 76, ""policy"": ""HUMAN""}",2026-08-28T04:16:04.385065
AUD-685b2c1c,CASE-2502,CASE_CREATED,SYSTEM,SYSTEM,"Case initialized for CHECKOUT_ABANDONMENT amount ₹2,999.00","{""amount_at_risk"": 2999.0, ""score"": 66, ""policy"": ""AUTO""}",2026-08-27T11:16:04.385065
AUD-f684a404,CASE-2503,CASE_CREATED,SYSTEM,SYSTEM,"Case initialized for CHECKOUT_ABANDONMENT amount ₹1,200.00","{""amount_at_risk"": 1200.0, ""score"": 56, ""policy"": ""AUTO""}",2026-08-28T09:16:04.385065
AUD-48b62531,CASE-2504,CASE_CREATED,SYSTEM,SYSTEM,"Case initialized for CHECKOUT_ABANDONMENT amount ₹1,200.00","{""amount_at_risk"": 1200.0, ""score"": 75, ""policy"": ""AUTO""}",2026-08-27T20:16:04.386638
AUD-99e9742b,CASE-2505,CASE_CREATED,SYSTEM,SYSTEM,"Case initialized for CHECKOUT_ABANDONMENT amount ₹2,999.00","{""amount_at_risk"": 2999.0, ""score"": 55, ""policy"": ""AUTO""}",2026-08-27T21:16:04.386638
AUD-cc0918d8,CASE-2506,CASE_CREATED,SYSTEM,SYSTEM,"Case initialized for CHECKOUT_ABANDONMENT amount ₹4,800.00","{""amount_at_risk"": 4800.0, ""score"": 78, ""policy"": ""AUTO""}",2026-08-28T02:16:04.387293
AUD-d761cfd1,CASE-2507,CASE_CREATED,SYSTEM,SYSTEM,"Case initialized for CHECKOUT_ABANDONMENT amount ₹1,200.00","{""amount_at_risk"": 1200.0, ""score"": 52, ""policy"": ""AUTO""}",2026-08-27T07:16:04.387293
AUD-cca80b7b,CASE-2508,CASE_CREATED,SYSTEM,SYSTEM,"Case initialized for CHECKOUT_ABANDONMENT amount ₹4,800.00","{""amount_at_risk"": 4800.0, ""score"": 85, ""policy"": ""AUTO""}",2026-08-27T02:16:04.387293
AUD-ab9a401b,CASE-2509,CASE_CREATED,SYSTEM,SYSTEM,"Case initialized for CHECKOUT_ABANDONMENT amount ₹2,999.00","{""amount_at_risk"": 2999.0, ""score"": 87, ""policy"": ""AUTO""}",2026-08-26T20:16:04.387293
AUD-e298e67c,CASE-2510,CASE_CREATED,SYSTEM,SYSTEM,"Case initialized for CHECKOUT_ABANDONMENT amount ₹4,800.00","{""amount_at_risk"": 4800.0, ""score"": 72, ""policy"": ""AUTO""}",2026-08-27T08:16:04.387293
AUD-04caf001,CASE-2511,CASE_CREATED,SYSTEM,SYSTEM,"Case initialized for CHECKOUT_ABANDONMENT amount ₹4,800.00","{""amount_at_risk"": 4800.0, ""score"": 73, ""policy"": ""AUTO""}",2026-08-27T17:16:04.387293
AUD-989b7cb8,CASE-2512,CASE_CREATED,SYSTEM,SYSTEM,"Case initialized for CHECKOUT_ABANDONMENT amount ₹1,200.00","{""amount_at_risk"": 1200.0, ""score"": 50, ""policy"": ""AUTO""}",2026-08-27T18:16:04.387293
AUD-39a38739,CASE-2513,CASE_CREATED,SYSTEM,SYSTEM,"Case initialized for CHECKOUT_ABANDONMENT amount ₹8,500.00","{""amount_at_risk"": 8500.0, ""score"": 84, ""policy"": ""HUMAN""}",2026-08-27T17:16:04.389417
AUD-10c77140,CASE-2514,CASE_CREATED,SYSTEM,SYSTEM,"Case initialized for CHECKOUT_ABANDONMENT amount ₹1,200.00","{""amount_at_risk"": 1200.0, ""score"": 77, ""policy"": ""AUTO""}",2026-08-27T01:16:04.389953
AUD-d5b6c18b,CASE-2515,CASE_CREATED,SYSTEM,SYSTEM,"Case initialized for CHECKOUT_ABANDONMENT amount ₹4,800.00","{""amount_at_risk"": 4800.0, ""score"": 62, ""policy"": ""AUTO""}",2026-08-27T21:16:04.389953
AUD-2aac5760,CASE-2516,CASE_CREATED,SYSTEM,SYSTEM,"Case initialized for CHECKOUT_ABANDONMENT amount ₹2,999.00","{""amount_at_risk"": 2999.0, ""score"": 74, ""policy"": ""AUTO""}",2026-08-28T07:16:04.389953
AUD-9478ec95,CASE-2517,CASE_CREATED,SYSTEM,SYSTEM,"Case initialized for CHECKOUT_ABANDONMENT amount ₹8,500.00","{""amount_at_risk"": 8500.0, ""score"": 90, ""policy"": ""HUMAN""}",2026-08-26T19:16:04.389953
AUD-2f67f049,CASE-2518,CASE_CREATED,SYSTEM,SYSTEM,"Case initialized for CHECKOUT_ABANDONMENT amount ₹4,800.00","{""amount_at_risk"": 4800.0, ""score"": 76, ""policy"": ""AUTO""}",2026-08-28T04:16:04.389953
AUD-a8acd4d2,CASE-2519,CASE_CREATED,SYSTEM,SYSTEM,"Case initialized for CHECKOUT_ABANDONMENT amount ₹4,800.00","{""amount_at_risk"": 4800.0, ""score"": 57, ""policy"": ""AUTO""}",2026-08-26T16:16:04.389953
AUD-018713bd,CASE-2520,CASE_CREATED,SYSTEM,SYSTEM,"Case initialized for CHECKOUT_ABANDONMENT amount ₹8,500.00","{""amount_at_risk"": 8500.0, ""score"": 62, ""policy"": ""HUMAN""}",2026-08-28T09:16:04.391967
AUD-5eaf0927,CASE-2521,CASE_CREATED,SYSTEM,SYSTEM,"Case initialized for CHECKOUT_ABANDONMENT amount ₹1,200.00","{""amount_at_risk"": 1200.0, ""score"": 61, ""policy"": ""AUTO""}",2026-08-28T04:16:04.391967
AUD-b2f89cd8,CASE-2522,CASE_CREATED,SYSTEM,SYSTEM,"Case initialized for CHECKOUT_ABANDONMENT amount ₹8,500.00","{""amount_at_risk"": 8500.0, ""score"": 50, ""policy"": ""HUMAN""}",2026-08-28T12:16:04.391967
AUD-cfba9c4f,CASE-2523,CASE_CREATED,SYSTEM,SYSTEM,"Case initialized for CHECKOUT_ABANDONMENT amount ₹8,500.00","{""amount_at_risk"": 8500.0, ""score"": 63, ""policy"": ""HUMAN""}",2026-08-27T05:16:04.391967
AUD-ef7f7c53,CASE-2524,CASE_CREATED,SYSTEM,SYSTEM,"Case initialized for CHECKOUT_ABANDONMENT amount ₹4,800.00","{""amount_at_risk"": 4800.0, ""score"": 79, ""policy"": ""AUTO""}",2026-08-28T03:16:04.391967
AUD-ad51ee29,CASE-2525,CASE_CREATED,SYSTEM,SYSTEM,"Case initialized for CHECKOUT_ABANDONMENT amount ₹1,200.00","{""amount_at_risk"": 1200.0, ""score"": 67, ""policy"": ""AUTO""}",2026-08-27T06:16:04.391967
AUD-f8ce1d4f,CASE-2526,CASE_CREATED,SYSTEM,SYSTEM,"Case initialized for CHECKOUT_ABANDONMENT amount ₹2,999.00","{""amount_at_risk"": 2999.0, ""score"": 62, ""policy"": ""AUTO""}",2026-08-28T05:16:04.391967
AUD-2396f1c3,CASE-2527,CASE_CREATED,SYSTEM,SYSTEM,"Case initialized for CHECKOUT_ABANDONMENT amount ₹2,999.00","{""amount_at_risk"": 2999.0, ""score"": 74, ""policy"": ""AUTO""}",2026-08-28T10:16:04.391967
AUD-f91668ec,CASE-2528,CASE_CREATED,SYSTEM,SYSTEM,"Case initialized for CHECKOUT_ABANDONMENT amount ₹2,999.00","{""amount_at_risk"": 2999.0, ""score"": 79, ""policy"": ""AUTO""}",2026-08-27T12:16:04.394979
AUD-75e50620,CASE-2529,CASE_CREATED,SYSTEM,SYSTEM,"Case initialized for CHECKOUT_ABANDONMENT amount ₹4,800.00","{""amount_at_risk"": 4800.0, ""score"": 70, ""policy"": ""AUTO""}",2026-08-27T01:16:04.394979
AUD-2a32e12a,CASE-2530,CASE_CREATED,SYSTEM,SYSTEM,"Case initialized for CHECKOUT_ABANDONMENT amount ₹1,200.00","{""amount_at_risk"": 1200.0, ""score"": 66, ""policy"": ""AUTO""}",2026-08-27T13:16:04.394979
AUD-edea81c4,CASE-2531,CASE_CREATED,SYSTEM,SYSTEM,"Case initialized for CHECKOUT_ABANDONMENT amount ₹1,200.00","{""amount_at_risk"": 1200.0, ""score"": 63, ""policy"": ""AUTO""}",2026-08-27T09:16:04.394979
AUD-47e6de57,CASE-2532,CASE_CREATED,SYSTEM,SYSTEM,"Case initialized for CHECKOUT_ABANDONMENT amount ₹4,800.00","{""amount_at_risk"": 4800.0, ""score"": 50, ""policy"": ""AUTO""}",2026-08-28T05:16:04.394979
AUD-3d9ce6fd,CASE-2533,CASE_CREATED,SYSTEM,SYSTEM,"Case initialized for CHECKOUT_ABANDONMENT amount ₹8,500.00","{""amount_at_risk"": 8500.0, ""score"": 65, ""policy"": ""HUMAN""}",2026-08-26T16:16:04.394979
AUD-d827a5cf,CASE-2534,CASE_CREATED,SYSTEM,SYSTEM,"Case initialized for CHECKOUT_ABANDONMENT amount ₹8,500.00","{""amount_at_risk"": 8500.0, ""score"": 88, ""policy"": ""HUMAN""}",2026-08-27T21:16:04.394979
AUD-e3e5984e,CASE-2535,CASE_CREATED,SYSTEM,SYSTEM,"Case initialized for CHECKOUT_ABANDONMENT amount ₹2,999.00","{""amount_at_risk"": 2999.0, ""score"": 81, ""policy"": ""AUTO""}",2026-08-28T09:16:04.397053
AUD-f9c3955a,CASE-2536,CASE_CREATED,SYSTEM,SYSTEM,"Case initialized for CHECKOUT_ABANDONMENT amount ₹1,200.00","{""amount_at_risk"": 1200.0, ""score"": 72, ""policy"": ""AUTO""}",2026-08-27T05:16:04.397053
AUD-98b82adc,CASE-2537,CASE_CREATED,SYSTEM,SYSTEM,"Case initialized for CHECKOUT_ABANDONMENT amount ₹2,999.00","{""amount_at_risk"": 2999.0, ""score"": 70, ""policy"": ""AUTO""}",2026-08-26T14:16:04.397053
AUD-7441d62f,CASE-2538,CASE_CREATED,SYSTEM,SYSTEM,"Case initialized for CHECKOUT_ABANDONMENT amount ₹2,999.00","{""amount_at_risk"": 2999.0, ""score"": 51, ""policy"": ""AUTO""}",2026-08-28T04:16:04.397053
AUD-6cc2166e,CASE-2539,CASE_CREATED,SYSTEM,SYSTEM,"Case initialized for CHECKOUT_ABANDONMENT amount ₹4,800.00","{""amount_at_risk"": 4800.0, ""score"": 52, ""policy"": ""AUTO""}",2026-08-27T18:16:04.397053
AUD-3b25f3e9,CASE-2540,CASE_CREATED,SYSTEM,SYSTEM,"Case initialized for CHECKOUT_ABANDONMENT amount ₹8,500.00","{""amount_at_risk"": 8500.0, ""score"": 62, ""policy"": ""HUMAN""}",2026-08-27T14:16:04.397053
AUD-6e41d706,CASE-2541,CASE_CREATED,SYSTEM,SYSTEM,"Case initialized for CHECKOUT_ABANDONMENT amount ₹4,800.00","{""amount_at_risk"": 4800.0, ""score"": 79, ""policy"": ""AUTO""}",2026-08-27T03:16:04.397053
AUD-f26ef4f1,CASE-2542,CASE_CREATED,SYSTEM,SYSTEM,"Case initialized for CHECKOUT_ABANDONMENT amount ₹2,999.00","{""amount_at_risk"": 2999.0, ""score"": 78, ""policy"": ""AUTO""}",2026-08-27T13:16:04.397053
AUD-506474bf,CASE-2543,CASE_CREATED,SYSTEM,SYSTEM,"Case initialized for CHECKOUT_ABANDONMENT amount ₹8,500.00","{""amount_at_risk"": 8500.0, ""score"": 50, ""policy"": ""HUMAN""}",2026-08-28T01:16:04.397053
AUD-11f44714,CASE-2544,CASE_CREATED,SYSTEM,SYSTEM,"Case initialized for CHECKOUT_ABANDONMENT amount ₹1,200.00","{""amount_at_risk"": 1200.0, ""score"": 89, ""policy"": ""AUTO""}",2026-08-26T14:16:04.397053
AUD-d1167de6,CASE-2545,CASE_CREATED,SYSTEM,SYSTEM,"Case initialized for CHECKOUT_ABANDONMENT amount ₹1,200.00","{""amount_at_risk"": 1200.0, ""score"": 84, ""policy"": ""AUTO""}",2026-08-26T17:16:04.397053
AUD-fe17b383,CASE-2546,CASE_CREATED,SYSTEM,SYSTEM,"Case initialized for CHECKOUT_ABANDONMENT amount ₹8,500.00","{""amount_at_risk"": 8500.0, ""score"": 85, ""policy"": ""HUMAN""}",2026-08-27T10:16:04.397053
AUD-ce6bcaca,CASE-2547,CASE_CREATED,SYSTEM,SYSTEM,"Case initialized for CHECKOUT_ABANDONMENT amount ₹4,800.00","{""amount_at_risk"": 4800.0, ""score"": 57, ""policy"": ""AUTO""}",2026-08-28T04:16:04.397053
AUD-561e0fe8,CASE-2548,CASE_CREATED,SYSTEM,SYSTEM,"Case initialized for CHECKOUT_ABANDONMENT amount ₹2,999.00","{""amount_at_risk"": 2999.0, ""score"": 52, ""policy"": ""AUTO""}",2026-08-28T00:16:04.397053
AUD-cabaaaa8,CASE-2549,CASE_CREATED,SYSTEM,SYSTEM,"Case initialized for CHECKOUT_ABANDONMENT amount ₹1,200.00","{""amount_at_risk"": 1200.0, ""score"": 52, ""policy"": ""AUTO""}",2026-08-27T05:16:04.397053
AUD-13f32726,CASE-2550,CASE_CREATED,SYSTEM,SYSTEM,"Case initialized for CHECKOUT_ABANDONMENT amount ₹4,800.00","{""amount_at_risk"": 4800.0, ""score"": 53, ""policy"": ""AUTO""}",2026-08-26T15:16:04.397053
AUD-638d6654,CASE-2551,CASE_CREATED,SYSTEM,SYSTEM,"Case initialized for CHECKOUT_ABANDONMENT amount ₹1,200.00","{""amount_at_risk"": 1200.0, ""score"": 50, ""policy"": ""AUTO""}",2026-08-27T07:16:04.397053
AUD-37640b1b,CASE-2552,CASE_CREATED,SYSTEM,SYSTEM,"Case initialized for CHECKOUT_ABANDONMENT amount ₹1,200.00","{""amount_at_risk"": 1200.0, ""score"": 73, ""policy"": ""AUTO""}",2026-08-26T15:16:04.397053
AUD-e16cdfba,CASE-2553,CASE_CREATED,SYSTEM,SYSTEM,"Case initialized for CHECKOUT_ABANDONMENT amount ₹1,200.00","{""amount_at_risk"": 1200.0, ""score"": 89, ""policy"": ""AUTO""}",2026-08-28T08:16:04.402884
AUD-27dbb4c3,CASE-2554,CASE_CREATED,SYSTEM,SYSTEM,"Case initialized for CHECKOUT_ABANDONMENT amount ₹4,800.00","{""amount_at_risk"": 4800.0, ""score"": 54, ""policy"": ""AUTO""}",2026-08-26T14:16:04.403378
AUD-ba28d41a,CASE-2555,CASE_CREATED,SYSTEM,SYSTEM,"Case initialized for CHECKOUT_ABANDONMENT amount ₹2,999.00","{""amount_at_risk"": 2999.0, ""score"": 84, ""policy"": ""AUTO""}",2026-08-27T03:16:04.403378
AUD-b99a5e5d,CASE-2556,CASE_CREATED,SYSTEM,SYSTEM,"Case initialized for CHECKOUT_ABANDONMENT amount ₹2,999.00","{""amount_at_risk"": 2999.0, ""score"": 86, ""policy"": ""AUTO""}",2026-08-28T06:16:04.403378
AUD-b4b39620,CASE-2557,CASE_CREATED,SYSTEM,SYSTEM,"Case initialized for CHECKOUT_ABANDONMENT amount ₹4,800.00","{""amount_at_risk"": 4800.0, ""score"": 79, ""policy"": ""AUTO""}",2026-08-28T01:16:04.403378
AUD-fc87bd68,CASE-2558,CASE_CREATED,SYSTEM,SYSTEM,"Case initialized for CHECKOUT_ABANDONMENT amount ₹8,500.00","{""amount_at_risk"": 8500.0, ""score"": 82, ""policy"": ""HUMAN""}",2026-08-26T22:16:04.404775
AUD-ca403fd2,CASE-2559,CASE_CREATED,SYSTEM,SYSTEM,"Case initialized for CHECKOUT_ABANDONMENT amount ₹8,500.00","{""amount_at_risk"": 8500.0, ""score"": 72, ""policy"": ""HUMAN""}",2026-08-27T10:16:04.404775
AUD-9bd10f2e,CASE-2560,CASE_CREATED,SYSTEM,SYSTEM,"Case initialized for CHECKOUT_ABANDONMENT amount ₹8,500.00","{""amount_at_risk"": 8500.0, ""score"": 70, ""policy"": ""HUMAN""}",2026-08-27T01:16:04.405283
AUD-db382a78,CASE-2561,CASE_CREATED,SYSTEM,SYSTEM,"Case initialized for CHECKOUT_ABANDONMENT amount ₹4,800.00","{""amount_at_risk"": 4800.0, ""score"": 73, ""policy"": ""AUTO""}",2026-08-28T12:16:04.405283
AUD-7367f95d,CASE-2562,CASE_CREATED,SYSTEM,SYSTEM,"Case initialized for CHECKOUT_ABANDONMENT amount ₹1,200.00","{""amount_at_risk"": 1200.0, ""score"": 68, ""policy"": ""AUTO""}",2026-08-28T12:16:04.405901
AUD-fcfc9154,CASE-2563,CASE_CREATED,SYSTEM,SYSTEM,"Case initialized for CHECKOUT_ABANDONMENT amount ₹4,800.00","{""amount_at_risk"": 4800.0, ""score"": 64, ""policy"": ""AUTO""}",2026-08-26T16:16:04.405901
AUD-a6aa3e60,CASE-2564,CASE_CREATED,SYSTEM,SYSTEM,"Case initialized for CHECKOUT_ABANDONMENT amount ₹4,800.00","{""amount_at_risk"": 4800.0, ""score"": 85, ""policy"": ""AUTO""}",2026-08-28T10:16:04.405901
AUD-1a704fef,CASE-2565,CASE_CREATED,SYSTEM,SYSTEM,"Case initialized for CHECKOUT_ABANDONMENT amount ₹8,500.00","{""amount_at_risk"": 8500.0, ""score"": 72, ""policy"": ""HUMAN""}",2026-08-27T13:16:04.406499
AUD-eccfb05a,CASE-2566,CASE_CREATED,SYSTEM,SYSTEM,"Case initialized for CHECKOUT_ABANDONMENT amount ₹2,999.00","{""amount_at_risk"": 2999.0, ""score"": 64, ""policy"": ""AUTO""}",2026-08-27T00:16:04.407243
AUD-b414bc71,CASE-2567,CASE_CREATED,SYSTEM,SYSTEM,"Case initialized for CHECKOUT_ABANDONMENT amount ₹8,500.00","{""amount_at_risk"": 8500.0, ""score"": 86, ""policy"": ""HUMAN""}",2026-08-27T16:16:04.407243
AUD-ea490218,CASE-2568,CASE_CREATED,SYSTEM,SYSTEM,"Case initialized for CHECKOUT_ABANDONMENT amount ₹8,500.00","{""amount_at_risk"": 8500.0, ""score"": 61, ""policy"": ""HUMAN""}",2026-08-26T19:16:04.408756
AUD-c6895046,CASE-2569,CASE_CREATED,SYSTEM,SYSTEM,"Case initialized for CHECKOUT_ABANDONMENT amount ₹4,800.00","{""amount_at_risk"": 4800.0, ""score"": 52, ""policy"": ""AUTO""}",2026-08-28T09:16:04.408756
AUD-81c5a600,CASE-2570,CASE_CREATED,SYSTEM,SYSTEM,"Case initialized for CHECKOUT_ABANDONMENT amount ₹4,800.00","{""amount_at_risk"": 4800.0, ""score"": 72, ""policy"": ""AUTO""}",2026-08-27T22:16:04.408756
AUD-99287dd9,CASE-2571,CASE_CREATED,SYSTEM,SYSTEM,"Case initialized for CHECKOUT_ABANDONMENT amount ₹1,200.00","{""amount_at_risk"": 1200.0, ""score"": 90, ""policy"": ""AUTO""}",2026-08-27T03:16:04.408756
AUD-d92fde92,CASE-2572,CASE_CREATED,SYSTEM,SYSTEM,"Case initialized for CHECKOUT_ABANDONMENT amount ₹1,200.00","{""amount_at_risk"": 1200.0, ""score"": 70, ""policy"": ""AUTO""}",2026-08-27T04:16:04.408756
AUD-8d222481,CASE-2573,CASE_CREATED,SYSTEM,SYSTEM,"Case initialized for CHECKOUT_ABANDONMENT amount ₹2,999.00","{""amount_at_risk"": 2999.0, ""score"": 59, ""policy"": ""AUTO""}",2026-08-26T22:16:04.408756
AUD-5a6a0831,CASE-2574,CASE_CREATED,SYSTEM,SYSTEM,"Case initialized for CHECKOUT_ABANDONMENT amount ₹1,200.00","{""amount_at_risk"": 1200.0, ""score"": 64, ""policy"": ""AUTO""}",2026-08-28T03:16:04.408756
AUD-b6f06ea6,CASE-2575,CASE_CREATED,SYSTEM,SYSTEM,"Case initialized for CHECKOUT_ABANDONMENT amount ₹2,999.00","{""amount_at_risk"": 2999.0, ""score"": 71, ""policy"": ""AUTO""}",2026-08-26T13:16:04.408756
AUD-da3bdf51,CASE-2576,CASE_CREATED,SYSTEM,SYSTEM,"Case initialized for CHECKOUT_ABANDONMENT amount ₹1,200.00","{""amount_at_risk"": 1200.0, ""score"": 85, ""policy"": ""AUTO""}",2026-08-27T11:16:04.410804
AUD-f1604672,CASE-2577,CASE_CREATED,SYSTEM,SYSTEM,"Case initialized for CHECKOUT_ABANDONMENT amount ₹8,500.00","{""amount_at_risk"": 8500.0, ""score"": 58, ""policy"": ""HUMAN""}",2026-08-28T00:16:04.410804
AUD-c354a405,CASE-2578,CASE_CREATED,SYSTEM,SYSTEM,"Case initialized for CHECKOUT_ABANDONMENT amount ₹8,500.00","{""amount_at_risk"": 8500.0, ""score"": 75, ""policy"": ""HUMAN""}",2026-08-26T21:16:04.410804
AUD-221fcb94,CASE-2579,CASE_CREATED,SYSTEM,SYSTEM,"Case initialized for CHECKOUT_ABANDONMENT amount ₹2,999.00","{""amount_at_risk"": 2999.0, ""score"": 65, ""policy"": ""AUTO""}",2026-08-27T16:16:04.410804
AUD-cf57908f,CASE-2580,CASE_CREATED,SYSTEM,SYSTEM,"Case initialized for CHECKOUT_ABANDONMENT amount ₹1,200.00","{""amount_at_risk"": 1200.0, ""score"": 57, ""policy"": ""AUTO""}",2026-08-27T14:16:04.410804
AUD-cd3f88e8,CASE-2581,CASE_CREATED,SYSTEM,SYSTEM,"Case initialized for CHECKOUT_ABANDONMENT amount ₹2,999.00","{""amount_at_risk"": 2999.0, ""score"": 70, ""policy"": ""AUTO""}",2026-08-28T02:16:04.410804
AUD-17ae32f1,CASE-2582,CASE_CREATED,SYSTEM,SYSTEM,"Case initialized for CHECKOUT_ABANDONMENT amount ₹4,800.00","{""amount_at_risk"": 4800.0, ""score"": 89, ""policy"": ""AUTO""}",2026-08-28T10:16:04.410804
AUD-fb137511,CASE-2583,CASE_CREATED,SYSTEM,SYSTEM,"Case initialized for CHECKOUT_ABANDONMENT amount ₹2,999.00","{""amount_at_risk"": 2999.0, ""score"": 62, ""policy"": ""AUTO""}",2026-08-28T07:16:04.410804
AUD-c44f60a0,CASE-2584,CASE_CREATED,SYSTEM,SYSTEM,"Case initialized for CHECKOUT_ABANDONMENT amount ₹1,200.00","{""amount_at_risk"": 1200.0, ""score"": 53, ""policy"": ""AUTO""}",2026-08-28T12:16:04.410804
AUD-325639ca,CASE-2585,CASE_CREATED,SYSTEM,SYSTEM,"Case initialized for CHECKOUT_ABANDONMENT amount ₹4,800.00","{""amount_at_risk"": 4800.0, ""score"": 57, ""policy"": ""AUTO""}",2026-08-28T11:16:04.410804
AUD-e56391da,CASE-2586,CASE_CREATED,SYSTEM,SYSTEM,"Case initialized for CHECKOUT_ABANDONMENT amount ₹4,800.00","{""amount_at_risk"": 4800.0, ""score"": 63, ""policy"": ""AUTO""}",2026-08-27T02:16:04.410804
AUD-91e36d36,CASE-2587,CASE_CREATED,SYSTEM,SYSTEM,"Case initialized for CHECKOUT_ABANDONMENT amount ₹4,800.00","{""amount_at_risk"": 4800.0, ""score"": 85, ""policy"": ""AUTO""}",2026-08-26T16:16:04.410804
AUD-830c8fff,CASE-2588,CASE_CREATED,SYSTEM,SYSTEM,"Case initialized for CHECKOUT_ABANDONMENT amount ₹1,200.00","{""amount_at_risk"": 1200.0, ""score"": 74, ""policy"": ""AUTO""}",2026-08-28T02:16:04.410804
AUD-98dd1897,CASE-2589,CASE_CREATED,SYSTEM,SYSTEM,"Case initialized for CHECKOUT_ABANDONMENT amount ₹1,200.00","{""amount_at_risk"": 1200.0, ""score"": 68, ""policy"": ""AUTO""}",2026-08-27T07:16:04.413926
AUD-ce21a99a,CASE-2590,CASE_CREATED,SYSTEM,SYSTEM,"Case initialized for CHECKOUT_ABANDONMENT amount ₹1,200.00","{""amount_at_risk"": 1200.0, ""score"": 54, ""policy"": ""AUTO""}",2026-08-26T18:16:04.413926
AUD-80711c72,CASE-2591,CASE_CREATED,SYSTEM,SYSTEM,"Case initialized for CHECKOUT_ABANDONMENT amount ₹4,800.00","{""amount_at_risk"": 4800.0, ""score"": 56, ""policy"": ""AUTO""}",2026-08-27T12:16:04.413926
AUD-08ef09e2,CASE-2592,CASE_CREATED,SYSTEM,SYSTEM,"Case initialized for CHECKOUT_ABANDONMENT amount ₹2,999.00","{""amount_at_risk"": 2999.0, ""score"": 74, ""policy"": ""AUTO""}",2026-08-27T05:16:04.413926
AUD-788d16e3,CASE-2593,CASE_CREATED,SYSTEM,SYSTEM,"Case initialized for CHECKOUT_ABANDONMENT amount ₹1,200.00","{""amount_at_risk"": 1200.0, ""score"": 61, ""policy"": ""AUTO""}",2026-08-26T15:16:04.414937
AUD-e00e9005,CASE-2594,CASE_CREATED,SYSTEM,SYSTEM,"Case initialized for CHECKOUT_ABANDONMENT amount ₹1,200.00","{""amount_at_risk"": 1200.0, ""score"": 52, ""policy"": ""AUTO""}",2026-08-27T05:16:04.414937
AUD-874645d1,CASE-2595,CASE_CREATED,SYSTEM,SYSTEM,"Case initialized for CHECKOUT_ABANDONMENT amount ₹8,500.00","{""amount_at_risk"": 8500.0, ""score"": 60, ""policy"": ""HUMAN""}",2026-08-27T14:16:04.414937
AUD-3aff6a27,CASE-2596,CASE_CREATED,SYSTEM,SYSTEM,"Case initialized for CHECKOUT_ABANDONMENT amount ₹4,800.00","{""amount_at_risk"": 4800.0, ""score"": 90, ""policy"": ""AUTO""}",2026-08-27T19:16:04.414937
AUD-ddfe8538,CASE-2597,CASE_CREATED,SYSTEM,SYSTEM,"Case initialized for CHECKOUT_ABANDONMENT amount ₹1,200.00","{""amount_at_risk"": 1200.0, ""score"": 90, ""policy"": ""AUTO""}",2026-08-27T01:16:04.416002
AUD-6ca836b3,CASE-2598,CASE_CREATED,SYSTEM,SYSTEM,"Case initialized for CHECKOUT_ABANDONMENT amount ₹4,800.00","{""amount_at_risk"": 4800.0, ""score"": 64, ""policy"": ""AUTO""}",2026-08-26T18:16:04.416002
AUD-7c917286,CASE-2599,CASE_CREATED,SYSTEM,SYSTEM,"Case initialized for CHECKOUT_ABANDONMENT amount ₹2,999.00","{""amount_at_risk"": 2999.0, ""score"": 55, ""policy"": ""AUTO""}",2026-08-27T21:16:04.416002
AUD-2112c65b,CASE-2600,CASE_CREATED,SYSTEM,SYSTEM,"Case initialized for CHECKOUT_ABANDONMENT amount ₹2,999.00","{""amount_at_risk"": 2999.0, ""score"": 77, ""policy"": ""AUTO""}",2026-08-27T02:16:04.416002
AUD-bbc82c67,CASE-2601,CASE_CREATED,SYSTEM,SYSTEM,"Case initialized for CHECKOUT_ABANDONMENT amount ₹2,999.00","{""amount_at_risk"": 2999.0, ""score"": 63, ""policy"": ""AUTO""}",2026-08-27T17:16:04.416002
AUD-88f173e1,CASE-2602,CASE_CREATED,SYSTEM,SYSTEM,"Case initialized for CHECKOUT_ABANDONMENT amount ₹2,999.00","{""amount_at_risk"": 2999.0, ""score"": 77, ""policy"": ""AUTO""}",2026-08-28T08:16:04.416002
AUD-4decebfb,CASE-2603,CASE_CREATED,SYSTEM,SYSTEM,"Case initialized for CHECKOUT_ABANDONMENT amount ₹1,200.00","{""amount_at_risk"": 1200.0, ""score"": 61, ""policy"": ""AUTO""}",2026-08-28T11:16:04.416002
AUD-97b0583f,CASE-2604,CASE_CREATED,SYSTEM,SYSTEM,"Case initialized for CHECKOUT_ABANDONMENT amount ₹4,800.00","{""amount_at_risk"": 4800.0, ""score"": 76, ""policy"": ""AUTO""}",2026-08-26T13:16:04.416002
AUD-2707b88a,CASE-2605,CASE_CREATED,SYSTEM,SYSTEM,"Case initialized for CHECKOUT_ABANDONMENT amount ₹4,800.00","{""amount_at_risk"": 4800.0, ""score"": 59, ""policy"": ""AUTO""}",2026-08-28T01:16:04.418015
AUD-207abd92,CASE-2606,CASE_CREATED,SYSTEM,SYSTEM,"Case initialized for CHECKOUT_ABANDONMENT amount ₹1,200.00","{""amount_at_risk"": 1200.0, ""score"": 89, ""policy"": ""AUTO""}",2026-08-27T22:16:04.418015
AUD-c9ab43c8,CASE-2607,CASE_CREATED,SYSTEM,SYSTEM,"Case initialized for CHECKOUT_ABANDONMENT amount ₹2,999.00","{""amount_at_risk"": 2999.0, ""score"": 51, ""policy"": ""AUTO""}",2026-08-27T06:16:04.418015
AUD-b6a646eb,CASE-2608,CASE_CREATED,SYSTEM,SYSTEM,"Case initialized for CHECKOUT_ABANDONMENT amount ₹2,999.00","{""amount_at_risk"": 2999.0, ""score"": 82, ""policy"": ""AUTO""}",2026-08-27T12:16:04.418015
AUD-f8c4e1bc,CASE-2609,CASE_CREATED,SYSTEM,SYSTEM,"Case initialized for CHECKOUT_ABANDONMENT amount ₹8,500.00","{""amount_at_risk"": 8500.0, ""score"": 80, ""policy"": ""HUMAN""}",2026-08-27T22:16:04.418015
AUD-a9a44828,CASE-2610,CASE_CREATED,SYSTEM,SYSTEM,"Case initialized for CHECKOUT_ABANDONMENT amount ₹1,200.00","{""amount_at_risk"": 1200.0, ""score"": 76, ""policy"": ""AUTO""}",2026-08-27T22:16:04.418015
AUD-abe9f2b1,CASE-2611,CASE_CREATED,SYSTEM,SYSTEM,"Case initialized for CHECKOUT_ABANDONMENT amount ₹2,999.00","{""amount_at_risk"": 2999.0, ""score"": 63, ""policy"": ""AUTO""}",2026-08-26T21:16:04.418015
AUD-e4dd9523,CASE-2612,CASE_CREATED,SYSTEM,SYSTEM,"Case initialized for CHECKOUT_ABANDONMENT amount ₹8,500.00","{""amount_at_risk"": 8500.0, ""score"": 70, ""policy"": ""HUMAN""}",2026-08-27T11:16:04.418015
AUD-9ad1961b,CASE-2613,CASE_CREATED,SYSTEM,SYSTEM,"Case initialized for CHECKOUT_ABANDONMENT amount ₹1,200.00","{""amount_at_risk"": 1200.0, ""score"": 88, ""policy"": ""AUTO""}",2026-08-26T21:16:04.419959
AUD-b4fbfe5b,CASE-2614,CASE_CREATED,SYSTEM,SYSTEM,"Case initialized for CHECKOUT_ABANDONMENT amount ₹1,200.00","{""amount_at_risk"": 1200.0, ""score"": 83, ""policy"": ""AUTO""}",2026-08-28T10:16:04.419959
AUD-044fa241,CASE-2615,CASE_CREATED,SYSTEM,SYSTEM,"Case initialized for CHECKOUT_ABANDONMENT amount ₹2,999.00","{""amount_at_risk"": 2999.0, ""score"": 83, ""policy"": ""AUTO""}",2026-08-28T10:16:04.419959
AUD-b5f2ea31,CASE-2616,CASE_CREATED,SYSTEM,SYSTEM,"Case initialized for CHECKOUT_ABANDONMENT amount ₹8,500.00","{""amount_at_risk"": 8500.0, ""score"": 83, ""policy"": ""HUMAN""}",2026-08-27T08:16:04.419959
AUD-d7b883b9,CASE-2617,CASE_CREATED,SYSTEM,SYSTEM,"Case initialized for CHECKOUT_ABANDONMENT amount ₹8,500.00","{""amount_at_risk"": 8500.0, ""score"": 69, ""policy"": ""HUMAN""}",2026-08-27T09:16:04.419959
AUD-804b86a1,CASE-2618,CASE_CREATED,SYSTEM,SYSTEM,"Case initialized for CHECKOUT_ABANDONMENT amount ₹4,800.00","{""amount_at_risk"": 4800.0, ""score"": 89, ""policy"": ""AUTO""}",2026-08-26T19:16:04.419959
AUD-8fbe901b,CASE-2619,CASE_CREATED,SYSTEM,SYSTEM,"Case initialized for CHECKOUT_ABANDONMENT amount ₹8,500.00","{""amount_at_risk"": 8500.0, ""score"": 55, ""policy"": ""HUMAN""}",2026-08-26T23:16:04.419959
AUD-d65487d1,CASE-2620,CASE_CREATED,SYSTEM,SYSTEM,"Case initialized for CHECKOUT_ABANDONMENT amount ₹2,999.00","{""amount_at_risk"": 2999.0, ""score"": 75, ""policy"": ""AUTO""}",2026-08-28T11:16:04.419959
AUD-6979bdee,CASE-2621,CASE_CREATED,SYSTEM,SYSTEM,"Case initialized for CHECKOUT_ABANDONMENT amount ₹2,999.00","{""amount_at_risk"": 2999.0, ""score"": 79, ""policy"": ""AUTO""}",2026-08-27T20:16:04.422016
AUD-3c01eb0e,CASE-2622,CASE_CREATED,SYSTEM,SYSTEM,"Case initialized for CHECKOUT_ABANDONMENT amount ₹4,800.00","{""amount_at_risk"": 4800.0, ""score"": 60, ""policy"": ""AUTO""}",2026-08-26T15:16:04.422016
AUD-6a9695f1,CASE-2623,CASE_CREATED,SYSTEM,SYSTEM,"Case initialized for CHECKOUT_ABANDONMENT amount ₹8,500.00","{""amount_at_risk"": 8500.0, ""score"": 90, ""policy"": ""HUMAN""}",2026-08-26T15:16:04.422016
AUD-f686b18b,CASE-2624,CASE_CREATED,SYSTEM,SYSTEM,"Case initialized for CHECKOUT_ABANDONMENT amount ₹8,500.00","{""amount_at_risk"": 8500.0, ""score"": 82, ""policy"": ""HUMAN""}",2026-08-27T12:16:04.422656
AUD-5e85b8ea,CASE-2625,CASE_CREATED,SYSTEM,SYSTEM,"Case initialized for CHECKOUT_ABANDONMENT amount ₹1,200.00","{""amount_at_risk"": 1200.0, ""score"": 60, ""policy"": ""AUTO""}",2026-08-28T03:16:04.422656
AUD-f374f16d,CASE-2626,CASE_CREATED,SYSTEM,SYSTEM,"Case initialized for CHECKOUT_ABANDONMENT amount ₹2,999.00","{""amount_at_risk"": 2999.0, ""score"": 53, ""policy"": ""AUTO""}",2026-08-26T14:16:04.422656
AUD-5919245e,CASE-2627,CASE_CREATED,SYSTEM,SYSTEM,"Case initialized for CHECKOUT_ABANDONMENT amount ₹8,500.00","{""amount_at_risk"": 8500.0, ""score"": 68, ""policy"": ""HUMAN""}",2026-08-28T00:16:04.422656
AUD-454afb68,CASE-2628,CASE_CREATED,SYSTEM,SYSTEM,"Case initialized for CHECKOUT_ABANDONMENT amount ₹1,200.00","{""amount_at_risk"": 1200.0, ""score"": 89, ""policy"": ""AUTO""}",2026-08-27T05:16:04.422656
AUD-a35a203c,CASE-2629,CASE_CREATED,SYSTEM,SYSTEM,"Case initialized for CHECKOUT_ABANDONMENT amount ₹8,500.00","{""amount_at_risk"": 8500.0, ""score"": 84, ""policy"": ""HUMAN""}",2026-08-27T23:16:04.422656
AUD-b102bae5,CASE-2630,CASE_CREATED,SYSTEM,SYSTEM,"Case initialized for CHECKOUT_ABANDONMENT amount ₹8,500.00","{""amount_at_risk"": 8500.0, ""score"": 79, ""policy"": ""HUMAN""}",2026-08-26T22:16:04.422656
AUD-2c1b053e,CASE-2631,CASE_CREATED,SYSTEM,SYSTEM,"Case initialized for CHECKOUT_ABANDONMENT amount ₹1,200.00","{""amount_at_risk"": 1200.0, ""score"": 65, ""policy"": ""AUTO""}",2026-08-26T20:16:04.422656
AUD-7b47b82b,CASE-2632,CASE_CREATED,SYSTEM,SYSTEM,"Case initialized for CHECKOUT_ABANDONMENT amount ₹2,999.00","{""amount_at_risk"": 2999.0, ""score"": 53, ""policy"": ""AUTO""}",2026-08-26T19:16:04.422656
AUD-6ddf7845,CASE-2633,CASE_CREATED,SYSTEM,SYSTEM,"Case initialized for CHECKOUT_ABANDONMENT amount ₹4,800.00","{""amount_at_risk"": 4800.0, ""score"": 52, ""policy"": ""AUTO""}",2026-08-27T00:16:04.424673
AUD-67b86498,CASE-2634,CASE_CREATED,SYSTEM,SYSTEM,"Case initialized for CHECKOUT_ABANDONMENT amount ₹4,800.00","{""amount_at_risk"": 4800.0, ""score"": 71, ""policy"": ""AUTO""}",2026-08-27T10:16:04.424673
AUD-d48c1cf5,CASE-2635,CASE_CREATED,SYSTEM,SYSTEM,"Case initialized for CHECKOUT_ABANDONMENT amount ₹2,999.00","{""amount_at_risk"": 2999.0, ""score"": 60, ""policy"": ""AUTO""}",2026-08-26T13:16:04.424673
AUD-42bbeb10,CASE-2636,CASE_CREATED,SYSTEM,SYSTEM,"Case initialized for CHECKOUT_ABANDONMENT amount ₹4,800.00","{""amount_at_risk"": 4800.0, ""score"": 52, ""policy"": ""AUTO""}",2026-08-27T13:16:04.425186
AUD-48593109,CASE-2637,CASE_CREATED,SYSTEM,SYSTEM,"Case initialized for CHECKOUT_ABANDONMENT amount ₹8,500.00","{""amount_at_risk"": 8500.0, ""score"": 54, ""policy"": ""HUMAN""}",2026-08-27T06:16:04.425186
AUD-53b18d70,CASE-2638,CASE_CREATED,SYSTEM,SYSTEM,"Case initialized for CHECKOUT_ABANDONMENT amount ₹2,999.00","{""amount_at_risk"": 2999.0, ""score"": 57, ""policy"": ""AUTO""}",2026-08-27T10:16:04.425186
AUD-f4c7f43a,CASE-2639,CASE_CREATED,SYSTEM,SYSTEM,"Case initialized for CHECKOUT_ABANDONMENT amount ₹2,999.00","{""amount_at_risk"": 2999.0, ""score"": 63, ""policy"": ""AUTO""}",2026-08-26T14:16:04.425186
AUD-0255006f,CASE-2640,CASE_CREATED,SYSTEM,SYSTEM,"Case initialized for CHECKOUT_ABANDONMENT amount ₹1,200.00","{""amount_at_risk"": 1200.0, ""score"": 80, ""policy"": ""AUTO""}",2026-08-27T16:16:04.425186
AUD-e2347ed8,CASE-2641,CASE_CREATED,SYSTEM,SYSTEM,"Case initialized for CHECKOUT_ABANDONMENT amount ₹4,800.00","{""amount_at_risk"": 4800.0, ""score"": 83, ""policy"": ""AUTO""}",2026-08-26T21:16:04.425186
AUD-ebc8314e,CASE-2642,CASE_CREATED,SYSTEM,SYSTEM,"Case initialized for CHECKOUT_ABANDONMENT amount ₹8,500.00","{""amount_at_risk"": 8500.0, ""score"": 83, ""policy"": ""HUMAN""}",2026-08-26T21:16:04.425186
AUD-85b57964,CASE-2643,CASE_CREATED,SYSTEM,SYSTEM,"Case initialized for CHECKOUT_ABANDONMENT amount ₹2,999.00","{""amount_at_risk"": 2999.0, ""score"": 68, ""policy"": ""AUTO""}",2026-08-28T11:16:04.426512
AUD-4c22fd48,CASE-2644,CASE_CREATED,SYSTEM,SYSTEM,"Case initialized for CHECKOUT_ABANDONMENT amount ₹8,500.00","{""amount_at_risk"": 8500.0, ""score"": 90, ""policy"": ""HUMAN""}",2026-08-27T10:16:04.426512
AUD-41e0b952,CASE-2645,CASE_CREATED,SYSTEM,SYSTEM,"Case initialized for CHECKOUT_ABANDONMENT amount ₹8,500.00","{""amount_at_risk"": 8500.0, ""score"": 52, ""policy"": ""HUMAN""}",2026-08-26T20:16:04.426512
AUD-94b13a2b,CASE-2646,CASE_CREATED,SYSTEM,SYSTEM,"Case initialized for CHECKOUT_ABANDONMENT amount ₹2,999.00","{""amount_at_risk"": 2999.0, ""score"": 50, ""policy"": ""AUTO""}",2026-08-28T08:16:04.426512
AUD-999d3106,CASE-2647,CASE_CREATED,SYSTEM,SYSTEM,"Case initialized for CHECKOUT_ABANDONMENT amount ₹4,800.00","{""amount_at_risk"": 4800.0, ""score"": 69, ""policy"": ""AUTO""}",2026-08-28T05:16:04.426512
AUD-22c43b27,CASE-2648,CASE_CREATED,SYSTEM,SYSTEM,"Case initialized for CHECKOUT_ABANDONMENT amount ₹4,800.00","{""amount_at_risk"": 4800.0, ""score"": 71, ""policy"": ""AUTO""}",2026-08-28T00:16:04.426512
AUD-2de45439,CASE-2649,CASE_CREATED,SYSTEM,SYSTEM,"Case initialized for CHECKOUT_ABANDONMENT amount ₹4,800.00","{""amount_at_risk"": 4800.0, ""score"": 71, ""policy"": ""AUTO""}",2026-08-26T19:16:04.426512
AUD-9efd1f1e,CASE-2650,CASE_CREATED,SYSTEM,SYSTEM,"Case initialized for SUBSCRIPTION_FAILURE amount ₹1,999.00","{""amount_at_risk"": 1999.0, ""score"": 70, ""policy"": ""HUMAN""}",2026-08-27T15:16:04.426512
AUD-ed7384be,CASE-2651,CASE_CREATED,SYSTEM,SYSTEM,"Case initialized for SUBSCRIPTION_FAILURE amount ₹8,999.00","{""amount_at_risk"": 8999.0, ""score"": 66, ""policy"": ""HUMAN""}",2026-08-26T14:16:04.426512
AUD-17f81794,CASE-2652,CASE_CREATED,SYSTEM,SYSTEM,"Case initialized for SUBSCRIPTION_FAILURE amount ₹4,999.00","{""amount_at_risk"": 4999.0, ""score"": 75, ""policy"": ""HUMAN""}",2026-08-27T00:16:04.426512
AUD-c813266c,CASE-2653,CASE_CREATED,SYSTEM,SYSTEM,"Case initialized for SUBSCRIPTION_FAILURE amount ₹4,999.00","{""amount_at_risk"": 4999.0, ""score"": 62, ""policy"": ""HUMAN""}",2026-08-28T11:16:04.426512
AUD-9c287a39,CASE-2654,CASE_CREATED,SYSTEM,SYSTEM,"Case initialized for SUBSCRIPTION_FAILURE amount ₹4,999.00","{""amount_at_risk"": 4999.0, ""score"": 64, ""policy"": ""HUMAN""}",2026-08-26T22:16:04.428526
AUD-929b4cf9,CASE-2655,CASE_CREATED,SYSTEM,SYSTEM,"Case initialized for SUBSCRIPTION_FAILURE amount ₹8,999.00","{""amount_at_risk"": 8999.0, ""score"": 51, ""policy"": ""HUMAN""}",2026-08-27T16:16:04.428526
AUD-07475e87,CASE-2656,CASE_CREATED,SYSTEM,SYSTEM,Case initialized for SUBSCRIPTION_FAILURE amount ₹999.00,"{""amount_at_risk"": 999.0, ""score"": 57, ""policy"": ""HUMAN""}",2026-08-27T21:16:04.428526
AUD-e2dfd992,CASE-2657,CASE_CREATED,SYSTEM,SYSTEM,"Case initialized for SUBSCRIPTION_FAILURE amount ₹4,999.00","{""amount_at_risk"": 4999.0, ""score"": 68, ""policy"": ""HUMAN""}",2026-08-27T17:16:04.428526
AUD-1fc78086,CASE-2658,CASE_CREATED,SYSTEM,SYSTEM,"Case initialized for SUBSCRIPTION_FAILURE amount ₹1,999.00","{""amount_at_risk"": 1999.0, ""score"": 47, ""policy"": ""HUMAN""}",2026-08-28T07:16:04.428526
AUD-3758e5ab,CASE-2659,CASE_CREATED,SYSTEM,SYSTEM,"Case initialized for SUBSCRIPTION_FAILURE amount ₹8,999.00","{""amount_at_risk"": 8999.0, ""score"": 72, ""policy"": ""HUMAN""}",2026-08-28T03:16:04.428526
AUD-a7a8cd5c,CASE-2660,CASE_CREATED,SYSTEM,SYSTEM,"Case initialized for SUBSCRIPTION_FAILURE amount ₹1,999.00","{""amount_at_risk"": 1999.0, ""score"": 61, ""policy"": ""HUMAN""}",2026-08-28T03:16:04.428526
AUD-e05934c1,CASE-2661,CASE_CREATED,SYSTEM,SYSTEM,Case initialized for SUBSCRIPTION_FAILURE amount ₹999.00,"{""amount_at_risk"": 999.0, ""score"": 73, ""policy"": ""HUMAN""}",2026-08-28T10:16:04.428526
AUD-029bc757,CASE-2662,CASE_CREATED,SYSTEM,SYSTEM,"Case initialized for SUBSCRIPTION_FAILURE amount ₹8,999.00","{""amount_at_risk"": 8999.0, ""score"": 64, ""policy"": ""HUMAN""}",2026-08-27T17:16:04.428526
AUD-b5e7597c,CASE-2663,CASE_CREATED,SYSTEM,SYSTEM,Case initialized for SUBSCRIPTION_FAILURE amount ₹999.00,"{""amount_at_risk"": 999.0, ""score"": 83, ""policy"": ""AUTO""}",2026-08-28T10:16:04.430572
AUD-9b2c81ed,CASE-2664,CASE_CREATED,SYSTEM,SYSTEM,Case initialized for SUBSCRIPTION_FAILURE amount ₹999.00,"{""amount_at_risk"": 999.0, ""score"": 73, ""policy"": ""HUMAN""}",2026-08-27T17:16:04.430572
AUD-c3832878,CASE-2665,CASE_CREATED,SYSTEM,SYSTEM,"Case initialized for SUBSCRIPTION_FAILURE amount ₹1,999.00","{""amount_at_risk"": 1999.0, ""score"": 60, ""policy"": ""HUMAN""}",2026-08-27T19:16:04.430572
AUD-7f6c15cf,CASE-2666,CASE_CREATED,SYSTEM,SYSTEM,"Case initialized for SUBSCRIPTION_FAILURE amount ₹4,999.00","{""amount_at_risk"": 4999.0, ""score"": 68, ""policy"": ""HUMAN""}",2026-08-28T02:16:04.430572
AUD-123c0c00,CASE-2667,CASE_CREATED,SYSTEM,SYSTEM,"Case initialized for SUBSCRIPTION_FAILURE amount ₹4,999.00","{""amount_at_risk"": 4999.0, ""score"": 47, ""policy"": ""HUMAN""}",2026-08-27T02:16:04.430572
AUD-bb1dd014,CASE-2668,CASE_CREATED,SYSTEM,SYSTEM,"Case initialized for SUBSCRIPTION_FAILURE amount ₹4,999.00","{""amount_at_risk"": 4999.0, ""score"": 75, ""policy"": ""HUMAN""}",2026-08-26T15:16:04.430572
AUD-54601bc8,CASE-2669,CASE_CREATED,SYSTEM,SYSTEM,"Case initialized for SUBSCRIPTION_FAILURE amount ₹4,999.00","{""amount_at_risk"": 4999.0, ""score"": 76, ""policy"": ""HUMAN""}",2026-08-27T17:16:04.430572
AUD-95d1b472,CASE-2670,CASE_CREATED,SYSTEM,SYSTEM,"Case initialized for SUBSCRIPTION_FAILURE amount ₹4,999.00","{""amount_at_risk"": 4999.0, ""score"": 74, ""policy"": ""HUMAN""}",2026-08-28T11:16:04.430572
AUD-35c9219e,CASE-2671,CASE_CREATED,SYSTEM,SYSTEM,"Case initialized for SUBSCRIPTION_FAILURE amount ₹8,999.00","{""amount_at_risk"": 8999.0, ""score"": 83, ""policy"": ""HUMAN""}",2026-08-28T09:16:04.430572
AUD-18c8ec35,CASE-2672,CASE_CREATED,SYSTEM,SYSTEM,Case initialized for SUBSCRIPTION_FAILURE amount ₹999.00,"{""amount_at_risk"": 999.0, ""score"": 67, ""policy"": ""HUMAN""}",2026-08-26T22:16:04.430572
AUD-4e5e59b3,CASE-2673,CASE_CREATED,SYSTEM,SYSTEM,"Case initialized for SUBSCRIPTION_FAILURE amount ₹8,999.00","{""amount_at_risk"": 8999.0, ""score"": 79, ""policy"": ""HUMAN""}",2026-08-28T00:16:04.430572
AUD-3b17c813,CASE-2674,CASE_CREATED,SYSTEM,SYSTEM,Case initialized for SUBSCRIPTION_FAILURE amount ₹999.00,"{""amount_at_risk"": 999.0, ""score"": 88, ""policy"": ""AUTO""}",2026-08-26T16:16:04.430572
AUD-d1d312fb,CASE-2675,CASE_CREATED,SYSTEM,SYSTEM,"Case initialized for SUBSCRIPTION_FAILURE amount ₹8,999.00","{""amount_at_risk"": 8999.0, ""score"": 46, ""policy"": ""HUMAN""}",2026-08-26T19:16:04.430572
AUD-caa4e3cf,CASE-2676,CASE_CREATED,SYSTEM,SYSTEM,"Case initialized for SUBSCRIPTION_FAILURE amount ₹8,999.00","{""amount_at_risk"": 8999.0, ""score"": 70, ""policy"": ""HUMAN""}",2026-08-26T21:16:04.430572
AUD-0ccc9245,CASE-2677,CASE_CREATED,SYSTEM,SYSTEM,"Case initialized for SUBSCRIPTION_FAILURE amount ₹4,999.00","{""amount_at_risk"": 4999.0, ""score"": 63, ""policy"": ""HUMAN""}",2026-08-26T18:16:04.430572
AUD-095fbc25,CASE-2678,CASE_CREATED,SYSTEM,SYSTEM,"Case initialized for SUBSCRIPTION_FAILURE amount ₹4,999.00","{""amount_at_risk"": 4999.0, ""score"": 60, ""policy"": ""HUMAN""}",2026-08-28T08:16:04.430572
AUD-00ba9cb9,CASE-2679,CASE_CREATED,SYSTEM,SYSTEM,"Case initialized for SUBSCRIPTION_FAILURE amount ₹8,999.00","{""amount_at_risk"": 8999.0, ""score"": 47, ""policy"": ""HUMAN""}",2026-08-28T02:16:04.432586
AUD-926bec8d,CASE-2680,CASE_CREATED,SYSTEM,SYSTEM,"Case initialized for SUBSCRIPTION_FAILURE amount ₹4,999.00","{""amount_at_risk"": 4999.0, ""score"": 62, ""policy"": ""HUMAN""}",2026-08-28T06:16:04.432586
AUD-9d8d9f86,CASE-2681,CASE_CREATED,SYSTEM,SYSTEM,"Case initialized for SUBSCRIPTION_FAILURE amount ₹8,999.00","{""amount_at_risk"": 8999.0, ""score"": 85, ""policy"": ""HUMAN""}",2026-08-26T19:16:04.432586
AUD-3041a9dd,CASE-2682,CASE_CREATED,SYSTEM,SYSTEM,Case initialized for SUBSCRIPTION_FAILURE amount ₹999.00,"{""amount_at_risk"": 999.0, ""score"": 59, ""policy"": ""HUMAN""}",2026-08-26T23:16:04.432586
AUD-5ab1153e,CASE-2683,CASE_CREATED,SYSTEM,SYSTEM,"Case initialized for SUBSCRIPTION_FAILURE amount ₹8,999.00","{""amount_at_risk"": 8999.0, ""score"": 55, ""policy"": ""HUMAN""}",2026-08-27T12:16:04.432586
AUD-222e3b45,CASE-2684,CASE_CREATED,SYSTEM,SYSTEM,Case initialized for SUBSCRIPTION_FAILURE amount ₹999.00,"{""amount_at_risk"": 999.0, ""score"": 61, ""policy"": ""HUMAN""}",2026-08-27T00:16:04.432586
AUD-ff6941d7,CASE-2685,CASE_CREATED,SYSTEM,SYSTEM,"Case initialized for SUBSCRIPTION_FAILURE amount ₹4,999.00","{""amount_at_risk"": 4999.0, ""score"": 74, ""policy"": ""HUMAN""}",2026-08-26T18:16:04.432586
AUD-62be27cb,CASE-2686,CASE_CREATED,SYSTEM,SYSTEM,Case initialized for SUBSCRIPTION_FAILURE amount ₹999.00,"{""amount_at_risk"": 999.0, ""score"": 87, ""policy"": ""AUTO""}",2026-08-26T23:16:04.432586
AUD-3ad5afb4,CASE-2687,CASE_CREATED,SYSTEM,SYSTEM,"Case initialized for SUBSCRIPTION_FAILURE amount ₹8,999.00","{""amount_at_risk"": 8999.0, ""score"": 60, ""policy"": ""HUMAN""}",2026-08-28T01:16:04.432586
AUD-fec11dd4,CASE-2688,CASE_CREATED,SYSTEM,SYSTEM,"Case initialized for SUBSCRIPTION_FAILURE amount ₹4,999.00","{""amount_at_risk"": 4999.0, ""score"": 65, ""policy"": ""HUMAN""}",2026-08-26T22:16:04.432586
AUD-1fb6f5a5,CASE-2689,CASE_CREATED,SYSTEM,SYSTEM,"Case initialized for SUBSCRIPTION_FAILURE amount ₹8,999.00","{""amount_at_risk"": 8999.0, ""score"": 60, ""policy"": ""HUMAN""}",2026-08-27T23:16:04.432586
AUD-2065e161,CASE-2690,CASE_CREATED,SYSTEM,SYSTEM,"Case initialized for SUBSCRIPTION_FAILURE amount ₹1,999.00","{""amount_at_risk"": 1999.0, ""score"": 77, ""policy"": ""HUMAN""}",2026-08-28T03:16:04.432586
AUD-93804d4f,CASE-2691,CASE_CREATED,SYSTEM,SYSTEM,"Case initialized for SUBSCRIPTION_FAILURE amount ₹8,999.00","{""amount_at_risk"": 8999.0, ""score"": 74, ""policy"": ""HUMAN""}",2026-08-27T00:16:04.432586
AUD-71bfa9cf,CASE-2692,CASE_CREATED,SYSTEM,SYSTEM,"Case initialized for SUBSCRIPTION_FAILURE amount ₹8,999.00","{""amount_at_risk"": 8999.0, ""score"": 52, ""policy"": ""HUMAN""}",2026-08-27T00:16:04.434100
AUD-70aeded2,CASE-2693,CASE_CREATED,SYSTEM,SYSTEM,"Case initialized for SUBSCRIPTION_FAILURE amount ₹4,999.00","{""amount_at_risk"": 4999.0, ""score"": 67, ""policy"": ""HUMAN""}",2026-08-28T12:16:04.434100
AUD-a5af715d,CASE-2694,CASE_CREATED,SYSTEM,SYSTEM,"Case initialized for SUBSCRIPTION_FAILURE amount ₹8,999.00","{""amount_at_risk"": 8999.0, ""score"": 48, ""policy"": ""HUMAN""}",2026-08-27T01:16:04.435118
AUD-116f6569,CASE-2695,CASE_CREATED,SYSTEM,SYSTEM,Case initialized for SUBSCRIPTION_FAILURE amount ₹999.00,"{""amount_at_risk"": 999.0, ""score"": 40, ""policy"": ""HUMAN""}",2026-08-27T18:16:04.435118
AUD-6652b286,CASE-2696,CASE_CREATED,SYSTEM,SYSTEM,Case initialized for SUBSCRIPTION_FAILURE amount ₹999.00,"{""amount_at_risk"": 999.0, ""score"": 55, ""policy"": ""HUMAN""}",2026-08-27T16:16:04.435118
AUD-c04373df,CASE-2697,CASE_CREATED,SYSTEM,SYSTEM,"Case initialized for SUBSCRIPTION_FAILURE amount ₹8,999.00","{""amount_at_risk"": 8999.0, ""score"": 65, ""policy"": ""HUMAN""}",2026-08-27T23:16:04.435118
AUD-23e051a9,CASE-2698,CASE_CREATED,SYSTEM,SYSTEM,"Case initialized for SUBSCRIPTION_FAILURE amount ₹1,999.00","{""amount_at_risk"": 1999.0, ""score"": 70, ""policy"": ""HUMAN""}",2026-08-27T12:16:04.435118
AUD-a9fc99b3,CASE-2699,CASE_CREATED,SYSTEM,SYSTEM,"Case initialized for SUBSCRIPTION_FAILURE amount ₹4,999.00","{""amount_at_risk"": 4999.0, ""score"": 66, ""policy"": ""HUMAN""}",2026-08-28T04:16:04.435118
AUD-f9565f8c,CASE-2700,CASE_CREATED,SYSTEM,SYSTEM,"Case initialized for SUBSCRIPTION_FAILURE amount ₹1,999.00","{""amount_at_risk"": 1999.0, ""score"": 40, ""policy"": ""HUMAN""}",2026-08-26T14:16:04.435118
AUD-7cdeecc0,CASE-2701,CASE_CREATED,SYSTEM,SYSTEM,"Case initialized for SUBSCRIPTION_FAILURE amount ₹8,999.00","{""amount_at_risk"": 8999.0, ""score"": 82, ""policy"": ""HUMAN""}",2026-08-28T04:16:04.437172
AUD-5f815c75,CASE-2702,CASE_CREATED,SYSTEM,SYSTEM,"Case initialized for SUBSCRIPTION_FAILURE amount ₹8,999.00","{""amount_at_risk"": 8999.0, ""score"": 69, ""policy"": ""HUMAN""}",2026-08-27T04:16:04.437880
AUD-91c41c42,CASE-2703,CASE_CREATED,SYSTEM,SYSTEM,"Case initialized for SUBSCRIPTION_FAILURE amount ₹8,999.00","{""amount_at_risk"": 8999.0, ""score"": 75, ""policy"": ""HUMAN""}",2026-08-27T22:16:04.437880
AUD-a16da16a,CASE-2704,CASE_CREATED,SYSTEM,SYSTEM,"Case initialized for SUBSCRIPTION_FAILURE amount ₹1,999.00","{""amount_at_risk"": 1999.0, ""score"": 67, ""policy"": ""HUMAN""}",2026-08-27T21:16:04.437880
AUD-f9ead632,CASE-2705,CASE_CREATED,SYSTEM,SYSTEM,"Case initialized for SUBSCRIPTION_FAILURE amount ₹4,999.00","{""amount_at_risk"": 4999.0, ""score"": 66, ""policy"": ""HUMAN""}",2026-08-28T10:16:04.437880
AUD-8f21f3c6,CASE-2706,CASE_CREATED,SYSTEM,SYSTEM,"Case initialized for SUBSCRIPTION_FAILURE amount ₹8,999.00","{""amount_at_risk"": 8999.0, ""score"": 85, ""policy"": ""HUMAN""}",2026-08-27T06:16:04.437880
AUD-244fe05d,CASE-2707,CASE_CREATED,SYSTEM,SYSTEM,Case initialized for SUBSCRIPTION_FAILURE amount ₹999.00,"{""amount_at_risk"": 999.0, ""score"": 49, ""policy"": ""HUMAN""}",2026-08-27T03:16:04.437880
AUD-77a62d3f,CASE-2708,CASE_CREATED,SYSTEM,SYSTEM,Case initialized for SUBSCRIPTION_FAILURE amount ₹999.00,"{""amount_at_risk"": 999.0, ""score"": 73, ""policy"": ""HUMAN""}",2026-08-26T20:16:04.439895
AUD-c25dfa50,CASE-2709,CASE_CREATED,SYSTEM,SYSTEM,Case initialized for SUBSCRIPTION_FAILURE amount ₹999.00,"{""amount_at_risk"": 999.0, ""score"": 83, ""policy"": ""AUTO""}",2026-08-28T09:16:04.439895
AUD-b3465f6c,CASE-2710,CASE_CREATED,SYSTEM,SYSTEM,"Case initialized for SUBSCRIPTION_FAILURE amount ₹4,999.00","{""amount_at_risk"": 4999.0, ""score"": 74, ""policy"": ""HUMAN""}",2026-08-27T04:16:04.439895
AUD-d9586a4a,CASE-2711,CASE_CREATED,SYSTEM,SYSTEM,"Case initialized for SUBSCRIPTION_FAILURE amount ₹8,999.00","{""amount_at_risk"": 8999.0, ""score"": 76, ""policy"": ""HUMAN""}",2026-08-27T18:16:04.439895
AUD-497accf1,CASE-2712,CASE_CREATED,SYSTEM,SYSTEM,"Case initialized for SUBSCRIPTION_FAILURE amount ₹4,999.00","{""amount_at_risk"": 4999.0, ""score"": 50, ""policy"": ""HUMAN""}",2026-08-27T00:16:04.439895
AUD-24ee3298,CASE-2713,CASE_CREATED,SYSTEM,SYSTEM,"Case initialized for SUBSCRIPTION_FAILURE amount ₹4,999.00","{""amount_at_risk"": 4999.0, ""score"": 43, ""policy"": ""HUMAN""}",2026-08-28T09:16:04.439895
AUD-d447acd8,CASE-2714,CASE_CREATED,SYSTEM,SYSTEM,"Case initialized for SUBSCRIPTION_FAILURE amount ₹4,999.00","{""amount_at_risk"": 4999.0, ""score"": 87, ""policy"": ""AUTO""}",2026-08-28T07:16:04.439895
AUD-dc95dda2,CASE-2715,CASE_CREATED,SYSTEM,SYSTEM,"Case initialized for SUBSCRIPTION_FAILURE amount ₹1,999.00","{""amount_at_risk"": 1999.0, ""score"": 72, ""policy"": ""HUMAN""}",2026-08-28T04:16:04.439895
AUD-f7e54a2a,CASE-2716,CASE_CREATED,SYSTEM,SYSTEM,"Case initialized for SUBSCRIPTION_FAILURE amount ₹4,999.00","{""amount_at_risk"": 4999.0, ""score"": 57, ""policy"": ""HUMAN""}",2026-08-28T05:16:04.439895
AUD-d200262a,CASE-2717,CASE_CREATED,SYSTEM,SYSTEM,"Case initialized for SUBSCRIPTION_FAILURE amount ₹1,999.00","{""amount_at_risk"": 1999.0, ""score"": 77, ""policy"": ""HUMAN""}",2026-08-28T01:16:04.441908
AUD-c37744f9,CASE-2718,CASE_CREATED,SYSTEM,SYSTEM,"Case initialized for SUBSCRIPTION_FAILURE amount ₹4,999.00","{""amount_at_risk"": 4999.0, ""score"": 84, ""policy"": ""AUTO""}",2026-08-27T03:16:04.441908
AUD-58d5d264,CASE-2719,CASE_CREATED,SYSTEM,SYSTEM,Case initialized for SUBSCRIPTION_FAILURE amount ₹999.00,"{""amount_at_risk"": 999.0, ""score"": 61, ""policy"": ""HUMAN""}",2026-08-28T03:16:04.441908
AUD-5a1a79a0,CASE-2720,CASE_CREATED,SYSTEM,SYSTEM,"Case initialized for SUBSCRIPTION_FAILURE amount ₹8,999.00","{""amount_at_risk"": 8999.0, ""score"": 88, ""policy"": ""HUMAN""}",2026-08-26T18:16:04.441908
AUD-c340f417,CASE-2721,CASE_CREATED,SYSTEM,SYSTEM,"Case initialized for SUBSCRIPTION_FAILURE amount ₹8,999.00","{""amount_at_risk"": 8999.0, ""score"": 86, ""policy"": ""HUMAN""}",2026-08-26T14:16:04.441908
AUD-7043103d,CASE-2722,CASE_CREATED,SYSTEM,SYSTEM,"Case initialized for SUBSCRIPTION_FAILURE amount ₹4,999.00","{""amount_at_risk"": 4999.0, ""score"": 43, ""policy"": ""HUMAN""}",2026-08-28T02:16:04.441908
AUD-5a9322b2,CASE-2723,CASE_CREATED,SYSTEM,SYSTEM,"Case initialized for SUBSCRIPTION_FAILURE amount ₹8,999.00","{""amount_at_risk"": 8999.0, ""score"": 65, ""policy"": ""HUMAN""}",2026-08-26T13:16:04.441908
AUD-7f088801,CASE-2724,CASE_CREATED,SYSTEM,SYSTEM,"Case initialized for SUBSCRIPTION_FAILURE amount ₹1,999.00","{""amount_at_risk"": 1999.0, ""score"": 64, ""policy"": ""HUMAN""}",2026-08-28T03:16:04.441908
AUD-0ffb8497,CASE-2725,CASE_CREATED,SYSTEM,SYSTEM,"Case initialized for SUBSCRIPTION_FAILURE amount ₹8,999.00","{""amount_at_risk"": 8999.0, ""score"": 40, ""policy"": ""HUMAN""}",2026-08-26T17:16:04.441908
AUD-0fee64b5,CASE-2726,CASE_CREATED,SYSTEM,SYSTEM,"Case initialized for SUBSCRIPTION_FAILURE amount ₹4,999.00","{""amount_at_risk"": 4999.0, ""score"": 73, ""policy"": ""HUMAN""}",2026-08-26T20:16:04.441908
AUD-7cc4f229,CASE-2727,CASE_CREATED,SYSTEM,SYSTEM,"Case initialized for SUBSCRIPTION_FAILURE amount ₹4,999.00","{""amount_at_risk"": 4999.0, ""score"": 67, ""policy"": ""HUMAN""}",2026-08-27T19:16:04.441908
AUD-52e52fa1,CASE-2728,CASE_CREATED,SYSTEM,SYSTEM,Case initialized for SUBSCRIPTION_FAILURE amount ₹999.00,"{""amount_at_risk"": 999.0, ""score"": 56, ""policy"": ""HUMAN""}",2026-08-26T17:16:04.441908
AUD-60df2ab5,CASE-2729,CASE_CREATED,SYSTEM,SYSTEM,"Case initialized for SUBSCRIPTION_FAILURE amount ₹1,999.00","{""amount_at_risk"": 1999.0, ""score"": 86, ""policy"": ""AUTO""}",2026-08-26T16:16:04.441908
AUD-bc633b23,CASE-2730,CASE_CREATED,SYSTEM,SYSTEM,"Case initialized for SUBSCRIPTION_FAILURE amount ₹1,999.00","{""amount_at_risk"": 1999.0, ""score"": 60, ""policy"": ""HUMAN""}",2026-08-28T12:16:04.441908
AUD-a189729c,CASE-2731,CASE_CREATED,SYSTEM,SYSTEM,Case initialized for SUBSCRIPTION_FAILURE amount ₹999.00,"{""amount_at_risk"": 999.0, ""score"": 40, ""policy"": ""HUMAN""}",2026-08-28T06:16:04.445143
AUD-1d84c5ca,CASE-2732,CASE_CREATED,SYSTEM,SYSTEM,"Case initialized for SUBSCRIPTION_FAILURE amount ₹8,999.00","{""amount_at_risk"": 8999.0, ""score"": 62, ""policy"": ""HUMAN""}",2026-08-28T00:16:04.445143
AUD-847ce17a,CASE-2733,CASE_CREATED,SYSTEM,SYSTEM,Case initialized for SUBSCRIPTION_FAILURE amount ₹999.00,"{""amount_at_risk"": 999.0, ""score"": 41, ""policy"": ""HUMAN""}",2026-08-26T18:16:04.445143
AUD-b2d9d3ef,CASE-2734,CASE_CREATED,SYSTEM,SYSTEM,"Case initialized for SUBSCRIPTION_FAILURE amount ₹1,999.00","{""amount_at_risk"": 1999.0, ""score"": 78, ""policy"": ""HUMAN""}",2026-08-26T22:16:04.445143
AUD-ac1ba403,CASE-2735,CASE_CREATED,SYSTEM,SYSTEM,"Case initialized for SUBSCRIPTION_FAILURE amount ₹1,999.00","{""amount_at_risk"": 1999.0, ""score"": 64, ""policy"": ""HUMAN""}",2026-08-26T16:16:04.445143
AUD-a7b026df,CASE-2736,CASE_CREATED,SYSTEM,SYSTEM,"Case initialized for SUBSCRIPTION_FAILURE amount ₹1,999.00","{""amount_at_risk"": 1999.0, ""score"": 56, ""policy"": ""HUMAN""}",2026-08-28T08:16:04.445143
AUD-91f5dc3f,CASE-2737,CASE_CREATED,SYSTEM,SYSTEM,"Case initialized for SUBSCRIPTION_FAILURE amount ₹8,999.00","{""amount_at_risk"": 8999.0, ""score"": 57, ""policy"": ""HUMAN""}",2026-08-28T02:16:04.445143
AUD-55ef82cc,CASE-2738,CASE_CREATED,SYSTEM,SYSTEM,Case initialized for SUBSCRIPTION_FAILURE amount ₹999.00,"{""amount_at_risk"": 999.0, ""score"": 57, ""policy"": ""HUMAN""}",2026-08-27T15:16:04.446510
AUD-fbb1e7b4,CASE-2739,CASE_CREATED,SYSTEM,SYSTEM,Case initialized for SUBSCRIPTION_FAILURE amount ₹999.00,"{""amount_at_risk"": 999.0, ""score"": 56, ""policy"": ""HUMAN""}",2026-08-28T08:16:04.446510
AUD-acf4fcde,CASE-2740,CASE_CREATED,SYSTEM,SYSTEM,"Case initialized for SUBSCRIPTION_FAILURE amount ₹8,999.00","{""amount_at_risk"": 8999.0, ""score"": 52, ""policy"": ""HUMAN""}",2026-08-27T05:16:04.446510
AUD-4f94beb1,CASE-2741,CASE_CREATED,SYSTEM,SYSTEM,Case initialized for SUBSCRIPTION_FAILURE amount ₹999.00,"{""amount_at_risk"": 999.0, ""score"": 49, ""policy"": ""HUMAN""}",2026-08-26T21:16:04.446510
AUD-35194ecf,CASE-2742,CASE_CREATED,SYSTEM,SYSTEM,Case initialized for SUBSCRIPTION_FAILURE amount ₹999.00,"{""amount_at_risk"": 999.0, ""score"": 68, ""policy"": ""HUMAN""}",2026-08-28T08:16:04.446510
AUD-603a4e44,CASE-2743,CASE_CREATED,SYSTEM,SYSTEM,Case initialized for SUBSCRIPTION_FAILURE amount ₹999.00,"{""amount_at_risk"": 999.0, ""score"": 76, ""policy"": ""HUMAN""}",2026-08-27T05:16:04.446510
AUD-42bd7ea1,CASE-2744,CASE_CREATED,SYSTEM,SYSTEM,"Case initialized for SUBSCRIPTION_FAILURE amount ₹1,999.00","{""amount_at_risk"": 1999.0, ""score"": 81, ""policy"": ""AUTO""}",2026-08-27T12:16:04.448526
AUD-f46b51f2,CASE-2745,CASE_CREATED,SYSTEM,SYSTEM,"Case initialized for SUBSCRIPTION_FAILURE amount ₹4,999.00","{""amount_at_risk"": 4999.0, ""score"": 49, ""policy"": ""HUMAN""}",2026-08-28T12:16:04.448526
AUD-0a54a227,CASE-2746,CASE_CREATED,SYSTEM,SYSTEM,"Case initialized for SUBSCRIPTION_FAILURE amount ₹8,999.00","{""amount_at_risk"": 8999.0, ""score"": 70, ""policy"": ""HUMAN""}",2026-08-28T08:16:04.448526
AUD-7909eca7,CASE-2747,CASE_CREATED,SYSTEM,SYSTEM,"Case initialized for SUBSCRIPTION_FAILURE amount ₹1,999.00","{""amount_at_risk"": 1999.0, ""score"": 40, ""policy"": ""HUMAN""}",2026-08-27T00:16:04.448526
AUD-6df58462,CASE-2748,CASE_CREATED,SYSTEM,SYSTEM,"Case initialized for SUBSCRIPTION_FAILURE amount ₹4,999.00","{""amount_at_risk"": 4999.0, ""score"": 61, ""policy"": ""HUMAN""}",2026-08-26T20:16:04.448526
AUD-7631df75,CASE-2749,CASE_CREATED,SYSTEM,SYSTEM,Case initialized for SUBSCRIPTION_FAILURE amount ₹999.00,"{""amount_at_risk"": 999.0, ""score"": 63, ""policy"": ""HUMAN""}",2026-08-27T07:16:04.448526
AUD-7f70f425,CASE-2750,CASE_CREATED,SYSTEM,SYSTEM,"Case initialized for SUBSCRIPTION_FAILURE amount ₹4,999.00","{""amount_at_risk"": 4999.0, ""score"": 81, ""policy"": ""AUTO""}",2026-08-28T10:16:04.448526
AUD-291f1355,CASE-2751,CASE_CREATED,SYSTEM,SYSTEM,"Case initialized for SUBSCRIPTION_FAILURE amount ₹8,999.00","{""amount_at_risk"": 8999.0, ""score"": 82, ""policy"": ""HUMAN""}",2026-08-27T12:16:04.448526
AUD-8ee17a57,CASE-2752,CASE_CREATED,SYSTEM,SYSTEM,Case initialized for SUBSCRIPTION_FAILURE amount ₹999.00,"{""amount_at_risk"": 999.0, ""score"": 80, ""policy"": ""AUTO""}",2026-08-26T20:16:04.448526
AUD-a1041d32,CASE-2753,CASE_CREATED,SYSTEM,SYSTEM,"Case initialized for SUBSCRIPTION_FAILURE amount ₹8,999.00","{""amount_at_risk"": 8999.0, ""score"": 87, ""policy"": ""HUMAN""}",2026-08-28T00:16:04.450075
AUD-8ee2b615,CASE-2754,CASE_CREATED,SYSTEM,SYSTEM,Case initialized for SUBSCRIPTION_FAILURE amount ₹999.00,"{""amount_at_risk"": 999.0, ""score"": 86, ""policy"": ""AUTO""}",2026-08-28T08:16:04.450075
AUD-8f0500e4,CASE-2755,CASE_CREATED,SYSTEM,SYSTEM,"Case initialized for SUBSCRIPTION_FAILURE amount ₹4,999.00","{""amount_at_risk"": 4999.0, ""score"": 71, ""policy"": ""HUMAN""}",2026-08-28T10:16:04.450075
AUD-d54402dd,CASE-2756,CASE_CREATED,SYSTEM,SYSTEM,"Case initialized for SUBSCRIPTION_FAILURE amount ₹4,999.00","{""amount_at_risk"": 4999.0, ""score"": 43, ""policy"": ""HUMAN""}",2026-08-28T05:16:04.450075
AUD-80de662b,CASE-2757,CASE_CREATED,SYSTEM,SYSTEM,"Case initialized for SUBSCRIPTION_FAILURE amount ₹1,999.00","{""amount_at_risk"": 1999.0, ""score"": 81, ""policy"": ""AUTO""}",2026-08-27T02:16:04.450075
AUD-479f1b71,CASE-2758,CASE_CREATED,SYSTEM,SYSTEM,"Case initialized for SUBSCRIPTION_FAILURE amount ₹1,999.00","{""amount_at_risk"": 1999.0, ""score"": 87, ""policy"": ""AUTO""}",2026-08-28T10:16:04.450075
AUD-32c49c88,CASE-2759,CASE_CREATED,SYSTEM,SYSTEM,"Case initialized for SUBSCRIPTION_FAILURE amount ₹1,999.00","{""amount_at_risk"": 1999.0, ""score"": 71, ""policy"": ""HUMAN""}",2026-08-28T10:16:04.451717
AUD-e72d79f4,CASE-2760,CASE_CREATED,SYSTEM,SYSTEM,"Case initialized for SUBSCRIPTION_FAILURE amount ₹1,999.00","{""amount_at_risk"": 1999.0, ""score"": 84, ""policy"": ""AUTO""}",2026-08-26T20:16:04.451717
AUD-ad3fae29,CASE-2761,CASE_CREATED,SYSTEM,SYSTEM,Case initialized for SUBSCRIPTION_FAILURE amount ₹999.00,"{""amount_at_risk"": 999.0, ""score"": 59, ""policy"": ""HUMAN""}",2026-08-28T02:16:04.452231
AUD-b1918709,CASE-2762,CASE_CREATED,SYSTEM,SYSTEM,Case initialized for SUBSCRIPTION_FAILURE amount ₹999.00,"{""amount_at_risk"": 999.0, ""score"": 46, ""policy"": ""HUMAN""}",2026-08-26T21:16:04.452231
AUD-ab9a7e87,CASE-2763,CASE_CREATED,SYSTEM,SYSTEM,"Case initialized for SUBSCRIPTION_FAILURE amount ₹1,999.00","{""amount_at_risk"": 1999.0, ""score"": 44, ""policy"": ""HUMAN""}",2026-08-26T13:16:04.452773
AUD-7cc50bdf,CASE-2764,CASE_CREATED,SYSTEM,SYSTEM,"Case initialized for SUBSCRIPTION_FAILURE amount ₹8,999.00","{""amount_at_risk"": 8999.0, ""score"": 60, ""policy"": ""HUMAN""}",2026-08-27T23:16:04.452773
AUD-f6eb0bae,CASE-2765,CASE_CREATED,SYSTEM,SYSTEM,Case initialized for SUBSCRIPTION_FAILURE amount ₹999.00,"{""amount_at_risk"": 999.0, ""score"": 77, ""policy"": ""HUMAN""}",2026-08-28T05:16:04.452773
AUD-76274494,CASE-2766,CASE_CREATED,SYSTEM,SYSTEM,"Case initialized for SUBSCRIPTION_FAILURE amount ₹4,999.00","{""amount_at_risk"": 4999.0, ""score"": 49, ""policy"": ""HUMAN""}",2026-08-27T13:16:04.452773
AUD-b0adebd1,CASE-2767,CASE_CREATED,SYSTEM,SYSTEM,"Case initialized for SUBSCRIPTION_FAILURE amount ₹1,999.00","{""amount_at_risk"": 1999.0, ""score"": 68, ""policy"": ""HUMAN""}",2026-08-28T06:16:04.452773
AUD-bd93ae9e,CASE-2768,CASE_CREATED,SYSTEM,SYSTEM,"Case initialized for SUBSCRIPTION_FAILURE amount ₹8,999.00","{""amount_at_risk"": 8999.0, ""score"": 50, ""policy"": ""HUMAN""}",2026-08-28T12:16:04.452773
AUD-a48b7626,CASE-2769,CASE_CREATED,SYSTEM,SYSTEM,Case initialized for SUBSCRIPTION_FAILURE amount ₹999.00,"{""amount_at_risk"": 999.0, ""score"": 51, ""policy"": ""HUMAN""}",2026-08-26T16:16:04.452773
AUD-ed156d2f,CASE-2770,CASE_CREATED,SYSTEM,SYSTEM,"Case initialized for SUBSCRIPTION_FAILURE amount ₹8,999.00","{""amount_at_risk"": 8999.0, ""score"": 84, ""policy"": ""HUMAN""}",2026-08-26T20:16:04.452773
AUD-3ca96475,CASE-2771,CASE_CREATED,SYSTEM,SYSTEM,"Case initialized for SUBSCRIPTION_FAILURE amount ₹4,999.00","{""amount_at_risk"": 4999.0, ""score"": 73, ""policy"": ""HUMAN""}",2026-08-28T01:16:04.452773
AUD-b9d2a21a,CASE-2772,CASE_CREATED,SYSTEM,SYSTEM,Case initialized for SUBSCRIPTION_FAILURE amount ₹999.00,"{""amount_at_risk"": 999.0, ""score"": 78, ""policy"": ""HUMAN""}",2026-08-28T07:16:04.452773
AUD-c002dfbb,CASE-2773,CASE_CREATED,SYSTEM,SYSTEM,"Case initialized for SUBSCRIPTION_FAILURE amount ₹4,999.00","{""amount_at_risk"": 4999.0, ""score"": 62, ""policy"": ""HUMAN""}",2026-08-27T21:16:04.452773
AUD-fe1ddfda,CASE-2774,CASE_CREATED,SYSTEM,SYSTEM,"Case initialized for SUBSCRIPTION_FAILURE amount ₹1,999.00","{""amount_at_risk"": 1999.0, ""score"": 47, ""policy"": ""HUMAN""}",2026-08-27T13:16:04.452773
AUD-12a04d10,CASE-2775,CASE_CREATED,SYSTEM,SYSTEM,"Case initialized for SUBSCRIPTION_FAILURE amount ₹1,999.00","{""amount_at_risk"": 1999.0, ""score"": 69, ""policy"": ""HUMAN""}",2026-08-28T00:16:04.455294
AUD-7db674a3,CASE-2776,CASE_CREATED,SYSTEM,SYSTEM,Case initialized for SUBSCRIPTION_FAILURE amount ₹999.00,"{""amount_at_risk"": 999.0, ""score"": 49, ""policy"": ""HUMAN""}",2026-08-28T02:16:04.455294
AUD-d8fc30c8,CASE-2777,CASE_CREATED,SYSTEM,SYSTEM,Case initialized for SUBSCRIPTION_FAILURE amount ₹999.00,"{""amount_at_risk"": 999.0, ""score"": 43, ""policy"": ""HUMAN""}",2026-08-27T09:16:04.455294
AUD-fdd6072b,CASE-2778,CASE_CREATED,SYSTEM,SYSTEM,"Case initialized for SUBSCRIPTION_FAILURE amount ₹4,999.00","{""amount_at_risk"": 4999.0, ""score"": 61, ""policy"": ""HUMAN""}",2026-08-26T13:16:04.455294
AUD-08c2bd12,CASE-2779,CASE_CREATED,SYSTEM,SYSTEM,Case initialized for SUBSCRIPTION_FAILURE amount ₹999.00,"{""amount_at_risk"": 999.0, ""score"": 74, ""policy"": ""HUMAN""}",2026-08-27T05:16:04.455294
AUD-967e5e04,CASE-2780,CASE_CREATED,SYSTEM,SYSTEM,Case initialized for SUBSCRIPTION_FAILURE amount ₹999.00,"{""amount_at_risk"": 999.0, ""score"": 44, ""policy"": ""HUMAN""}",2026-08-26T23:16:04.455294
AUD-88bf6e7c,CASE-2781,CASE_CREATED,SYSTEM,SYSTEM,"Case initialized for SUBSCRIPTION_FAILURE amount ₹4,999.00","{""amount_at_risk"": 4999.0, ""score"": 66, ""policy"": ""HUMAN""}",2026-08-28T05:16:04.455294
AUD-a39d5148,CASE-2782,CASE_CREATED,SYSTEM,SYSTEM,"Case initialized for SUBSCRIPTION_FAILURE amount ₹4,999.00","{""amount_at_risk"": 4999.0, ""score"": 54, ""policy"": ""HUMAN""}",2026-08-27T10:16:04.455294
AUD-450d524b,CASE-2783,CASE_CREATED,SYSTEM,SYSTEM,"Case initialized for SUBSCRIPTION_FAILURE amount ₹1,999.00","{""amount_at_risk"": 1999.0, ""score"": 64, ""policy"": ""HUMAN""}",2026-08-26T23:16:04.455294
AUD-16bd471a,CASE-2784,CASE_CREATED,SYSTEM,SYSTEM,"Case initialized for SUBSCRIPTION_FAILURE amount ₹8,999.00","{""amount_at_risk"": 8999.0, ""score"": 43, ""policy"": ""HUMAN""}",2026-08-26T21:16:04.455294
AUD-c4042d09,CASE-2785,CASE_CREATED,SYSTEM,SYSTEM,"Case initialized for SUBSCRIPTION_FAILURE amount ₹8,999.00","{""amount_at_risk"": 8999.0, ""score"": 51, ""policy"": ""HUMAN""}",2026-08-27T07:16:04.455294
AUD-801a6e30,CASE-2786,CASE_CREATED,SYSTEM,SYSTEM,"Case initialized for SUBSCRIPTION_FAILURE amount ₹1,999.00","{""amount_at_risk"": 1999.0, ""score"": 80, ""policy"": ""AUTO""}",2026-08-27T15:16:04.455294
AUD-ab771a49,CASE-2787,CASE_CREATED,SYSTEM,SYSTEM,"Case initialized for SUBSCRIPTION_FAILURE amount ₹1,999.00","{""amount_at_risk"": 1999.0, ""score"": 42, ""policy"": ""HUMAN""}",2026-08-28T04:16:04.455294
AUD-a7844337,CASE-2788,CASE_CREATED,SYSTEM,SYSTEM,Case initialized for SUBSCRIPTION_FAILURE amount ₹999.00,"{""amount_at_risk"": 999.0, ""score"": 69, ""policy"": ""HUMAN""}",2026-08-27T15:16:04.455294
AUD-39ebec70,CASE-2789,CASE_CREATED,SYSTEM,SYSTEM,"Case initialized for SUBSCRIPTION_FAILURE amount ₹1,999.00","{""amount_at_risk"": 1999.0, ""score"": 58, ""policy"": ""HUMAN""}",2026-08-27T01:16:04.455294
AUD-8890a201,CASE-2790,CASE_CREATED,SYSTEM,SYSTEM,"Case initialized for SUBSCRIPTION_FAILURE amount ₹1,999.00","{""amount_at_risk"": 1999.0, ""score"": 45, ""policy"": ""HUMAN""}",2026-08-26T23:16:04.455294
AUD-47547f00,CASE-2791,CASE_CREATED,SYSTEM,SYSTEM,"Case initialized for SUBSCRIPTION_FAILURE amount ₹8,999.00","{""amount_at_risk"": 8999.0, ""score"": 69, ""policy"": ""HUMAN""}",2026-08-27T09:16:04.455294
AUD-d26a697f,CASE-2792,CASE_CREATED,SYSTEM,SYSTEM,"Case initialized for SUBSCRIPTION_FAILURE amount ₹1,999.00","{""amount_at_risk"": 1999.0, ""score"": 55, ""policy"": ""HUMAN""}",2026-08-27T22:16:04.455294
AUD-4778406b,CASE-2793,CASE_CREATED,SYSTEM,SYSTEM,"Case initialized for SUBSCRIPTION_FAILURE amount ₹1,999.00","{""amount_at_risk"": 1999.0, ""score"": 76, ""policy"": ""HUMAN""}",2026-08-28T10:16:04.455294
AUD-9b7f519e,CASE-2794,CASE_CREATED,SYSTEM,SYSTEM,"Case initialized for SUBSCRIPTION_FAILURE amount ₹8,999.00","{""amount_at_risk"": 8999.0, ""score"": 86, ""policy"": ""HUMAN""}",2026-08-27T03:16:04.455294
AUD-731f2436,CASE-2795,CASE_CREATED,SYSTEM,SYSTEM,"Case initialized for SUBSCRIPTION_FAILURE amount ₹8,999.00","{""amount_at_risk"": 8999.0, ""score"": 70, ""policy"": ""HUMAN""}",2026-08-27T21:16:04.455294
AUD-bb84b319,CASE-2796,CASE_CREATED,SYSTEM,SYSTEM,Case initialized for SUBSCRIPTION_FAILURE amount ₹999.00,"{""amount_at_risk"": 999.0, ""score"": 75, ""policy"": ""HUMAN""}",2026-08-28T04:16:04.455294
AUD-479412f5,CASE-2797,CASE_CREATED,SYSTEM,SYSTEM,"Case initialized for SUBSCRIPTION_FAILURE amount ₹4,999.00","{""amount_at_risk"": 4999.0, ""score"": 58, ""policy"": ""HUMAN""}",2026-08-27T06:16:04.455294
AUD-d6020105,CASE-2798,CASE_CREATED,SYSTEM,SYSTEM,"Case initialized for SUBSCRIPTION_FAILURE amount ₹4,999.00","{""amount_at_risk"": 4999.0, ""score"": 50, ""policy"": ""HUMAN""}",2026-08-27T07:16:04.455294
AUD-ec1aed11,CASE-2799,CASE_CREATED,SYSTEM,SYSTEM,"Case initialized for SUBSCRIPTION_FAILURE amount ₹1,999.00","{""amount_at_risk"": 1999.0, ""score"": 85, ""policy"": ""AUTO""}",2026-08-26T20:16:04.455294
AUD-9a697be4,CASE-2800,CASE_CREATED,SYSTEM,SYSTEM,"Case initialized for SUBSCRIPTION_FAILURE amount ₹8,999.00","{""amount_at_risk"": 8999.0, ""score"": 85, ""policy"": ""HUMAN""}",2026-08-26T16:16:04.455294
AUD-074f3b11,CASE-2801,CASE_CREATED,SYSTEM,SYSTEM,"Case initialized for SUBSCRIPTION_FAILURE amount ₹4,999.00","{""amount_at_risk"": 4999.0, ""score"": 73, ""policy"": ""HUMAN""}",2026-08-27T19:16:04.455294
AUD-e4f23874,CASE-2802,CASE_CREATED,SYSTEM,SYSTEM,"Case initialized for SUBSCRIPTION_FAILURE amount ₹1,999.00","{""amount_at_risk"": 1999.0, ""score"": 83, ""policy"": ""AUTO""}",2026-08-28T09:16:04.455294
AUD-4c8b6642,CASE-2803,CASE_CREATED,SYSTEM,SYSTEM,"Case initialized for SUBSCRIPTION_FAILURE amount ₹4,999.00","{""amount_at_risk"": 4999.0, ""score"": 43, ""policy"": ""HUMAN""}",2026-08-27T07:16:04.455294
AUD-6b2c67d6,CASE-2804,CASE_CREATED,SYSTEM,SYSTEM,Case initialized for SUBSCRIPTION_FAILURE amount ₹999.00,"{""amount_at_risk"": 999.0, ""score"": 63, ""policy"": ""HUMAN""}",2026-08-27T01:16:04.455294
AUD-ad18a968,CASE-2805,CASE_CREATED,SYSTEM,SYSTEM,Case initialized for SUBSCRIPTION_FAILURE amount ₹999.00,"{""amount_at_risk"": 999.0, ""score"": 75, ""policy"": ""HUMAN""}",2026-08-27T21:16:04.455294
AUD-53dd2b04,CASE-2806,CASE_CREATED,SYSTEM,SYSTEM,Case initialized for SUBSCRIPTION_FAILURE amount ₹999.00,"{""amount_at_risk"": 999.0, ""score"": 81, ""policy"": ""AUTO""}",2026-08-27T22:16:04.455294
AUD-8cccd067,CASE-2807,CASE_CREATED,SYSTEM,SYSTEM,"Case initialized for SUBSCRIPTION_FAILURE amount ₹4,999.00","{""amount_at_risk"": 4999.0, ""score"": 62, ""policy"": ""HUMAN""}",2026-08-28T09:16:04.455294
AUD-8e5c1d92,CASE-2808,CASE_CREATED,SYSTEM,SYSTEM,Case initialized for SUBSCRIPTION_FAILURE amount ₹999.00,"{""amount_at_risk"": 999.0, ""score"": 63, ""policy"": ""HUMAN""}",2026-08-27T04:16:04.455294
AUD-ca9240c3,CASE-2809,CASE_CREATED,SYSTEM,SYSTEM,Case initialized for SUBSCRIPTION_FAILURE amount ₹999.00,"{""amount_at_risk"": 999.0, ""score"": 70, ""policy"": ""HUMAN""}",2026-08-26T21:16:04.455294
AUD-613f32ff,CASE-2810,CASE_CREATED,SYSTEM,SYSTEM,"Case initialized for SUBSCRIPTION_FAILURE amount ₹4,999.00","{""amount_at_risk"": 4999.0, ""score"": 83, ""policy"": ""AUTO""}",2026-08-28T07:16:04.455294
AUD-cbf89acb,CASE-2811,CASE_CREATED,SYSTEM,SYSTEM,Case initialized for SUBSCRIPTION_FAILURE amount ₹999.00,"{""amount_at_risk"": 999.0, ""score"": 65, ""policy"": ""HUMAN""}",2026-08-28T06:16:04.455294
AUD-b6194759,CASE-2812,CASE_CREATED,SYSTEM,SYSTEM,"Case initialized for SUBSCRIPTION_FAILURE amount ₹1,999.00","{""amount_at_risk"": 1999.0, ""score"": 57, ""policy"": ""HUMAN""}",2026-08-28T03:16:04.455294
AUD-196aac17,CASE-2813,CASE_CREATED,SYSTEM,SYSTEM,"Case initialized for SUBSCRIPTION_FAILURE amount ₹1,999.00","{""amount_at_risk"": 1999.0, ""score"": 73, ""policy"": ""HUMAN""}",2026-08-26T17:16:04.455294
AUD-b154cc83,CASE-2814,CASE_CREATED,SYSTEM,SYSTEM,"Case initialized for SUBSCRIPTION_FAILURE amount ₹1,999.00","{""amount_at_risk"": 1999.0, ""score"": 70, ""policy"": ""HUMAN""}",2026-08-26T13:16:04.455294
AUD-7246cb24,CASE-2815,CASE_CREATED,SYSTEM,SYSTEM,Case initialized for SUBSCRIPTION_FAILURE amount ₹999.00,"{""amount_at_risk"": 999.0, ""score"": 58, ""policy"": ""HUMAN""}",2026-08-27T22:16:04.455294
AUD-084a43f5,CASE-2816,CASE_CREATED,SYSTEM,SYSTEM,"Case initialized for SUBSCRIPTION_FAILURE amount ₹4,999.00","{""amount_at_risk"": 4999.0, ""score"": 66, ""policy"": ""HUMAN""}",2026-08-26T19:16:04.455294
AUD-1893e515,CASE-2817,CASE_CREATED,SYSTEM,SYSTEM,"Case initialized for SUBSCRIPTION_FAILURE amount ₹4,999.00","{""amount_at_risk"": 4999.0, ""score"": 71, ""policy"": ""HUMAN""}",2026-08-27T17:16:04.455294
AUD-a253e4eb,CASE-2818,CASE_CREATED,SYSTEM,SYSTEM,"Case initialized for SUBSCRIPTION_FAILURE amount ₹1,999.00","{""amount_at_risk"": 1999.0, ""score"": 59, ""policy"": ""HUMAN""}",2026-08-27T06:16:04.455294
AUD-5e99da6f,CASE-2819,CASE_CREATED,SYSTEM,SYSTEM,"Case initialized for SUBSCRIPTION_FAILURE amount ₹4,999.00","{""amount_at_risk"": 4999.0, ""score"": 58, ""policy"": ""HUMAN""}",2026-08-27T18:16:04.455294
AUD-4bf3b756,CASE-2820,CASE_CREATED,SYSTEM,SYSTEM,"Case initialized for SUBSCRIPTION_FAILURE amount ₹8,999.00","{""amount_at_risk"": 8999.0, ""score"": 50, ""policy"": ""HUMAN""}",2026-08-28T01:16:04.455294
AUD-4567aed3,CASE-2821,CASE_CREATED,SYSTEM,SYSTEM,"Case initialized for SUBSCRIPTION_FAILURE amount ₹1,999.00","{""amount_at_risk"": 1999.0, ""score"": 50, ""policy"": ""HUMAN""}",2026-08-27T16:16:04.455294
AUD-00e07c0b,CASE-2822,CASE_CREATED,SYSTEM,SYSTEM,"Case initialized for SUBSCRIPTION_FAILURE amount ₹1,999.00","{""amount_at_risk"": 1999.0, ""score"": 68, ""policy"": ""HUMAN""}",2026-08-27T23:16:04.455294
AUD-c2da252b,CASE-2823,CASE_CREATED,SYSTEM,SYSTEM,Case initialized for SUBSCRIPTION_FAILURE amount ₹999.00,"{""amount_at_risk"": 999.0, ""score"": 82, ""policy"": ""AUTO""}",2026-08-27T13:16:04.455294
AUD-451fe3b7,CASE-2824,CASE_CREATED,SYSTEM,SYSTEM,"Case initialized for SUBSCRIPTION_FAILURE amount ₹8,999.00","{""amount_at_risk"": 8999.0, ""score"": 74, ""policy"": ""HUMAN""}",2026-08-28T11:16:04.455294
AUD-0991a8c1,CASE-2825,CASE_CREATED,SYSTEM,SYSTEM,"Case initialized for SUBSCRIPTION_FAILURE amount ₹8,999.00","{""amount_at_risk"": 8999.0, ""score"": 71, ""policy"": ""HUMAN""}",2026-08-28T03:16:04.455294
AUD-94c22c8d,CASE-2826,CASE_CREATED,SYSTEM,SYSTEM,Case initialized for SUBSCRIPTION_FAILURE amount ₹999.00,"{""amount_at_risk"": 999.0, ""score"": 87, ""policy"": ""AUTO""}",2026-08-26T15:16:04.455294
AUD-e1c5a7b7,CASE-2827,CASE_CREATED,SYSTEM,SYSTEM,"Case initialized for SUBSCRIPTION_FAILURE amount ₹4,999.00","{""amount_at_risk"": 4999.0, ""score"": 70, ""policy"": ""HUMAN""}",2026-08-26T14:16:04.455294
AUD-e55f4351,CASE-2828,CASE_CREATED,SYSTEM,SYSTEM,"Case initialized for SUBSCRIPTION_FAILURE amount ₹8,999.00","{""amount_at_risk"": 8999.0, ""score"": 61, ""policy"": ""HUMAN""}",2026-08-28T04:16:04.455294
AUD-c2ff0566,CASE-2829,CASE_CREATED,SYSTEM,SYSTEM,Case initialized for SUBSCRIPTION_FAILURE amount ₹999.00,"{""amount_at_risk"": 999.0, ""score"": 59, ""policy"": ""HUMAN""}",2026-08-27T22:16:04.455294
AUD-76e7e52c,CASE-2830,CASE_CREATED,SYSTEM,SYSTEM,"Case initialized for SUBSCRIPTION_FAILURE amount ₹8,999.00","{""amount_at_risk"": 8999.0, ""score"": 62, ""policy"": ""HUMAN""}",2026-08-26T22:16:04.455294
AUD-ebd73309,CASE-2831,CASE_CREATED,SYSTEM,SYSTEM,"Case initialized for SUBSCRIPTION_FAILURE amount ₹1,999.00","{""amount_at_risk"": 1999.0, ""score"": 77, ""policy"": ""HUMAN""}",2026-08-28T00:16:04.455294
AUD-f4b744ab,CASE-2832,CASE_CREATED,SYSTEM,SYSTEM,Case initialized for SUBSCRIPTION_FAILURE amount ₹999.00,"{""amount_at_risk"": 999.0, ""score"": 45, ""policy"": ""HUMAN""}",2026-08-26T18:16:04.455294
AUD-0ca55099,CASE-2833,CASE_CREATED,SYSTEM,SYSTEM,Case initialized for SUBSCRIPTION_FAILURE amount ₹999.00,"{""amount_at_risk"": 999.0, ""score"": 72, ""policy"": ""HUMAN""}",2026-08-27T16:16:04.455294
AUD-16eef814,CASE-2834,CASE_CREATED,SYSTEM,SYSTEM,Case initialized for SUBSCRIPTION_FAILURE amount ₹999.00,"{""amount_at_risk"": 999.0, ""score"": 82, ""policy"": ""AUTO""}",2026-08-26T15:16:04.455294
AUD-c724cd9c,CASE-2835,CASE_CREATED,SYSTEM,SYSTEM,"Case initialized for SUBSCRIPTION_FAILURE amount ₹8,999.00","{""amount_at_risk"": 8999.0, ""score"": 63, ""policy"": ""HUMAN""}",2026-08-27T18:16:04.455294
AUD-6eb9d95b,CASE-2836,CASE_CREATED,SYSTEM,SYSTEM,"Case initialized for SUBSCRIPTION_FAILURE amount ₹4,999.00","{""amount_at_risk"": 4999.0, ""score"": 62, ""policy"": ""HUMAN""}",2026-08-28T07:16:04.455294
AUD-e8a18c65,CASE-2837,CASE_CREATED,SYSTEM,SYSTEM,"Case initialized for SUBSCRIPTION_FAILURE amount ₹1,999.00","{""amount_at_risk"": 1999.0, ""score"": 86, ""policy"": ""AUTO""}",2026-08-27T18:16:04.455294
AUD-49b68e5a,CASE-2838,CASE_CREATED,SYSTEM,SYSTEM,"Case initialized for SUBSCRIPTION_FAILURE amount ₹1,999.00","{""amount_at_risk"": 1999.0, ""score"": 86, ""policy"": ""AUTO""}",2026-08-26T23:16:04.455294
AUD-43389847,CASE-2839,CASE_CREATED,SYSTEM,SYSTEM,Case initialized for SUBSCRIPTION_FAILURE amount ₹999.00,"{""amount_at_risk"": 999.0, ""score"": 49, ""policy"": ""HUMAN""}",2026-08-27T03:16:04.455294
AUD-22795a60,CASE-2840,CASE_CREATED,SYSTEM,SYSTEM,"Case initialized for SUBSCRIPTION_FAILURE amount ₹4,999.00","{""amount_at_risk"": 4999.0, ""score"": 44, ""policy"": ""HUMAN""}",2026-08-27T10:16:04.455294
AUD-52e0246d,CASE-2841,CASE_CREATED,SYSTEM,SYSTEM,"Case initialized for SUBSCRIPTION_FAILURE amount ₹4,999.00","{""amount_at_risk"": 4999.0, ""score"": 66, ""policy"": ""HUMAN""}",2026-08-27T00:16:04.455294
AUD-602f4ae1,CASE-2842,CASE_CREATED,SYSTEM,SYSTEM,"Case initialized for SUBSCRIPTION_FAILURE amount ₹1,999.00","{""amount_at_risk"": 1999.0, ""score"": 52, ""policy"": ""HUMAN""}",2026-08-27T01:16:04.455294
AUD-f53b1997,CASE-2843,CASE_CREATED,SYSTEM,SYSTEM,"Case initialized for SUBSCRIPTION_FAILURE amount ₹8,999.00","{""amount_at_risk"": 8999.0, ""score"": 42, ""policy"": ""HUMAN""}",2026-08-27T01:16:04.455294
AUD-8bdbda56,CASE-2844,CASE_CREATED,SYSTEM,SYSTEM,"Case initialized for SUBSCRIPTION_FAILURE amount ₹8,999.00","{""amount_at_risk"": 8999.0, ""score"": 54, ""policy"": ""HUMAN""}",2026-08-27T20:16:04.455294
AUD-a66a40eb,CASE-2845,CASE_CREATED,SYSTEM,SYSTEM,"Case initialized for SUBSCRIPTION_FAILURE amount ₹4,999.00","{""amount_at_risk"": 4999.0, ""score"": 80, ""policy"": ""AUTO""}",2026-08-26T18:16:04.465304
AUD-24667899,CASE-2846,CASE_CREATED,SYSTEM,SYSTEM,"Case initialized for SUBSCRIPTION_FAILURE amount ₹4,999.00","{""amount_at_risk"": 4999.0, ""score"": 66, ""policy"": ""HUMAN""}",2026-08-26T19:16:04.465304
AUD-87e01ab4,CASE-2847,CASE_CREATED,SYSTEM,SYSTEM,"Case initialized for SUBSCRIPTION_FAILURE amount ₹1,999.00","{""amount_at_risk"": 1999.0, ""score"": 41, ""policy"": ""HUMAN""}",2026-08-28T08:16:04.465304
AUD-a11bcea8,CASE-2848,CASE_CREATED,SYSTEM,SYSTEM,"Case initialized for SUBSCRIPTION_FAILURE amount ₹4,999.00","{""amount_at_risk"": 4999.0, ""score"": 77, ""policy"": ""HUMAN""}",2026-08-26T20:16:04.465304
AUD-6565358d,CASE-2849,CASE_CREATED,SYSTEM,SYSTEM,"Case initialized for OVERDUE_INVOICE amount ₹12,000.00","{""amount_at_risk"": 12000.0, ""score"": 74, ""policy"": ""HUMAN""}",2026-08-26T14:16:04.465304
AUD-15887b2c,CASE-2850,CASE_CREATED,SYSTEM,SYSTEM,"Case initialized for OVERDUE_INVOICE amount ₹3,500.00","{""amount_at_risk"": 3500.0, ""score"": 46, ""policy"": ""HUMAN""}",2026-08-27T16:16:04.465304
AUD-8390bee4,CASE-2851,CASE_CREATED,SYSTEM,SYSTEM,"Case initialized for OVERDUE_INVOICE amount ₹12,000.00","{""amount_at_risk"": 12000.0, ""score"": 74, ""policy"": ""HUMAN""}",2026-08-28T09:16:04.465304
AUD-6f204997,CASE-2852,CASE_CREATED,SYSTEM,SYSTEM,"Case initialized for OVERDUE_INVOICE amount ₹6,500.00","{""amount_at_risk"": 6500.0, ""score"": 53, ""policy"": ""HUMAN""}",2026-08-27T18:16:04.465304
AUD-4ce567f2,CASE-2853,CASE_CREATED,SYSTEM,SYSTEM,"Case initialized for OVERDUE_INVOICE amount ₹6,500.00","{""amount_at_risk"": 6500.0, ""score"": 63, ""policy"": ""HUMAN""}",2026-08-28T01:16:04.465304
AUD-5fa60780,CASE-2854,CASE_CREATED,SYSTEM,SYSTEM,"Case initialized for OVERDUE_INVOICE amount ₹3,500.00","{""amount_at_risk"": 3500.0, ""score"": 68, ""policy"": ""HUMAN""}",2026-08-26T17:16:04.465304
AUD-974b66d2,CASE-2855,CASE_CREATED,SYSTEM,SYSTEM,"Case initialized for OVERDUE_INVOICE amount ₹6,500.00","{""amount_at_risk"": 6500.0, ""score"": 47, ""policy"": ""HUMAN""}",2026-08-26T23:16:04.465304
AUD-a28b8975,CASE-2856,CASE_CREATED,SYSTEM,SYSTEM,"Case initialized for OVERDUE_INVOICE amount ₹6,500.00","{""amount_at_risk"": 6500.0, ""score"": 39, ""policy"": ""HUMAN""}",2026-08-27T18:16:04.465304
AUD-12221121,CASE-2857,CASE_CREATED,SYSTEM,SYSTEM,"Case initialized for OVERDUE_INVOICE amount ₹6,500.00","{""amount_at_risk"": 6500.0, ""score"": 61, ""policy"": ""HUMAN""}",2026-08-28T06:16:04.465304
AUD-5aa54740,CASE-2858,CASE_CREATED,SYSTEM,SYSTEM,"Case initialized for OVERDUE_INVOICE amount ₹4,800.00","{""amount_at_risk"": 4800.0, ""score"": 39, ""policy"": ""HUMAN""}",2026-08-27T01:16:04.465304
AUD-2ac62130,CASE-2859,CASE_CREATED,SYSTEM,SYSTEM,"Case initialized for OVERDUE_INVOICE amount ₹3,500.00","{""amount_at_risk"": 3500.0, ""score"": 56, ""policy"": ""HUMAN""}",2026-08-28T04:16:04.465304
AUD-251530d6,CASE-2860,CASE_CREATED,SYSTEM,SYSTEM,"Case initialized for OVERDUE_INVOICE amount ₹3,500.00","{""amount_at_risk"": 3500.0, ""score"": 60, ""policy"": ""HUMAN""}",2026-08-27T13:16:04.465304
AUD-9a654388,CASE-2861,CASE_CREATED,SYSTEM,SYSTEM,"Case initialized for OVERDUE_INVOICE amount ₹4,800.00","{""amount_at_risk"": 4800.0, ""score"": 58, ""policy"": ""HUMAN""}",2026-08-26T15:16:04.465304
AUD-64e584bf,CASE-2862,CASE_CREATED,SYSTEM,SYSTEM,"Case initialized for OVERDUE_INVOICE amount ₹6,500.00","{""amount_at_risk"": 6500.0, ""score"": 31, ""policy"": ""HUMAN""}",2026-08-26T16:16:04.465304
AUD-a7aaacd2,CASE-2863,CASE_CREATED,SYSTEM,SYSTEM,"Case initialized for OVERDUE_INVOICE amount ₹4,800.00","{""amount_at_risk"": 4800.0, ""score"": 74, ""policy"": ""HUMAN""}",2026-08-27T23:16:04.465304
AUD-641fa6b8,CASE-2864,CASE_CREATED,SYSTEM,SYSTEM,"Case initialized for OVERDUE_INVOICE amount ₹4,800.00","{""amount_at_risk"": 4800.0, ""score"": 35, ""policy"": ""HUMAN""}",2026-08-28T11:16:04.465304
AUD-d9798999,CASE-2865,CASE_CREATED,SYSTEM,SYSTEM,"Case initialized for OVERDUE_INVOICE amount ₹12,000.00","{""amount_at_risk"": 12000.0, ""score"": 57, ""policy"": ""HUMAN""}",2026-08-28T10:16:04.465304
AUD-0a6c1436,CASE-2866,CASE_CREATED,SYSTEM,SYSTEM,"Case initialized for OVERDUE_INVOICE amount ₹3,500.00","{""amount_at_risk"": 3500.0, ""score"": 60, ""policy"": ""HUMAN""}",2026-08-28T08:16:04.465304
AUD-2f1f2220,CASE-2867,CASE_CREATED,SYSTEM,SYSTEM,"Case initialized for OVERDUE_INVOICE amount ₹6,500.00","{""amount_at_risk"": 6500.0, ""score"": 72, ""policy"": ""HUMAN""}",2026-08-26T22:16:04.465304
AUD-dd1b66e5,CASE-2868,CASE_CREATED,SYSTEM,SYSTEM,"Case initialized for OVERDUE_INVOICE amount ₹4,800.00","{""amount_at_risk"": 4800.0, ""score"": 67, ""policy"": ""HUMAN""}",2026-08-27T14:16:04.465304
AUD-3e52cbb7,CASE-2869,CASE_CREATED,SYSTEM,SYSTEM,"Case initialized for OVERDUE_INVOICE amount ₹3,500.00","{""amount_at_risk"": 3500.0, ""score"": 35, ""policy"": ""HUMAN""}",2026-08-27T14:16:04.465304
AUD-016394e2,CASE-2870,CASE_CREATED,SYSTEM,SYSTEM,"Case initialized for OVERDUE_INVOICE amount ₹6,500.00","{""amount_at_risk"": 6500.0, ""score"": 40, ""policy"": ""HUMAN""}",2026-08-27T00:16:04.465304
AUD-44622ef0,CASE-2871,CASE_CREATED,SYSTEM,SYSTEM,"Case initialized for OVERDUE_INVOICE amount ₹3,500.00","{""amount_at_risk"": 3500.0, ""score"": 36, ""policy"": ""HUMAN""}",2026-08-27T23:16:04.465304
AUD-b8dce9ee,CASE-2872,CASE_CREATED,SYSTEM,SYSTEM,"Case initialized for OVERDUE_INVOICE amount ₹4,800.00","{""amount_at_risk"": 4800.0, ""score"": 48, ""policy"": ""HUMAN""}",2026-08-28T06:16:04.465304
AUD-6b29325e,CASE-2873,CASE_CREATED,SYSTEM,SYSTEM,"Case initialized for OVERDUE_INVOICE amount ₹4,800.00","{""amount_at_risk"": 4800.0, ""score"": 62, ""policy"": ""HUMAN""}",2026-08-26T23:16:04.465304
AUD-815e2637,CASE-2874,CASE_CREATED,SYSTEM,SYSTEM,"Case initialized for OVERDUE_INVOICE amount ₹4,800.00","{""amount_at_risk"": 4800.0, ""score"": 58, ""policy"": ""HUMAN""}",2026-08-27T12:16:04.465304
AUD-2c733767,CASE-2875,CASE_CREATED,SYSTEM,SYSTEM,"Case initialized for OVERDUE_INVOICE amount ₹12,000.00","{""amount_at_risk"": 12000.0, ""score"": 43, ""policy"": ""HUMAN""}",2026-08-28T05:16:04.465304
AUD-83fc2661,CASE-2876,CASE_CREATED,SYSTEM,SYSTEM,"Case initialized for OVERDUE_INVOICE amount ₹6,500.00","{""amount_at_risk"": 6500.0, ""score"": 37, ""policy"": ""HUMAN""}",2026-08-28T04:16:04.465304
AUD-387e6e5a,CASE-2877,CASE_CREATED,SYSTEM,SYSTEM,"Case initialized for OVERDUE_INVOICE amount ₹12,000.00","{""amount_at_risk"": 12000.0, ""score"": 53, ""policy"": ""HUMAN""}",2026-08-27T16:16:04.465304
AUD-52c4c91c,CASE-2878,CASE_CREATED,SYSTEM,SYSTEM,"Case initialized for OVERDUE_INVOICE amount ₹12,000.00","{""amount_at_risk"": 12000.0, ""score"": 37, ""policy"": ""HUMAN""}",2026-08-26T22:16:04.465304
AUD-05edbb16,CASE-2879,CASE_CREATED,SYSTEM,SYSTEM,"Case initialized for OVERDUE_INVOICE amount ₹6,500.00","{""amount_at_risk"": 6500.0, ""score"": 73, ""policy"": ""HUMAN""}",2026-08-27T10:16:04.470074
AUD-96f114da,CASE-2880,CASE_CREATED,SYSTEM,SYSTEM,"Case initialized for OVERDUE_INVOICE amount ₹6,500.00","{""amount_at_risk"": 6500.0, ""score"": 57, ""policy"": ""HUMAN""}",2026-08-26T17:16:04.470074
AUD-84eaf04c,CASE-2881,CASE_CREATED,SYSTEM,SYSTEM,"Case initialized for OVERDUE_INVOICE amount ₹6,500.00","{""amount_at_risk"": 6500.0, ""score"": 41, ""policy"": ""HUMAN""}",2026-08-28T06:16:04.470074
AUD-7a32bf3f,CASE-2882,CASE_CREATED,SYSTEM,SYSTEM,"Case initialized for OVERDUE_INVOICE amount ₹12,000.00","{""amount_at_risk"": 12000.0, ""score"": 58, ""policy"": ""HUMAN""}",2026-08-28T03:16:04.470074
AUD-589b038d,CASE-2883,CASE_CREATED,SYSTEM,SYSTEM,"Case initialized for OVERDUE_INVOICE amount ₹12,000.00","{""amount_at_risk"": 12000.0, ""score"": 55, ""policy"": ""HUMAN""}",2026-08-27T13:16:04.470074
AUD-f9f5a66e,CASE-2884,CASE_CREATED,SYSTEM,SYSTEM,"Case initialized for OVERDUE_INVOICE amount ₹4,800.00","{""amount_at_risk"": 4800.0, ""score"": 51, ""policy"": ""HUMAN""}",2026-08-27T22:16:04.470074
AUD-dae1fb68,CASE-2885,CASE_CREATED,SYSTEM,SYSTEM,"Case initialized for OVERDUE_INVOICE amount ₹12,000.00","{""amount_at_risk"": 12000.0, ""score"": 61, ""policy"": ""HUMAN""}",2026-08-27T11:16:04.470074
AUD-618b55f8,CASE-2886,CASE_CREATED,SYSTEM,SYSTEM,"Case initialized for OVERDUE_INVOICE amount ₹6,500.00","{""amount_at_risk"": 6500.0, ""score"": 60, ""policy"": ""HUMAN""}",2026-08-27T19:16:04.470074
AUD-a1751e03,CASE-2887,CASE_CREATED,SYSTEM,SYSTEM,"Case initialized for OVERDUE_INVOICE amount ₹4,800.00","{""amount_at_risk"": 4800.0, ""score"": 59, ""policy"": ""HUMAN""}",2026-08-27T05:16:04.470074
AUD-ececd10d,CASE-2888,CASE_CREATED,SYSTEM,SYSTEM,"Case initialized for OVERDUE_INVOICE amount ₹12,000.00","{""amount_at_risk"": 12000.0, ""score"": 44, ""policy"": ""HUMAN""}",2026-08-26T13:16:04.470074
AUD-50a27b54,CASE-2889,CASE_CREATED,SYSTEM,SYSTEM,"Case initialized for OVERDUE_INVOICE amount ₹3,500.00","{""amount_at_risk"": 3500.0, ""score"": 34, ""policy"": ""HUMAN""}",2026-08-27T12:16:04.470074
AUD-e30c5bef,CASE-2890,CASE_CREATED,SYSTEM,SYSTEM,"Case initialized for OVERDUE_INVOICE amount ₹6,500.00","{""amount_at_risk"": 6500.0, ""score"": 39, ""policy"": ""HUMAN""}",2026-08-26T18:16:04.470074
AUD-8fe61a4c,CASE-2891,CASE_CREATED,SYSTEM,SYSTEM,"Case initialized for OVERDUE_INVOICE amount ₹12,000.00","{""amount_at_risk"": 12000.0, ""score"": 59, ""policy"": ""HUMAN""}",2026-08-27T05:16:04.470074
AUD-90551e15,CASE-2892,CASE_CREATED,SYSTEM,SYSTEM,"Case initialized for OVERDUE_INVOICE amount ₹12,000.00","{""amount_at_risk"": 12000.0, ""score"": 62, ""policy"": ""HUMAN""}",2026-08-27T02:16:04.470074
AUD-62511164,CASE-2893,CASE_CREATED,SYSTEM,SYSTEM,"Case initialized for OVERDUE_INVOICE amount ₹3,500.00","{""amount_at_risk"": 3500.0, ""score"": 32, ""policy"": ""HUMAN""}",2026-08-27T08:16:04.470074
AUD-4199190f,CASE-2894,CASE_CREATED,SYSTEM,SYSTEM,"Case initialized for OVERDUE_INVOICE amount ₹6,500.00","{""amount_at_risk"": 6500.0, ""score"": 54, ""policy"": ""HUMAN""}",2026-08-28T10:16:04.470074
AUD-805e9765,CASE-2895,CASE_CREATED,SYSTEM,SYSTEM,"Case initialized for OVERDUE_INVOICE amount ₹4,800.00","{""amount_at_risk"": 4800.0, ""score"": 65, ""policy"": ""HUMAN""}",2026-08-27T09:16:04.470074
AUD-b9fbd2ed,CASE-2896,CASE_CREATED,SYSTEM,SYSTEM,"Case initialized for OVERDUE_INVOICE amount ₹4,800.00","{""amount_at_risk"": 4800.0, ""score"": 49, ""policy"": ""HUMAN""}",2026-08-27T00:16:04.470074
AUD-ab3b09f8,CASE-2897,CASE_CREATED,SYSTEM,SYSTEM,"Case initialized for OVERDUE_INVOICE amount ₹12,000.00","{""amount_at_risk"": 12000.0, ""score"": 72, ""policy"": ""HUMAN""}",2026-08-27T01:16:04.470074
AUD-46be1948,CASE-2898,CASE_CREATED,SYSTEM,SYSTEM,"Case initialized for OVERDUE_INVOICE amount ₹4,800.00","{""amount_at_risk"": 4800.0, ""score"": 62, ""policy"": ""HUMAN""}",2026-08-27T05:16:04.470074
AUD-99a755a0,CASE-2899,CASE_CREATED,SYSTEM,SYSTEM,"Case initialized for OVERDUE_INVOICE amount ₹12,000.00","{""amount_at_risk"": 12000.0, ""score"": 69, ""policy"": ""HUMAN""}",2026-08-28T09:16:04.470074
AUD-4a0f11e5,CASE-2900,CASE_CREATED,SYSTEM,SYSTEM,"Case initialized for OVERDUE_INVOICE amount ₹3,500.00","{""amount_at_risk"": 3500.0, ""score"": 67, ""policy"": ""HUMAN""}",2026-08-27T14:16:04.470074
AUD-c7c0110a,CASE-2901,CASE_CREATED,SYSTEM,SYSTEM,"Case initialized for OVERDUE_INVOICE amount ₹3,500.00","{""amount_at_risk"": 3500.0, ""score"": 70, ""policy"": ""HUMAN""}",2026-08-27T09:16:04.470074
AUD-33edbf02,CASE-2902,CASE_CREATED,SYSTEM,SYSTEM,"Case initialized for OVERDUE_INVOICE amount ₹6,500.00","{""amount_at_risk"": 6500.0, ""score"": 52, ""policy"": ""HUMAN""}",2026-08-26T18:16:04.470074
AUD-6abc4156,CASE-2903,CASE_CREATED,SYSTEM,SYSTEM,"Case initialized for OVERDUE_INVOICE amount ₹4,800.00","{""amount_at_risk"": 4800.0, ""score"": 45, ""policy"": ""HUMAN""}",2026-08-28T07:16:04.470074
AUD-581300cd,CASE-2904,CASE_CREATED,SYSTEM,SYSTEM,"Case initialized for OVERDUE_INVOICE amount ₹3,500.00","{""amount_at_risk"": 3500.0, ""score"": 49, ""policy"": ""HUMAN""}",2026-08-28T11:16:04.470074
AUD-a48cee86,CASE-2905,CASE_CREATED,SYSTEM,SYSTEM,"Case initialized for OVERDUE_INVOICE amount ₹6,500.00","{""amount_at_risk"": 6500.0, ""score"": 32, ""policy"": ""HUMAN""}",2026-08-27T04:16:04.470074
AUD-56d37f9a,CASE-2906,CASE_CREATED,SYSTEM,SYSTEM,"Case initialized for OVERDUE_INVOICE amount ₹12,000.00","{""amount_at_risk"": 12000.0, ""score"": 47, ""policy"": ""HUMAN""}",2026-08-28T11:16:04.470074
AUD-caa4fdb3,CASE-2907,CASE_CREATED,SYSTEM,SYSTEM,"Case initialized for OVERDUE_INVOICE amount ₹6,500.00","{""amount_at_risk"": 6500.0, ""score"": 54, ""policy"": ""HUMAN""}",2026-08-27T00:16:04.470074
AUD-1fac404e,CASE-2908,CASE_CREATED,SYSTEM,SYSTEM,"Case initialized for OVERDUE_INVOICE amount ₹3,500.00","{""amount_at_risk"": 3500.0, ""score"": 61, ""policy"": ""HUMAN""}",2026-08-27T05:16:04.470074
AUD-2c720c94,CASE-2909,CASE_CREATED,SYSTEM,SYSTEM,"Case initialized for OVERDUE_INVOICE amount ₹6,500.00","{""amount_at_risk"": 6500.0, ""score"": 40, ""policy"": ""HUMAN""}",2026-08-28T00:16:04.470074
AUD-06410057,CASE-2910,CASE_CREATED,SYSTEM,SYSTEM,"Case initialized for OVERDUE_INVOICE amount ₹12,000.00","{""amount_at_risk"": 12000.0, ""score"": 70, ""policy"": ""HUMAN""}",2026-08-27T20:16:04.470074
AUD-edd8fb03,CASE-2911,CASE_CREATED,SYSTEM,SYSTEM,"Case initialized for OVERDUE_INVOICE amount ₹3,500.00","{""amount_at_risk"": 3500.0, ""score"": 49, ""policy"": ""HUMAN""}",2026-08-26T21:16:04.470074
AUD-d84fc528,CASE-2912,CASE_CREATED,SYSTEM,SYSTEM,"Case initialized for OVERDUE_INVOICE amount ₹3,500.00","{""amount_at_risk"": 3500.0, ""score"": 75, ""policy"": ""HUMAN""}",2026-08-27T15:16:04.470074
AUD-a10adbc2,CASE-2913,CASE_CREATED,SYSTEM,SYSTEM,"Case initialized for OVERDUE_INVOICE amount ₹6,500.00","{""amount_at_risk"": 6500.0, ""score"": 34, ""policy"": ""HUMAN""}",2026-08-27T23:16:04.475342
AUD-5e432064,CASE-2914,CASE_CREATED,SYSTEM,SYSTEM,"Case initialized for OVERDUE_INVOICE amount ₹6,500.00","{""amount_at_risk"": 6500.0, ""score"": 34, ""policy"": ""HUMAN""}",2026-08-26T18:16:04.475342
AUD-19622628,CASE-2915,CASE_CREATED,SYSTEM,SYSTEM,"Case initialized for OVERDUE_INVOICE amount ₹6,500.00","{""amount_at_risk"": 6500.0, ""score"": 42, ""policy"": ""HUMAN""}",2026-08-26T21:16:04.475342
AUD-6749aa4b,CASE-2916,CASE_CREATED,SYSTEM,SYSTEM,"Case initialized for OVERDUE_INVOICE amount ₹12,000.00","{""amount_at_risk"": 12000.0, ""score"": 72, ""policy"": ""HUMAN""}",2026-08-26T20:16:04.475342
AUD-e7d92a01,CASE-2917,CASE_CREATED,SYSTEM,SYSTEM,"Case initialized for OVERDUE_INVOICE amount ₹4,800.00","{""amount_at_risk"": 4800.0, ""score"": 66, ""policy"": ""HUMAN""}",2026-08-26T13:16:04.475342
AUD-79f23f23,CASE-2918,CASE_CREATED,SYSTEM,SYSTEM,"Case initialized for OVERDUE_INVOICE amount ₹12,000.00","{""amount_at_risk"": 12000.0, ""score"": 47, ""policy"": ""HUMAN""}",2026-08-26T14:16:04.475342
AUD-d4bd729c,CASE-2919,CASE_CREATED,SYSTEM,SYSTEM,"Case initialized for OVERDUE_INVOICE amount ₹3,500.00","{""amount_at_risk"": 3500.0, ""score"": 63, ""policy"": ""HUMAN""}",2026-08-28T03:16:04.475342
AUD-093e594d,CASE-2920,CASE_CREATED,SYSTEM,SYSTEM,"Case initialized for OVERDUE_INVOICE amount ₹4,800.00","{""amount_at_risk"": 4800.0, ""score"": 39, ""policy"": ""HUMAN""}",2026-08-27T16:16:04.475342
AUD-a9704a08,CASE-2921,CASE_CREATED,SYSTEM,SYSTEM,"Case initialized for OVERDUE_INVOICE amount ₹3,500.00","{""amount_at_risk"": 3500.0, ""score"": 70, ""policy"": ""HUMAN""}",2026-08-27T18:16:04.475342
AUD-18e27f87,CASE-2922,CASE_CREATED,SYSTEM,SYSTEM,"Case initialized for OVERDUE_INVOICE amount ₹4,800.00","{""amount_at_risk"": 4800.0, ""score"": 46, ""policy"": ""HUMAN""}",2026-08-28T05:16:04.475342
AUD-81e3f0ea,CASE-2923,CASE_CREATED,SYSTEM,SYSTEM,"Case initialized for OVERDUE_INVOICE amount ₹4,800.00","{""amount_at_risk"": 4800.0, ""score"": 42, ""policy"": ""HUMAN""}",2026-08-27T07:16:04.475342
AUD-9261413d,CASE-2924,CASE_CREATED,SYSTEM,SYSTEM,"Case initialized for OVERDUE_INVOICE amount ₹12,000.00","{""amount_at_risk"": 12000.0, ""score"": 65, ""policy"": ""HUMAN""}",2026-08-28T10:16:04.475342
AUD-181e2410,CASE-2925,CASE_CREATED,SYSTEM,SYSTEM,"Case initialized for OVERDUE_INVOICE amount ₹4,800.00","{""amount_at_risk"": 4800.0, ""score"": 40, ""policy"": ""HUMAN""}",2026-08-27T20:16:04.475342
AUD-2b918355,CASE-2926,CASE_CREATED,SYSTEM,SYSTEM,"Case initialized for OVERDUE_INVOICE amount ₹6,500.00","{""amount_at_risk"": 6500.0, ""score"": 72, ""policy"": ""HUMAN""}",2026-08-28T10:16:04.475342
AUD-01d410c7,CASE-2927,CASE_CREATED,SYSTEM,SYSTEM,"Case initialized for OVERDUE_INVOICE amount ₹12,000.00","{""amount_at_risk"": 12000.0, ""score"": 31, ""policy"": ""HUMAN""}",2026-08-26T22:16:04.477412
AUD-893ad017,CASE-2928,CASE_CREATED,SYSTEM,SYSTEM,"Case initialized for OVERDUE_INVOICE amount ₹6,500.00","{""amount_at_risk"": 6500.0, ""score"": 34, ""policy"": ""HUMAN""}",2026-08-26T18:16:04.477412
AUD-3328173a,CASE-2929,CASE_CREATED,SYSTEM,SYSTEM,"Case initialized for OVERDUE_INVOICE amount ₹3,500.00","{""amount_at_risk"": 3500.0, ""score"": 55, ""policy"": ""HUMAN""}",2026-08-27T00:16:04.477412
AUD-9ac896cc,CASE-2930,CASE_CREATED,SYSTEM,SYSTEM,"Case initialized for OVERDUE_INVOICE amount ₹3,500.00","{""amount_at_risk"": 3500.0, ""score"": 63, ""policy"": ""HUMAN""}",2026-08-28T07:16:04.477412
AUD-21e9ab83,CASE-2931,CASE_CREATED,SYSTEM,SYSTEM,"Case initialized for OVERDUE_INVOICE amount ₹4,800.00","{""amount_at_risk"": 4800.0, ""score"": 68, ""policy"": ""HUMAN""}",2026-08-26T23:16:04.477412
AUD-cc98e96f,CASE-2932,CASE_CREATED,SYSTEM,SYSTEM,"Case initialized for OVERDUE_INVOICE amount ₹12,000.00","{""amount_at_risk"": 12000.0, ""score"": 45, ""policy"": ""HUMAN""}",2026-08-28T06:16:04.477412
AUD-f055dd64,CASE-2933,CASE_CREATED,SYSTEM,SYSTEM,"Case initialized for OVERDUE_INVOICE amount ₹4,800.00","{""amount_at_risk"": 4800.0, ""score"": 43, ""policy"": ""HUMAN""}",2026-08-27T20:16:04.477412
AUD-d255fb25,CASE-2934,CASE_CREATED,SYSTEM,SYSTEM,"Case initialized for OVERDUE_INVOICE amount ₹3,500.00","{""amount_at_risk"": 3500.0, ""score"": 61, ""policy"": ""HUMAN""}",2026-08-28T05:16:04.477412
AUD-09c6da63,CASE-2935,CASE_CREATED,SYSTEM,SYSTEM,"Case initialized for OVERDUE_INVOICE amount ₹6,500.00","{""amount_at_risk"": 6500.0, ""score"": 64, ""policy"": ""HUMAN""}",2026-08-27T21:16:04.477412
AUD-1fb978f6,CASE-2936,CASE_CREATED,SYSTEM,SYSTEM,"Case initialized for OVERDUE_INVOICE amount ₹6,500.00","{""amount_at_risk"": 6500.0, ""score"": 39, ""policy"": ""HUMAN""}",2026-08-27T13:16:04.477412
AUD-f3eaa0eb,CASE-2937,CASE_CREATED,SYSTEM,SYSTEM,"Case initialized for OVERDUE_INVOICE amount ₹6,500.00","{""amount_at_risk"": 6500.0, ""score"": 31, ""policy"": ""HUMAN""}",2026-08-26T18:16:04.477412
AUD-14448e85,CASE-2938,CASE_CREATED,SYSTEM,SYSTEM,"Case initialized for OVERDUE_INVOICE amount ₹4,800.00","{""amount_at_risk"": 4800.0, ""score"": 46, ""policy"": ""HUMAN""}",2026-08-26T20:16:04.477412
AUD-2bcff22b,CASE-2939,CASE_CREATED,SYSTEM,SYSTEM,"Case initialized for OVERDUE_INVOICE amount ₹6,500.00","{""amount_at_risk"": 6500.0, ""score"": 73, ""policy"": ""HUMAN""}",2026-08-27T12:16:04.477412
AUD-8187ce25,CASE-2940,CASE_CREATED,SYSTEM,SYSTEM,"Case initialized for OVERDUE_INVOICE amount ₹3,500.00","{""amount_at_risk"": 3500.0, ""score"": 55, ""policy"": ""HUMAN""}",2026-08-27T21:16:04.477412
AUD-241b421b,CASE-2941,CASE_CREATED,SYSTEM,SYSTEM,"Case initialized for OVERDUE_INVOICE amount ₹6,500.00","{""amount_at_risk"": 6500.0, ""score"": 43, ""policy"": ""HUMAN""}",2026-08-27T16:16:04.477412
AUD-865b07d4,CASE-2942,CASE_CREATED,SYSTEM,SYSTEM,"Case initialized for OVERDUE_INVOICE amount ₹12,000.00","{""amount_at_risk"": 12000.0, ""score"": 32, ""policy"": ""HUMAN""}",2026-08-27T06:16:04.479425
AUD-c77119a4,CASE-2943,CASE_CREATED,SYSTEM,SYSTEM,"Case initialized for OVERDUE_INVOICE amount ₹12,000.00","{""amount_at_risk"": 12000.0, ""score"": 51, ""policy"": ""HUMAN""}",2026-08-26T16:16:04.479425
AUD-b8f8abfe,CASE-2944,CASE_CREATED,SYSTEM,SYSTEM,"Case initialized for OVERDUE_INVOICE amount ₹6,500.00","{""amount_at_risk"": 6500.0, ""score"": 62, ""policy"": ""HUMAN""}",2026-08-26T22:16:04.479425
AUD-f7b600be,CASE-2945,CASE_CREATED,SYSTEM,SYSTEM,"Case initialized for OVERDUE_INVOICE amount ₹6,500.00","{""amount_at_risk"": 6500.0, ""score"": 59, ""policy"": ""HUMAN""}",2026-08-26T19:16:04.479425
AUD-58d9c95a,CASE-2946,CASE_CREATED,SYSTEM,SYSTEM,"Case initialized for OVERDUE_INVOICE amount ₹4,800.00","{""amount_at_risk"": 4800.0, ""score"": 70, ""policy"": ""HUMAN""}",2026-08-27T11:16:04.479425
AUD-db3d4d3a,CASE-2947,CASE_CREATED,SYSTEM,SYSTEM,"Case initialized for OVERDUE_INVOICE amount ₹4,800.00","{""amount_at_risk"": 4800.0, ""score"": 70, ""policy"": ""HUMAN""}",2026-08-28T07:16:04.479425
AUD-bc315c81,CASE-2948,CASE_CREATED,SYSTEM,SYSTEM,"Case initialized for OVERDUE_INVOICE amount ₹3,500.00","{""amount_at_risk"": 3500.0, ""score"": 40, ""policy"": ""HUMAN""}",2026-08-26T17:16:04.479425
AUD-2c7e8b41,CASE-2949,CASE_CREATED,SYSTEM,SYSTEM,"Case initialized for OVERDUE_INVOICE amount ₹12,000.00","{""amount_at_risk"": 12000.0, ""score"": 50, ""policy"": ""HUMAN""}",2026-08-28T04:16:04.479425
AUD-fee0ca16,CASE-2950,CASE_CREATED,SYSTEM,SYSTEM,"Case initialized for OVERDUE_INVOICE amount ₹6,500.00","{""amount_at_risk"": 6500.0, ""score"": 41, ""policy"": ""HUMAN""}",2026-08-28T07:16:04.479425
AUD-736c6425,CASE-2951,CASE_CREATED,SYSTEM,SYSTEM,"Case initialized for OVERDUE_INVOICE amount ₹12,000.00","{""amount_at_risk"": 12000.0, ""score"": 53, ""policy"": ""HUMAN""}",2026-08-27T00:16:04.479425
AUD-61d9a371,CASE-2952,CASE_CREATED,SYSTEM,SYSTEM,"Case initialized for OVERDUE_INVOICE amount ₹4,800.00","{""amount_at_risk"": 4800.0, ""score"": 31, ""policy"": ""HUMAN""}",2026-08-27T07:16:04.479425
AUD-cc78c2ea,CASE-2953,CASE_CREATED,SYSTEM,SYSTEM,"Case initialized for OVERDUE_INVOICE amount ₹4,800.00","{""amount_at_risk"": 4800.0, ""score"": 46, ""policy"": ""HUMAN""}",2026-08-26T21:16:04.479425
AUD-51de3b20,CASE-2954,CASE_CREATED,SYSTEM,SYSTEM,"Case initialized for OVERDUE_INVOICE amount ₹12,000.00","{""amount_at_risk"": 12000.0, ""score"": 68, ""policy"": ""HUMAN""}",2026-08-27T13:16:04.479425
AUD-1deb7282,CASE-2955,CASE_CREATED,SYSTEM,SYSTEM,"Case initialized for OVERDUE_INVOICE amount ₹4,800.00","{""amount_at_risk"": 4800.0, ""score"": 66, ""policy"": ""HUMAN""}",2026-08-27T03:16:04.479425
AUD-445265df,CASE-2956,CASE_CREATED,SYSTEM,SYSTEM,"Case initialized for OVERDUE_INVOICE amount ₹12,000.00","{""amount_at_risk"": 12000.0, ""score"": 59, ""policy"": ""HUMAN""}",2026-08-26T15:16:04.479425
AUD-89779fae,CASE-2957,CASE_CREATED,SYSTEM,SYSTEM,"Case initialized for OVERDUE_INVOICE amount ₹4,800.00","{""amount_at_risk"": 4800.0, ""score"": 42, ""policy"": ""HUMAN""}",2026-08-27T05:16:04.481182
AUD-9f2908a5,CASE-2958,CASE_CREATED,SYSTEM,SYSTEM,"Case initialized for OVERDUE_INVOICE amount ₹12,000.00","{""amount_at_risk"": 12000.0, ""score"": 38, ""policy"": ""HUMAN""}",2026-08-27T23:16:04.481182
AUD-d3247dfd,CASE-2959,CASE_CREATED,SYSTEM,SYSTEM,"Case initialized for OVERDUE_INVOICE amount ₹6,500.00","{""amount_at_risk"": 6500.0, ""score"": 73, ""policy"": ""HUMAN""}",2026-08-27T10:16:04.481182
AUD-c2c87aa4,CASE-2960,CASE_CREATED,SYSTEM,SYSTEM,"Case initialized for OVERDUE_INVOICE amount ₹4,800.00","{""amount_at_risk"": 4800.0, ""score"": 31, ""policy"": ""HUMAN""}",2026-08-26T21:16:04.481182
AUD-ec29b11c,CASE-2961,CASE_CREATED,SYSTEM,SYSTEM,"Case initialized for OVERDUE_INVOICE amount ₹12,000.00","{""amount_at_risk"": 12000.0, ""score"": 45, ""policy"": ""HUMAN""}",2026-08-28T12:16:04.481182
AUD-5fb5d3f6,CASE-2962,CASE_CREATED,SYSTEM,SYSTEM,"Case initialized for OVERDUE_INVOICE amount ₹12,000.00","{""amount_at_risk"": 12000.0, ""score"": 38, ""policy"": ""HUMAN""}",2026-08-27T23:16:04.481182
AUD-ce98e039,CASE-2963,CASE_CREATED,SYSTEM,SYSTEM,"Case initialized for OVERDUE_INVOICE amount ₹12,000.00","{""amount_at_risk"": 12000.0, ""score"": 75, ""policy"": ""HUMAN""}",2026-08-28T06:16:04.481182
AUD-59cd0d05,CASE-2964,CASE_CREATED,SYSTEM,SYSTEM,"Case initialized for OVERDUE_INVOICE amount ₹3,500.00","{""amount_at_risk"": 3500.0, ""score"": 33, ""policy"": ""HUMAN""}",2026-08-27T14:16:04.481182
AUD-75083381,CASE-2965,CASE_CREATED,SYSTEM,SYSTEM,"Case initialized for OVERDUE_INVOICE amount ₹3,500.00","{""amount_at_risk"": 3500.0, ""score"": 30, ""policy"": ""HUMAN""}",2026-08-27T11:16:04.483196
AUD-1be7dcda,CASE-2966,CASE_CREATED,SYSTEM,SYSTEM,"Case initialized for OVERDUE_INVOICE amount ₹6,500.00","{""amount_at_risk"": 6500.0, ""score"": 38, ""policy"": ""HUMAN""}",2026-08-28T01:16:04.483196
AUD-15dc5f6c,CASE-2967,CASE_CREATED,SYSTEM,SYSTEM,"Case initialized for OVERDUE_INVOICE amount ₹6,500.00","{""amount_at_risk"": 6500.0, ""score"": 40, ""policy"": ""HUMAN""}",2026-08-27T07:16:04.483196
AUD-d7df5929,CASE-2968,CASE_CREATED,SYSTEM,SYSTEM,"Case initialized for OVERDUE_INVOICE amount ₹4,800.00","{""amount_at_risk"": 4800.0, ""score"": 35, ""policy"": ""HUMAN""}",2026-08-27T20:16:04.483196
AUD-6f8a05ca,CASE-2969,CASE_CREATED,SYSTEM,SYSTEM,"Case initialized for OVERDUE_INVOICE amount ₹3,500.00","{""amount_at_risk"": 3500.0, ""score"": 50, ""policy"": ""HUMAN""}",2026-08-27T19:16:04.483196
AUD-1787c300,CASE-2970,CASE_CREATED,SYSTEM,SYSTEM,"Case initialized for OVERDUE_INVOICE amount ₹6,500.00","{""amount_at_risk"": 6500.0, ""score"": 57, ""policy"": ""HUMAN""}",2026-08-27T20:16:04.483196
AUD-d0058ebb,CASE-2971,CASE_CREATED,SYSTEM,SYSTEM,"Case initialized for OVERDUE_INVOICE amount ₹6,500.00","{""amount_at_risk"": 6500.0, ""score"": 57, ""policy"": ""HUMAN""}",2026-08-27T05:16:04.485209
AUD-1f74183b,CASE-2972,CASE_CREATED,SYSTEM,SYSTEM,"Case initialized for OVERDUE_INVOICE amount ₹4,800.00","{""amount_at_risk"": 4800.0, ""score"": 65, ""policy"": ""HUMAN""}",2026-08-28T03:16:04.485209
AUD-fd1d8398,CASE-2973,CASE_CREATED,SYSTEM,SYSTEM,"Case initialized for OVERDUE_INVOICE amount ₹3,500.00","{""amount_at_risk"": 3500.0, ""score"": 44, ""policy"": ""HUMAN""}",2026-08-27T20:16:04.485209
AUD-8e37440a,CASE-2974,CASE_CREATED,SYSTEM,SYSTEM,"Case initialized for OVERDUE_INVOICE amount ₹4,800.00","{""amount_at_risk"": 4800.0, ""score"": 75, ""policy"": ""HUMAN""}",2026-08-27T05:16:04.485209
AUD-a499df1a,CASE-2975,CASE_CREATED,SYSTEM,SYSTEM,"Case initialized for OVERDUE_INVOICE amount ₹3,500.00","{""amount_at_risk"": 3500.0, ""score"": 58, ""policy"": ""HUMAN""}",2026-08-27T05:16:04.485209
AUD-9ef22781,CASE-2976,CASE_CREATED,SYSTEM,SYSTEM,"Case initialized for OVERDUE_INVOICE amount ₹3,500.00","{""amount_at_risk"": 3500.0, ""score"": 39, ""policy"": ""HUMAN""}",2026-08-27T23:16:04.485209
AUD-be9f9fa9,CASE-2977,CASE_CREATED,SYSTEM,SYSTEM,"Case initialized for OVERDUE_INVOICE amount ₹6,500.00","{""amount_at_risk"": 6500.0, ""score"": 41, ""policy"": ""HUMAN""}",2026-08-26T18:16:04.485209
AUD-adf57e7f,CASE-2978,CASE_CREATED,SYSTEM,SYSTEM,"Case initialized for OVERDUE_INVOICE amount ₹4,800.00","{""amount_at_risk"": 4800.0, ""score"": 67, ""policy"": ""HUMAN""}",2026-08-28T08:16:04.488208
AUD-6a721d83,CASE-2979,CASE_CREATED,SYSTEM,SYSTEM,"Case initialized for OVERDUE_INVOICE amount ₹4,800.00","{""amount_at_risk"": 4800.0, ""score"": 61, ""policy"": ""HUMAN""}",2026-08-27T18:16:04.488208
AUD-7deca8a4,CASE-2980,CASE_CREATED,SYSTEM,SYSTEM,"Case initialized for OVERDUE_INVOICE amount ₹3,500.00","{""amount_at_risk"": 3500.0, ""score"": 55, ""policy"": ""HUMAN""}",2026-08-28T03:16:04.488208
AUD-15f7f8f8,CASE-2981,CASE_CREATED,SYSTEM,SYSTEM,"Case initialized for OVERDUE_INVOICE amount ₹3,500.00","{""amount_at_risk"": 3500.0, ""score"": 35, ""policy"": ""HUMAN""}",2026-08-26T20:16:04.488208
AUD-bb1b8671,CASE-2982,CASE_CREATED,SYSTEM,SYSTEM,"Case initialized for OVERDUE_INVOICE amount ₹6,500.00","{""amount_at_risk"": 6500.0, ""score"": 68, ""policy"": ""HUMAN""}",2026-08-26T19:16:04.488208
AUD-59cb8c19,CASE-2983,CASE_CREATED,SYSTEM,SYSTEM,"Case initialized for OVERDUE_INVOICE amount ₹12,000.00","{""amount_at_risk"": 12000.0, ""score"": 50, ""policy"": ""HUMAN""}",2026-08-28T09:16:04.488208
AUD-80540622,CASE-2984,CASE_CREATED,SYSTEM,SYSTEM,"Case initialized for OVERDUE_INVOICE amount ₹6,500.00","{""amount_at_risk"": 6500.0, ""score"": 50, ""policy"": ""HUMAN""}",2026-08-26T22:16:04.488208
AUD-70a7d8e3,CASE-2985,CASE_CREATED,SYSTEM,SYSTEM,"Case initialized for OVERDUE_INVOICE amount ₹12,000.00","{""amount_at_risk"": 12000.0, ""score"": 35, ""policy"": ""HUMAN""}",2026-08-27T21:16:04.488208
AUD-c4795e94,CASE-2986,CASE_CREATED,SYSTEM,SYSTEM,"Case initialized for OVERDUE_INVOICE amount ₹12,000.00","{""amount_at_risk"": 12000.0, ""score"": 35, ""policy"": ""HUMAN""}",2026-08-27T12:16:04.488208
AUD-0ef70f56,CASE-2987,CASE_CREATED,SYSTEM,SYSTEM,"Case initialized for OVERDUE_INVOICE amount ₹12,000.00","{""amount_at_risk"": 12000.0, ""score"": 48, ""policy"": ""HUMAN""}",2026-08-27T05:16:04.488208
AUD-a9c4aa8c,CASE-2988,CASE_CREATED,SYSTEM,SYSTEM,"Case initialized for OVERDUE_INVOICE amount ₹12,000.00","{""amount_at_risk"": 12000.0, ""score"": 49, ""policy"": ""HUMAN""}",2026-08-28T06:16:04.488208
AUD-1247073b,CASE-2989,CASE_CREATED,SYSTEM,SYSTEM,"Case initialized for OVERDUE_INVOICE amount ₹6,500.00","{""amount_at_risk"": 6500.0, ""score"": 62, ""policy"": ""HUMAN""}",2026-08-27T12:16:04.488208
AUD-14f0fa2d,CASE-2990,CASE_CREATED,SYSTEM,SYSTEM,"Case initialized for OVERDUE_INVOICE amount ₹12,000.00","{""amount_at_risk"": 12000.0, ""score"": 47, ""policy"": ""HUMAN""}",2026-08-27T09:16:04.488208
AUD-f5879e56,CASE-2991,CASE_CREATED,SYSTEM,SYSTEM,"Case initialized for OVERDUE_INVOICE amount ₹6,500.00","{""amount_at_risk"": 6500.0, ""score"": 69, ""policy"": ""HUMAN""}",2026-08-27T09:16:04.488208
AUD-19707251,CASE-2992,CASE_CREATED,SYSTEM,SYSTEM,"Case initialized for OVERDUE_INVOICE amount ₹3,500.00","{""amount_at_risk"": 3500.0, ""score"": 32, ""policy"": ""HUMAN""}",2026-08-26T17:16:04.488208
AUD-7e2a51e1,CASE-2993,CASE_CREATED,SYSTEM,SYSTEM,"Case initialized for OVERDUE_INVOICE amount ₹4,800.00","{""amount_at_risk"": 4800.0, ""score"": 71, ""policy"": ""HUMAN""}",2026-08-26T20:16:04.488208
AUD-4a3a22d9,CASE-2994,CASE_CREATED,SYSTEM,SYSTEM,"Case initialized for OVERDUE_INVOICE amount ₹3,500.00","{""amount_at_risk"": 3500.0, ""score"": 48, ""policy"": ""HUMAN""}",2026-08-27T06:16:04.488208
AUD-14d9f830,CASE-2995,CASE_CREATED,SYSTEM,SYSTEM,"Case initialized for OVERDUE_INVOICE amount ₹6,500.00","{""amount_at_risk"": 6500.0, ""score"": 39, ""policy"": ""HUMAN""}",2026-08-27T03:16:04.488208
AUD-ab4a14ba,CASE-2996,CASE_CREATED,SYSTEM,SYSTEM,"Case initialized for OVERDUE_INVOICE amount ₹12,000.00","{""amount_at_risk"": 12000.0, ""score"": 48, ""policy"": ""HUMAN""}",2026-08-28T08:16:04.488208
AUD-0ecb296b,CASE-2997,CASE_CREATED,SYSTEM,SYSTEM,"Case initialized for OVERDUE_INVOICE amount ₹3,500.00","{""amount_at_risk"": 3500.0, ""score"": 62, ""policy"": ""HUMAN""}",2026-08-28T06:16:04.488208
AUD-33288768,CASE-2998,CASE_CREATED,SYSTEM,SYSTEM,"Case initialized for OVERDUE_INVOICE amount ₹12,000.00","{""amount_at_risk"": 12000.0, ""score"": 72, ""policy"": ""HUMAN""}",2026-08-27T20:16:04.488208
AUD-33138578,CASE-2999,CASE_CREATED,SYSTEM,SYSTEM,"Case initialized for OVERDUE_INVOICE amount ₹3,500.00","{""amount_at_risk"": 3500.0, ""score"": 62, ""policy"": ""HUMAN""}",2026-08-26T18:16:04.488208
