id,case_id,diagnosis,recovery_score,recommended_action,delay_minutes,expected_recovery_value,reason,created_at
REC-67e64f75,CASE-1021,TEMPORARY_FAILURE,87,RETRY,30,1720.0,AI Recommendation for FAILED_PAYMENT: TEMPORARY_BANK_ERROR,2026-08-28T09:16:04.270951
REC-6cc0cd5d,CASE-1032,TEMPORARY_FAILURE,75,REMIND,30,6355.0,AI Recommendation for CHECKOUT_ABANDONMENT: SESSION_TIMEOUT,2026-08-27T18:16:04.270951
REC-eb577386,CASE-1048,AMBIGUOUS_STATE,10,STOP,30,2480.0,AI Recommendation for FAILED_PAYMENT: GATEWAY_TIMEOUT_AMBIGUOUS,2026-08-26T19:16:04.270951
REC-4ef0b9d7,CASE-1088,INSUFFICIENT_FUNDS,65,RETRY,30,1280.0,AI Recommendation for SUBSCRIPTION_FAILURE: CARD_EXPIRED,2026-08-27T08:16:04.272959
REC-8a4eded1,CASE-1102,INSUFFICIENT_FUNDS,55,ESCALATE,30,41230.0,AI Recommendation for OVERDUE_INVOICE: INVOICE_OVERDUE_18_DAYS,2026-08-26T17:16:04.272959
REC-765c2fb9,CASE-2005,TEMPORARY_FAILURE,79,RETRY,30,9208.96,AI Recommendation for FAILED_PAYMENT: INSUFFICIENT_FUNDS,2026-08-28T01:16:04.272959
REC-ffe8c371,CASE-2006,INSUFFICIENT_FUNDS,70,RETRY,30,5007.56,AI Recommendation for FAILED_PAYMENT: INSUFFICIENT_FUNDS,2026-08-27T22:16:04.272959
REC-d03b6289,CASE-2007,TEMPORARY_FAILURE,93,RETRY,30,1078.54,AI Recommendation for FAILED_PAYMENT: INSUFFICIENT_FUNDS,2026-08-26T14:16:04.272959
REC-4e54b6ed,CASE-2008,TEMPORARY_FAILURE,72,RETRY,30,5151.21,AI Recommendation for FAILED_PAYMENT: INSUFFICIENT_FUNDS,2026-08-27T21:16:04.272959
REC-85cfb299,CASE-2009,INSUFFICIENT_FUNDS,67,RETRY,30,3116.42,AI Recommendation for FAILED_PAYMENT: INSUFFICIENT_FUNDS,2026-08-26T14:16:04.272959
REC-a3912324,CASE-2010,INSUFFICIENT_FUNDS,47,RETRY,30,535.18,AI Recommendation for FAILED_PAYMENT: INSUFFICIENT_FUNDS,2026-08-27T23:16:04.272959
REC-d18affa3,CASE-2011,INSUFFICIENT_FUNDS,51,RETRY,30,582.43,AI Recommendation for FAILED_PAYMENT: INSUFFICIENT_FUNDS,2026-08-26T17:16:04.272959
REC-734b693d,CASE-2012,INSUFFICIENT_FUNDS,48,RETRY,30,5587.47,AI Recommendation for FAILED_PAYMENT: INSUFFICIENT_FUNDS,2026-08-27T08:16:04.272959
REC-51eba78f,CASE-2013,TEMPORARY_FAILURE,79,RETRY,30,1703.17,AI Recommendation for FAILED_PAYMENT: INSUFFICIENT_FUNDS,2026-08-27T04:16:04.272959
REC-7ac0c020,CASE-2014,INSUFFICIENT_FUNDS,59,RETRY,30,2151.93,AI Recommendation for FAILED_PAYMENT: INSUFFICIENT_FUNDS,2026-08-26T22:16:04.272959
REC-beddfa0e,CASE-2015,INSUFFICIENT_FUNDS,65,RETRY,30,7573.45,AI Recommendation for FAILED_PAYMENT: INSUFFICIENT_FUNDS,2026-08-26T18:16:04.272959
REC-e1e3d3fb,CASE-2016,INSUFFICIENT_FUNDS,59,RETRY,30,4217.52,AI Recommendation for FAILED_PAYMENT: INSUFFICIENT_FUNDS,2026-08-28T09:16:04.272959
REC-4a8ed123,CASE-2017,TEMPORARY_FAILURE,82,RETRY,30,5869.43,AI Recommendation for FAILED_PAYMENT: INSUFFICIENT_FUNDS,2026-08-27T05:16:04.272959
REC-9ba0a851,CASE-2018,INSUFFICIENT_FUNDS,67,RETRY,30,771.42,AI Recommendation for FAILED_PAYMENT: INSUFFICIENT_FUNDS,2026-08-27T10:16:04.274968
REC-ce06fa1b,CASE-2019,INSUFFICIENT_FUNDS,54,RETRY,30,2507.86,AI Recommendation for FAILED_PAYMENT: INSUFFICIENT_FUNDS,2026-08-27T02:16:04.274968
REC-afbcfe5a,CASE-2020,INSUFFICIENT_FUNDS,60,RETRY,30,2788.74,AI Recommendation for FAILED_PAYMENT: INSUFFICIENT_FUNDS,2026-08-28T03:16:04.274968
REC-5a031860,CASE-2021,INSUFFICIENT_FUNDS,48,RETRY,30,2226.99,AI Recommendation for FAILED_PAYMENT: INSUFFICIENT_FUNDS,2026-08-27T01:16:04.274968
REC-02c289a6,CASE-2022,INSUFFICIENT_FUNDS,53,RETRY,30,3786.58,AI Recommendation for FAILED_PAYMENT: INSUFFICIENT_FUNDS,2026-08-27T23:16:04.274968
REC-0bcf89f0,CASE-2023,TEMPORARY_FAILURE,86,RETRY,30,3145.86,AI Recommendation for FAILED_PAYMENT: INSUFFICIENT_FUNDS,2026-08-27T02:16:04.274968
REC-378e51ce,CASE-2024,INSUFFICIENT_FUNDS,57,RETRY,30,6638.87,AI Recommendation for FAILED_PAYMENT: INSUFFICIENT_FUNDS,2026-08-26T17:16:04.274968
REC-b4421f90,CASE-2025,TEMPORARY_FAILURE,83,RETRY,30,5941.25,AI Recommendation for FAILED_PAYMENT: INSUFFICIENT_FUNDS,2026-08-26T23:16:04.274968
REC-6d032a2c,CASE-2026,TEMPORARY_FAILURE,87,RETRY,30,10143.54,AI Recommendation for FAILED_PAYMENT: INSUFFICIENT_FUNDS,2026-08-27T23:16:04.274968
REC-58581fc8,CASE-2027,INSUFFICIENT_FUNDS,64,RETRY,30,2335.99,AI Recommendation for FAILED_PAYMENT: INSUFFICIENT_FUNDS,2026-08-26T13:16:04.274968
REC-57f7ff2d,CASE-2028,TEMPORARY_FAILURE,92,RETRY,30,1066.73,AI Recommendation for FAILED_PAYMENT: INSUFFICIENT_FUNDS,2026-08-26T22:16:04.274968
REC-1d5dfe92,CASE-2029,INSUFFICIENT_FUNDS,58,RETRY,30,6755.69,AI Recommendation for FAILED_PAYMENT: INSUFFICIENT_FUNDS,2026-08-27T16:16:04.274968
REC-2aeb8d24,CASE-2030,INSUFFICIENT_FUNDS,69,RETRY,30,2520.05,AI Recommendation for FAILED_PAYMENT: INSUFFICIENT_FUNDS,2026-08-27T20:16:04.274968
REC-0c9619ff,CASE-2031,TEMPORARY_FAILURE,77,RETRY,30,2814.55,AI Recommendation for FAILED_PAYMENT: INSUFFICIENT_FUNDS,2026-08-26T14:16:04.274968
REC-a20ced32,CASE-2032,TEMPORARY_FAILURE,93,RETRY,30,4333.54,AI Recommendation for FAILED_PAYMENT: INSUFFICIENT_FUNDS,2026-08-27T10:16:04.276625
REC-3f261e04,CASE-2033,TEMPORARY_FAILURE,81,RETRY,30,936.8,AI Recommendation for FAILED_PAYMENT: INSUFFICIENT_FUNDS,2026-08-27T01:16:04.276625
REC-271c1ddd,CASE-2034,TEMPORARY_FAILURE,82,RETRY,30,5869.43,AI Recommendation for FAILED_PAYMENT: INSUFFICIENT_FUNDS,2026-08-28T00:16:04.276625
REC-01084c5f,CASE-2035,INSUFFICIENT_FUNDS,59,RETRY,30,2151.93,AI Recommendation for FAILED_PAYMENT: INSUFFICIENT_FUNDS,2026-08-27T01:16:04.276625
REC-9cbf65a7,CASE-2036,TEMPORARY_FAILURE,88,RETRY,30,10260.36,AI Recommendation for FAILED_PAYMENT: INSUFFICIENT_FUNDS,2026-08-26T14:16:04.276625
REC-ac4201d3,CASE-2037,TEMPORARY_FAILURE,92,RETRY,30,10727.65,AI Recommendation for FAILED_PAYMENT: INSUFFICIENT_FUNDS,2026-08-26T14:16:04.276625
REC-d792aadc,CASE-2038,INSUFFICIENT_FUNDS,55,RETRY,30,2004.68,AI Recommendation for FAILED_PAYMENT: INSUFFICIENT_FUNDS,2026-08-27T02:16:04.276625
REC-e8f42866,CASE-2039,INSUFFICIENT_FUNDS,48,RETRY,30,5587.47,AI Recommendation for FAILED_PAYMENT: INSUFFICIENT_FUNDS,2026-08-26T18:16:04.276625
REC-9cbe3702,CASE-2040,TEMPORARY_FAILURE,93,RETRY,30,1078.54,AI Recommendation for FAILED_PAYMENT: INSUFFICIENT_FUNDS,2026-08-26T15:16:04.276625
REC-139c4d4a,CASE-2041,INSUFFICIENT_FUNDS,45,RETRY,30,961.55,AI Recommendation for FAILED_PAYMENT: INSUFFICIENT_FUNDS,2026-08-28T09:16:04.276625
REC-dc0047e1,CASE-2042,TEMPORARY_FAILURE,85,RETRY,30,6084.9,AI Recommendation for FAILED_PAYMENT: INSUFFICIENT_FUNDS,2026-08-28T12:16:04.276625
REC-974e76f9,CASE-2043,TEMPORARY_FAILURE,80,RETRY,30,5725.78,AI Recommendation for FAILED_PAYMENT: INSUFFICIENT_FUNDS,2026-08-27T03:16:04.276625
REC-858b6687,CASE-2044,INSUFFICIENT_FUNDS,62,RETRY,30,7222.98,AI Recommendation for FAILED_PAYMENT: INSUFFICIENT_FUNDS,2026-08-27T04:16:04.276625
REC-a1555a4f,CASE-2045,TEMPORARY_FAILURE,88,RETRY,30,10260.36,AI Recommendation for FAILED_PAYMENT: INSUFFICIENT_FUNDS,2026-08-28T06:16:04.276625
REC-3a7037fb,CASE-2046,INSUFFICIENT_FUNDS,54,RETRY,30,3858.4,AI Recommendation for FAILED_PAYMENT: INSUFFICIENT_FUNDS,2026-08-27T03:16:04.276625
REC-b4383844,CASE-2047,INSUFFICIENT_FUNDS,67,RETRY,30,2446.42,AI Recommendation for FAILED_PAYMENT: INSUFFICIENT_FUNDS,2026-08-27T13:16:04.276625
REC-99d42be2,CASE-2048,TEMPORARY_FAILURE,74,RETRY,30,3444.11,AI Recommendation for FAILED_PAYMENT: INSUFFICIENT_FUNDS,2026-08-27T22:16:04.276625
REC-11facaf8,CASE-2049,TEMPORARY_FAILURE,88,RETRY,30,3219.48,AI Recommendation for FAILED_PAYMENT: INSUFFICIENT_FUNDS,2026-08-27T11:16:04.276625
REC-6eb57798,CASE-2050,INSUFFICIENT_FUNDS,69,RETRY,30,3210.05,AI Recommendation for FAILED_PAYMENT: INSUFFICIENT_FUNDS,2026-08-26T20:16:04.278632
REC-9213f9c8,CASE-2051,TEMPORARY_FAILURE,89,RETRY,30,1031.29,AI Recommendation for FAILED_PAYMENT: INSUFFICIENT_FUNDS,2026-08-27T15:16:04.278632
REC-af0bd37d,CASE-2052,INSUFFICIENT_FUNDS,51,RETRY,30,3642.94,AI Recommendation for FAILED_PAYMENT: INSUFFICIENT_FUNDS,2026-08-27T23:16:04.278632
REC-9d4336ea,CASE-2053,TEMPORARY_FAILURE,81,RETRY,30,9442.61,AI Recommendation for FAILED_PAYMENT: INSUFFICIENT_FUNDS,2026-08-28T08:16:04.278632
REC-76e89c9d,CASE-2054,INSUFFICIENT_FUNDS,62,RETRY,30,7222.98,AI Recommendation for FAILED_PAYMENT: INSUFFICIENT_FUNDS,2026-08-27T16:16:04.278632
REC-98f1c110,CASE-2055,INSUFFICIENT_FUNDS,58,RETRY,30,665.11,AI Recommendation for FAILED_PAYMENT: INSUFFICIENT_FUNDS,2026-08-27T17:16:04.278632
REC-ac298708,CASE-2056,TEMPORARY_FAILURE,81,RETRY,30,1746.8,AI Recommendation for FAILED_PAYMENT: INSUFFICIENT_FUNDS,2026-08-26T13:16:04.278632
REC-753423e2,CASE-2057,TEMPORARY_FAILURE,95,RETRY,30,2052.17,AI Recommendation for FAILED_PAYMENT: INSUFFICIENT_FUNDS,2026-08-28T06:16:04.278632
REC-bbff983b,CASE-2058,INSUFFICIENT_FUNDS,59,RETRY,30,2741.93,AI Recommendation for FAILED_PAYMENT: INSUFFICIENT_FUNDS,2026-08-26T21:16:04.278632
REC-31bf3cc5,CASE-2059,INSUFFICIENT_FUNDS,70,RETRY,30,5007.56,AI Recommendation for FAILED_PAYMENT: INSUFFICIENT_FUNDS,2026-08-27T19:16:04.278632
REC-1dfa7059,CASE-2060,TEMPORARY_FAILURE,76,RETRY,30,3537.73,AI Recommendation for FAILED_PAYMENT: INSUFFICIENT_FUNDS,2026-08-27T12:16:04.278632
REC-0c3ec61a,CASE-2061,INSUFFICIENT_FUNDS,56,RETRY,30,2601.49,AI Recommendation for FAILED_PAYMENT: INSUFFICIENT_FUNDS,2026-08-26T21:16:04.278632
REC-54e40fdf,CASE-2062,INSUFFICIENT_FUNDS,60,RETRY,30,2188.74,AI Recommendation for FAILED_PAYMENT: INSUFFICIENT_FUNDS,2026-08-28T03:16:04.278632
REC-a3571fc5,CASE-2063,TEMPORARY_FAILURE,90,RETRY,30,4193.11,AI Recommendation for FAILED_PAYMENT: INSUFFICIENT_FUNDS,2026-08-27T13:16:04.278632
REC-29dfcb40,CASE-2064,INSUFFICIENT_FUNDS,50,RETRY,30,570.62,AI Recommendation for FAILED_PAYMENT: INSUFFICIENT_FUNDS,2026-08-27T13:16:04.278632
REC-91247c9e,CASE-2065,INSUFFICIENT_FUNDS,51,RETRY,30,1857.43,AI Recommendation for FAILED_PAYMENT: INSUFFICIENT_FUNDS,2026-08-27T09:16:04.278632
REC-ff6f115e,CASE-2066,TEMPORARY_FAILURE,80,RETRY,30,3724.98,AI Recommendation for FAILED_PAYMENT: INSUFFICIENT_FUNDS,2026-08-28T07:16:04.278632
REC-bd804135,CASE-2067,TEMPORARY_FAILURE,80,RETRY,30,2924.98,AI Recommendation for FAILED_PAYMENT: INSUFFICIENT_FUNDS,2026-08-27T18:16:04.278632
REC-1f7ff370,CASE-2068,INSUFFICIENT_FUNDS,69,RETRY,30,3210.05,AI Recommendation for FAILED_PAYMENT: INSUFFICIENT_FUNDS,2026-08-27T03:16:04.278632
REC-025b9874,CASE-2069,TEMPORARY_FAILURE,88,RETRY,30,1899.48,AI Recommendation for FAILED_PAYMENT: INSUFFICIENT_FUNDS,2026-08-27T19:16:04.278632
REC-16c2a7b1,CASE-2070,INSUFFICIENT_FUNDS,54,RETRY,30,2507.86,AI Recommendation for FAILED_PAYMENT: INSUFFICIENT_FUNDS,2026-08-27T19:16:04.278632
REC-68973652,CASE-2071,INSUFFICIENT_FUNDS,64,RETRY,30,2975.99,AI Recommendation for FAILED_PAYMENT: INSUFFICIENT_FUNDS,2026-08-27T20:16:04.278632
REC-1a8e3b74,CASE-2072,TEMPORARY_FAILURE,91,RETRY,30,1964.92,AI Recommendation for FAILED_PAYMENT: INSUFFICIENT_FUNDS,2026-08-28T04:16:04.278632
REC-d7001b73,CASE-2073,INSUFFICIENT_FUNDS,45,RETRY,30,1636.55,AI Recommendation for FAILED_PAYMENT: INSUFFICIENT_FUNDS,2026-08-27T12:16:04.278632
REC-ce2f36f3,CASE-2074,TEMPORARY_FAILURE,73,RETRY,30,2667.3,AI Recommendation for FAILED_PAYMENT: INSUFFICIENT_FUNDS,2026-08-26T22:16:04.278632
REC-1d8159b7,CASE-2075,INSUFFICIENT_FUNDS,64,RETRY,30,1375.99,AI Recommendation for FAILED_PAYMENT: INSUFFICIENT_FUNDS,2026-08-27T16:16:04.278632
REC-76c7f77e,CASE-2076,INSUFFICIENT_FUNDS,70,RETRY,30,1506.86,AI Recommendation for FAILED_PAYMENT: INSUFFICIENT_FUNDS,2026-08-26T16:16:04.278632
REC-96f29597,CASE-2077,TEMPORARY_FAILURE,76,RETRY,30,8858.49,AI Recommendation for FAILED_PAYMENT: INSUFFICIENT_FUNDS,2026-08-27T12:16:04.278632
REC-6b81decc,CASE-2078,TEMPORARY_FAILURE,95,RETRY,30,3477.17,AI Recommendation for FAILED_PAYMENT: INSUFFICIENT_FUNDS,2026-08-27T02:16:04.278632
REC-f37881d8,CASE-2079,TEMPORARY_FAILURE,88,RETRY,30,1899.48,AI Recommendation for FAILED_PAYMENT: INSUFFICIENT_FUNDS,2026-08-27T23:16:04.278632
REC-36c8116f,CASE-2080,INSUFFICIENT_FUNDS,63,RETRY,30,2929.17,AI Recommendation for FAILED_PAYMENT: INSUFFICIENT_FUNDS,2026-08-27T05:16:04.278632
REC-41a82722,CASE-2081,TEMPORARY_FAILURE,85,RETRY,30,1834.05,AI Recommendation for FAILED_PAYMENT: INSUFFICIENT_FUNDS,2026-08-27T09:16:04.278632
REC-987e3556,CASE-2082,INSUFFICIENT_FUNDS,49,RETRY,30,2273.8,AI Recommendation for FAILED_PAYMENT: INSUFFICIENT_FUNDS,2026-08-27T11:16:04.278632
REC-3634e305,CASE-2083,TEMPORARY_FAILURE,77,RETRY,30,5510.32,AI Recommendation for FAILED_PAYMENT: INSUFFICIENT_FUNDS,2026-08-26T16:16:04.278632
REC-c12738cd,CASE-2084,TEMPORARY_FAILURE,83,RETRY,30,5941.25,AI Recommendation for FAILED_PAYMENT: INSUFFICIENT_FUNDS,2026-08-26T18:16:04.278632
REC-dc2dccd6,CASE-2085,INSUFFICIENT_FUNDS,67,RETRY,30,7807.09,AI Recommendation for FAILED_PAYMENT: INSUFFICIENT_FUNDS,2026-08-26T19:16:04.278632
REC-19421605,CASE-2086,TEMPORARY_FAILURE,86,RETRY,30,10026.72,AI Recommendation for FAILED_PAYMENT: INSUFFICIENT_FUNDS,2026-08-28T06:16:04.278632
REC-b5a76b10,CASE-2087,INSUFFICIENT_FUNDS,51,RETRY,30,582.43,AI Recommendation for FAILED_PAYMENT: INSUFFICIENT_FUNDS,2026-08-26T13:16:04.278632
REC-dd570f5b,CASE-2088,TEMPORARY_FAILURE,80,RETRY,30,5725.78,AI Recommendation for FAILED_PAYMENT: INSUFFICIENT_FUNDS,2026-08-27T13:16:04.278632
REC-9f577212,CASE-2089,TEMPORARY_FAILURE,74,RETRY,30,3444.11,AI Recommendation for FAILED_PAYMENT: INSUFFICIENT_FUNDS,2026-08-28T11:16:04.278632
REC-9cc582b5,CASE-2090,INSUFFICIENT_FUNDS,51,RETRY,30,2367.43,AI Recommendation for FAILED_PAYMENT: INSUFFICIENT_FUNDS,2026-08-28T05:16:04.278632
REC-a2405013,CASE-2091,INSUFFICIENT_FUNDS,54,RETRY,30,6288.4,AI Recommendation for FAILED_PAYMENT: INSUFFICIENT_FUNDS,2026-08-27T07:16:04.278632
REC-308e62fb,CASE-2092,TEMPORARY_FAILURE,78,RETRY,30,1681.36,AI Recommendation for FAILED_PAYMENT: INSUFFICIENT_FUNDS,2026-08-28T06:16:04.278632
REC-5cd12282,CASE-2093,TEMPORARY_FAILURE,91,RETRY,30,4239.92,AI Recommendation for FAILED_PAYMENT: INSUFFICIENT_FUNDS,2026-08-28T10:16:04.278632
REC-9b97cddf,CASE-2094,INSUFFICIENT_FUNDS,52,RETRY,30,6054.76,AI Recommendation for FAILED_PAYMENT: INSUFFICIENT_FUNDS,2026-08-28T06:16:04.278632
REC-1419b70c,CASE-2095,INSUFFICIENT_FUNDS,55,RETRY,30,6405.23,AI Recommendation for FAILED_PAYMENT: INSUFFICIENT_FUNDS,2026-08-28T02:16:04.278632
REC-0c815a21,CASE-2096,TEMPORARY_FAILURE,80,RETRY,30,2924.98,AI Recommendation for FAILED_PAYMENT: INSUFFICIENT_FUNDS,2026-08-26T20:16:04.278632
REC-14e585e6,CASE-2097,INSUFFICIENT_FUNDS,56,RETRY,30,1201.49,AI Recommendation for FAILED_PAYMENT: INSUFFICIENT_FUNDS,2026-08-26T13:16:04.278632
REC-4952ff3f,CASE-2098,INSUFFICIENT_FUNDS,57,RETRY,30,4073.87,AI Recommendation for FAILED_PAYMENT: INSUFFICIENT_FUNDS,2026-08-28T12:16:04.278632
REC-b48fc495,CASE-2099,INSUFFICIENT_FUNDS,58,RETRY,30,6755.69,AI Recommendation for FAILED_PAYMENT: INSUFFICIENT_FUNDS,2026-08-28T08:16:04.278632
REC-599fff59,CASE-2100,INSUFFICIENT_FUNDS,51,RETRY,30,3642.94,AI Recommendation for FAILED_PAYMENT: INSUFFICIENT_FUNDS,2026-08-27T16:16:04.283657
REC-e995b55c,CASE-2101,TEMPORARY_FAILURE,74,RETRY,30,1594.11,AI Recommendation for FAILED_PAYMENT: INSUFFICIENT_FUNDS,2026-08-27T05:16:04.283657
REC-481bd613,CASE-2102,TEMPORARY_FAILURE,85,RETRY,30,6084.9,AI Recommendation for FAILED_PAYMENT: INSUFFICIENT_FUNDS,2026-08-27T11:16:04.283657
REC-1ae891a1,CASE-2103,INSUFFICIENT_FUNDS,52,RETRY,30,3714.76,AI Recommendation for FAILED_PAYMENT: INSUFFICIENT_FUNDS,2026-08-26T21:16:04.283657
REC-94ee4ba0,CASE-2104,TEMPORARY_FAILURE,88,RETRY,30,1899.48,AI Recommendation for FAILED_PAYMENT: INSUFFICIENT_FUNDS,2026-08-28T04:16:04.283657
REC-f606ec2c,CASE-2105,INSUFFICIENT_FUNDS,52,RETRY,30,1894.24,AI Recommendation for FAILED_PAYMENT: INSUFFICIENT_FUNDS,2026-08-28T01:16:04.283657
REC-20b6b09d,CASE-2106,TEMPORARY_FAILURE,89,RETRY,30,3256.29,AI Recommendation for FAILED_PAYMENT: INSUFFICIENT_FUNDS,2026-08-28T04:16:04.283657
REC-8025c1fa,CASE-2107,INSUFFICIENT_FUNDS,69,RETRY,30,4935.74,AI Recommendation for FAILED_PAYMENT: INSUFFICIENT_FUNDS,2026-08-26T20:16:04.283657
REC-81514b72,CASE-2108,TEMPORARY_FAILURE,89,RETRY,30,6372.18,AI Recommendation for FAILED_PAYMENT: INSUFFICIENT_FUNDS,2026-08-27T18:16:04.285164
REC-3dd16f63,CASE-2109,INSUFFICIENT_FUNDS,56,RETRY,30,1201.49,AI Recommendation for FAILED_PAYMENT: INSUFFICIENT_FUNDS,2026-08-28T09:16:04.285164
REC-0238e097,CASE-2110,INSUFFICIENT_FUNDS,45,RETRY,30,1636.55,AI Recommendation for FAILED_PAYMENT: INSUFFICIENT_FUNDS,2026-08-27T12:16:04.285164
REC-e0d7d51c,CASE-2111,TEMPORARY_FAILURE,77,RETRY,30,5510.32,AI Recommendation for FAILED_PAYMENT: INSUFFICIENT_FUNDS,2026-08-27T05:16:04.285164
REC-5afd248d,CASE-2112,TEMPORARY_FAILURE,90,RETRY,30,4193.11,AI Recommendation for FAILED_PAYMENT: INSUFFICIENT_FUNDS,2026-08-27T00:16:04.285164
REC-aa8080a8,CASE-2113,TEMPORARY_FAILURE,95,RETRY,30,1102.17,AI Recommendation for FAILED_PAYMENT: INSUFFICIENT_FUNDS,2026-08-27T22:16:04.285164
REC-e5e391d2,CASE-2114,INSUFFICIENT_FUNDS,63,RETRY,30,4504.8,AI Recommendation for FAILED_PAYMENT: INSUFFICIENT_FUNDS,2026-08-26T13:16:04.285164
REC-bab115e7,CASE-2115,TEMPORARY_FAILURE,80,RETRY,30,3724.98,AI Recommendation for FAILED_PAYMENT: INSUFFICIENT_FUNDS,2026-08-27T02:16:04.285164
REC-b1787464,CASE-2116,TEMPORARY_FAILURE,79,RETRY,30,2888.17,AI Recommendation for FAILED_PAYMENT: INSUFFICIENT_FUNDS,2026-08-27T23:16:04.285164
REC-fc1282ba,CASE-2117,INSUFFICIENT_FUNDS,51,RETRY,30,2367.43,AI Recommendation for FAILED_PAYMENT: INSUFFICIENT_FUNDS,2026-08-27T08:16:04.285164
REC-97df2b1a,CASE-2118,INSUFFICIENT_FUNDS,67,RETRY,30,2446.42,AI Recommendation for FAILED_PAYMENT: INSUFFICIENT_FUNDS,2026-08-27T21:16:04.285164
REC-873b5318,CASE-2119,TEMPORARY_FAILURE,92,RETRY,30,1986.73,AI Recommendation for FAILED_PAYMENT: INSUFFICIENT_FUNDS,2026-08-26T21:16:04.285164
REC-30403484,CASE-2120,TEMPORARY_FAILURE,95,RETRY,30,2052.17,AI Recommendation for FAILED_PAYMENT: INSUFFICIENT_FUNDS,2026-08-27T14:16:04.285164
REC-0d7ee46e,CASE-2121,INSUFFICIENT_FUNDS,62,RETRY,30,4432.98,AI Recommendation for FAILED_PAYMENT: INSUFFICIENT_FUNDS,2026-08-26T15:16:04.285164
REC-fcfcd940,CASE-2122,INSUFFICIENT_FUNDS,63,RETRY,30,2299.17,AI Recommendation for FAILED_PAYMENT: INSUFFICIENT_FUNDS,2026-08-26T17:16:04.285164
REC-b825034d,CASE-2123,INSUFFICIENT_FUNDS,53,RETRY,30,606.05,AI Recommendation for FAILED_PAYMENT: INSUFFICIENT_FUNDS,2026-08-26T19:16:04.285164
REC-31a464e9,CASE-2124,TEMPORARY_FAILURE,89,RETRY,30,1921.29,AI Recommendation for FAILED_PAYMENT: INSUFFICIENT_FUNDS,2026-08-27T16:16:04.287232
REC-b13442a0,CASE-2125,TEMPORARY_FAILURE,93,RETRY,30,2008.54,AI Recommendation for FAILED_PAYMENT: INSUFFICIENT_FUNDS,2026-08-27T00:16:04.287232
REC-69dee9b7,CASE-2126,INSUFFICIENT_FUNDS,62,RETRY,30,7222.98,AI Recommendation for FAILED_PAYMENT: INSUFFICIENT_FUNDS,2026-08-28T08:16:04.287232
REC-e38eadf7,CASE-2127,TEMPORARY_FAILURE,95,RETRY,30,11078.12,AI Recommendation for FAILED_PAYMENT: INSUFFICIENT_FUNDS,2026-08-26T13:16:04.287232
REC-d96dd14d,CASE-2128,TEMPORARY_FAILURE,89,RETRY,30,3256.29,AI Recommendation for FAILED_PAYMENT: INSUFFICIENT_FUNDS,2026-08-27T16:16:04.287232
REC-fba28632,CASE-2129,INSUFFICIENT_FUNDS,45,RETRY,30,3212.0,AI Recommendation for FAILED_PAYMENT: INSUFFICIENT_FUNDS,2026-08-26T18:16:04.287232
REC-e750ceeb,CASE-2130,INSUFFICIENT_FUNDS,67,RETRY,30,7807.09,AI Recommendation for FAILED_PAYMENT: INSUFFICIENT_FUNDS,2026-08-27T09:16:04.287232
REC-97a7c0ad,CASE-2131,TEMPORARY_FAILURE,76,RETRY,30,1637.73,AI Recommendation for FAILED_PAYMENT: INSUFFICIENT_FUNDS,2026-08-27T15:16:04.287232
REC-76dc885e,CASE-2132,TEMPORARY_FAILURE,81,RETRY,30,5797.61,AI Recommendation for FAILED_PAYMENT: INSUFFICIENT_FUNDS,2026-08-26T17:16:04.287232
REC-b40786d1,CASE-2133,INSUFFICIENT_FUNDS,47,RETRY,30,535.18,AI Recommendation for FAILED_PAYMENT: INSUFFICIENT_FUNDS,2026-08-28T05:16:04.287232
REC-36c0c2f1,CASE-2134,TEMPORARY_FAILURE,73,RETRY,30,1572.3,AI Recommendation for FAILED_PAYMENT: INSUFFICIENT_FUNDS,2026-08-28T00:16:04.287232
REC-c4f41f51,CASE-2135,INSUFFICIENT_FUNDS,53,RETRY,30,6171.58,AI Recommendation for FAILED_PAYMENT: INSUFFICIENT_FUNDS,2026-08-28T07:16:04.287232
REC-a9ba053a,CASE-2136,INSUFFICIENT_FUNDS,68,RETRY,30,7923.92,AI Recommendation for FAILED_PAYMENT: INSUFFICIENT_FUNDS,2026-08-26T18:16:04.287232
REC-62288d82,CASE-2137,INSUFFICIENT_FUNDS,55,RETRY,30,6405.23,AI Recommendation for FAILED_PAYMENT: INSUFFICIENT_FUNDS,2026-08-27T17:16:04.287232
REC-5c209a21,CASE-2138,TEMPORARY_FAILURE,89,RETRY,30,10377.18,AI Recommendation for FAILED_PAYMENT: INSUFFICIENT_FUNDS,2026-08-28T07:16:04.287232
REC-bae88e04,CASE-2139,INSUFFICIENT_FUNDS,51,RETRY,30,5937.94,AI Recommendation for FAILED_PAYMENT: INSUFFICIENT_FUNDS,2026-08-28T08:16:04.287232
REC-a96b89a4,CASE-2140,TEMPORARY_FAILURE,82,RETRY,30,1768.61,AI Recommendation for FAILED_PAYMENT: INSUFFICIENT_FUNDS,2026-08-26T16:16:04.287232
REC-56fc989f,CASE-2141,INSUFFICIENT_FUNDS,52,RETRY,30,1894.24,AI Recommendation for FAILED_PAYMENT: INSUFFICIENT_FUNDS,2026-08-28T08:16:04.287232
REC-b9ca2716,CASE-2142,INSUFFICIENT_FUNDS,69,RETRY,30,1485.05,AI Recommendation for FAILED_PAYMENT: INSUFFICIENT_FUNDS,2026-08-27T16:16:04.287232
REC-611cc138,CASE-2143,INSUFFICIENT_FUNDS,64,RETRY,30,2335.99,AI Recommendation for FAILED_PAYMENT: INSUFFICIENT_FUNDS,2026-08-26T19:16:04.287232
REC-fd46311e,CASE-2144,INSUFFICIENT_FUNDS,54,RETRY,30,6288.4,AI Recommendation for FAILED_PAYMENT: INSUFFICIENT_FUNDS,2026-08-26T19:16:04.287232
REC-a1820c8a,CASE-2145,TEMPORARY_FAILURE,73,RETRY,30,1572.3,AI Recommendation for FAILED_PAYMENT: INSUFFICIENT_FUNDS,2026-08-26T13:16:04.287232
REC-6efe3113,CASE-2146,TEMPORARY_FAILURE,71,RETRY,30,1528.67,AI Recommendation for FAILED_PAYMENT: INSUFFICIENT_FUNDS,2026-08-28T06:16:04.287232
REC-a2cf71d4,CASE-2147,TEMPORARY_FAILURE,93,RETRY,30,2008.54,AI Recommendation for FAILED_PAYMENT: INSUFFICIENT_FUNDS,2026-08-27T16:16:04.287232
REC-f5770781,CASE-2148,INSUFFICIENT_FUNDS,60,RETRY,30,1288.74,AI Recommendation for FAILED_PAYMENT: INSUFFICIENT_FUNDS,2026-08-27T01:16:04.287232
REC-14ab75e0,CASE-2149,TEMPORARY_FAILURE,83,RETRY,30,5941.25,AI Recommendation for FAILED_PAYMENT: INSUFFICIENT_FUNDS,2026-08-27T17:16:04.287232
REC-db9a3b27,CASE-2150,TEMPORARY_FAILURE,78,RETRY,30,1681.36,AI Recommendation for FAILED_PAYMENT: INSUFFICIENT_FUNDS,2026-08-27T11:16:04.287232
REC-43fa3dcd,CASE-2151,TEMPORARY_FAILURE,86,RETRY,30,3145.86,AI Recommendation for FAILED_PAYMENT: INSUFFICIENT_FUNDS,2026-08-28T05:16:04.287232
REC-91d085e5,CASE-2152,TEMPORARY_FAILURE,76,RETRY,30,1637.73,AI Recommendation for FAILED_PAYMENT: INSUFFICIENT_FUNDS,2026-08-27T16:16:04.287232
REC-fd4d8d10,CASE-2153,INSUFFICIENT_FUNDS,69,RETRY,30,1485.05,AI Recommendation for FAILED_PAYMENT: INSUFFICIENT_FUNDS,2026-08-27T02:16:04.287232
REC-fd96fdb1,CASE-2154,INSUFFICIENT_FUNDS,56,RETRY,30,6522.05,AI Recommendation for FAILED_PAYMENT: INSUFFICIENT_FUNDS,2026-08-26T23:16:04.287232
REC-c9b5a6a1,CASE-2155,INSUFFICIENT_FUNDS,45,RETRY,30,511.55,AI Recommendation for FAILED_PAYMENT: INSUFFICIENT_FUNDS,2026-08-28T09:16:04.287232
REC-6350ae88,CASE-2156,TEMPORARY_FAILURE,77,RETRY,30,3584.55,AI Recommendation for FAILED_PAYMENT: INSUFFICIENT_FUNDS,2026-08-26T16:16:04.287232
REC-d7c4f4a6,CASE-2157,INSUFFICIENT_FUNDS,50,RETRY,30,2320.61,AI Recommendation for FAILED_PAYMENT: INSUFFICIENT_FUNDS,2026-08-28T07:16:04.287232
REC-523eea06,CASE-2158,INSUFFICIENT_FUNDS,50,RETRY,30,1820.62,AI Recommendation for FAILED_PAYMENT: INSUFFICIENT_FUNDS,2026-08-27T02:16:04.287232
REC-8e10ecd6,CASE-2159,INSUFFICIENT_FUNDS,70,RETRY,30,2556.86,AI Recommendation for FAILED_PAYMENT: INSUFFICIENT_FUNDS,2026-08-27T09:16:04.287232
REC-6b34f8af,CASE-2160,INSUFFICIENT_FUNDS,60,RETRY,30,6989.34,AI Recommendation for FAILED_PAYMENT: INSUFFICIENT_FUNDS,2026-08-27T09:16:04.287232
REC-5bfd047f,CASE-2161,TEMPORARY_FAILURE,74,RETRY,30,854.11,AI Recommendation for FAILED_PAYMENT: INSUFFICIENT_FUNDS,2026-08-26T13:16:04.287232
REC-99264d98,CASE-2162,TEMPORARY_FAILURE,92,RETRY,30,10727.65,AI Recommendation for FAILED_PAYMENT: INSUFFICIENT_FUNDS,2026-08-26T15:16:04.287232
REC-b8d11865,CASE-2163,TEMPORARY_FAILURE,89,RETRY,30,1921.29,AI Recommendation for FAILED_PAYMENT: INSUFFICIENT_FUNDS,2026-08-27T03:16:04.287232
REC-f06ac389,CASE-2164,INSUFFICIENT_FUNDS,61,RETRY,30,7106.16,AI Recommendation for FAILED_PAYMENT: INSUFFICIENT_FUNDS,2026-08-26T13:16:04.287232
REC-ccac02cc,CASE-2165,TEMPORARY_FAILURE,91,RETRY,30,3329.92,AI Recommendation for FAILED_PAYMENT: INSUFFICIENT_FUNDS,2026-08-27T19:16:04.287232
REC-3311f9a8,CASE-2166,INSUFFICIENT_FUNDS,49,RETRY,30,3499.29,AI Recommendation for FAILED_PAYMENT: INSUFFICIENT_FUNDS,2026-08-27T07:16:04.287232
REC-22f68b43,CASE-2167,INSUFFICIENT_FUNDS,68,RETRY,30,4863.92,AI Recommendation for FAILED_PAYMENT: INSUFFICIENT_FUNDS,2026-08-28T02:16:04.287232
REC-3451a3f0,CASE-2168,INSUFFICIENT_FUNDS,55,RETRY,30,2004.68,AI Recommendation for FAILED_PAYMENT: INSUFFICIENT_FUNDS,2026-08-26T17:16:04.287232
REC-1869d67d,CASE-2169,INSUFFICIENT_FUNDS,52,RETRY,30,6054.76,AI Recommendation for FAILED_PAYMENT: INSUFFICIENT_FUNDS,2026-08-28T12:16:04.287232
REC-a3240abb,CASE-2170,INSUFFICIENT_FUNDS,47,RETRY,30,1005.18,AI Recommendation for FAILED_PAYMENT: INSUFFICIENT_FUNDS,2026-08-28T03:16:04.287232
REC-20ccc177,CASE-2171,INSUFFICIENT_FUNDS,47,RETRY,30,1005.18,AI Recommendation for FAILED_PAYMENT: INSUFFICIENT_FUNDS,2026-08-27T16:16:04.287232
REC-49bbbd2a,CASE-2172,TEMPORARY_FAILURE,71,RETRY,30,1528.67,AI Recommendation for FAILED_PAYMENT: INSUFFICIENT_FUNDS,2026-08-27T00:16:04.287232
REC-3dc26a0a,CASE-2173,INSUFFICIENT_FUNDS,52,RETRY,30,1894.24,AI Recommendation for FAILED_PAYMENT: INSUFFICIENT_FUNDS,2026-08-27T22:16:04.287232
REC-d24b3a3e,CASE-2174,INSUFFICIENT_FUNDS,47,RETRY,30,3355.65,AI Recommendation for FAILED_PAYMENT: INSUFFICIENT_FUNDS,2026-08-27T18:16:04.287232
REC-4b86cbcd,CASE-2175,INSUFFICIENT_FUNDS,65,RETRY,30,2372.8,AI Recommendation for FAILED_PAYMENT: INSUFFICIENT_FUNDS,2026-08-27T13:16:04.295307
REC-f2440c28,CASE-2176,INSUFFICIENT_FUNDS,63,RETRY,30,1354.17,AI Recommendation for FAILED_PAYMENT: INSUFFICIENT_FUNDS,2026-08-26T21:16:04.295307
REC-88e94649,CASE-2177,TEMPORARY_FAILURE,74,RETRY,30,1594.11,AI Recommendation for FAILED_PAYMENT: INSUFFICIENT_FUNDS,2026-08-26T14:16:04.295307
REC-763fd259,CASE-2178,TEMPORARY_FAILURE,93,RETRY,30,6659.47,AI Recommendation for FAILED_PAYMENT: INSUFFICIENT_FUNDS,2026-08-27T10:16:04.295307
REC-c8c065a4,CASE-2179,INSUFFICIENT_FUNDS,59,RETRY,30,676.93,AI Recommendation for FAILED_PAYMENT: INSUFFICIENT_FUNDS,2026-08-26T16:16:04.295307
REC-8c556252,CASE-2180,INSUFFICIENT_FUNDS,66,RETRY,30,759.61,AI Recommendation for FAILED_PAYMENT: INSUFFICIENT_FUNDS,2026-08-26T14:16:04.295307
REC-f5da6465,CASE-2181,INSUFFICIENT_FUNDS,51,RETRY,30,1857.43,AI Recommendation for FAILED_PAYMENT: INSUFFICIENT_FUNDS,2026-08-27T05:16:04.296427
REC-321da8c5,CASE-2182,INSUFFICIENT_FUNDS,54,RETRY,30,617.86,AI Recommendation for FAILED_PAYMENT: INSUFFICIENT_FUNDS,2026-08-27T22:16:04.296427
REC-6236282d,CASE-2183,TEMPORARY_FAILURE,71,RETRY,30,5079.38,AI Recommendation for FAILED_PAYMENT: INSUFFICIENT_FUNDS,2026-08-28T07:16:04.296427
REC-adfdf71a,CASE-2184,INSUFFICIENT_FUNDS,51,RETRY,30,3642.94,AI Recommendation for FAILED_PAYMENT: INSUFFICIENT_FUNDS,2026-08-27T11:16:04.296427
REC-cfaefacf,CASE-2185,TEMPORARY_FAILURE,82,RETRY,30,948.61,AI Recommendation for FAILED_PAYMENT: INSUFFICIENT_FUNDS,2026-08-27T18:16:04.296427
REC-89804cdf,CASE-2186,INSUFFICIENT_FUNDS,65,RETRY,30,2372.8,AI Recommendation for FAILED_PAYMENT: INSUFFICIENT_FUNDS,2026-08-27T08:16:04.296427
REC-761b726d,CASE-2187,INSUFFICIENT_FUNDS,59,RETRY,30,2151.93,AI Recommendation for FAILED_PAYMENT: INSUFFICIENT_FUNDS,2026-08-26T23:16:04.296427
REC-a70014f7,CASE-2188,INSUFFICIENT_FUNDS,54,RETRY,30,617.86,AI Recommendation for FAILED_PAYMENT: INSUFFICIENT_FUNDS,2026-08-27T07:16:04.296427
REC-26de137b,CASE-2189,TEMPORARY_FAILURE,71,RETRY,30,2593.67,AI Recommendation for FAILED_PAYMENT: INSUFFICIENT_FUNDS,2026-08-27T08:16:04.296427
REC-a287722e,CASE-2190,TEMPORARY_FAILURE,74,RETRY,30,2704.11,AI Recommendation for FAILED_PAYMENT: INSUFFICIENT_FUNDS,2026-08-28T02:16:04.296427
REC-cc305e54,CASE-2191,INSUFFICIENT_FUNDS,64,RETRY,30,7456.63,AI Recommendation for FAILED_PAYMENT: INSUFFICIENT_FUNDS,2026-08-28T03:16:04.296427
REC-41158e9b,CASE-2192,TEMPORARY_FAILURE,90,RETRY,30,1043.11,AI Recommendation for FAILED_PAYMENT: INSUFFICIENT_FUNDS,2026-08-28T09:16:04.296427
REC-b3600790,CASE-2193,INSUFFICIENT_FUNDS,64,RETRY,30,7456.63,AI Recommendation for FAILED_PAYMENT: INSUFFICIENT_FUNDS,2026-08-27T11:16:04.298440
REC-4e325484,CASE-2194,TEMPORARY_FAILURE,80,RETRY,30,3724.98,AI Recommendation for FAILED_PAYMENT: INSUFFICIENT_FUNDS,2026-08-28T06:16:04.298440
REC-31ed59ef,CASE-2195,INSUFFICIENT_FUNDS,52,RETRY,30,1114.24,AI Recommendation for FAILED_PAYMENT: INSUFFICIENT_FUNDS,2026-08-28T04:16:04.298440
REC-568c3407,CASE-2196,INSUFFICIENT_FUNDS,70,RETRY,30,1506.86,AI Recommendation for FAILED_PAYMENT: INSUFFICIENT_FUNDS,2026-08-26T23:16:04.298440
REC-ec7f53be,CASE-2197,INSUFFICIENT_FUNDS,49,RETRY,30,1783.8,AI Recommendation for FAILED_PAYMENT: INSUFFICIENT_FUNDS,2026-08-26T19:16:04.298440
REC-9ceacec5,CASE-2198,INSUFFICIENT_FUNDS,53,RETRY,30,2461.05,AI Recommendation for FAILED_PAYMENT: INSUFFICIENT_FUNDS,2026-08-28T10:16:04.298440
REC-73d4eb34,CASE-2199,INSUFFICIENT_FUNDS,48,RETRY,30,2226.99,AI Recommendation for FAILED_PAYMENT: INSUFFICIENT_FUNDS,2026-08-27T11:16:04.299480
REC-3229a0e5,CASE-2200,INSUFFICIENT_FUNDS,46,RETRY,30,2133.37,AI Recommendation for FAILED_PAYMENT: INSUFFICIENT_FUNDS,2026-08-27T14:16:04.299480
REC-98cf4eb3,CASE-2201,INSUFFICIENT_FUNDS,56,RETRY,30,1201.49,AI Recommendation for FAILED_PAYMENT: INSUFFICIENT_FUNDS,2026-08-28T03:16:04.299480
REC-fd9d26cd,CASE-2202,TEMPORARY_FAILURE,84,RETRY,30,972.23,AI Recommendation for FAILED_PAYMENT: INSUFFICIENT_FUNDS,2026-08-27T10:16:04.300382
REC-fcf68047,CASE-2203,TEMPORARY_FAILURE,75,RETRY,30,5366.67,AI Recommendation for FAILED_PAYMENT: INSUFFICIENT_FUNDS,2026-08-27T12:16:04.300382
REC-d7204814,CASE-2204,TEMPORARY_FAILURE,71,RETRY,30,1528.67,AI Recommendation for FAILED_PAYMENT: INSUFFICIENT_FUNDS,2026-08-27T02:16:04.300951
REC-76b1ce1b,CASE-2205,INSUFFICIENT_FUNDS,69,RETRY,30,795.05,AI Recommendation for FAILED_PAYMENT: INSUFFICIENT_FUNDS,2026-08-27T05:16:04.300951
REC-c31f1bf8,CASE-2206,TEMPORARY_FAILURE,81,RETRY,30,2961.8,AI Recommendation for FAILED_PAYMENT: INSUFFICIENT_FUNDS,2026-08-28T11:16:04.301483
REC-85a3e782,CASE-2207,TEMPORARY_FAILURE,83,RETRY,30,3035.42,AI Recommendation for FAILED_PAYMENT: INSUFFICIENT_FUNDS,2026-08-27T03:16:04.301483
REC-f6151f88,CASE-2208,TEMPORARY_FAILURE,94,RETRY,30,3440.36,AI Recommendation for FAILED_PAYMENT: INSUFFICIENT_FUNDS,2026-08-27T21:16:04.301483
REC-e27fb75b,CASE-2209,INSUFFICIENT_FUNDS,60,RETRY,30,6989.34,AI Recommendation for FAILED_PAYMENT: INSUFFICIENT_FUNDS,2026-08-27T00:16:04.301483
REC-a565575b,CASE-2210,INSUFFICIENT_FUNDS,67,RETRY,30,3116.42,AI Recommendation for FAILED_PAYMENT: INSUFFICIENT_FUNDS,2026-08-26T23:16:04.301483
REC-1c9782fd,CASE-2211,TEMPORARY_FAILURE,92,RETRY,30,3366.73,AI Recommendation for FAILED_PAYMENT: INSUFFICIENT_FUNDS,2026-08-27T00:16:04.302136
REC-dc1b627e,CASE-2212,TEMPORARY_FAILURE,81,RETRY,30,1746.8,AI Recommendation for FAILED_PAYMENT: INSUFFICIENT_FUNDS,2026-08-27T05:16:04.302136
REC-33695635,CASE-2213,INSUFFICIENT_FUNDS,50,RETRY,30,570.62,AI Recommendation for FAILED_PAYMENT: INSUFFICIENT_FUNDS,2026-08-27T22:16:04.302136
REC-e2a8534a,CASE-2214,TEMPORARY_FAILURE,78,RETRY,30,901.36,AI Recommendation for FAILED_PAYMENT: INSUFFICIENT_FUNDS,2026-08-26T21:16:04.302136
REC-0af70d04,CASE-2215,INSUFFICIENT_FUNDS,53,RETRY,30,1136.05,AI Recommendation for FAILED_PAYMENT: INSUFFICIENT_FUNDS,2026-08-28T09:16:04.302735
REC-56909de1,CASE-2216,INSUFFICIENT_FUNDS,54,RETRY,30,617.86,AI Recommendation for FAILED_PAYMENT: INSUFFICIENT_FUNDS,2026-08-27T13:16:04.302735
REC-55d614a2,CASE-2217,INSUFFICIENT_FUNDS,68,RETRY,30,783.24,AI Recommendation for FAILED_PAYMENT: INSUFFICIENT_FUNDS,2026-08-27T17:16:04.302735
REC-8a047b8f,CASE-2218,INSUFFICIENT_FUNDS,53,RETRY,30,1931.05,AI Recommendation for FAILED_PAYMENT: INSUFFICIENT_FUNDS,2026-08-27T05:16:04.303288
REC-90ac5a98,CASE-2219,INSUFFICIENT_FUNDS,65,RETRY,30,7573.45,AI Recommendation for FAILED_PAYMENT: INSUFFICIENT_FUNDS,2026-08-26T18:16:04.303288
REC-d28e1f66,CASE-2220,INSUFFICIENT_FUNDS,56,RETRY,30,4002.05,AI Recommendation for FAILED_PAYMENT: INSUFFICIENT_FUNDS,2026-08-26T16:16:04.303981
REC-a19c9b23,CASE-2221,INSUFFICIENT_FUNDS,53,RETRY,30,1931.05,AI Recommendation for FAILED_PAYMENT: INSUFFICIENT_FUNDS,2026-08-27T00:16:04.303981
REC-303f6dae,CASE-2222,TEMPORARY_FAILURE,94,RETRY,30,4380.36,AI Recommendation for FAILED_PAYMENT: INSUFFICIENT_FUNDS,2026-08-27T16:16:04.304551
REC-0bd82cae,CASE-2223,INSUFFICIENT_FUNDS,59,RETRY,30,4217.52,AI Recommendation for FAILED_PAYMENT: INSUFFICIENT_FUNDS,2026-08-28T03:16:04.304551
REC-03893410,CASE-2224,TEMPORARY_FAILURE,92,RETRY,30,3366.73,AI Recommendation for FAILED_PAYMENT: INSUFFICIENT_FUNDS,2026-08-26T20:16:04.305081
REC-56d03ed8,CASE-2225,TEMPORARY_FAILURE,90,RETRY,30,1043.11,AI Recommendation for FAILED_PAYMENT: INSUFFICIENT_FUNDS,2026-08-27T20:16:04.305081
REC-51c8eeb4,CASE-2226,INSUFFICIENT_FUNDS,60,RETRY,30,1288.74,AI Recommendation for FAILED_PAYMENT: INSUFFICIENT_FUNDS,2026-08-28T06:16:04.305081
REC-f032c6b9,CASE-2227,INSUFFICIENT_FUNDS,45,RETRY,30,5237.0,AI Recommendation for FAILED_PAYMENT: INSUFFICIENT_FUNDS,2026-08-26T14:16:04.305616
REC-b10d0aa3,CASE-2228,INSUFFICIENT_FUNDS,55,RETRY,30,2554.68,AI Recommendation for FAILED_PAYMENT: INSUFFICIENT_FUNDS,2026-08-27T14:16:04.305616
REC-d1d8854a,CASE-2229,INSUFFICIENT_FUNDS,69,RETRY,30,4935.74,AI Recommendation for FAILED_PAYMENT: INSUFFICIENT_FUNDS,2026-08-26T19:16:04.305616
REC-2897fe4b,CASE-2230,INSUFFICIENT_FUNDS,59,RETRY,30,6872.52,AI Recommendation for FAILED_PAYMENT: INSUFFICIENT_FUNDS,2026-08-28T10:16:04.305616
REC-70ec8824,CASE-2231,INSUFFICIENT_FUNDS,46,RETRY,30,1673.37,AI Recommendation for FAILED_PAYMENT: INSUFFICIENT_FUNDS,2026-08-28T08:16:04.306195
REC-a7fdc402,CASE-2232,INSUFFICIENT_FUNDS,55,RETRY,30,2004.68,AI Recommendation for FAILED_PAYMENT: INSUFFICIENT_FUNDS,2026-08-28T08:16:04.306195
REC-4332d95e,CASE-2233,INSUFFICIENT_FUNDS,50,RETRY,30,3571.11,AI Recommendation for FAILED_PAYMENT: INSUFFICIENT_FUNDS,2026-08-28T11:16:04.306195
REC-b0dbc5e2,CASE-2234,TEMPORARY_FAILURE,86,RETRY,30,4005.86,AI Recommendation for FAILED_PAYMENT: INSUFFICIENT_FUNDS,2026-08-28T06:16:04.306195
REC-9d6c7852,CASE-2235,INSUFFICIENT_FUNDS,58,RETRY,30,2115.11,AI Recommendation for FAILED_PAYMENT: INSUFFICIENT_FUNDS,2026-08-27T01:16:04.306807
REC-c5273ae7,CASE-2236,TEMPORARY_FAILURE,91,RETRY,30,10610.83,AI Recommendation for FAILED_PAYMENT: INSUFFICIENT_FUNDS,2026-08-27T18:16:04.306807
REC-bf8f08b1,CASE-2237,INSUFFICIENT_FUNDS,60,RETRY,30,2188.74,AI Recommendation for FAILED_PAYMENT: INSUFFICIENT_FUNDS,2026-08-27T00:16:04.306807
REC-559dddd6,CASE-2238,TEMPORARY_FAILURE,76,RETRY,30,5438.49,AI Recommendation for FAILED_PAYMENT: INSUFFICIENT_FUNDS,2026-08-28T12:16:04.306807
REC-e0116119,CASE-2239,INSUFFICIENT_FUNDS,50,RETRY,30,2320.61,AI Recommendation for FAILED_PAYMENT: INSUFFICIENT_FUNDS,2026-08-28T06:16:04.307426
REC-a527a2d0,CASE-2240,INSUFFICIENT_FUNDS,58,RETRY,30,665.11,AI Recommendation for FAILED_PAYMENT: INSUFFICIENT_FUNDS,2026-08-27T06:16:04.307426
REC-4a3a1191,CASE-2241,INSUFFICIENT_FUNDS,64,RETRY,30,735.99,AI Recommendation for FAILED_PAYMENT: INSUFFICIENT_FUNDS,2026-08-26T18:16:04.307426
REC-2bebd58a,CASE-2242,INSUFFICIENT_FUNDS,50,RETRY,30,1820.62,AI Recommendation for FAILED_PAYMENT: INSUFFICIENT_FUNDS,2026-08-27T13:16:04.307426
REC-bbf6c778,CASE-2243,INSUFFICIENT_FUNDS,68,RETRY,30,3163.24,AI Recommendation for FAILED_PAYMENT: INSUFFICIENT_FUNDS,2026-08-27T20:16:04.307426
REC-f9b5bd52,CASE-2244,TEMPORARY_FAILURE,74,RETRY,30,3444.11,AI Recommendation for FAILED_PAYMENT: INSUFFICIENT_FUNDS,2026-08-27T00:16:04.307426
REC-2045a5bb,CASE-2245,INSUFFICIENT_FUNDS,54,RETRY,30,617.86,AI Recommendation for FAILED_PAYMENT: INSUFFICIENT_FUNDS,2026-08-27T14:16:04.307426
REC-7d0eb143,CASE-2246,TEMPORARY_FAILURE,71,RETRY,30,5079.38,AI Recommendation for FAILED_PAYMENT: INSUFFICIENT_FUNDS,2026-08-27T03:16:04.307426
REC-3683cb62,CASE-2247,TEMPORARY_FAILURE,79,RETRY,30,3678.17,AI Recommendation for FAILED_PAYMENT: INSUFFICIENT_FUNDS,2026-08-27T17:16:04.307426
REC-8a9256e8,CASE-2248,INSUFFICIENT_FUNDS,70,RETRY,30,806.86,AI Recommendation for FAILED_PAYMENT: INSUFFICIENT_FUNDS,2026-08-27T08:16:04.307426
REC-97abe2fa,CASE-2249,INSUFFICIENT_FUNDS,55,RETRY,30,1179.68,AI Recommendation for FAILED_PAYMENT: INSUFFICIENT_FUNDS,2026-08-28T10:16:04.307426
REC-d7db82f7,CASE-2250,INSUFFICIENT_FUNDS,50,RETRY,30,2320.61,AI Recommendation for FAILED_PAYMENT: INSUFFICIENT_FUNDS,2026-08-28T03:16:04.307426
REC-3191a829,CASE-2251,INSUFFICIENT_FUNDS,61,RETRY,30,4361.16,AI Recommendation for FAILED_PAYMENT: INSUFFICIENT_FUNDS,2026-08-27T12:16:04.307426
REC-4927a11f,CASE-2252,INSUFFICIENT_FUNDS,70,RETRY,30,5007.56,AI Recommendation for FAILED_PAYMENT: INSUFFICIENT_FUNDS,2026-08-27T03:16:04.307426
REC-a1a7e118,CASE-2253,INSUFFICIENT_FUNDS,45,RETRY,30,2086.55,AI Recommendation for FAILED_PAYMENT: INSUFFICIENT_FUNDS,2026-08-27T10:16:04.307426
REC-d04fc1d3,CASE-2254,INSUFFICIENT_FUNDS,54,RETRY,30,1157.86,AI Recommendation for FAILED_PAYMENT: INSUFFICIENT_FUNDS,2026-08-27T00:16:04.307426
REC-00060a69,CASE-2255,TEMPORARY_FAILURE,95,RETRY,30,1102.17,AI Recommendation for FAILED_PAYMENT: INSUFFICIENT_FUNDS,2026-08-27T20:16:04.307426
REC-388035a1,CASE-2256,TEMPORARY_FAILURE,86,RETRY,30,4005.86,AI Recommendation for FAILED_PAYMENT: INSUFFICIENT_FUNDS,2026-08-27T19:16:04.307426
REC-8c241270,CASE-2257,INSUFFICIENT_FUNDS,54,RETRY,30,2507.86,AI Recommendation for FAILED_PAYMENT: INSUFFICIENT_FUNDS,2026-08-27T15:16:04.307426
REC-1ca8f17d,CASE-2258,INSUFFICIENT_FUNDS,60,RETRY,30,6989.34,AI Recommendation for FAILED_PAYMENT: INSUFFICIENT_FUNDS,2026-08-27T13:16:04.307426
REC-7c3b8b7f,CASE-2259,INSUFFICIENT_FUNDS,66,RETRY,30,759.61,AI Recommendation for FAILED_PAYMENT: INSUFFICIENT_FUNDS,2026-08-27T05:16:04.307426
REC-b989102e,CASE-2260,TEMPORARY_FAILURE,88,RETRY,30,10260.36,AI Recommendation for FAILED_PAYMENT: INSUFFICIENT_FUNDS,2026-08-27T17:16:04.307426
REC-86c9139f,CASE-2261,TEMPORARY_FAILURE,73,RETRY,30,8508.03,AI Recommendation for FAILED_PAYMENT: INSUFFICIENT_FUNDS,2026-08-27T10:16:04.307426
REC-cb1db411,CASE-2262,TEMPORARY_FAILURE,86,RETRY,30,6156.72,AI Recommendation for FAILED_PAYMENT: INSUFFICIENT_FUNDS,2026-08-27T23:16:04.307426
REC-3d8e6d8d,CASE-2263,TEMPORARY_FAILURE,92,RETRY,30,4286.73,AI Recommendation for FAILED_PAYMENT: INSUFFICIENT_FUNDS,2026-08-27T04:16:04.307426
REC-6eda8014,CASE-2264,INSUFFICIENT_FUNDS,49,RETRY,30,1048.8,AI Recommendation for FAILED_PAYMENT: INSUFFICIENT_FUNDS,2026-08-27T03:16:04.307426
REC-ff11789b,CASE-2265,INSUFFICIENT_FUNDS,46,RETRY,30,3283.83,AI Recommendation for FAILED_PAYMENT: INSUFFICIENT_FUNDS,2026-08-28T09:16:04.307426
REC-b344b6a4,CASE-2266,INSUFFICIENT_FUNDS,47,RETRY,30,1005.18,AI Recommendation for FAILED_PAYMENT: INSUFFICIENT_FUNDS,2026-08-26T15:16:04.307426
REC-e04eef7b,CASE-2267,INSUFFICIENT_FUNDS,62,RETRY,30,1332.36,AI Recommendation for FAILED_PAYMENT: INSUFFICIENT_FUNDS,2026-08-27T11:16:04.307426
REC-289b47c4,CASE-2268,INSUFFICIENT_FUNDS,52,RETRY,30,6054.76,AI Recommendation for FAILED_PAYMENT: INSUFFICIENT_FUNDS,2026-08-27T05:16:04.307426
REC-866d493a,CASE-2269,TEMPORARY_FAILURE,73,RETRY,30,5223.03,AI Recommendation for FAILED_PAYMENT: INSUFFICIENT_FUNDS,2026-08-27T01:16:04.307426
REC-57e858b4,CASE-2270,INSUFFICIENT_FUNDS,67,RETRY,30,2446.42,AI Recommendation for FAILED_PAYMENT: INSUFFICIENT_FUNDS,2026-08-26T16:16:04.307426
REC-7f7d404e,CASE-2271,INSUFFICIENT_FUNDS,63,RETRY,30,724.17,AI Recommendation for FAILED_PAYMENT: INSUFFICIENT_FUNDS,2026-08-28T02:16:04.307426
REC-6a423aee,CASE-2272,TEMPORARY_FAILURE,94,RETRY,30,6731.3,AI Recommendation for FAILED_PAYMENT: INSUFFICIENT_FUNDS,2026-08-27T22:16:04.307426
REC-546029d4,CASE-2273,INSUFFICIENT_FUNDS,58,RETRY,30,6755.69,AI Recommendation for FAILED_PAYMENT: INSUFFICIENT_FUNDS,2026-08-28T11:16:04.314887
REC-e70d7832,CASE-2274,INSUFFICIENT_FUNDS,45,RETRY,30,5237.0,AI Recommendation for FAILED_PAYMENT: INSUFFICIENT_FUNDS,2026-08-28T01:16:04.314887
REC-c6c511ae,CASE-2275,INSUFFICIENT_FUNDS,45,RETRY,30,3212.0,AI Recommendation for FAILED_PAYMENT: INSUFFICIENT_FUNDS,2026-08-27T17:16:04.315660
REC-0ba324db,CASE-2276,TEMPORARY_FAILURE,90,RETRY,30,10494.01,AI Recommendation for FAILED_PAYMENT: INSUFFICIENT_FUNDS,2026-08-27T14:16:04.315660
REC-afd365e9,CASE-2277,INSUFFICIENT_FUNDS,61,RETRY,30,2835.55,AI Recommendation for FAILED_PAYMENT: INSUFFICIENT_FUNDS,2026-08-26T17:16:04.316566
REC-1b283de9,CASE-2278,TEMPORARY_FAILURE,84,RETRY,30,6013.07,AI Recommendation for FAILED_PAYMENT: INSUFFICIENT_FUNDS,2026-08-27T04:16:04.316566
REC-8f06b6ac,CASE-2279,INSUFFICIENT_FUNDS,68,RETRY,30,7923.92,AI Recommendation for FAILED_PAYMENT: INSUFFICIENT_FUNDS,2026-08-26T17:16:04.316566
REC-a02b3385,CASE-2280,TEMPORARY_FAILURE,75,RETRY,30,865.92,AI Recommendation for FAILED_PAYMENT: INSUFFICIENT_FUNDS,2026-08-26T20:16:04.316566
REC-4a4f0cde,CASE-2281,INSUFFICIENT_FUNDS,62,RETRY,30,2262.36,AI Recommendation for FAILED_PAYMENT: INSUFFICIENT_FUNDS,2026-08-28T03:16:04.316566
REC-9188132b,CASE-2282,TEMPORARY_FAILURE,93,RETRY,30,6659.47,AI Recommendation for FAILED_PAYMENT: INSUFFICIENT_FUNDS,2026-08-27T11:16:04.316566
REC-2085730a,CASE-2283,INSUFFICIENT_FUNDS,65,RETRY,30,7573.45,AI Recommendation for FAILED_PAYMENT: INSUFFICIENT_FUNDS,2026-08-27T05:16:04.318577
REC-cdd7b6b5,CASE-2284,INSUFFICIENT_FUNDS,61,RETRY,30,2225.55,AI Recommendation for FAILED_PAYMENT: INSUFFICIENT_FUNDS,2026-08-26T13:16:04.318577
REC-84a29824,CASE-2285,TEMPORARY_FAILURE,82,RETRY,30,948.61,AI Recommendation for FAILED_PAYMENT: INSUFFICIENT_FUNDS,2026-08-26T14:16:04.318577
REC-2a50dc4d,CASE-2286,INSUFFICIENT_FUNDS,59,RETRY,30,6872.52,AI Recommendation for FAILED_PAYMENT: INSUFFICIENT_FUNDS,2026-08-27T14:16:04.318577
REC-cca902c9,CASE-2287,INSUFFICIENT_FUNDS,64,RETRY,30,4576.63,AI Recommendation for FAILED_PAYMENT: INSUFFICIENT_FUNDS,2026-08-28T06:16:04.318577
REC-d95365c4,CASE-2288,INSUFFICIENT_FUNDS,53,RETRY,30,2461.05,AI Recommendation for FAILED_PAYMENT: INSUFFICIENT_FUNDS,2026-08-27T15:16:04.318577
REC-780b4dbb,CASE-2289,INSUFFICIENT_FUNDS,50,RETRY,30,5821.11,AI Recommendation for FAILED_PAYMENT: INSUFFICIENT_FUNDS,2026-08-26T13:16:04.318577
REC-5b784522,CASE-2290,TEMPORARY_FAILURE,71,RETRY,30,2593.67,AI Recommendation for FAILED_PAYMENT: INSUFFICIENT_FUNDS,2026-08-26T23:16:04.318577
REC-6b3aa0d0,CASE-2291,TEMPORARY_FAILURE,74,RETRY,30,2704.11,AI Recommendation for FAILED_PAYMENT: INSUFFICIENT_FUNDS,2026-08-26T20:16:04.320609
REC-8014c5f3,CASE-2292,TEMPORARY_FAILURE,82,RETRY,30,5869.43,AI Recommendation for FAILED_PAYMENT: INSUFFICIENT_FUNDS,2026-08-27T04:16:04.320609
REC-f8d3a335,CASE-2293,TEMPORARY_FAILURE,88,RETRY,30,1019.48,AI Recommendation for FAILED_PAYMENT: INSUFFICIENT_FUNDS,2026-08-28T03:16:04.320609
REC-2ffb8613,CASE-2294,INSUFFICIENT_FUNDS,57,RETRY,30,1223.3,AI Recommendation for FAILED_PAYMENT: INSUFFICIENT_FUNDS,2026-08-27T07:16:04.320609
REC-2d1c2c2e,CASE-2295,INSUFFICIENT_FUNDS,65,RETRY,30,1397.8,AI Recommendation for FAILED_PAYMENT: INSUFFICIENT_FUNDS,2026-08-27T15:16:04.320609
REC-743c2bf2,CASE-2296,INSUFFICIENT_FUNDS,56,RETRY,30,6522.05,AI Recommendation for FAILED_PAYMENT: INSUFFICIENT_FUNDS,2026-08-27T08:16:04.320609
REC-e6d0b29d,CASE-2297,INSUFFICIENT_FUNDS,58,RETRY,30,2115.11,AI Recommendation for FAILED_PAYMENT: INSUFFICIENT_FUNDS,2026-08-28T07:16:04.320609
REC-57c1cd92,CASE-2298,TEMPORARY_FAILURE,84,RETRY,30,1812.23,AI Recommendation for FAILED_PAYMENT: INSUFFICIENT_FUNDS,2026-08-27T06:16:04.320609
REC-b080ac8f,CASE-2299,INSUFFICIENT_FUNDS,45,RETRY,30,2086.55,AI Recommendation for FAILED_PAYMENT: INSUFFICIENT_FUNDS,2026-08-27T13:16:04.320609
REC-f872c2a3,CASE-2300,INSUFFICIENT_FUNDS,65,RETRY,30,747.8,AI Recommendation for FAILED_PAYMENT: INSUFFICIENT_FUNDS,2026-08-26T17:16:04.320609
REC-36fef456,CASE-2301,TEMPORARY_FAILURE,85,RETRY,30,984.05,AI Recommendation for FAILED_PAYMENT: INSUFFICIENT_FUNDS,2026-08-28T04:16:04.320609
REC-5d1df169,CASE-2302,INSUFFICIENT_FUNDS,69,RETRY,30,795.05,AI Recommendation for FAILED_PAYMENT: INSUFFICIENT_FUNDS,2026-08-28T08:16:04.320609
REC-9bdaaa75,CASE-2303,INSUFFICIENT_FUNDS,64,RETRY,30,735.99,AI Recommendation for FAILED_PAYMENT: INSUFFICIENT_FUNDS,2026-08-27T03:16:04.320609
REC-4c8cbc55,CASE-2304,TEMPORARY_FAILURE,78,RETRY,30,5582.14,AI Recommendation for FAILED_PAYMENT: INSUFFICIENT_FUNDS,2026-08-28T04:16:04.320609
REC-9cde4a60,CASE-2305,TEMPORARY_FAILURE,76,RETRY,30,2777.73,AI Recommendation for FAILED_PAYMENT: INSUFFICIENT_FUNDS,2026-08-27T11:16:04.325264
REC-a7f55803,CASE-2306,INSUFFICIENT_FUNDS,59,RETRY,30,676.93,AI Recommendation for FAILED_PAYMENT: INSUFFICIENT_FUNDS,2026-08-26T14:16:04.325264
REC-3cca1f4f,CASE-2307,TEMPORARY_FAILURE,82,RETRY,30,948.61,AI Recommendation for FAILED_PAYMENT: INSUFFICIENT_FUNDS,2026-08-26T19:16:04.325264
REC-e1e1e176,CASE-2308,INSUFFICIENT_FUNDS,69,RETRY,30,795.05,AI Recommendation for FAILED_PAYMENT: INSUFFICIENT_FUNDS,2026-08-28T09:16:04.325264
REC-520761a4,CASE-2309,INSUFFICIENT_FUNDS,51,RETRY,30,5937.94,AI Recommendation for FAILED_PAYMENT: INSUFFICIENT_FUNDS,2026-08-28T05:16:04.325264
REC-37de4b67,CASE-2310,TEMPORARY_FAILURE,73,RETRY,30,3397.3,AI Recommendation for FAILED_PAYMENT: INSUFFICIENT_FUNDS,2026-08-27T20:16:04.325264
REC-c71fbf49,CASE-2311,TEMPORARY_FAILURE,89,RETRY,30,4146.29,AI Recommendation for FAILED_PAYMENT: INSUFFICIENT_FUNDS,2026-08-26T18:16:04.325264
REC-5158c772,CASE-2312,TEMPORARY_FAILURE,87,RETRY,30,1007.67,AI Recommendation for FAILED_PAYMENT: INSUFFICIENT_FUNDS,2026-08-27T04:16:04.325264
REC-f60a7b9c,CASE-2313,TEMPORARY_FAILURE,84,RETRY,30,9793.07,AI Recommendation for FAILED_PAYMENT: INSUFFICIENT_FUNDS,2026-08-28T06:16:04.325264
REC-bda23213,CASE-2314,INSUFFICIENT_FUNDS,57,RETRY,30,2648.3,AI Recommendation for FAILED_PAYMENT: INSUFFICIENT_FUNDS,2026-08-28T00:16:04.325264
REC-ece2df2d,CASE-2315,TEMPORARY_FAILURE,90,RETRY,30,3293.11,AI Recommendation for FAILED_PAYMENT: INSUFFICIENT_FUNDS,2026-08-27T05:16:04.325264
REC-07e04de0,CASE-2316,TEMPORARY_FAILURE,89,RETRY,30,1921.29,AI Recommendation for FAILED_PAYMENT: INSUFFICIENT_FUNDS,2026-08-28T12:16:04.325264
REC-d1440dd6,CASE-2317,INSUFFICIENT_FUNDS,50,RETRY,30,5821.11,AI Recommendation for FAILED_PAYMENT: INSUFFICIENT_FUNDS,2026-08-28T07:16:04.325264
REC-d5f14f66,CASE-2318,INSUFFICIENT_FUNDS,49,RETRY,30,3499.29,AI Recommendation for FAILED_PAYMENT: INSUFFICIENT_FUNDS,2026-08-27T22:16:04.325264
REC-9d46bc8c,CASE-2319,INSUFFICIENT_FUNDS,63,RETRY,30,2929.17,AI Recommendation for FAILED_PAYMENT: INSUFFICIENT_FUNDS,2026-08-28T06:16:04.325264
REC-db71b609,CASE-2320,INSUFFICIENT_FUNDS,47,RETRY,30,1005.18,AI Recommendation for FAILED_PAYMENT: INSUFFICIENT_FUNDS,2026-08-27T16:16:04.325264
REC-0dc06dfb,CASE-2321,TEMPORARY_FAILURE,92,RETRY,30,4286.73,AI Recommendation for FAILED_PAYMENT: INSUFFICIENT_FUNDS,2026-08-26T18:16:04.325264
REC-24c054c6,CASE-2322,INSUFFICIENT_FUNDS,55,RETRY,30,6405.23,AI Recommendation for FAILED_PAYMENT: INSUFFICIENT_FUNDS,2026-08-26T21:16:04.325264
REC-233a80de,CASE-2323,TEMPORARY_FAILURE,91,RETRY,30,3329.92,AI Recommendation for FAILED_PAYMENT: INSUFFICIENT_FUNDS,2026-08-27T11:16:04.325264
REC-aeb8a49f,CASE-2324,TEMPORARY_FAILURE,74,RETRY,30,3444.11,AI Recommendation for FAILED_PAYMENT: INSUFFICIENT_FUNDS,2026-08-27T06:16:04.325264
REC-729bcb1a,CASE-2325,TEMPORARY_FAILURE,86,RETRY,30,4005.86,AI Recommendation for FAILED_PAYMENT: INSUFFICIENT_FUNDS,2026-08-26T16:16:04.325264
REC-7cf42d3b,CASE-2326,INSUFFICIENT_FUNDS,48,RETRY,30,5587.47,AI Recommendation for FAILED_PAYMENT: INSUFFICIENT_FUNDS,2026-08-26T23:16:04.325264
REC-52c1e976,CASE-2327,TEMPORARY_FAILURE,81,RETRY,30,3771.8,AI Recommendation for FAILED_PAYMENT: INSUFFICIENT_FUNDS,2026-08-26T21:16:04.325264
REC-d2adceeb,CASE-2328,TEMPORARY_FAILURE,88,RETRY,30,1019.48,AI Recommendation for FAILED_PAYMENT: INSUFFICIENT_FUNDS,2026-08-28T05:16:04.325264
REC-e34a0b8d,CASE-2329,TEMPORARY_FAILURE,73,RETRY,30,3397.3,AI Recommendation for FAILED_PAYMENT: INSUFFICIENT_FUNDS,2026-08-26T19:16:04.330375
REC-44f82634,CASE-2330,INSUFFICIENT_FUNDS,45,RETRY,30,1636.55,AI Recommendation for FAILED_PAYMENT: INSUFFICIENT_FUNDS,2026-08-27T15:16:04.330375
REC-60f178e1,CASE-2331,TEMPORARY_FAILURE,78,RETRY,30,5582.14,AI Recommendation for FAILED_PAYMENT: INSUFFICIENT_FUNDS,2026-08-26T14:16:04.330375
REC-c4748fba,CASE-2332,TEMPORARY_FAILURE,75,RETRY,30,1615.92,AI Recommendation for FAILED_PAYMENT: INSUFFICIENT_FUNDS,2026-08-27T01:16:04.330375
REC-16a649ca,CASE-2333,INSUFFICIENT_FUNDS,48,RETRY,30,3427.47,AI Recommendation for FAILED_PAYMENT: INSUFFICIENT_FUNDS,2026-08-27T06:16:04.330375
REC-29a35182,CASE-2334,INSUFFICIENT_FUNDS,55,RETRY,30,2554.68,AI Recommendation for FAILED_PAYMENT: INSUFFICIENT_FUNDS,2026-08-27T21:16:04.330375
REC-56f58815,CASE-2335,INSUFFICIENT_FUNDS,62,RETRY,30,2262.36,AI Recommendation for FAILED_PAYMENT: INSUFFICIENT_FUNDS,2026-08-26T19:16:04.330375
REC-6913bf23,CASE-2336,INSUFFICIENT_FUNDS,70,RETRY,30,3256.86,AI Recommendation for FAILED_PAYMENT: INSUFFICIENT_FUNDS,2026-08-27T08:16:04.330375
REC-0bce45e3,CASE-2337,TEMPORARY_FAILURE,73,RETRY,30,5223.03,AI Recommendation for FAILED_PAYMENT: INSUFFICIENT_FUNDS,2026-08-27T16:16:04.330375
REC-178fb696,CASE-2338,TEMPORARY_FAILURE,76,RETRY,30,877.73,AI Recommendation for FAILED_PAYMENT: INSUFFICIENT_FUNDS,2026-08-27T10:16:04.330375
REC-fcf177e8,CASE-2339,TEMPORARY_FAILURE,80,RETRY,30,924.98,AI Recommendation for FAILED_PAYMENT: INSUFFICIENT_FUNDS,2026-08-27T01:16:04.330375
REC-ae3d45df,CASE-2340,TEMPORARY_FAILURE,86,RETRY,30,1855.86,AI Recommendation for FAILED_PAYMENT: INSUFFICIENT_FUNDS,2026-08-27T22:16:04.330375
REC-ee9bd1ab,CASE-2341,INSUFFICIENT_FUNDS,66,RETRY,30,3069.61,AI Recommendation for FAILED_PAYMENT: INSUFFICIENT_FUNDS,2026-08-26T18:16:04.330375
REC-efb418ca,CASE-2342,TEMPORARY_FAILURE,90,RETRY,30,3293.11,AI Recommendation for FAILED_PAYMENT: INSUFFICIENT_FUNDS,2026-08-27T15:16:04.330375
REC-fd0377fc,CASE-2343,TEMPORARY_FAILURE,85,RETRY,30,3109.05,AI Recommendation for FAILED_PAYMENT: INSUFFICIENT_FUNDS,2026-08-28T06:16:04.330375
REC-c5bac2b1,CASE-2344,INSUFFICIENT_FUNDS,55,RETRY,30,629.68,AI Recommendation for FAILED_PAYMENT: INSUFFICIENT_FUNDS,2026-08-26T13:16:04.330375
REC-6f2b7b73,CASE-2345,TEMPORARY_FAILURE,71,RETRY,30,8274.38,AI Recommendation for FAILED_PAYMENT: INSUFFICIENT_FUNDS,2026-08-28T00:16:04.330375
REC-266c5be3,CASE-2346,INSUFFICIENT_FUNDS,52,RETRY,30,1114.24,AI Recommendation for FAILED_PAYMENT: INSUFFICIENT_FUNDS,2026-08-28T00:16:04.330375
REC-5100ab11,CASE-2347,INSUFFICIENT_FUNDS,66,RETRY,30,7690.27,AI Recommendation for FAILED_PAYMENT: INSUFFICIENT_FUNDS,2026-08-26T20:16:04.330375
REC-23835fa8,CASE-2348,TEMPORARY_FAILURE,82,RETRY,30,9559.43,AI Recommendation for FAILED_PAYMENT: INSUFFICIENT_FUNDS,2026-08-26T18:16:04.330375
REC-ce1de296,CASE-2349,TEMPORARY_FAILURE,77,RETRY,30,5510.32,AI Recommendation for FAILED_PAYMENT: INSUFFICIENT_FUNDS,2026-08-27T03:16:04.335165
REC-1f0b9190,CASE-2350,INSUFFICIENT_FUNDS,48,RETRY,30,5587.47,AI Recommendation for FAILED_PAYMENT: INSUFFICIENT_FUNDS,2026-08-27T06:16:04.335165
REC-50419642,CASE-2351,TEMPORARY_FAILURE,94,RETRY,30,6731.3,AI Recommendation for FAILED_PAYMENT: INSUFFICIENT_FUNDS,2026-08-28T04:16:04.335165
REC-5cd97769,CASE-2352,INSUFFICIENT_FUNDS,69,RETRY,30,795.05,AI Recommendation for FAILED_PAYMENT: INSUFFICIENT_FUNDS,2026-08-26T22:16:04.335165
REC-b77ff456,CASE-2353,TEMPORARY_FAILURE,93,RETRY,30,10844.47,AI Recommendation for FAILED_PAYMENT: INSUFFICIENT_FUNDS,2026-08-27T15:16:04.335165
REC-3b05e42b,CASE-2354,TEMPORARY_FAILURE,73,RETRY,30,2667.3,AI Recommendation for FAILED_PAYMENT: INSUFFICIENT_FUNDS,2026-08-26T22:16:04.335165
REC-8974209f,CASE-2355,TEMPORARY_FAILURE,92,RETRY,30,10727.65,AI Recommendation for FAILED_PAYMENT: INSUFFICIENT_FUNDS,2026-08-27T01:16:04.335165
REC-fbc21b0a,CASE-2356,TEMPORARY_FAILURE,90,RETRY,30,3293.11,AI Recommendation for FAILED_PAYMENT: INSUFFICIENT_FUNDS,2026-08-27T23:16:04.336631
REC-d00995b5,CASE-2357,TEMPORARY_FAILURE,90,RETRY,30,6444.01,AI Recommendation for FAILED_PAYMENT: INSUFFICIENT_FUNDS,2026-08-28T04:16:04.336631
REC-b2c5be22,CASE-2358,TEMPORARY_FAILURE,86,RETRY,30,10026.72,AI Recommendation for FAILED_PAYMENT: INSUFFICIENT_FUNDS,2026-08-28T05:16:04.336631
REC-9966703b,CASE-2359,TEMPORARY_FAILURE,80,RETRY,30,2924.98,AI Recommendation for FAILED_PAYMENT: INSUFFICIENT_FUNDS,2026-08-26T13:16:04.336631
REC-1bfd71de,CASE-2360,INSUFFICIENT_FUNDS,63,RETRY,30,4504.8,AI Recommendation for FAILED_PAYMENT: INSUFFICIENT_FUNDS,2026-08-28T06:16:04.336631
REC-37ac4750,CASE-2361,INSUFFICIENT_FUNDS,69,RETRY,30,795.05,AI Recommendation for FAILED_PAYMENT: INSUFFICIENT_FUNDS,2026-08-28T09:16:04.336631
REC-be88d7c0,CASE-2362,INSUFFICIENT_FUNDS,62,RETRY,30,1332.36,AI Recommendation for FAILED_PAYMENT: INSUFFICIENT_FUNDS,2026-08-27T20:16:04.336631
REC-fe35c06c,CASE-2363,INSUFFICIENT_FUNDS,48,RETRY,30,1026.99,AI Recommendation for FAILED_PAYMENT: INSUFFICIENT_FUNDS,2026-08-28T10:16:04.336631
REC-81bea6ed,CASE-2364,TEMPORARY_FAILURE,73,RETRY,30,2667.3,AI Recommendation for FAILED_PAYMENT: INSUFFICIENT_FUNDS,2026-08-26T19:16:04.336631
REC-9e575904,CASE-2365,INSUFFICIENT_FUNDS,69,RETRY,30,4935.74,AI Recommendation for FAILED_PAYMENT: INSUFFICIENT_FUNDS,2026-08-26T18:16:04.338901
REC-c0a5174f,CASE-2366,INSUFFICIENT_FUNDS,69,RETRY,30,795.05,AI Recommendation for FAILED_PAYMENT: INSUFFICIENT_FUNDS,2026-08-27T16:16:04.338901
REC-a86ee2f3,CASE-2367,INSUFFICIENT_FUNDS,48,RETRY,30,3427.47,AI Recommendation for FAILED_PAYMENT: INSUFFICIENT_FUNDS,2026-08-26T21:16:04.338901
REC-040b7c04,CASE-2368,INSUFFICIENT_FUNDS,59,RETRY,30,2741.93,AI Recommendation for FAILED_PAYMENT: INSUFFICIENT_FUNDS,2026-08-28T00:16:04.338901
REC-a1f3781b,CASE-2369,TEMPORARY_FAILURE,73,RETRY,30,2667.3,AI Recommendation for FAILED_PAYMENT: INSUFFICIENT_FUNDS,2026-08-28T01:16:04.338901
REC-594a4b55,CASE-2370,TEMPORARY_FAILURE,77,RETRY,30,8975.32,AI Recommendation for FAILED_PAYMENT: INSUFFICIENT_FUNDS,2026-08-27T09:16:04.338901
REC-2c9743e0,CASE-2371,TEMPORARY_FAILURE,80,RETRY,30,2924.98,AI Recommendation for FAILED_PAYMENT: INSUFFICIENT_FUNDS,2026-08-27T15:16:04.338901
REC-31ce4e30,CASE-2372,TEMPORARY_FAILURE,90,RETRY,30,4193.11,AI Recommendation for FAILED_PAYMENT: INSUFFICIENT_FUNDS,2026-08-26T22:16:04.338901
REC-a3030510,CASE-2373,TEMPORARY_FAILURE,94,RETRY,30,1090.36,AI Recommendation for FAILED_PAYMENT: INSUFFICIENT_FUNDS,2026-08-27T01:16:04.338901
REC-4db5b311,CASE-2374,INSUFFICIENT_FUNDS,49,RETRY,30,1783.8,AI Recommendation for FAILED_PAYMENT: INSUFFICIENT_FUNDS,2026-08-27T03:16:04.338901
REC-aa03d4c7,CASE-2375,TEMPORARY_FAILURE,95,RETRY,30,1102.17,AI Recommendation for FAILED_PAYMENT: INSUFFICIENT_FUNDS,2026-08-27T14:16:04.338901
REC-a5f02da0,CASE-2376,INSUFFICIENT_FUNDS,58,RETRY,30,1245.11,AI Recommendation for FAILED_PAYMENT: INSUFFICIENT_FUNDS,2026-08-27T18:16:04.338901
REC-ddcd1b26,CASE-2377,TEMPORARY_FAILURE,93,RETRY,30,2008.54,AI Recommendation for FAILED_PAYMENT: INSUFFICIENT_FUNDS,2026-08-26T18:16:04.338901
REC-1bb17e8f,CASE-2378,TEMPORARY_FAILURE,73,RETRY,30,2667.3,AI Recommendation for FAILED_PAYMENT: INSUFFICIENT_FUNDS,2026-08-26T17:16:04.338901
REC-45a8443d,CASE-2379,INSUFFICIENT_FUNDS,69,RETRY,30,2520.05,AI Recommendation for FAILED_PAYMENT: INSUFFICIENT_FUNDS,2026-08-27T02:16:04.338901
REC-88b717f9,CASE-2380,INSUFFICIENT_FUNDS,63,RETRY,30,7339.8,AI Recommendation for FAILED_PAYMENT: INSUFFICIENT_FUNDS,2026-08-27T04:16:04.338901
REC-35a3d2c3,CASE-2381,TEMPORARY_FAILURE,76,RETRY,30,3537.73,AI Recommendation for FAILED_PAYMENT: INSUFFICIENT_FUNDS,2026-08-28T00:16:04.338901
REC-e257e112,CASE-2382,TEMPORARY_FAILURE,77,RETRY,30,2814.55,AI Recommendation for FAILED_PAYMENT: INSUFFICIENT_FUNDS,2026-08-27T02:16:04.338901
REC-c9b22d12,CASE-2383,INSUFFICIENT_FUNDS,45,RETRY,30,3212.0,AI Recommendation for FAILED_PAYMENT: INSUFFICIENT_FUNDS,2026-08-26T20:16:04.338901
REC-20f9d947,CASE-2384,TEMPORARY_FAILURE,88,RETRY,30,1899.48,AI Recommendation for FAILED_PAYMENT: INSUFFICIENT_FUNDS,2026-08-26T16:16:04.338901
REC-598830c6,CASE-2385,TEMPORARY_FAILURE,94,RETRY,30,10961.3,AI Recommendation for FAILED_PAYMENT: INSUFFICIENT_FUNDS,2026-08-26T17:16:04.338901
REC-096dab86,CASE-2386,INSUFFICIENT_FUNDS,46,RETRY,30,983.37,AI Recommendation for FAILED_PAYMENT: INSUFFICIENT_FUNDS,2026-08-28T07:16:04.338901
REC-598c586a,CASE-2387,INSUFFICIENT_FUNDS,48,RETRY,30,546.99,AI Recommendation for FAILED_PAYMENT: INSUFFICIENT_FUNDS,2026-08-28T08:16:04.338901
REC-77849e01,CASE-2388,INSUFFICIENT_FUNDS,59,RETRY,30,4217.52,AI Recommendation for FAILED_PAYMENT: INSUFFICIENT_FUNDS,2026-08-27T08:16:04.338901
REC-4392e89f,CASE-2389,INSUFFICIENT_FUNDS,70,RETRY,30,8157.56,AI Recommendation for FAILED_PAYMENT: INSUFFICIENT_FUNDS,2026-08-27T12:16:04.338901
REC-cb593097,CASE-2390,INSUFFICIENT_FUNDS,52,RETRY,30,6054.76,AI Recommendation for FAILED_PAYMENT: INSUFFICIENT_FUNDS,2026-08-26T14:16:04.338901
REC-5284939e,CASE-2391,INSUFFICIENT_FUNDS,49,RETRY,30,3499.29,AI Recommendation for FAILED_PAYMENT: INSUFFICIENT_FUNDS,2026-08-28T08:16:04.338901
REC-458d0767,CASE-2392,TEMPORARY_FAILURE,77,RETRY,30,2814.55,AI Recommendation for FAILED_PAYMENT: INSUFFICIENT_FUNDS,2026-08-27T17:16:04.345213
REC-68c39e51,CASE-2393,INSUFFICIENT_FUNDS,50,RETRY,30,3571.11,AI Recommendation for FAILED_PAYMENT: INSUFFICIENT_FUNDS,2026-08-27T11:16:04.345213
REC-c7bac7d1,CASE-2394,INSUFFICIENT_FUNDS,46,RETRY,30,5353.83,AI Recommendation for FAILED_PAYMENT: INSUFFICIENT_FUNDS,2026-08-27T22:16:04.345213
REC-46b6f44d,CASE-2395,TEMPORARY_FAILURE,92,RETRY,30,1986.73,AI Recommendation for FAILED_PAYMENT: INSUFFICIENT_FUNDS,2026-08-28T03:16:04.345213
REC-b6b62a88,CASE-2396,TEMPORARY_FAILURE,88,RETRY,30,3219.48,AI Recommendation for FAILED_PAYMENT: INSUFFICIENT_FUNDS,2026-08-27T01:16:04.346432
REC-4e29e142,CASE-2397,INSUFFICIENT_FUNDS,52,RETRY,30,1114.24,AI Recommendation for FAILED_PAYMENT: INSUFFICIENT_FUNDS,2026-08-26T22:16:04.346432
REC-738879b5,CASE-2398,TEMPORARY_FAILURE,79,RETRY,30,3678.17,AI Recommendation for FAILED_PAYMENT: INSUFFICIENT_FUNDS,2026-08-27T23:16:04.346432
REC-ae78413d,CASE-2399,TEMPORARY_FAILURE,92,RETRY,30,10727.65,AI Recommendation for FAILED_PAYMENT: INSUFFICIENT_FUNDS,2026-08-26T19:16:04.346432
REC-52a3d31d,CASE-2400,INSUFFICIENT_FUNDS,60,REMIND,30,1588.74,AI Recommendation for CHECKOUT_ABANDONMENT: SESSION_TIMEOUT,2026-08-27T20:16:04.346432
REC-f20c0cd6,CASE-2401,INSUFFICIENT_FUNDS,57,REMIND,30,1508.3,AI Recommendation for CHECKOUT_ABANDONMENT: SESSION_TIMEOUT,2026-08-27T07:16:04.346432
REC-e1017368,CASE-2402,INSUFFICIENT_FUNDS,68,REMIND,30,579.92,AI Recommendation for CHECKOUT_ABANDONMENT: SESSION_TIMEOUT,2026-08-28T00:16:04.348460
REC-0ff71a82,CASE-2403,TEMPORARY_FAILURE,71,REMIND,30,5789.38,AI Recommendation for CHECKOUT_ABANDONMENT: SESSION_TIMEOUT,2026-08-26T19:16:04.348460
REC-f357f3a3,CASE-2404,INSUFFICIENT_FUNDS,56,REMIND,30,1481.49,AI Recommendation for CHECKOUT_ABANDONMENT: SESSION_TIMEOUT,2026-08-27T16:16:04.348460
REC-b0fb0505,CASE-2405,TEMPORARY_FAILURE,78,REMIND,30,6362.14,AI Recommendation for CHECKOUT_ABANDONMENT: SESSION_TIMEOUT,2026-08-26T23:16:04.348460
REC-43e03162,CASE-2406,TEMPORARY_FAILURE,86,REMIND,30,2285.86,AI Recommendation for CHECKOUT_ABANDONMENT: SESSION_TIMEOUT,2026-08-27T09:16:04.348460
REC-0d6c98f5,CASE-2407,INSUFFICIENT_FUNDS,50,REMIND,30,1320.62,AI Recommendation for CHECKOUT_ABANDONMENT: SESSION_TIMEOUT,2026-08-26T15:16:04.350477
REC-54d0ff2a,CASE-2408,INSUFFICIENT_FUNDS,67,REMIND,30,5462.09,AI Recommendation for CHECKOUT_ABANDONMENT: SESSION_TIMEOUT,2026-08-26T14:16:04.350477
REC-788c083e,CASE-2409,TEMPORARY_FAILURE,80,REMIND,30,3565.78,AI Recommendation for CHECKOUT_ABANDONMENT: SESSION_TIMEOUT,2026-08-27T17:16:04.350477
REC-415bb62d,CASE-2410,TEMPORARY_FAILURE,85,REMIND,30,6934.9,AI Recommendation for CHECKOUT_ABANDONMENT: SESSION_TIMEOUT,2026-08-26T22:16:04.350477
REC-97a83a4c,CASE-2411,INSUFFICIENT_FUNDS,67,REMIND,30,571.09,AI Recommendation for CHECKOUT_ABANDONMENT: SESSION_TIMEOUT,2026-08-26T14:16:04.350477
REC-80f46ba7,CASE-2412,INSUFFICIENT_FUNDS,54,REMIND,30,456.4,AI Recommendation for CHECKOUT_ABANDONMENT: SESSION_TIMEOUT,2026-08-26T23:16:04.350477
REC-8a6dc5e0,CASE-2413,TEMPORARY_FAILURE,87,REMIND,30,7098.54,AI Recommendation for CHECKOUT_ABANDONMENT: SESSION_TIMEOUT,2026-08-27T20:16:04.350477
REC-895da598,CASE-2414,INSUFFICIENT_FUNDS,59,REMIND,30,4807.52,AI Recommendation for CHECKOUT_ABANDONMENT: SESSION_TIMEOUT,2026-08-26T23:16:04.353050
REC-f1869600,CASE-2415,INSUFFICIENT_FUNDS,58,REMIND,30,2579.69,AI Recommendation for CHECKOUT_ABANDONMENT: SESSION_TIMEOUT,2026-08-27T13:16:04.353050
REC-d00c7ee4,CASE-2416,INSUFFICIENT_FUNDS,65,REMIND,30,553.45,AI Recommendation for CHECKOUT_ABANDONMENT: SESSION_TIMEOUT,2026-08-28T02:16:04.353050
REC-5ade05fa,CASE-2417,TEMPORARY_FAILURE,86,REMIND,30,2285.86,AI Recommendation for CHECKOUT_ABANDONMENT: SESSION_TIMEOUT,2026-08-26T14:16:04.353050
REC-f9f32779,CASE-2418,TEMPORARY_FAILURE,72,REMIND,30,5871.21,AI Recommendation for CHECKOUT_ABANDONMENT: SESSION_TIMEOUT,2026-08-27T22:16:04.353050
REC-43fab1b3,CASE-2419,INSUFFICIENT_FUNDS,66,REMIND,30,562.27,AI Recommendation for CHECKOUT_ABANDONMENT: SESSION_TIMEOUT,2026-08-26T18:16:04.353050
REC-9fee89da,CASE-2420,TEMPORARY_FAILURE,83,REMIND,30,2205.42,AI Recommendation for CHECKOUT_ABANDONMENT: SESSION_TIMEOUT,2026-08-27T07:16:04.355065
REC-fbbe9f4b,CASE-2421,INSUFFICIENT_FUNDS,52,REMIND,30,438.76,AI Recommendation for CHECKOUT_ABANDONMENT: SESSION_TIMEOUT,2026-08-27T03:16:04.355065
REC-2f8f4a0d,CASE-2422,INSUFFICIENT_FUNDS,66,REMIND,30,2938.27,AI Recommendation for CHECKOUT_ABANDONMENT: SESSION_TIMEOUT,2026-08-26T19:16:04.355065
REC-10b5e0b5,CASE-2423,TEMPORARY_FAILURE,73,REMIND,30,5953.03,AI Recommendation for CHECKOUT_ABANDONMENT: SESSION_TIMEOUT,2026-08-27T22:16:04.356120
REC-abf4d843,CASE-2424,TEMPORARY_FAILURE,72,REMIND,30,5871.21,AI Recommendation for CHECKOUT_ABANDONMENT: SESSION_TIMEOUT,2026-08-26T22:16:04.356895
REC-536edc75,CASE-2425,TEMPORARY_FAILURE,82,REMIND,30,703.43,AI Recommendation for CHECKOUT_ABANDONMENT: SESSION_TIMEOUT,2026-08-27T22:16:04.356895
REC-4d69fc96,CASE-2426,TEMPORARY_FAILURE,82,REMIND,30,703.43,AI Recommendation for CHECKOUT_ABANDONMENT: SESSION_TIMEOUT,2026-08-28T01:16:04.356895
REC-5ce8cbdd,CASE-2427,TEMPORARY_FAILURE,73,REMIND,30,1937.3,AI Recommendation for CHECKOUT_ABANDONMENT: SESSION_TIMEOUT,2026-08-27T15:16:04.356895
REC-ad581596,CASE-2428,TEMPORARY_FAILURE,80,REMIND,30,685.78,AI Recommendation for CHECKOUT_ABANDONMENT: SESSION_TIMEOUT,2026-08-26T23:16:04.356895
REC-a8cf98ca,CASE-2429,TEMPORARY_FAILURE,76,REMIND,30,2017.73,AI Recommendation for CHECKOUT_ABANDONMENT: SESSION_TIMEOUT,2026-08-28T04:16:04.358910
REC-33ec9e6d,CASE-2430,INSUFFICIENT_FUNDS,58,REMIND,30,1535.11,AI Recommendation for CHECKOUT_ABANDONMENT: SESSION_TIMEOUT,2026-08-28T03:16:04.358910
REC-392810e5,CASE-2431,INSUFFICIENT_FUNDS,60,REMIND,30,509.34,AI Recommendation for CHECKOUT_ABANDONMENT: SESSION_TIMEOUT,2026-08-27T11:16:04.358910
REC-842dfebc,CASE-2432,INSUFFICIENT_FUNDS,68,REMIND,30,579.92,AI Recommendation for CHECKOUT_ABANDONMENT: SESSION_TIMEOUT,2026-08-26T22:16:04.358910
REC-7bec269a,CASE-2433,TEMPORARY_FAILURE,80,REMIND,30,6525.78,AI Recommendation for CHECKOUT_ABANDONMENT: SESSION_TIMEOUT,2026-08-26T22:16:04.358910
REC-a902bae5,CASE-2434,TEMPORARY_FAILURE,87,REMIND,30,2312.67,AI Recommendation for CHECKOUT_ABANDONMENT: SESSION_TIMEOUT,2026-08-26T14:16:04.358910
REC-704a78da,CASE-2435,TEMPORARY_FAILURE,79,REMIND,30,3520.96,AI Recommendation for CHECKOUT_ABANDONMENT: SESSION_TIMEOUT,2026-08-27T12:16:04.360963
REC-bce74232,CASE-2436,INSUFFICIENT_FUNDS,56,REMIND,30,1481.49,AI Recommendation for CHECKOUT_ABANDONMENT: SESSION_TIMEOUT,2026-08-27T04:16:04.360963
REC-c7d1693b,CASE-2437,INSUFFICIENT_FUNDS,59,REMIND,30,4807.52,AI Recommendation for CHECKOUT_ABANDONMENT: SESSION_TIMEOUT,2026-08-26T21:16:04.360963
REC-4615a293,CASE-2438,TEMPORARY_FAILURE,84,REMIND,30,721.07,AI Recommendation for CHECKOUT_ABANDONMENT: SESSION_TIMEOUT,2026-08-27T06:16:04.360963
REC-dfd5cbf7,CASE-2439,TEMPORARY_FAILURE,88,REMIND,30,2339.48,AI Recommendation for CHECKOUT_ABANDONMENT: SESSION_TIMEOUT,2026-08-26T19:16:04.362479
REC-d47119a4,CASE-2440,TEMPORARY_FAILURE,83,REMIND,30,6771.25,AI Recommendation for CHECKOUT_ABANDONMENT: SESSION_TIMEOUT,2026-08-26T16:16:04.362479
REC-4abca239,CASE-2441,INSUFFICIENT_FUNDS,64,REMIND,30,5216.63,AI Recommendation for CHECKOUT_ABANDONMENT: SESSION_TIMEOUT,2026-08-26T23:16:04.362479
REC-af744781,CASE-2442,TEMPORARY_FAILURE,77,REMIND,30,659.32,AI Recommendation for CHECKOUT_ABANDONMENT: SESSION_TIMEOUT,2026-08-27T22:16:04.362479
REC-610359f6,CASE-2443,INSUFFICIENT_FUNDS,68,REMIND,30,579.92,AI Recommendation for CHECKOUT_ABANDONMENT: SESSION_TIMEOUT,2026-08-28T00:16:04.364504
REC-1ff8dee3,CASE-2444,INSUFFICIENT_FUNDS,50,REMIND,30,421.12,AI Recommendation for CHECKOUT_ABANDONMENT: SESSION_TIMEOUT,2026-08-28T12:16:04.365031
REC-cfb430e4,CASE-2445,INSUFFICIENT_FUNDS,63,REMIND,30,5134.8,AI Recommendation for CHECKOUT_ABANDONMENT: SESSION_TIMEOUT,2026-08-28T06:16:04.365031
REC-5db965fd,CASE-2446,TEMPORARY_FAILURE,77,REMIND,30,2044.55,AI Recommendation for CHECKOUT_ABANDONMENT: SESSION_TIMEOUT,2026-08-27T02:16:04.365031
REC-405ae92f,CASE-2447,TEMPORARY_FAILURE,86,REMIND,30,7016.72,AI Recommendation for CHECKOUT_ABANDONMENT: SESSION_TIMEOUT,2026-08-27T11:16:04.365031
REC-041d01df,CASE-2448,TEMPORARY_FAILURE,76,REMIND,30,2017.73,AI Recommendation for CHECKOUT_ABANDONMENT: SESSION_TIMEOUT,2026-08-27T13:16:04.365031
REC-64034270,CASE-2449,INSUFFICIENT_FUNDS,66,REMIND,30,5380.27,AI Recommendation for CHECKOUT_ABANDONMENT: SESSION_TIMEOUT,2026-08-27T11:16:04.365031
REC-79681cd5,CASE-2450,INSUFFICIENT_FUNDS,57,REMIND,30,1508.3,AI Recommendation for CHECKOUT_ABANDONMENT: SESSION_TIMEOUT,2026-08-28T02:16:04.365031
REC-aa7bc2e7,CASE-2451,INSUFFICIENT_FUNDS,63,REMIND,30,535.8,AI Recommendation for CHECKOUT_ABANDONMENT: SESSION_TIMEOUT,2026-08-27T01:16:04.367812
REC-008cd637,CASE-2452,INSUFFICIENT_FUNDS,60,REMIND,30,509.34,AI Recommendation for CHECKOUT_ABANDONMENT: SESSION_TIMEOUT,2026-08-28T03:16:04.367812
REC-36e55aa6,CASE-2453,TEMPORARY_FAILURE,88,REMIND,30,7180.36,AI Recommendation for CHECKOUT_ABANDONMENT: SESSION_TIMEOUT,2026-08-27T20:16:04.367812
REC-fddd26a9,CASE-2454,TEMPORARY_FAILURE,73,REMIND,30,1937.3,AI Recommendation for CHECKOUT_ABANDONMENT: SESSION_TIMEOUT,2026-08-27T12:16:04.367812
REC-4386bd46,CASE-2455,TEMPORARY_FAILURE,89,REMIND,30,7262.18,AI Recommendation for CHECKOUT_ABANDONMENT: SESSION_TIMEOUT,2026-08-26T22:16:04.367812
REC-8bf5bc4d,CASE-2456,INSUFFICIENT_FUNDS,61,REMIND,30,518.16,AI Recommendation for CHECKOUT_ABANDONMENT: SESSION_TIMEOUT,2026-08-28T00:16:04.369823
REC-a158b7e2,CASE-2457,INSUFFICIENT_FUNDS,62,REMIND,30,2758.98,AI Recommendation for CHECKOUT_ABANDONMENT: SESSION_TIMEOUT,2026-08-28T02:16:04.369823
REC-ed9efc30,CASE-2458,TEMPORARY_FAILURE,73,REMIND,30,624.03,AI Recommendation for CHECKOUT_ABANDONMENT: SESSION_TIMEOUT,2026-08-28T07:16:04.370665
REC-223d8ecd,CASE-2459,TEMPORARY_FAILURE,75,REMIND,30,3341.67,AI Recommendation for CHECKOUT_ABANDONMENT: SESSION_TIMEOUT,2026-08-26T23:16:04.370665
REC-9f9067b0,CASE-2460,TEMPORARY_FAILURE,83,REMIND,30,2205.42,AI Recommendation for CHECKOUT_ABANDONMENT: SESSION_TIMEOUT,2026-08-27T01:16:04.370665
REC-915c7d3e,CASE-2461,TEMPORARY_FAILURE,85,REMIND,30,3789.9,AI Recommendation for CHECKOUT_ABANDONMENT: SESSION_TIMEOUT,2026-08-27T19:16:04.370665
REC-b3f74b9f,CASE-2462,TEMPORARY_FAILURE,88,REMIND,30,2339.48,AI Recommendation for CHECKOUT_ABANDONMENT: SESSION_TIMEOUT,2026-08-27T00:16:04.370665
REC-3fc250cb,CASE-2463,INSUFFICIENT_FUNDS,66,REMIND,30,562.27,AI Recommendation for CHECKOUT_ABANDONMENT: SESSION_TIMEOUT,2026-08-28T06:16:04.372767
REC-b4b55692,CASE-2464,TEMPORARY_FAILURE,82,REMIND,30,703.43,AI Recommendation for CHECKOUT_ABANDONMENT: SESSION_TIMEOUT,2026-08-27T04:16:04.372767
REC-1da49301,CASE-2465,TEMPORARY_FAILURE,84,REMIND,30,3745.07,AI Recommendation for CHECKOUT_ABANDONMENT: SESSION_TIMEOUT,2026-08-27T08:16:04.372767
REC-d12cbd09,CASE-2466,TEMPORARY_FAILURE,86,REMIND,30,7016.72,AI Recommendation for CHECKOUT_ABANDONMENT: SESSION_TIMEOUT,2026-08-27T07:16:04.372767
REC-b2fc8254,CASE-2467,TEMPORARY_FAILURE,87,REMIND,30,7098.54,AI Recommendation for CHECKOUT_ABANDONMENT: SESSION_TIMEOUT,2026-08-27T20:16:04.372767
REC-340a8a9e,CASE-2468,TEMPORARY_FAILURE,74,REMIND,30,632.85,AI Recommendation for CHECKOUT_ABANDONMENT: SESSION_TIMEOUT,2026-08-27T10:16:04.372767
REC-aa627d11,CASE-2469,TEMPORARY_FAILURE,83,REMIND,30,3700.25,AI Recommendation for CHECKOUT_ABANDONMENT: SESSION_TIMEOUT,2026-08-27T20:16:04.375289
REC-427beefa,CASE-2470,INSUFFICIENT_FUNDS,68,REMIND,30,1803.24,AI Recommendation for CHECKOUT_ABANDONMENT: SESSION_TIMEOUT,2026-08-26T13:16:04.375289
REC-4247848c,CASE-2471,INSUFFICIENT_FUNDS,54,REMIND,30,2400.4,AI Recommendation for CHECKOUT_ABANDONMENT: SESSION_TIMEOUT,2026-08-27T16:16:04.375289
REC-b92cc968,CASE-2472,INSUFFICIENT_FUNDS,63,REMIND,30,2803.8,AI Recommendation for CHECKOUT_ABANDONMENT: SESSION_TIMEOUT,2026-08-26T13:16:04.375289
REC-80fd2421,CASE-2473,TEMPORARY_FAILURE,81,REMIND,30,2151.8,AI Recommendation for CHECKOUT_ABANDONMENT: SESSION_TIMEOUT,2026-08-27T21:16:04.375289
REC-5f006026,CASE-2474,INSUFFICIENT_FUNDS,63,REMIND,30,2803.8,AI Recommendation for CHECKOUT_ABANDONMENT: SESSION_TIMEOUT,2026-08-26T21:16:04.375289
REC-cbb65636,CASE-2475,INSUFFICIENT_FUNDS,59,REMIND,30,2624.52,AI Recommendation for CHECKOUT_ABANDONMENT: SESSION_TIMEOUT,2026-08-26T17:16:04.375289
REC-3932ef0b,CASE-2476,TEMPORARY_FAILURE,89,REMIND,30,7262.18,AI Recommendation for CHECKOUT_ABANDONMENT: SESSION_TIMEOUT,2026-08-27T13:16:04.377854
REC-dfec65b3,CASE-2477,TEMPORARY_FAILURE,81,REMIND,30,3610.61,AI Recommendation for CHECKOUT_ABANDONMENT: SESSION_TIMEOUT,2026-08-28T01:16:04.377854
REC-6e298092,CASE-2478,TEMPORARY_FAILURE,75,REMIND,30,3341.67,AI Recommendation for CHECKOUT_ABANDONMENT: SESSION_TIMEOUT,2026-08-27T03:16:04.377854
REC-d022d439,CASE-2479,TEMPORARY_FAILURE,80,REMIND,30,6525.78,AI Recommendation for CHECKOUT_ABANDONMENT: SESSION_TIMEOUT,2026-08-27T14:16:04.377854
REC-487e21a0,CASE-2480,INSUFFICIENT_FUNDS,61,REMIND,30,4971.16,AI Recommendation for CHECKOUT_ABANDONMENT: SESSION_TIMEOUT,2026-08-27T03:16:04.377854
REC-45522b4f,CASE-2481,INSUFFICIENT_FUNDS,70,REMIND,30,5707.56,AI Recommendation for CHECKOUT_ABANDONMENT: SESSION_TIMEOUT,2026-08-27T23:16:04.377854
REC-aa51ed9d,CASE-2482,TEMPORARY_FAILURE,87,REMIND,30,7098.54,AI Recommendation for CHECKOUT_ABANDONMENT: SESSION_TIMEOUT,2026-08-26T21:16:04.377854
REC-2165e285,CASE-2483,INSUFFICIENT_FUNDS,61,REMIND,30,2714.16,AI Recommendation for CHECKOUT_ABANDONMENT: SESSION_TIMEOUT,2026-08-27T19:16:04.380370
REC-60d2b4a1,CASE-2484,TEMPORARY_FAILURE,89,REMIND,30,7262.18,AI Recommendation for CHECKOUT_ABANDONMENT: SESSION_TIMEOUT,2026-08-27T05:16:04.380370
REC-c50ce345,CASE-2485,INSUFFICIENT_FUNDS,63,REMIND,30,5134.8,AI Recommendation for CHECKOUT_ABANDONMENT: SESSION_TIMEOUT,2026-08-27T11:16:04.380370
REC-1942df56,CASE-2486,TEMPORARY_FAILURE,78,REMIND,30,3476.14,AI Recommendation for CHECKOUT_ABANDONMENT: SESSION_TIMEOUT,2026-08-26T17:16:04.380370
REC-8b9c0ea1,CASE-2487,INSUFFICIENT_FUNDS,56,REMIND,30,1481.49,AI Recommendation for CHECKOUT_ABANDONMENT: SESSION_TIMEOUT,2026-08-27T09:16:04.380370
REC-81b4be8f,CASE-2488,INSUFFICIENT_FUNDS,62,REMIND,30,5052.98,AI Recommendation for CHECKOUT_ABANDONMENT: SESSION_TIMEOUT,2026-08-28T12:16:04.382388
REC-52e2fba5,CASE-2489,TEMPORARY_FAILURE,76,REMIND,30,2017.73,AI Recommendation for CHECKOUT_ABANDONMENT: SESSION_TIMEOUT,2026-08-27T03:16:04.382388
REC-92132a77,CASE-2490,TEMPORARY_FAILURE,81,REMIND,30,3610.61,AI Recommendation for CHECKOUT_ABANDONMENT: SESSION_TIMEOUT,2026-08-27T00:16:04.382388
REC-e470f2ab,CASE-2491,TEMPORARY_FAILURE,75,REMIND,30,641.67,AI Recommendation for CHECKOUT_ABANDONMENT: SESSION_TIMEOUT,2026-08-27T23:16:04.382388
REC-27a7cb6a,CASE-2492,TEMPORARY_FAILURE,80,REMIND,30,3565.78,AI Recommendation for CHECKOUT_ABANDONMENT: SESSION_TIMEOUT,2026-08-27T15:16:04.382388
REC-ef6e10dd,CASE-2493,TEMPORARY_FAILURE,73,REMIND,30,3252.03,AI Recommendation for CHECKOUT_ABANDONMENT: SESSION_TIMEOUT,2026-08-28T11:16:04.382388
REC-45d49e39,CASE-2494,INSUFFICIENT_FUNDS,57,REMIND,30,4643.87,AI Recommendation for CHECKOUT_ABANDONMENT: SESSION_TIMEOUT,2026-08-27T00:16:04.382388
REC-01d71550,CASE-2495,INSUFFICIENT_FUNDS,68,REMIND,30,1803.24,AI Recommendation for CHECKOUT_ABANDONMENT: SESSION_TIMEOUT,2026-08-27T04:16:04.382388
REC-b45c8729,CASE-2496,TEMPORARY_FAILURE,78,REMIND,30,6362.14,AI Recommendation for CHECKOUT_ABANDONMENT: SESSION_TIMEOUT,2026-08-27T18:16:04.382388
REC-77769959,CASE-2497,TEMPORARY_FAILURE,90,REMIND,30,7344.01,AI Recommendation for CHECKOUT_ABANDONMENT: SESSION_TIMEOUT,2026-08-27T15:16:04.382388
REC-563f813c,CASE-2498,TEMPORARY_FAILURE,90,REMIND,30,7344.01,AI Recommendation for CHECKOUT_ABANDONMENT: SESSION_TIMEOUT,2026-08-28T07:16:04.382388
REC-a89fc4a3,CASE-2499,TEMPORARY_FAILURE,71,REMIND,30,1883.67,AI Recommendation for CHECKOUT_ABANDONMENT: SESSION_TIMEOUT,2026-08-26T19:16:04.385065
REC-dfa403c0,CASE-2500,INSUFFICIENT_FUNDS,67,REMIND,30,2983.09,AI Recommendation for CHECKOUT_ABANDONMENT: SESSION_TIMEOUT,2026-08-27T13:16:04.385065
REC-eaa5f457,CASE-2501,TEMPORARY_FAILURE,76,REMIND,30,6198.49,AI Recommendation for CHECKOUT_ABANDONMENT: SESSION_TIMEOUT,2026-08-28T04:16:04.385065
REC-d8c17eee,CASE-2502,INSUFFICIENT_FUNDS,66,REMIND,30,1749.61,AI Recommendation for CHECKOUT_ABANDONMENT: SESSION_TIMEOUT,2026-08-27T11:16:04.385065
REC-7b92ccdf,CASE-2503,INSUFFICIENT_FUNDS,56,REMIND,30,474.05,AI Recommendation for CHECKOUT_ABANDONMENT: SESSION_TIMEOUT,2026-08-28T09:16:04.385065
REC-6c235f8b,CASE-2504,TEMPORARY_FAILURE,75,REMIND,30,641.67,AI Recommendation for CHECKOUT_ABANDONMENT: SESSION_TIMEOUT,2026-08-27T20:16:04.386638
REC-ff0f8911,CASE-2505,INSUFFICIENT_FUNDS,55,REMIND,30,1454.68,AI Recommendation for CHECKOUT_ABANDONMENT: SESSION_TIMEOUT,2026-08-27T21:16:04.386638
REC-900af03d,CASE-2506,TEMPORARY_FAILURE,78,REMIND,30,3476.14,AI Recommendation for CHECKOUT_ABANDONMENT: SESSION_TIMEOUT,2026-08-28T02:16:04.387293
REC-cf8b642c,CASE-2507,INSUFFICIENT_FUNDS,52,REMIND,30,438.76,AI Recommendation for CHECKOUT_ABANDONMENT: SESSION_TIMEOUT,2026-08-27T07:16:04.387293
REC-bb16be62,CASE-2508,TEMPORARY_FAILURE,85,REMIND,30,3789.9,AI Recommendation for CHECKOUT_ABANDONMENT: SESSION_TIMEOUT,2026-08-27T02:16:04.387293
REC-9859973d,CASE-2509,TEMPORARY_FAILURE,87,REMIND,30,2312.67,AI Recommendation for CHECKOUT_ABANDONMENT: SESSION_TIMEOUT,2026-08-26T20:16:04.387293
REC-26bf6a29,CASE-2510,TEMPORARY_FAILURE,72,REMIND,30,3207.21,AI Recommendation for CHECKOUT_ABANDONMENT: SESSION_TIMEOUT,2026-08-27T08:16:04.387293
REC-e810a4d9,CASE-2511,TEMPORARY_FAILURE,73,REMIND,30,3252.03,AI Recommendation for CHECKOUT_ABANDONMENT: SESSION_TIMEOUT,2026-08-27T17:16:04.387293
REC-250bfeb3,CASE-2512,INSUFFICIENT_FUNDS,50,REMIND,30,421.12,AI Recommendation for CHECKOUT_ABANDONMENT: SESSION_TIMEOUT,2026-08-27T18:16:04.387293
REC-3b19eeb6,CASE-2513,TEMPORARY_FAILURE,84,REMIND,30,6853.07,AI Recommendation for CHECKOUT_ABANDONMENT: SESSION_TIMEOUT,2026-08-27T17:16:04.389417
REC-ddc3a189,CASE-2514,TEMPORARY_FAILURE,77,REMIND,30,659.32,AI Recommendation for CHECKOUT_ABANDONMENT: SESSION_TIMEOUT,2026-08-27T01:16:04.389953
REC-8ba8fba9,CASE-2515,INSUFFICIENT_FUNDS,62,REMIND,30,2758.98,AI Recommendation for CHECKOUT_ABANDONMENT: SESSION_TIMEOUT,2026-08-27T21:16:04.389953
REC-684afd48,CASE-2516,TEMPORARY_FAILURE,74,REMIND,30,1964.11,AI Recommendation for CHECKOUT_ABANDONMENT: SESSION_TIMEOUT,2026-08-28T07:16:04.389953
REC-d96bc600,CASE-2517,TEMPORARY_FAILURE,90,REMIND,30,7344.01,AI Recommendation for CHECKOUT_ABANDONMENT: SESSION_TIMEOUT,2026-08-26T19:16:04.389953
REC-1a8f94e1,CASE-2518,TEMPORARY_FAILURE,76,REMIND,30,3386.49,AI Recommendation for CHECKOUT_ABANDONMENT: SESSION_TIMEOUT,2026-08-28T04:16:04.389953
REC-16ce6c8c,CASE-2519,INSUFFICIENT_FUNDS,57,REMIND,30,2534.87,AI Recommendation for CHECKOUT_ABANDONMENT: SESSION_TIMEOUT,2026-08-26T16:16:04.389953
REC-97de9f8c,CASE-2520,INSUFFICIENT_FUNDS,62,REMIND,30,5052.98,AI Recommendation for CHECKOUT_ABANDONMENT: SESSION_TIMEOUT,2026-08-28T09:16:04.391967
REC-e9b33d26,CASE-2521,INSUFFICIENT_FUNDS,61,REMIND,30,518.16,AI Recommendation for CHECKOUT_ABANDONMENT: SESSION_TIMEOUT,2026-08-28T04:16:04.391967
REC-6469ce35,CASE-2522,INSUFFICIENT_FUNDS,50,REMIND,30,4071.11,AI Recommendation for CHECKOUT_ABANDONMENT: SESSION_TIMEOUT,2026-08-28T12:16:04.391967
REC-65f811ca,CASE-2523,INSUFFICIENT_FUNDS,63,REMIND,30,5134.8,AI Recommendation for CHECKOUT_ABANDONMENT: SESSION_TIMEOUT,2026-08-27T05:16:04.391967
REC-4a2c1197,CASE-2524,TEMPORARY_FAILURE,79,REMIND,30,3520.96,AI Recommendation for CHECKOUT_ABANDONMENT: SESSION_TIMEOUT,2026-08-28T03:16:04.391967
REC-a9ed8bd3,CASE-2525,INSUFFICIENT_FUNDS,67,REMIND,30,571.09,AI Recommendation for CHECKOUT_ABANDONMENT: SESSION_TIMEOUT,2026-08-27T06:16:04.391967
REC-87ffdffa,CASE-2526,INSUFFICIENT_FUNDS,62,REMIND,30,1642.36,AI Recommendation for CHECKOUT_ABANDONMENT: SESSION_TIMEOUT,2026-08-28T05:16:04.391967
REC-7a7d3691,CASE-2527,TEMPORARY_FAILURE,74,REMIND,30,1964.11,AI Recommendation for CHECKOUT_ABANDONMENT: SESSION_TIMEOUT,2026-08-28T10:16:04.391967
REC-5bffdc9f,CASE-2528,TEMPORARY_FAILURE,79,REMIND,30,2098.17,AI Recommendation for CHECKOUT_ABANDONMENT: SESSION_TIMEOUT,2026-08-27T12:16:04.394979
REC-a0a55869,CASE-2529,INSUFFICIENT_FUNDS,70,REMIND,30,3117.56,AI Recommendation for CHECKOUT_ABANDONMENT: SESSION_TIMEOUT,2026-08-27T01:16:04.394979
REC-e5121222,CASE-2530,INSUFFICIENT_FUNDS,66,REMIND,30,562.27,AI Recommendation for CHECKOUT_ABANDONMENT: SESSION_TIMEOUT,2026-08-27T13:16:04.394979
REC-25b57d9a,CASE-2531,INSUFFICIENT_FUNDS,63,REMIND,30,535.8,AI Recommendation for CHECKOUT_ABANDONMENT: SESSION_TIMEOUT,2026-08-27T09:16:04.394979
REC-bc87fb5f,CASE-2532,INSUFFICIENT_FUNDS,50,REMIND,30,2221.11,AI Recommendation for CHECKOUT_ABANDONMENT: SESSION_TIMEOUT,2026-08-28T05:16:04.394979
REC-4598f842,CASE-2533,INSUFFICIENT_FUNDS,65,REMIND,30,5298.45,AI Recommendation for CHECKOUT_ABANDONMENT: SESSION_TIMEOUT,2026-08-26T16:16:04.394979
REC-e8278fb8,CASE-2534,TEMPORARY_FAILURE,88,REMIND,30,7180.36,AI Recommendation for CHECKOUT_ABANDONMENT: SESSION_TIMEOUT,2026-08-27T21:16:04.394979
REC-121f1c81,CASE-2535,TEMPORARY_FAILURE,81,REMIND,30,2151.8,AI Recommendation for CHECKOUT_ABANDONMENT: SESSION_TIMEOUT,2026-08-28T09:16:04.397053
REC-372df6dc,CASE-2536,TEMPORARY_FAILURE,72,REMIND,30,615.21,AI Recommendation for CHECKOUT_ABANDONMENT: SESSION_TIMEOUT,2026-08-27T05:16:04.397053
REC-45c9917e,CASE-2537,INSUFFICIENT_FUNDS,70,REMIND,30,1856.86,AI Recommendation for CHECKOUT_ABANDONMENT: SESSION_TIMEOUT,2026-08-26T14:16:04.397053
REC-d1eb9458,CASE-2538,INSUFFICIENT_FUNDS,51,REMIND,30,1347.43,AI Recommendation for CHECKOUT_ABANDONMENT: SESSION_TIMEOUT,2026-08-28T04:16:04.397053
REC-f91f03d7,CASE-2539,INSUFFICIENT_FUNDS,52,REMIND,30,2310.76,AI Recommendation for CHECKOUT_ABANDONMENT: SESSION_TIMEOUT,2026-08-27T18:16:04.397053
REC-1f3cd7f7,CASE-2540,INSUFFICIENT_FUNDS,62,REMIND,30,5052.98,AI Recommendation for CHECKOUT_ABANDONMENT: SESSION_TIMEOUT,2026-08-27T14:16:04.397053
REC-bb4672d4,CASE-2541,TEMPORARY_FAILURE,79,REMIND,30,3520.96,AI Recommendation for CHECKOUT_ABANDONMENT: SESSION_TIMEOUT,2026-08-27T03:16:04.397053
REC-ce3be901,CASE-2542,TEMPORARY_FAILURE,78,REMIND,30,2071.36,AI Recommendation for CHECKOUT_ABANDONMENT: SESSION_TIMEOUT,2026-08-27T13:16:04.397053
REC-15d616d6,CASE-2543,INSUFFICIENT_FUNDS,50,REMIND,30,4071.11,AI Recommendation for CHECKOUT_ABANDONMENT: SESSION_TIMEOUT,2026-08-28T01:16:04.397053
REC-e8d06a44,CASE-2544,TEMPORARY_FAILURE,89,REMIND,30,765.18,AI Recommendation for CHECKOUT_ABANDONMENT: SESSION_TIMEOUT,2026-08-26T14:16:04.397053
REC-3af65d3c,CASE-2545,TEMPORARY_FAILURE,84,REMIND,30,721.07,AI Recommendation for CHECKOUT_ABANDONMENT: SESSION_TIMEOUT,2026-08-26T17:16:04.397053
REC-8b1a3b0b,CASE-2546,TEMPORARY_FAILURE,85,REMIND,30,6934.9,AI Recommendation for CHECKOUT_ABANDONMENT: SESSION_TIMEOUT,2026-08-27T10:16:04.397053
REC-7a6e90c6,CASE-2547,INSUFFICIENT_FUNDS,57,REMIND,30,2534.87,AI Recommendation for CHECKOUT_ABANDONMENT: SESSION_TIMEOUT,2026-08-28T04:16:04.397053
REC-be2cbaa3,CASE-2548,INSUFFICIENT_FUNDS,52,REMIND,30,1374.24,AI Recommendation for CHECKOUT_ABANDONMENT: SESSION_TIMEOUT,2026-08-28T00:16:04.397053
REC-eb4a5be5,CASE-2549,INSUFFICIENT_FUNDS,52,REMIND,30,438.76,AI Recommendation for CHECKOUT_ABANDONMENT: SESSION_TIMEOUT,2026-08-27T05:16:04.397053
REC-2f7bb4e9,CASE-2550,INSUFFICIENT_FUNDS,53,REMIND,30,2355.58,AI Recommendation for CHECKOUT_ABANDONMENT: SESSION_TIMEOUT,2026-08-26T15:16:04.397053
REC-0e88cc8a,CASE-2551,INSUFFICIENT_FUNDS,50,REMIND,30,421.12,AI Recommendation for CHECKOUT_ABANDONMENT: SESSION_TIMEOUT,2026-08-27T07:16:04.397053
REC-1a5b8c6e,CASE-2552,TEMPORARY_FAILURE,73,REMIND,30,624.03,AI Recommendation for CHECKOUT_ABANDONMENT: SESSION_TIMEOUT,2026-08-26T15:16:04.397053
REC-95a63038,CASE-2553,TEMPORARY_FAILURE,89,REMIND,30,765.18,AI Recommendation for CHECKOUT_ABANDONMENT: SESSION_TIMEOUT,2026-08-28T08:16:04.402884
REC-64e8c66f,CASE-2554,INSUFFICIENT_FUNDS,54,REMIND,30,2400.4,AI Recommendation for CHECKOUT_ABANDONMENT: SESSION_TIMEOUT,2026-08-26T14:16:04.403378
REC-3ba443ca,CASE-2555,TEMPORARY_FAILURE,84,REMIND,30,2232.23,AI Recommendation for CHECKOUT_ABANDONMENT: SESSION_TIMEOUT,2026-08-27T03:16:04.403378
REC-b5bcb723,CASE-2556,TEMPORARY_FAILURE,86,REMIND,30,2285.86,AI Recommendation for CHECKOUT_ABANDONMENT: SESSION_TIMEOUT,2026-08-28T06:16:04.403378
REC-d7f52336,CASE-2557,TEMPORARY_FAILURE,79,REMIND,30,3520.96,AI Recommendation for CHECKOUT_ABANDONMENT: SESSION_TIMEOUT,2026-08-28T01:16:04.403378
REC-26fbc9c2,CASE-2558,TEMPORARY_FAILURE,82,REMIND,30,6689.43,AI Recommendation for CHECKOUT_ABANDONMENT: SESSION_TIMEOUT,2026-08-26T22:16:04.404775
REC-beb3fbb4,CASE-2559,TEMPORARY_FAILURE,72,REMIND,30,5871.21,AI Recommendation for CHECKOUT_ABANDONMENT: SESSION_TIMEOUT,2026-08-27T10:16:04.404775
REC-8637760a,CASE-2560,INSUFFICIENT_FUNDS,70,REMIND,30,5707.56,AI Recommendation for CHECKOUT_ABANDONMENT: SESSION_TIMEOUT,2026-08-27T01:16:04.405283
REC-0d25d64c,CASE-2561,TEMPORARY_FAILURE,73,REMIND,30,3252.03,AI Recommendation for CHECKOUT_ABANDONMENT: SESSION_TIMEOUT,2026-08-28T12:16:04.405283
REC-88fc18ee,CASE-2562,INSUFFICIENT_FUNDS,68,REMIND,30,579.92,AI Recommendation for CHECKOUT_ABANDONMENT: SESSION_TIMEOUT,2026-08-28T12:16:04.405901
REC-8fbd05b2,CASE-2563,INSUFFICIENT_FUNDS,64,REMIND,30,2848.63,AI Recommendation for CHECKOUT_ABANDONMENT: SESSION_TIMEOUT,2026-08-26T16:16:04.405901
REC-232adcc0,CASE-2564,TEMPORARY_FAILURE,85,REMIND,30,3789.9,AI Recommendation for CHECKOUT_ABANDONMENT: SESSION_TIMEOUT,2026-08-28T10:16:04.405901
REC-a4240e98,CASE-2565,TEMPORARY_FAILURE,72,REMIND,30,5871.21,AI Recommendation for CHECKOUT_ABANDONMENT: SESSION_TIMEOUT,2026-08-27T13:16:04.406499
REC-68437d16,CASE-2566,INSUFFICIENT_FUNDS,64,REMIND,30,1695.99,AI Recommendation for CHECKOUT_ABANDONMENT: SESSION_TIMEOUT,2026-08-27T00:16:04.407243
REC-7b5158ad,CASE-2567,TEMPORARY_FAILURE,86,REMIND,30,7016.72,AI Recommendation for CHECKOUT_ABANDONMENT: SESSION_TIMEOUT,2026-08-27T16:16:04.407243
REC-7c46cee9,CASE-2568,INSUFFICIENT_FUNDS,61,REMIND,30,4971.16,AI Recommendation for CHECKOUT_ABANDONMENT: SESSION_TIMEOUT,2026-08-26T19:16:04.408756
REC-974242eb,CASE-2569,INSUFFICIENT_FUNDS,52,REMIND,30,2310.76,AI Recommendation for CHECKOUT_ABANDONMENT: SESSION_TIMEOUT,2026-08-28T09:16:04.408756
REC-a616160b,CASE-2570,TEMPORARY_FAILURE,72,REMIND,30,3207.21,AI Recommendation for CHECKOUT_ABANDONMENT: SESSION_TIMEOUT,2026-08-27T22:16:04.408756
REC-906e0790,CASE-2571,TEMPORARY_FAILURE,90,REMIND,30,774.01,AI Recommendation for CHECKOUT_ABANDONMENT: SESSION_TIMEOUT,2026-08-27T03:16:04.408756
REC-6ce5df3e,CASE-2572,INSUFFICIENT_FUNDS,70,REMIND,30,597.56,AI Recommendation for CHECKOUT_ABANDONMENT: SESSION_TIMEOUT,2026-08-27T04:16:04.408756
REC-5acc07e8,CASE-2573,INSUFFICIENT_FUNDS,59,REMIND,30,1561.93,AI Recommendation for CHECKOUT_ABANDONMENT: SESSION_TIMEOUT,2026-08-26T22:16:04.408756
REC-5506a4fc,CASE-2574,INSUFFICIENT_FUNDS,64,REMIND,30,544.63,AI Recommendation for CHECKOUT_ABANDONMENT: SESSION_TIMEOUT,2026-08-28T03:16:04.408756
REC-f832ff7e,CASE-2575,TEMPORARY_FAILURE,71,REMIND,30,1883.67,AI Recommendation for CHECKOUT_ABANDONMENT: SESSION_TIMEOUT,2026-08-26T13:16:04.408756
REC-fe48f011,CASE-2576,TEMPORARY_FAILURE,85,REMIND,30,729.9,AI Recommendation for CHECKOUT_ABANDONMENT: SESSION_TIMEOUT,2026-08-27T11:16:04.410804
REC-db7aa728,CASE-2577,INSUFFICIENT_FUNDS,58,REMIND,30,4725.69,AI Recommendation for CHECKOUT_ABANDONMENT: SESSION_TIMEOUT,2026-08-28T00:16:04.410804
REC-30441b18,CASE-2578,TEMPORARY_FAILURE,75,REMIND,30,6116.67,AI Recommendation for CHECKOUT_ABANDONMENT: SESSION_TIMEOUT,2026-08-26T21:16:04.410804
REC-d2c2f618,CASE-2579,INSUFFICIENT_FUNDS,65,REMIND,30,1722.8,AI Recommendation for CHECKOUT_ABANDONMENT: SESSION_TIMEOUT,2026-08-27T16:16:04.410804
REC-6a130f0c,CASE-2580,INSUFFICIENT_FUNDS,57,REMIND,30,482.87,AI Recommendation for CHECKOUT_ABANDONMENT: SESSION_TIMEOUT,2026-08-27T14:16:04.410804
REC-d08f9de7,CASE-2581,INSUFFICIENT_FUNDS,70,REMIND,30,1856.86,AI Recommendation for CHECKOUT_ABANDONMENT: SESSION_TIMEOUT,2026-08-28T02:16:04.410804
REC-ac5e60e0,CASE-2582,TEMPORARY_FAILURE,89,REMIND,30,3969.18,AI Recommendation for CHECKOUT_ABANDONMENT: SESSION_TIMEOUT,2026-08-28T10:16:04.410804
REC-6cb0c4f0,CASE-2583,INSUFFICIENT_FUNDS,62,REMIND,30,1642.36,AI Recommendation for CHECKOUT_ABANDONMENT: SESSION_TIMEOUT,2026-08-28T07:16:04.410804
REC-5ea109f1,CASE-2584,INSUFFICIENT_FUNDS,53,REMIND,30,447.58,AI Recommendation for CHECKOUT_ABANDONMENT: SESSION_TIMEOUT,2026-08-28T12:16:04.410804
REC-c421c76f,CASE-2585,INSUFFICIENT_FUNDS,57,REMIND,30,2534.87,AI Recommendation for CHECKOUT_ABANDONMENT: SESSION_TIMEOUT,2026-08-28T11:16:04.410804
REC-eb08b895,CASE-2586,INSUFFICIENT_FUNDS,63,REMIND,30,2803.8,AI Recommendation for CHECKOUT_ABANDONMENT: SESSION_TIMEOUT,2026-08-27T02:16:04.410804
REC-8a85af04,CASE-2587,TEMPORARY_FAILURE,85,REMIND,30,3789.9,AI Recommendation for CHECKOUT_ABANDONMENT: SESSION_TIMEOUT,2026-08-26T16:16:04.410804
REC-4059807d,CASE-2588,TEMPORARY_FAILURE,74,REMIND,30,632.85,AI Recommendation for CHECKOUT_ABANDONMENT: SESSION_TIMEOUT,2026-08-28T02:16:04.410804
REC-b137b5d4,CASE-2589,INSUFFICIENT_FUNDS,68,REMIND,30,579.92,AI Recommendation for CHECKOUT_ABANDONMENT: SESSION_TIMEOUT,2026-08-27T07:16:04.413926
REC-024d2ce2,CASE-2590,INSUFFICIENT_FUNDS,54,REMIND,30,456.4,AI Recommendation for CHECKOUT_ABANDONMENT: SESSION_TIMEOUT,2026-08-26T18:16:04.413926
REC-4341773a,CASE-2591,INSUFFICIENT_FUNDS,56,REMIND,30,2490.05,AI Recommendation for CHECKOUT_ABANDONMENT: SESSION_TIMEOUT,2026-08-27T12:16:04.413926
REC-0f8d0135,CASE-2592,TEMPORARY_FAILURE,74,REMIND,30,1964.11,AI Recommendation for CHECKOUT_ABANDONMENT: SESSION_TIMEOUT,2026-08-27T05:16:04.413926
REC-2f50faf8,CASE-2593,INSUFFICIENT_FUNDS,61,REMIND,30,518.16,AI Recommendation for CHECKOUT_ABANDONMENT: SESSION_TIMEOUT,2026-08-26T15:16:04.414937
REC-ec62dc73,CASE-2594,INSUFFICIENT_FUNDS,52,REMIND,30,438.76,AI Recommendation for CHECKOUT_ABANDONMENT: SESSION_TIMEOUT,2026-08-27T05:16:04.414937
REC-c6e1bc9d,CASE-2595,INSUFFICIENT_FUNDS,60,REMIND,30,4889.34,AI Recommendation for CHECKOUT_ABANDONMENT: SESSION_TIMEOUT,2026-08-27T14:16:04.414937
REC-27d5ddbb,CASE-2596,TEMPORARY_FAILURE,90,REMIND,30,4014.01,AI Recommendation for CHECKOUT_ABANDONMENT: SESSION_TIMEOUT,2026-08-27T19:16:04.414937
REC-35acbcf6,CASE-2597,TEMPORARY_FAILURE,90,REMIND,30,774.01,AI Recommendation for CHECKOUT_ABANDONMENT: SESSION_TIMEOUT,2026-08-27T01:16:04.416002
REC-3d02caf6,CASE-2598,INSUFFICIENT_FUNDS,64,REMIND,30,2848.63,AI Recommendation for CHECKOUT_ABANDONMENT: SESSION_TIMEOUT,2026-08-26T18:16:04.416002
REC-69f8bc49,CASE-2599,INSUFFICIENT_FUNDS,55,REMIND,30,1454.68,AI Recommendation for CHECKOUT_ABANDONMENT: SESSION_TIMEOUT,2026-08-27T21:16:04.416002
REC-3d0fd77a,CASE-2600,TEMPORARY_FAILURE,77,REMIND,30,2044.55,AI Recommendation for CHECKOUT_ABANDONMENT: SESSION_TIMEOUT,2026-08-27T02:16:04.416002
REC-6ed64aaf,CASE-2601,INSUFFICIENT_FUNDS,63,REMIND,30,1669.17,AI Recommendation for CHECKOUT_ABANDONMENT: SESSION_TIMEOUT,2026-08-27T17:16:04.416002
REC-1cb52b82,CASE-2602,TEMPORARY_FAILURE,77,REMIND,30,2044.55,AI Recommendation for CHECKOUT_ABANDONMENT: SESSION_TIMEOUT,2026-08-28T08:16:04.416002
REC-4e1969e8,CASE-2603,INSUFFICIENT_FUNDS,61,REMIND,30,518.16,AI Recommendation for CHECKOUT_ABANDONMENT: SESSION_TIMEOUT,2026-08-28T11:16:04.416002
REC-c23034ee,CASE-2604,TEMPORARY_FAILURE,76,REMIND,30,3386.49,AI Recommendation for CHECKOUT_ABANDONMENT: SESSION_TIMEOUT,2026-08-26T13:16:04.416002
REC-21cb36e6,CASE-2605,INSUFFICIENT_FUNDS,59,REMIND,30,2624.52,AI Recommendation for CHECKOUT_ABANDONMENT: SESSION_TIMEOUT,2026-08-28T01:16:04.418015
REC-cce6a569,CASE-2606,TEMPORARY_FAILURE,89,REMIND,30,765.18,AI Recommendation for CHECKOUT_ABANDONMENT: SESSION_TIMEOUT,2026-08-27T22:16:04.418015
REC-fcd7ccda,CASE-2607,INSUFFICIENT_FUNDS,51,REMIND,30,1347.43,AI Recommendation for CHECKOUT_ABANDONMENT: SESSION_TIMEOUT,2026-08-27T06:16:04.418015
REC-11b644c8,CASE-2608,TEMPORARY_FAILURE,82,REMIND,30,2178.61,AI Recommendation for CHECKOUT_ABANDONMENT: SESSION_TIMEOUT,2026-08-27T12:16:04.418015
REC-01ba76b9,CASE-2609,TEMPORARY_FAILURE,80,REMIND,30,6525.78,AI Recommendation for CHECKOUT_ABANDONMENT: SESSION_TIMEOUT,2026-08-27T22:16:04.418015
REC-68e22fd2,CASE-2610,TEMPORARY_FAILURE,76,REMIND,30,650.49,AI Recommendation for CHECKOUT_ABANDONMENT: SESSION_TIMEOUT,2026-08-27T22:16:04.418015
REC-2cc4debc,CASE-2611,INSUFFICIENT_FUNDS,63,REMIND,30,1669.17,AI Recommendation for CHECKOUT_ABANDONMENT: SESSION_TIMEOUT,2026-08-26T21:16:04.418015
REC-11df0aa7,CASE-2612,INSUFFICIENT_FUNDS,70,REMIND,30,5707.56,AI Recommendation for CHECKOUT_ABANDONMENT: SESSION_TIMEOUT,2026-08-27T11:16:04.418015
REC-f875a00d,CASE-2613,TEMPORARY_FAILURE,88,REMIND,30,756.36,AI Recommendation for CHECKOUT_ABANDONMENT: SESSION_TIMEOUT,2026-08-26T21:16:04.419959
REC-b198bdd8,CASE-2614,TEMPORARY_FAILURE,83,REMIND,30,712.25,AI Recommendation for CHECKOUT_ABANDONMENT: SESSION_TIMEOUT,2026-08-28T10:16:04.419959
REC-2cc73f30,CASE-2615,TEMPORARY_FAILURE,83,REMIND,30,2205.42,AI Recommendation for CHECKOUT_ABANDONMENT: SESSION_TIMEOUT,2026-08-28T10:16:04.419959
REC-cfe607ce,CASE-2616,TEMPORARY_FAILURE,83,REMIND,30,6771.25,AI Recommendation for CHECKOUT_ABANDONMENT: SESSION_TIMEOUT,2026-08-27T08:16:04.419959
REC-77cfe28d,CASE-2617,INSUFFICIENT_FUNDS,69,REMIND,30,5625.74,AI Recommendation for CHECKOUT_ABANDONMENT: SESSION_TIMEOUT,2026-08-27T09:16:04.419959
REC-4356ec9a,CASE-2618,TEMPORARY_FAILURE,89,REMIND,30,3969.18,AI Recommendation for CHECKOUT_ABANDONMENT: SESSION_TIMEOUT,2026-08-26T19:16:04.419959
REC-adff4c9a,CASE-2619,INSUFFICIENT_FUNDS,55,REMIND,30,4480.23,AI Recommendation for CHECKOUT_ABANDONMENT: SESSION_TIMEOUT,2026-08-26T23:16:04.419959
REC-6f6ec744,CASE-2620,TEMPORARY_FAILURE,75,REMIND,30,1990.92,AI Recommendation for CHECKOUT_ABANDONMENT: SESSION_TIMEOUT,2026-08-28T11:16:04.419959
REC-6ea75193,CASE-2621,TEMPORARY_FAILURE,79,REMIND,30,2098.17,AI Recommendation for CHECKOUT_ABANDONMENT: SESSION_TIMEOUT,2026-08-27T20:16:04.422016
REC-aa06595e,CASE-2622,INSUFFICIENT_FUNDS,60,REMIND,30,2669.34,AI Recommendation for CHECKOUT_ABANDONMENT: SESSION_TIMEOUT,2026-08-26T15:16:04.422016
REC-ecda221e,CASE-2623,TEMPORARY_FAILURE,90,REMIND,30,7344.01,AI Recommendation for CHECKOUT_ABANDONMENT: SESSION_TIMEOUT,2026-08-26T15:16:04.422016
REC-853001c2,CASE-2624,TEMPORARY_FAILURE,82,REMIND,30,6689.43,AI Recommendation for CHECKOUT_ABANDONMENT: SESSION_TIMEOUT,2026-08-27T12:16:04.422656
REC-e734d9ff,CASE-2625,INSUFFICIENT_FUNDS,60,REMIND,30,509.34,AI Recommendation for CHECKOUT_ABANDONMENT: SESSION_TIMEOUT,2026-08-28T03:16:04.422656
REC-86df30ee,CASE-2626,INSUFFICIENT_FUNDS,53,REMIND,30,1401.05,AI Recommendation for CHECKOUT_ABANDONMENT: SESSION_TIMEOUT,2026-08-26T14:16:04.422656
REC-066f937a,CASE-2627,INSUFFICIENT_FUNDS,68,REMIND,30,5543.92,AI Recommendation for CHECKOUT_ABANDONMENT: SESSION_TIMEOUT,2026-08-28T00:16:04.422656
REC-213838e8,CASE-2628,TEMPORARY_FAILURE,89,REMIND,30,765.18,AI Recommendation for CHECKOUT_ABANDONMENT: SESSION_TIMEOUT,2026-08-27T05:16:04.422656
REC-4dcc33c7,CASE-2629,TEMPORARY_FAILURE,84,REMIND,30,6853.07,AI Recommendation for CHECKOUT_ABANDONMENT: SESSION_TIMEOUT,2026-08-27T23:16:04.422656
REC-9608bfd3,CASE-2630,TEMPORARY_FAILURE,79,REMIND,30,6443.96,AI Recommendation for CHECKOUT_ABANDONMENT: SESSION_TIMEOUT,2026-08-26T22:16:04.422656
REC-fcf72a8d,CASE-2631,INSUFFICIENT_FUNDS,65,REMIND,30,553.45,AI Recommendation for CHECKOUT_ABANDONMENT: SESSION_TIMEOUT,2026-08-26T20:16:04.422656
REC-c77f4711,CASE-2632,INSUFFICIENT_FUNDS,53,REMIND,30,1401.05,AI Recommendation for CHECKOUT_ABANDONMENT: SESSION_TIMEOUT,2026-08-26T19:16:04.422656
REC-cd07cc99,CASE-2633,INSUFFICIENT_FUNDS,52,REMIND,30,2310.76,AI Recommendation for CHECKOUT_ABANDONMENT: SESSION_TIMEOUT,2026-08-27T00:16:04.424673
REC-1a68b227,CASE-2634,TEMPORARY_FAILURE,71,REMIND,30,3162.38,AI Recommendation for CHECKOUT_ABANDONMENT: SESSION_TIMEOUT,2026-08-27T10:16:04.424673
REC-f7061322,CASE-2635,INSUFFICIENT_FUNDS,60,REMIND,30,1588.74,AI Recommendation for CHECKOUT_ABANDONMENT: SESSION_TIMEOUT,2026-08-26T13:16:04.424673
REC-07059d45,CASE-2636,INSUFFICIENT_FUNDS,52,REMIND,30,2310.76,AI Recommendation for CHECKOUT_ABANDONMENT: SESSION_TIMEOUT,2026-08-27T13:16:04.425186
REC-f5bf2608,CASE-2637,INSUFFICIENT_FUNDS,54,REMIND,30,4398.4,AI Recommendation for CHECKOUT_ABANDONMENT: SESSION_TIMEOUT,2026-08-27T06:16:04.425186
REC-c45f0a79,CASE-2638,INSUFFICIENT_FUNDS,57,REMIND,30,1508.3,AI Recommendation for CHECKOUT_ABANDONMENT: SESSION_TIMEOUT,2026-08-27T10:16:04.425186
REC-fd8c8723,CASE-2639,INSUFFICIENT_FUNDS,63,REMIND,30,1669.17,AI Recommendation for CHECKOUT_ABANDONMENT: SESSION_TIMEOUT,2026-08-26T14:16:04.425186
REC-4a236b6c,CASE-2640,TEMPORARY_FAILURE,80,REMIND,30,685.78,AI Recommendation for CHECKOUT_ABANDONMENT: SESSION_TIMEOUT,2026-08-27T16:16:04.425186
REC-f2374530,CASE-2641,TEMPORARY_FAILURE,83,REMIND,30,3700.25,AI Recommendation for CHECKOUT_ABANDONMENT: SESSION_TIMEOUT,2026-08-26T21:16:04.425186
REC-55366dce,CASE-2642,TEMPORARY_FAILURE,83,REMIND,30,6771.25,AI Recommendation for CHECKOUT_ABANDONMENT: SESSION_TIMEOUT,2026-08-26T21:16:04.425186
REC-819e01a4,CASE-2643,INSUFFICIENT_FUNDS,68,REMIND,30,1803.24,AI Recommendation for CHECKOUT_ABANDONMENT: SESSION_TIMEOUT,2026-08-28T11:16:04.426512
REC-412c0e89,CASE-2644,TEMPORARY_FAILURE,90,REMIND,30,7344.01,AI Recommendation for CHECKOUT_ABANDONMENT: SESSION_TIMEOUT,2026-08-27T10:16:04.426512
REC-002eea69,CASE-2645,INSUFFICIENT_FUNDS,52,REMIND,30,4234.76,AI Recommendation for CHECKOUT_ABANDONMENT: SESSION_TIMEOUT,2026-08-26T20:16:04.426512
REC-93469baa,CASE-2646,INSUFFICIENT_FUNDS,50,REMIND,30,1320.62,AI Recommendation for CHECKOUT_ABANDONMENT: SESSION_TIMEOUT,2026-08-28T08:16:04.426512
REC-b318b656,CASE-2647,INSUFFICIENT_FUNDS,69,REMIND,30,3072.74,AI Recommendation for CHECKOUT_ABANDONMENT: SESSION_TIMEOUT,2026-08-28T05:16:04.426512
REC-bba97dab,CASE-2648,TEMPORARY_FAILURE,71,REMIND,30,3162.38,AI Recommendation for CHECKOUT_ABANDONMENT: SESSION_TIMEOUT,2026-08-28T00:16:04.426512
REC-ad17a84a,CASE-2649,TEMPORARY_FAILURE,71,REMIND,30,3162.38,AI Recommendation for CHECKOUT_ABANDONMENT: SESSION_TIMEOUT,2026-08-26T19:16:04.426512
REC-fc876f7e,CASE-2650,INSUFFICIENT_FUNDS,70,RETRY,30,1156.86,AI Recommendation for SUBSCRIPTION_FAILURE: CARD_DECLINED,2026-08-27T15:16:04.426512
REC-69ec67e7,CASE-2651,INSUFFICIENT_FUNDS,66,RETRY,30,5709.61,AI Recommendation for SUBSCRIPTION_FAILURE: CARD_DECLINED,2026-08-26T14:16:04.426512
REC-0a3c0367,CASE-2652,TEMPORARY_FAILURE,75,RETRY,30,3490.92,AI Recommendation for SUBSCRIPTION_FAILURE: CARD_DECLINED,2026-08-27T00:16:04.426512
REC-eaf016fb,CASE-2653,INSUFFICIENT_FUNDS,62,RETRY,30,2882.36,AI Recommendation for SUBSCRIPTION_FAILURE: CARD_DECLINED,2026-08-28T11:16:04.426512
REC-43bc2e7a,CASE-2654,INSUFFICIENT_FUNDS,64,RETRY,30,2975.99,AI Recommendation for SUBSCRIPTION_FAILURE: CARD_DECLINED,2026-08-26T22:16:04.428526
REC-b327c11c,CASE-2655,INSUFFICIENT_FUNDS,51,RETRY,30,4407.43,AI Recommendation for SUBSCRIPTION_FAILURE: CARD_DECLINED,2026-08-27T16:16:04.428526
REC-935f55cb,CASE-2656,INSUFFICIENT_FUNDS,57,RETRY,30,368.3,AI Recommendation for SUBSCRIPTION_FAILURE: CARD_DECLINED,2026-08-27T21:16:04.428526
REC-ab1b3e01,CASE-2657,INSUFFICIENT_FUNDS,68,RETRY,30,3163.24,AI Recommendation for SUBSCRIPTION_FAILURE: CARD_DECLINED,2026-08-27T17:16:04.428526
REC-59768aef,CASE-2658,INSUFFICIENT_FUNDS,47,RETRY,30,770.18,AI Recommendation for SUBSCRIPTION_FAILURE: CARD_DECLINED,2026-08-28T07:16:04.428526
REC-86f45c66,CASE-2659,TEMPORARY_FAILURE,72,RETRY,30,6230.49,AI Recommendation for SUBSCRIPTION_FAILURE: CARD_DECLINED,2026-08-28T03:16:04.428526
REC-8d86681c,CASE-2660,INSUFFICIENT_FUNDS,61,RETRY,30,1005.55,AI Recommendation for SUBSCRIPTION_FAILURE: CARD_DECLINED,2026-08-28T03:16:04.428526
REC-8d6046ed,CASE-2661,TEMPORARY_FAILURE,73,RETRY,30,477.3,AI Recommendation for SUBSCRIPTION_FAILURE: CARD_DECLINED,2026-08-28T10:16:04.428526
REC-85f0d458,CASE-2662,INSUFFICIENT_FUNDS,64,RETRY,30,5535.99,AI Recommendation for SUBSCRIPTION_FAILURE: CARD_DECLINED,2026-08-27T17:16:04.428526
REC-634f883b,CASE-2663,TEMPORARY_FAILURE,83,RETRY,30,545.42,AI Recommendation for SUBSCRIPTION_FAILURE: CARD_DECLINED,2026-08-28T10:16:04.430572
REC-08faa705,CASE-2664,TEMPORARY_FAILURE,73,RETRY,30,477.3,AI Recommendation for SUBSCRIPTION_FAILURE: CARD_DECLINED,2026-08-27T17:16:04.430572
REC-ee7e6bb9,CASE-2665,INSUFFICIENT_FUNDS,60,RETRY,30,988.74,AI Recommendation for SUBSCRIPTION_FAILURE: CARD_DECLINED,2026-08-27T19:16:04.430572
REC-c9d43d8f,CASE-2666,INSUFFICIENT_FUNDS,68,RETRY,30,3163.24,AI Recommendation for SUBSCRIPTION_FAILURE: CARD_DECLINED,2026-08-28T02:16:04.430572
REC-1b55af3d,CASE-2667,INSUFFICIENT_FUNDS,47,RETRY,30,2180.18,AI Recommendation for SUBSCRIPTION_FAILURE: CARD_DECLINED,2026-08-27T02:16:04.430572
REC-4530927a,CASE-2668,TEMPORARY_FAILURE,75,RETRY,30,3490.92,AI Recommendation for SUBSCRIPTION_FAILURE: CARD_DECLINED,2026-08-26T15:16:04.430572
REC-44fc7bef,CASE-2669,TEMPORARY_FAILURE,76,RETRY,30,3537.73,AI Recommendation for SUBSCRIPTION_FAILURE: CARD_DECLINED,2026-08-27T17:16:04.430572
REC-de447dbd,CASE-2670,TEMPORARY_FAILURE,74,RETRY,30,3444.11,AI Recommendation for SUBSCRIPTION_FAILURE: CARD_DECLINED,2026-08-28T11:16:04.430572
REC-8db9ace0,CASE-2671,TEMPORARY_FAILURE,83,RETRY,30,7185.42,AI Recommendation for SUBSCRIPTION_FAILURE: CARD_DECLINED,2026-08-28T09:16:04.430572
REC-9ac168bf,CASE-2672,INSUFFICIENT_FUNDS,67,RETRY,30,436.42,AI Recommendation for SUBSCRIPTION_FAILURE: CARD_DECLINED,2026-08-26T22:16:04.430572
REC-e8c9b64d,CASE-2673,TEMPORARY_FAILURE,79,RETRY,30,6838.17,AI Recommendation for SUBSCRIPTION_FAILURE: CARD_DECLINED,2026-08-28T00:16:04.430572
REC-6818ab83,CASE-2674,TEMPORARY_FAILURE,88,RETRY,30,579.48,AI Recommendation for SUBSCRIPTION_FAILURE: CARD_DECLINED,2026-08-26T16:16:04.430572
REC-027d232d,CASE-2675,INSUFFICIENT_FUNDS,46,RETRY,30,3973.37,AI Recommendation for SUBSCRIPTION_FAILURE: CARD_DECLINED,2026-08-26T19:16:04.430572
REC-6a1524b2,CASE-2676,INSUFFICIENT_FUNDS,70,RETRY,30,6056.86,AI Recommendation for SUBSCRIPTION_FAILURE: CARD_DECLINED,2026-08-26T21:16:04.430572
REC-b7684a57,CASE-2677,INSUFFICIENT_FUNDS,63,RETRY,30,2929.17,AI Recommendation for SUBSCRIPTION_FAILURE: CARD_DECLINED,2026-08-26T18:16:04.430572
REC-fd2c0079,CASE-2678,INSUFFICIENT_FUNDS,60,RETRY,30,2788.74,AI Recommendation for SUBSCRIPTION_FAILURE: CARD_DECLINED,2026-08-28T08:16:04.430572
REC-861553de,CASE-2679,INSUFFICIENT_FUNDS,47,RETRY,30,4060.18,AI Recommendation for SUBSCRIPTION_FAILURE: CARD_DECLINED,2026-08-28T02:16:04.432586
REC-8829977a,CASE-2680,INSUFFICIENT_FUNDS,62,RETRY,30,2882.36,AI Recommendation for SUBSCRIPTION_FAILURE: CARD_DECLINED,2026-08-28T06:16:04.432586
REC-db38021f,CASE-2681,TEMPORARY_FAILURE,85,RETRY,30,7359.05,AI Recommendation for SUBSCRIPTION_FAILURE: CARD_DECLINED,2026-08-26T19:16:04.432586
REC-93ad88a2,CASE-2682,INSUFFICIENT_FUNDS,59,RETRY,30,381.93,AI Recommendation for SUBSCRIPTION_FAILURE: CARD_DECLINED,2026-08-26T23:16:04.432586
REC-5e11a22f,CASE-2683,INSUFFICIENT_FUNDS,55,RETRY,30,4754.68,AI Recommendation for SUBSCRIPTION_FAILURE: CARD_DECLINED,2026-08-27T12:16:04.432586
REC-5cf22e1f,CASE-2684,INSUFFICIENT_FUNDS,61,RETRY,30,395.55,AI Recommendation for SUBSCRIPTION_FAILURE: CARD_DECLINED,2026-08-27T00:16:04.432586
REC-e90db58a,CASE-2685,TEMPORARY_FAILURE,74,RETRY,30,3444.11,AI Recommendation for SUBSCRIPTION_FAILURE: CARD_DECLINED,2026-08-26T18:16:04.432586
REC-c47a2486,CASE-2686,TEMPORARY_FAILURE,87,RETRY,30,572.67,AI Recommendation for SUBSCRIPTION_FAILURE: CARD_DECLINED,2026-08-26T23:16:04.432586
REC-6c7ad4e4,CASE-2687,INSUFFICIENT_FUNDS,60,RETRY,30,5188.74,AI Recommendation for SUBSCRIPTION_FAILURE: CARD_DECLINED,2026-08-28T01:16:04.432586
REC-f864d408,CASE-2688,INSUFFICIENT_FUNDS,65,RETRY,30,3022.8,AI Recommendation for SUBSCRIPTION_FAILURE: CARD_DECLINED,2026-08-26T22:16:04.432586
REC-01aa268c,CASE-2689,INSUFFICIENT_FUNDS,60,RETRY,30,5188.74,AI Recommendation for SUBSCRIPTION_FAILURE: CARD_DECLINED,2026-08-27T23:16:04.432586
REC-f787121c,CASE-2690,TEMPORARY_FAILURE,77,RETRY,30,1274.55,AI Recommendation for SUBSCRIPTION_FAILURE: CARD_DECLINED,2026-08-28T03:16:04.432586
REC-27a8d32d,CASE-2691,TEMPORARY_FAILURE,74,RETRY,30,6404.11,AI Recommendation for SUBSCRIPTION_FAILURE: CARD_DECLINED,2026-08-27T00:16:04.432586
REC-e7352574,CASE-2692,INSUFFICIENT_FUNDS,52,RETRY,30,4494.24,AI Recommendation for SUBSCRIPTION_FAILURE: CARD_DECLINED,2026-08-27T00:16:04.434100
REC-783d11a9,CASE-2693,INSUFFICIENT_FUNDS,67,RETRY,30,3116.42,AI Recommendation for SUBSCRIPTION_FAILURE: CARD_DECLINED,2026-08-28T12:16:04.434100
REC-fc88e8c0,CASE-2694,INSUFFICIENT_FUNDS,48,RETRY,30,4146.99,AI Recommendation for SUBSCRIPTION_FAILURE: CARD_DECLINED,2026-08-27T01:16:04.435118
REC-ad546f73,CASE-2695,INSUFFICIENT_FUNDS,40,RETRY,30,252.49,AI Recommendation for SUBSCRIPTION_FAILURE: CARD_DECLINED,2026-08-27T18:16:04.435118
REC-03e3b738,CASE-2696,INSUFFICIENT_FUNDS,55,RETRY,30,354.68,AI Recommendation for SUBSCRIPTION_FAILURE: CARD_DECLINED,2026-08-27T16:16:04.435118
REC-98e83176,CASE-2697,INSUFFICIENT_FUNDS,65,RETRY,30,5622.8,AI Recommendation for SUBSCRIPTION_FAILURE: CARD_DECLINED,2026-08-27T23:16:04.435118
REC-34d335d8,CASE-2698,INSUFFICIENT_FUNDS,70,RETRY,30,1156.86,AI Recommendation for SUBSCRIPTION_FAILURE: CARD_DECLINED,2026-08-27T12:16:04.435118
REC-6376cefe,CASE-2699,INSUFFICIENT_FUNDS,66,RETRY,30,3069.61,AI Recommendation for SUBSCRIPTION_FAILURE: CARD_DECLINED,2026-08-28T04:16:04.435118
REC-502e59cc,CASE-2700,INSUFFICIENT_FUNDS,40,RETRY,30,652.49,AI Recommendation for SUBSCRIPTION_FAILURE: CARD_DECLINED,2026-08-26T14:16:04.435118
REC-2f618188,CASE-2701,TEMPORARY_FAILURE,82,RETRY,30,7098.61,AI Recommendation for SUBSCRIPTION_FAILURE: CARD_DECLINED,2026-08-28T04:16:04.437172
REC-099761ae,CASE-2702,INSUFFICIENT_FUNDS,69,RETRY,30,5970.05,AI Recommendation for SUBSCRIPTION_FAILURE: CARD_DECLINED,2026-08-27T04:16:04.437880
REC-55b1622f,CASE-2703,TEMPORARY_FAILURE,75,RETRY,30,6490.92,AI Recommendation for SUBSCRIPTION_FAILURE: CARD_DECLINED,2026-08-27T22:16:04.437880
REC-62201e70,CASE-2704,INSUFFICIENT_FUNDS,67,RETRY,30,1106.42,AI Recommendation for SUBSCRIPTION_FAILURE: CARD_DECLINED,2026-08-27T21:16:04.437880
REC-52ec06ad,CASE-2705,INSUFFICIENT_FUNDS,66,RETRY,30,3069.61,AI Recommendation for SUBSCRIPTION_FAILURE: CARD_DECLINED,2026-08-28T10:16:04.437880
REC-fe949444,CASE-2706,TEMPORARY_FAILURE,85,RETRY,30,7359.05,AI Recommendation for SUBSCRIPTION_FAILURE: CARD_DECLINED,2026-08-27T06:16:04.437880
REC-e3d98267,CASE-2707,INSUFFICIENT_FUNDS,49,RETRY,30,313.8,AI Recommendation for SUBSCRIPTION_FAILURE: CARD_DECLINED,2026-08-27T03:16:04.437880
REC-3b9867d8,CASE-2708,TEMPORARY_FAILURE,73,RETRY,30,477.3,AI Recommendation for SUBSCRIPTION_FAILURE: CARD_DECLINED,2026-08-26T20:16:04.439895
REC-661ca77d,CASE-2709,TEMPORARY_FAILURE,83,RETRY,30,545.42,AI Recommendation for SUBSCRIPTION_FAILURE: CARD_DECLINED,2026-08-28T09:16:04.439895
REC-92b7606e,CASE-2710,TEMPORARY_FAILURE,74,RETRY,30,3444.11,AI Recommendation for SUBSCRIPTION_FAILURE: CARD_DECLINED,2026-08-27T04:16:04.439895
REC-fad0bd84,CASE-2711,TEMPORARY_FAILURE,76,RETRY,30,6577.73,AI Recommendation for SUBSCRIPTION_FAILURE: CARD_DECLINED,2026-08-27T18:16:04.439895
REC-7c0c8fb2,CASE-2712,INSUFFICIENT_FUNDS,50,RETRY,30,2320.61,AI Recommendation for SUBSCRIPTION_FAILURE: CARD_DECLINED,2026-08-27T00:16:04.439895
REC-b240c2a9,CASE-2713,INSUFFICIENT_FUNDS,43,RETRY,30,1992.93,AI Recommendation for SUBSCRIPTION_FAILURE: CARD_DECLINED,2026-08-28T09:16:04.439895
REC-244ca0de,CASE-2714,TEMPORARY_FAILURE,87,RETRY,30,4052.67,AI Recommendation for SUBSCRIPTION_FAILURE: CARD_DECLINED,2026-08-28T07:16:04.439895
REC-50906afc,CASE-2715,TEMPORARY_FAILURE,72,RETRY,30,1190.49,AI Recommendation for SUBSCRIPTION_FAILURE: CARD_DECLINED,2026-08-28T04:16:04.439895
REC-ac99c7c6,CASE-2716,INSUFFICIENT_FUNDS,57,RETRY,30,2648.3,AI Recommendation for SUBSCRIPTION_FAILURE: CARD_DECLINED,2026-08-28T05:16:04.439895
REC-9375cebd,CASE-2717,TEMPORARY_FAILURE,77,RETRY,30,1274.55,AI Recommendation for SUBSCRIPTION_FAILURE: CARD_DECLINED,2026-08-28T01:16:04.441908
REC-42ef8ee9,CASE-2718,TEMPORARY_FAILURE,84,RETRY,30,3912.23,AI Recommendation for SUBSCRIPTION_FAILURE: CARD_DECLINED,2026-08-27T03:16:04.441908
REC-c0e4efee,CASE-2719,INSUFFICIENT_FUNDS,61,RETRY,30,395.55,AI Recommendation for SUBSCRIPTION_FAILURE: CARD_DECLINED,2026-08-28T03:16:04.441908
REC-d92ff6b6,CASE-2720,TEMPORARY_FAILURE,88,RETRY,30,7619.48,AI Recommendation for SUBSCRIPTION_FAILURE: CARD_DECLINED,2026-08-26T18:16:04.441908
REC-29a0d41e,CASE-2721,TEMPORARY_FAILURE,86,RETRY,30,7445.86,AI Recommendation for SUBSCRIPTION_FAILURE: CARD_DECLINED,2026-08-26T14:16:04.441908
REC-bc8efc26,CASE-2722,INSUFFICIENT_FUNDS,43,RETRY,30,1992.93,AI Recommendation for SUBSCRIPTION_FAILURE: CARD_DECLINED,2026-08-28T02:16:04.441908
REC-ce06dd8a,CASE-2723,INSUFFICIENT_FUNDS,65,RETRY,30,5622.8,AI Recommendation for SUBSCRIPTION_FAILURE: CARD_DECLINED,2026-08-26T13:16:04.441908
REC-29bec55e,CASE-2724,INSUFFICIENT_FUNDS,64,RETRY,30,1055.99,AI Recommendation for SUBSCRIPTION_FAILURE: CARD_DECLINED,2026-08-28T03:16:04.441908
REC-e7059cfd,CASE-2725,INSUFFICIENT_FUNDS,40,RETRY,30,3452.49,AI Recommendation for SUBSCRIPTION_FAILURE: CARD_DECLINED,2026-08-26T17:16:04.441908
REC-3e7090eb,CASE-2726,TEMPORARY_FAILURE,73,RETRY,30,3397.3,AI Recommendation for SUBSCRIPTION_FAILURE: CARD_DECLINED,2026-08-26T20:16:04.441908
REC-6afbf252,CASE-2727,INSUFFICIENT_FUNDS,67,RETRY,30,3116.42,AI Recommendation for SUBSCRIPTION_FAILURE: CARD_DECLINED,2026-08-27T19:16:04.441908
REC-e18d62c7,CASE-2728,INSUFFICIENT_FUNDS,56,RETRY,30,361.49,AI Recommendation for SUBSCRIPTION_FAILURE: CARD_DECLINED,2026-08-26T17:16:04.441908
REC-5c5cd124,CASE-2729,TEMPORARY_FAILURE,86,RETRY,30,1425.86,AI Recommendation for SUBSCRIPTION_FAILURE: CARD_DECLINED,2026-08-26T16:16:04.441908
REC-ed06b7ca,CASE-2730,INSUFFICIENT_FUNDS,60,RETRY,30,988.74,AI Recommendation for SUBSCRIPTION_FAILURE: CARD_DECLINED,2026-08-28T12:16:04.441908
REC-ecafcfd5,CASE-2731,INSUFFICIENT_FUNDS,40,RETRY,30,252.49,AI Recommendation for SUBSCRIPTION_FAILURE: CARD_DECLINED,2026-08-28T06:16:04.445143
REC-d889b24f,CASE-2732,INSUFFICIENT_FUNDS,62,RETRY,30,5362.36,AI Recommendation for SUBSCRIPTION_FAILURE: CARD_DECLINED,2026-08-28T00:16:04.445143
REC-b0a2d431,CASE-2733,INSUFFICIENT_FUNDS,41,RETRY,30,259.3,AI Recommendation for SUBSCRIPTION_FAILURE: CARD_DECLINED,2026-08-26T18:16:04.445143
REC-7e7ee08a,CASE-2734,TEMPORARY_FAILURE,78,RETRY,30,1291.36,AI Recommendation for SUBSCRIPTION_FAILURE: CARD_DECLINED,2026-08-26T22:16:04.445143
REC-a8cbb68b,CASE-2735,INSUFFICIENT_FUNDS,64,RETRY,30,1055.99,AI Recommendation for SUBSCRIPTION_FAILURE: CARD_DECLINED,2026-08-26T16:16:04.445143
REC-be16e959,CASE-2736,INSUFFICIENT_FUNDS,56,RETRY,30,921.49,AI Recommendation for SUBSCRIPTION_FAILURE: CARD_DECLINED,2026-08-28T08:16:04.445143
REC-4da0d3e6,CASE-2737,INSUFFICIENT_FUNDS,57,RETRY,30,4928.3,AI Recommendation for SUBSCRIPTION_FAILURE: CARD_DECLINED,2026-08-28T02:16:04.445143
REC-76f44092,CASE-2738,INSUFFICIENT_FUNDS,57,RETRY,30,368.3,AI Recommendation for SUBSCRIPTION_FAILURE: CARD_DECLINED,2026-08-27T15:16:04.446510
REC-8db42215,CASE-2739,INSUFFICIENT_FUNDS,56,RETRY,30,361.49,AI Recommendation for SUBSCRIPTION_FAILURE: CARD_DECLINED,2026-08-28T08:16:04.446510
REC-1ec65bd0,CASE-2740,INSUFFICIENT_FUNDS,52,RETRY,30,4494.24,AI Recommendation for SUBSCRIPTION_FAILURE: CARD_DECLINED,2026-08-27T05:16:04.446510
REC-f2756353,CASE-2741,INSUFFICIENT_FUNDS,49,RETRY,30,313.8,AI Recommendation for SUBSCRIPTION_FAILURE: CARD_DECLINED,2026-08-26T21:16:04.446510
REC-74f2360d,CASE-2742,INSUFFICIENT_FUNDS,68,RETRY,30,443.24,AI Recommendation for SUBSCRIPTION_FAILURE: CARD_DECLINED,2026-08-28T08:16:04.446510
REC-a35b58a1,CASE-2743,TEMPORARY_FAILURE,76,RETRY,30,497.73,AI Recommendation for SUBSCRIPTION_FAILURE: CARD_DECLINED,2026-08-27T05:16:04.446510
REC-f468801f,CASE-2744,TEMPORARY_FAILURE,81,RETRY,30,1341.8,AI Recommendation for SUBSCRIPTION_FAILURE: CARD_DECLINED,2026-08-27T12:16:04.448526
REC-1113c0cd,CASE-2745,INSUFFICIENT_FUNDS,49,RETRY,30,2273.8,AI Recommendation for SUBSCRIPTION_FAILURE: CARD_DECLINED,2026-08-28T12:16:04.448526
REC-d6112d1b,CASE-2746,INSUFFICIENT_FUNDS,70,RETRY,30,6056.86,AI Recommendation for SUBSCRIPTION_FAILURE: CARD_DECLINED,2026-08-28T08:16:04.448526
REC-782340c0,CASE-2747,INSUFFICIENT_FUNDS,40,RETRY,30,652.49,AI Recommendation for SUBSCRIPTION_FAILURE: CARD_DECLINED,2026-08-27T00:16:04.448526
REC-e0f48050,CASE-2748,INSUFFICIENT_FUNDS,61,RETRY,30,2835.55,AI Recommendation for SUBSCRIPTION_FAILURE: CARD_DECLINED,2026-08-26T20:16:04.448526
REC-5eadc81e,CASE-2749,INSUFFICIENT_FUNDS,63,RETRY,30,409.17,AI Recommendation for SUBSCRIPTION_FAILURE: CARD_DECLINED,2026-08-27T07:16:04.448526
REC-168f5bcd,CASE-2750,TEMPORARY_FAILURE,81,RETRY,30,3771.8,AI Recommendation for SUBSCRIPTION_FAILURE: CARD_DECLINED,2026-08-28T10:16:04.448526
REC-d58eeaed,CASE-2751,TEMPORARY_FAILURE,82,RETRY,30,7098.61,AI Recommendation for SUBSCRIPTION_FAILURE: CARD_DECLINED,2026-08-27T12:16:04.448526
REC-8291a0e3,CASE-2752,TEMPORARY_FAILURE,80,RETRY,30,524.98,AI Recommendation for SUBSCRIPTION_FAILURE: CARD_DECLINED,2026-08-26T20:16:04.448526
REC-2fd37c22,CASE-2753,TEMPORARY_FAILURE,87,RETRY,30,7532.67,AI Recommendation for SUBSCRIPTION_FAILURE: CARD_DECLINED,2026-08-28T00:16:04.450075
REC-15597645,CASE-2754,TEMPORARY_FAILURE,86,RETRY,30,565.86,AI Recommendation for SUBSCRIPTION_FAILURE: CARD_DECLINED,2026-08-28T08:16:04.450075
REC-dfa4ac49,CASE-2755,TEMPORARY_FAILURE,71,RETRY,30,3303.67,AI Recommendation for SUBSCRIPTION_FAILURE: CARD_DECLINED,2026-08-28T10:16:04.450075
REC-a490b435,CASE-2756,INSUFFICIENT_FUNDS,43,RETRY,30,1992.93,AI Recommendation for SUBSCRIPTION_FAILURE: CARD_DECLINED,2026-08-28T05:16:04.450075
REC-3d0aedba,CASE-2757,TEMPORARY_FAILURE,81,RETRY,30,1341.8,AI Recommendation for SUBSCRIPTION_FAILURE: CARD_DECLINED,2026-08-27T02:16:04.450075
REC-d39a5036,CASE-2758,TEMPORARY_FAILURE,87,RETRY,30,1442.67,AI Recommendation for SUBSCRIPTION_FAILURE: CARD_DECLINED,2026-08-28T10:16:04.450075
REC-ac2f15f9,CASE-2759,TEMPORARY_FAILURE,71,RETRY,30,1173.67,AI Recommendation for SUBSCRIPTION_FAILURE: CARD_DECLINED,2026-08-28T10:16:04.451717
REC-0bbfe5d9,CASE-2760,TEMPORARY_FAILURE,84,RETRY,30,1392.23,AI Recommendation for SUBSCRIPTION_FAILURE: CARD_DECLINED,2026-08-26T20:16:04.451717
REC-75ab4769,CASE-2761,INSUFFICIENT_FUNDS,59,RETRY,30,381.93,AI Recommendation for SUBSCRIPTION_FAILURE: CARD_DECLINED,2026-08-28T02:16:04.452231
REC-d0388e71,CASE-2762,INSUFFICIENT_FUNDS,46,RETRY,30,293.37,AI Recommendation for SUBSCRIPTION_FAILURE: CARD_DECLINED,2026-08-26T21:16:04.452231
REC-2777f832,CASE-2763,INSUFFICIENT_FUNDS,44,RETRY,30,719.74,AI Recommendation for SUBSCRIPTION_FAILURE: CARD_DECLINED,2026-08-26T13:16:04.452773
REC-1ca8a75c,CASE-2764,INSUFFICIENT_FUNDS,60,RETRY,30,5188.74,AI Recommendation for SUBSCRIPTION_FAILURE: CARD_DECLINED,2026-08-27T23:16:04.452773
REC-51df824e,CASE-2765,TEMPORARY_FAILURE,77,RETRY,30,504.55,AI Recommendation for SUBSCRIPTION_FAILURE: CARD_DECLINED,2026-08-28T05:16:04.452773
REC-292d9295,CASE-2766,INSUFFICIENT_FUNDS,49,RETRY,30,2273.8,AI Recommendation for SUBSCRIPTION_FAILURE: CARD_DECLINED,2026-08-27T13:16:04.452773
REC-39556d46,CASE-2767,INSUFFICIENT_FUNDS,68,RETRY,30,1123.24,AI Recommendation for SUBSCRIPTION_FAILURE: CARD_DECLINED,2026-08-28T06:16:04.452773
REC-2c3b7180,CASE-2768,INSUFFICIENT_FUNDS,50,RETRY,30,4320.61,AI Recommendation for SUBSCRIPTION_FAILURE: CARD_DECLINED,2026-08-28T12:16:04.452773
REC-421ad59d,CASE-2769,INSUFFICIENT_FUNDS,51,RETRY,30,327.43,AI Recommendation for SUBSCRIPTION_FAILURE: CARD_DECLINED,2026-08-26T16:16:04.452773
REC-268ecaa1,CASE-2770,TEMPORARY_FAILURE,84,RETRY,30,7272.23,AI Recommendation for SUBSCRIPTION_FAILURE: CARD_DECLINED,2026-08-26T20:16:04.452773
REC-22b17265,CASE-2771,TEMPORARY_FAILURE,73,RETRY,30,3397.3,AI Recommendation for SUBSCRIPTION_FAILURE: CARD_DECLINED,2026-08-28T01:16:04.452773
REC-1d8c81b8,CASE-2772,TEMPORARY_FAILURE,78,RETRY,30,511.36,AI Recommendation for SUBSCRIPTION_FAILURE: CARD_DECLINED,2026-08-28T07:16:04.452773
REC-9c880cb9,CASE-2773,INSUFFICIENT_FUNDS,62,RETRY,30,2882.36,AI Recommendation for SUBSCRIPTION_FAILURE: CARD_DECLINED,2026-08-27T21:16:04.452773
REC-d5e72c78,CASE-2774,INSUFFICIENT_FUNDS,47,RETRY,30,770.18,AI Recommendation for SUBSCRIPTION_FAILURE: CARD_DECLINED,2026-08-27T13:16:04.452773
REC-c3c7906b,CASE-2775,INSUFFICIENT_FUNDS,69,RETRY,30,1140.05,AI Recommendation for SUBSCRIPTION_FAILURE: CARD_DECLINED,2026-08-28T00:16:04.455294
REC-d5fbbeab,CASE-2776,INSUFFICIENT_FUNDS,49,RETRY,30,313.8,AI Recommendation for SUBSCRIPTION_FAILURE: CARD_DECLINED,2026-08-28T02:16:04.455294
REC-03a97cd2,CASE-2777,INSUFFICIENT_FUNDS,43,RETRY,30,272.93,AI Recommendation for SUBSCRIPTION_FAILURE: CARD_DECLINED,2026-08-27T09:16:04.455294
REC-c4f7e13c,CASE-2778,INSUFFICIENT_FUNDS,61,RETRY,30,2835.55,AI Recommendation for SUBSCRIPTION_FAILURE: CARD_DECLINED,2026-08-26T13:16:04.455294
REC-95e87f28,CASE-2779,TEMPORARY_FAILURE,74,RETRY,30,484.11,AI Recommendation for SUBSCRIPTION_FAILURE: CARD_DECLINED,2026-08-27T05:16:04.455294
REC-010e95d5,CASE-2780,INSUFFICIENT_FUNDS,44,RETRY,30,279.74,AI Recommendation for SUBSCRIPTION_FAILURE: CARD_DECLINED,2026-08-26T23:16:04.455294
REC-5d06d2a1,CASE-2781,INSUFFICIENT_FUNDS,66,RETRY,30,3069.61,AI Recommendation for SUBSCRIPTION_FAILURE: CARD_DECLINED,2026-08-28T05:16:04.455294
REC-a5715f92,CASE-2782,INSUFFICIENT_FUNDS,54,RETRY,30,2507.86,AI Recommendation for SUBSCRIPTION_FAILURE: CARD_DECLINED,2026-08-27T10:16:04.455294
REC-9a35bbd8,CASE-2783,INSUFFICIENT_FUNDS,64,RETRY,30,1055.99,AI Recommendation for SUBSCRIPTION_FAILURE: CARD_DECLINED,2026-08-26T23:16:04.455294
REC-0d700678,CASE-2784,INSUFFICIENT_FUNDS,43,RETRY,30,3712.93,AI Recommendation for SUBSCRIPTION_FAILURE: CARD_DECLINED,2026-08-26T21:16:04.455294
REC-f033f587,CASE-2785,INSUFFICIENT_FUNDS,51,RETRY,30,4407.43,AI Recommendation for SUBSCRIPTION_FAILURE: CARD_DECLINED,2026-08-27T07:16:04.455294
REC-cb5a1955,CASE-2786,TEMPORARY_FAILURE,80,RETRY,30,1324.98,AI Recommendation for SUBSCRIPTION_FAILURE: CARD_DECLINED,2026-08-27T15:16:04.455294
REC-28e4b841,CASE-2787,INSUFFICIENT_FUNDS,42,RETRY,30,686.12,AI Recommendation for SUBSCRIPTION_FAILURE: CARD_DECLINED,2026-08-28T04:16:04.455294
REC-955cc904,CASE-2788,INSUFFICIENT_FUNDS,69,RETRY,30,450.05,AI Recommendation for SUBSCRIPTION_FAILURE: CARD_DECLINED,2026-08-27T15:16:04.455294
REC-b647d304,CASE-2789,INSUFFICIENT_FUNDS,58,RETRY,30,955.11,AI Recommendation for SUBSCRIPTION_FAILURE: CARD_DECLINED,2026-08-27T01:16:04.455294
REC-f4da836f,CASE-2790,INSUFFICIENT_FUNDS,45,RETRY,30,736.55,AI Recommendation for SUBSCRIPTION_FAILURE: CARD_DECLINED,2026-08-26T23:16:04.455294
REC-e6d32ab3,CASE-2791,INSUFFICIENT_FUNDS,69,RETRY,30,5970.05,AI Recommendation for SUBSCRIPTION_FAILURE: CARD_DECLINED,2026-08-27T09:16:04.455294
REC-d184da43,CASE-2792,INSUFFICIENT_FUNDS,55,RETRY,30,904.68,AI Recommendation for SUBSCRIPTION_FAILURE: CARD_DECLINED,2026-08-27T22:16:04.455294
REC-9c482eb0,CASE-2793,TEMPORARY_FAILURE,76,RETRY,30,1257.73,AI Recommendation for SUBSCRIPTION_FAILURE: CARD_DECLINED,2026-08-28T10:16:04.455294
REC-341b72f7,CASE-2794,TEMPORARY_FAILURE,86,RETRY,30,7445.86,AI Recommendation for SUBSCRIPTION_FAILURE: CARD_DECLINED,2026-08-27T03:16:04.455294
REC-7e9a18e8,CASE-2795,INSUFFICIENT_FUNDS,70,RETRY,30,6056.86,AI Recommendation for SUBSCRIPTION_FAILURE: CARD_DECLINED,2026-08-27T21:16:04.455294
REC-72977c48,CASE-2796,TEMPORARY_FAILURE,75,RETRY,30,490.92,AI Recommendation for SUBSCRIPTION_FAILURE: CARD_DECLINED,2026-08-28T04:16:04.455294
REC-349597fe,CASE-2797,INSUFFICIENT_FUNDS,58,RETRY,30,2695.11,AI Recommendation for SUBSCRIPTION_FAILURE: CARD_DECLINED,2026-08-27T06:16:04.455294
REC-05d5e446,CASE-2798,INSUFFICIENT_FUNDS,50,RETRY,30,2320.61,AI Recommendation for SUBSCRIPTION_FAILURE: CARD_DECLINED,2026-08-27T07:16:04.455294
REC-74440c73,CASE-2799,TEMPORARY_FAILURE,85,RETRY,30,1409.05,AI Recommendation for SUBSCRIPTION_FAILURE: CARD_DECLINED,2026-08-26T20:16:04.455294
REC-06b0a666,CASE-2800,TEMPORARY_FAILURE,85,RETRY,30,7359.05,AI Recommendation for SUBSCRIPTION_FAILURE: CARD_DECLINED,2026-08-26T16:16:04.455294
REC-1abb0717,CASE-2801,TEMPORARY_FAILURE,73,RETRY,30,3397.3,AI Recommendation for SUBSCRIPTION_FAILURE: CARD_DECLINED,2026-08-27T19:16:04.455294
REC-661ea0b8,CASE-2802,TEMPORARY_FAILURE,83,RETRY,30,1375.42,AI Recommendation for SUBSCRIPTION_FAILURE: CARD_DECLINED,2026-08-28T09:16:04.455294
REC-8f91f2cf,CASE-2803,INSUFFICIENT_FUNDS,43,RETRY,30,1992.93,AI Recommendation for SUBSCRIPTION_FAILURE: CARD_DECLINED,2026-08-27T07:16:04.455294
REC-7bfdb0a2,CASE-2804,INSUFFICIENT_FUNDS,63,RETRY,30,409.17,AI Recommendation for SUBSCRIPTION_FAILURE: CARD_DECLINED,2026-08-27T01:16:04.455294
REC-2d324c51,CASE-2805,TEMPORARY_FAILURE,75,RETRY,30,490.92,AI Recommendation for SUBSCRIPTION_FAILURE: CARD_DECLINED,2026-08-27T21:16:04.455294
REC-2b8c3655,CASE-2806,TEMPORARY_FAILURE,81,RETRY,30,531.8,AI Recommendation for SUBSCRIPTION_FAILURE: CARD_DECLINED,2026-08-27T22:16:04.455294
REC-f3c1667d,CASE-2807,INSUFFICIENT_FUNDS,62,RETRY,30,2882.36,AI Recommendation for SUBSCRIPTION_FAILURE: CARD_DECLINED,2026-08-28T09:16:04.455294
REC-d400ac72,CASE-2808,INSUFFICIENT_FUNDS,63,RETRY,30,409.17,AI Recommendation for SUBSCRIPTION_FAILURE: CARD_DECLINED,2026-08-27T04:16:04.455294
REC-371558af,CASE-2809,INSUFFICIENT_FUNDS,70,RETRY,30,456.86,AI Recommendation for SUBSCRIPTION_FAILURE: CARD_DECLINED,2026-08-26T21:16:04.455294
REC-2a086e70,CASE-2810,TEMPORARY_FAILURE,83,RETRY,30,3865.42,AI Recommendation for SUBSCRIPTION_FAILURE: CARD_DECLINED,2026-08-28T07:16:04.455294
REC-6ab760b6,CASE-2811,INSUFFICIENT_FUNDS,65,RETRY,30,422.8,AI Recommendation for SUBSCRIPTION_FAILURE: CARD_DECLINED,2026-08-28T06:16:04.455294
REC-50c27366,CASE-2812,INSUFFICIENT_FUNDS,57,RETRY,30,938.3,AI Recommendation for SUBSCRIPTION_FAILURE: CARD_DECLINED,2026-08-28T03:16:04.455294
REC-c9d67246,CASE-2813,TEMPORARY_FAILURE,73,RETRY,30,1207.3,AI Recommendation for SUBSCRIPTION_FAILURE: CARD_DECLINED,2026-08-26T17:16:04.455294
REC-2a5acbf0,CASE-2814,INSUFFICIENT_FUNDS,70,RETRY,30,1156.86,AI Recommendation for SUBSCRIPTION_FAILURE: CARD_DECLINED,2026-08-26T13:16:04.455294
REC-cf3ce23e,CASE-2815,INSUFFICIENT_FUNDS,58,RETRY,30,375.11,AI Recommendation for SUBSCRIPTION_FAILURE: CARD_DECLINED,2026-08-27T22:16:04.455294
REC-be18af65,CASE-2816,INSUFFICIENT_FUNDS,66,RETRY,30,3069.61,AI Recommendation for SUBSCRIPTION_FAILURE: CARD_DECLINED,2026-08-26T19:16:04.455294
REC-f47856d1,CASE-2817,TEMPORARY_FAILURE,71,RETRY,30,3303.67,AI Recommendation for SUBSCRIPTION_FAILURE: CARD_DECLINED,2026-08-27T17:16:04.455294
REC-72502a17,CASE-2818,INSUFFICIENT_FUNDS,59,RETRY,30,971.93,AI Recommendation for SUBSCRIPTION_FAILURE: CARD_DECLINED,2026-08-27T06:16:04.455294
REC-70859bff,CASE-2819,INSUFFICIENT_FUNDS,58,RETRY,30,2695.11,AI Recommendation for SUBSCRIPTION_FAILURE: CARD_DECLINED,2026-08-27T18:16:04.455294
REC-3ab011ee,CASE-2820,INSUFFICIENT_FUNDS,50,RETRY,30,4320.61,AI Recommendation for SUBSCRIPTION_FAILURE: CARD_DECLINED,2026-08-28T01:16:04.455294
REC-af49e44a,CASE-2821,INSUFFICIENT_FUNDS,50,RETRY,30,820.62,AI Recommendation for SUBSCRIPTION_FAILURE: CARD_DECLINED,2026-08-27T16:16:04.455294
REC-955cc461,CASE-2822,INSUFFICIENT_FUNDS,68,RETRY,30,1123.24,AI Recommendation for SUBSCRIPTION_FAILURE: CARD_DECLINED,2026-08-27T23:16:04.455294
REC-08580163,CASE-2823,TEMPORARY_FAILURE,82,RETRY,30,538.61,AI Recommendation for SUBSCRIPTION_FAILURE: CARD_DECLINED,2026-08-27T13:16:04.455294
REC-813dc7e8,CASE-2824,TEMPORARY_FAILURE,74,RETRY,30,6404.11,AI Recommendation for SUBSCRIPTION_FAILURE: CARD_DECLINED,2026-08-28T11:16:04.455294
REC-8e27d71e,CASE-2825,TEMPORARY_FAILURE,71,RETRY,30,6143.67,AI Recommendation for SUBSCRIPTION_FAILURE: CARD_DECLINED,2026-08-28T03:16:04.455294
REC-09279a9d,CASE-2826,TEMPORARY_FAILURE,87,RETRY,30,572.67,AI Recommendation for SUBSCRIPTION_FAILURE: CARD_DECLINED,2026-08-26T15:16:04.455294
REC-437f4fac,CASE-2827,INSUFFICIENT_FUNDS,70,RETRY,30,3256.86,AI Recommendation for SUBSCRIPTION_FAILURE: CARD_DECLINED,2026-08-26T14:16:04.455294
REC-8e0155ea,CASE-2828,INSUFFICIENT_FUNDS,61,RETRY,30,5275.55,AI Recommendation for SUBSCRIPTION_FAILURE: CARD_DECLINED,2026-08-28T04:16:04.455294
REC-a69d94e7,CASE-2829,INSUFFICIENT_FUNDS,59,RETRY,30,381.93,AI Recommendation for SUBSCRIPTION_FAILURE: CARD_DECLINED,2026-08-27T22:16:04.455294
REC-89c21492,CASE-2830,INSUFFICIENT_FUNDS,62,RETRY,30,5362.36,AI Recommendation for SUBSCRIPTION_FAILURE: CARD_DECLINED,2026-08-26T22:16:04.455294
REC-bb13ca44,CASE-2831,TEMPORARY_FAILURE,77,RETRY,30,1274.55,AI Recommendation for SUBSCRIPTION_FAILURE: CARD_DECLINED,2026-08-28T00:16:04.455294
REC-db816733,CASE-2832,INSUFFICIENT_FUNDS,45,RETRY,30,286.55,AI Recommendation for SUBSCRIPTION_FAILURE: CARD_DECLINED,2026-08-26T18:16:04.455294
REC-57f4ce19,CASE-2833,TEMPORARY_FAILURE,72,RETRY,30,470.49,AI Recommendation for SUBSCRIPTION_FAILURE: CARD_DECLINED,2026-08-27T16:16:04.455294
REC-6eb2d8b2,CASE-2834,TEMPORARY_FAILURE,82,RETRY,30,538.61,AI Recommendation for SUBSCRIPTION_FAILURE: CARD_DECLINED,2026-08-26T15:16:04.455294
REC-ab5b0843,CASE-2835,INSUFFICIENT_FUNDS,63,RETRY,30,5449.17,AI Recommendation for SUBSCRIPTION_FAILURE: CARD_DECLINED,2026-08-27T18:16:04.455294
REC-373df5be,CASE-2836,INSUFFICIENT_FUNDS,62,RETRY,30,2882.36,AI Recommendation for SUBSCRIPTION_FAILURE: CARD_DECLINED,2026-08-28T07:16:04.455294
REC-fb092100,CASE-2837,TEMPORARY_FAILURE,86,RETRY,30,1425.86,AI Recommendation for SUBSCRIPTION_FAILURE: CARD_DECLINED,2026-08-27T18:16:04.455294
REC-59217550,CASE-2838,TEMPORARY_FAILURE,86,RETRY,30,1425.86,AI Recommendation for SUBSCRIPTION_FAILURE: CARD_DECLINED,2026-08-26T23:16:04.455294
REC-1ac89013,CASE-2839,INSUFFICIENT_FUNDS,49,RETRY,30,313.8,AI Recommendation for SUBSCRIPTION_FAILURE: CARD_DECLINED,2026-08-27T03:16:04.455294
REC-73b3d20b,CASE-2840,INSUFFICIENT_FUNDS,44,RETRY,30,2039.74,AI Recommendation for SUBSCRIPTION_FAILURE: CARD_DECLINED,2026-08-27T10:16:04.455294
REC-c4190ed6,CASE-2841,INSUFFICIENT_FUNDS,66,RETRY,30,3069.61,AI Recommendation for SUBSCRIPTION_FAILURE: CARD_DECLINED,2026-08-27T00:16:04.455294
REC-c56d6d95,CASE-2842,INSUFFICIENT_FUNDS,52,RETRY,30,854.24,AI Recommendation for SUBSCRIPTION_FAILURE: CARD_DECLINED,2026-08-27T01:16:04.455294
REC-906e3b04,CASE-2843,INSUFFICIENT_FUNDS,42,RETRY,30,3626.12,AI Recommendation for SUBSCRIPTION_FAILURE: CARD_DECLINED,2026-08-27T01:16:04.455294
REC-de7aa283,CASE-2844,INSUFFICIENT_FUNDS,54,RETRY,30,4667.86,AI Recommendation for SUBSCRIPTION_FAILURE: CARD_DECLINED,2026-08-27T20:16:04.455294
REC-dbe2bd28,CASE-2845,TEMPORARY_FAILURE,80,RETRY,30,3724.98,AI Recommendation for SUBSCRIPTION_FAILURE: CARD_DECLINED,2026-08-26T18:16:04.465304
REC-1baa5e03,CASE-2846,INSUFFICIENT_FUNDS,66,RETRY,30,3069.61,AI Recommendation for SUBSCRIPTION_FAILURE: CARD_DECLINED,2026-08-26T19:16:04.465304
REC-54514437,CASE-2847,INSUFFICIENT_FUNDS,41,RETRY,30,669.3,AI Recommendation for SUBSCRIPTION_FAILURE: CARD_DECLINED,2026-08-28T08:16:04.465304
REC-94a4b3a1,CASE-2848,TEMPORARY_FAILURE,77,RETRY,30,3584.55,AI Recommendation for SUBSCRIPTION_FAILURE: CARD_DECLINED,2026-08-26T20:16:04.465304
REC-3083807c,CASE-2849,TEMPORARY_FAILURE,74,ESCALATE,30,8624.85,AI Recommendation for OVERDUE_INVOICE: OVERDUE_PAYMENT_PROMISE,2026-08-26T14:16:04.465304
REC-cf5db91d,CASE-2850,INSUFFICIENT_FUNDS,46,ESCALATE,30,1443.83,AI Recommendation for OVERDUE_INVOICE: OVERDUE_PAYMENT_PROMISE,2026-08-27T16:16:04.465304
REC-84d3ad1b,CASE-2851,TEMPORARY_FAILURE,74,ESCALATE,30,8624.85,AI Recommendation for OVERDUE_INVOICE: OVERDUE_PAYMENT_PROMISE,2026-08-28T09:16:04.465304
REC-8cd7b049,CASE-2852,INSUFFICIENT_FUNDS,53,ESCALATE,30,3256.58,AI Recommendation for OVERDUE_INVOICE: OVERDUE_PAYMENT_PROMISE,2026-08-27T18:16:04.465304
REC-84452c36,CASE-2853,INSUFFICIENT_FUNDS,63,ESCALATE,30,3874.8,AI Recommendation for OVERDUE_INVOICE: OVERDUE_PAYMENT_PROMISE,2026-08-28T01:16:04.465304
REC-bdec32f7,CASE-2854,INSUFFICIENT_FUNDS,68,ESCALATE,30,2143.92,AI Recommendation for OVERDUE_INVOICE: OVERDUE_PAYMENT_PROMISE,2026-08-26T17:16:04.465304
REC-8f82ea14,CASE-2855,INSUFFICIENT_FUNDS,47,ESCALATE,30,2885.65,AI Recommendation for OVERDUE_INVOICE: OVERDUE_PAYMENT_PROMISE,2026-08-26T23:16:04.465304
REC-60dc4a5a,CASE-2856,INSUFFICIENT_FUNDS,39,ESCALATE,30,2391.07,AI Recommendation for OVERDUE_INVOICE: OVERDUE_PAYMENT_PROMISE,2026-08-27T18:16:04.465304
REC-1430f3b3,CASE-2857,INSUFFICIENT_FUNDS,61,ESCALATE,30,3751.16,AI Recommendation for OVERDUE_INVOICE: OVERDUE_PAYMENT_PROMISE,2026-08-28T06:16:04.465304
REC-d2118c22,CASE-2858,INSUFFICIENT_FUNDS,39,ESCALATE,30,1728.07,AI Recommendation for OVERDUE_INVOICE: OVERDUE_PAYMENT_PROMISE,2026-08-27T01:16:04.465304
REC-30f0f37b,CASE-2859,INSUFFICIENT_FUNDS,56,ESCALATE,30,1762.05,AI Recommendation for OVERDUE_INVOICE: OVERDUE_PAYMENT_PROMISE,2026-08-28T04:16:04.465304
REC-062c0b1f,CASE-2860,INSUFFICIENT_FUNDS,60,ESCALATE,30,1889.34,AI Recommendation for OVERDUE_INVOICE: OVERDUE_PAYMENT_PROMISE,2026-08-27T13:16:04.465304
REC-082d6822,CASE-2861,INSUFFICIENT_FUNDS,58,ESCALATE,30,2579.69,AI Recommendation for OVERDUE_INVOICE: OVERDUE_PAYMENT_PROMISE,2026-08-26T15:16:04.465304
REC-3a1a4389,CASE-2862,INSUFFICIENT_FUNDS,31,ESCALATE,30,1896.49,AI Recommendation for OVERDUE_INVOICE: OVERDUE_PAYMENT_PROMISE,2026-08-26T16:16:04.465304
REC-c9d1c701,CASE-2863,TEMPORARY_FAILURE,74,ESCALATE,30,3296.85,AI Recommendation for OVERDUE_INVOICE: OVERDUE_PAYMENT_PROMISE,2026-08-27T23:16:04.465304
REC-00903295,CASE-2864,INSUFFICIENT_FUNDS,35,ESCALATE,30,1548.78,AI Recommendation for OVERDUE_INVOICE: OVERDUE_PAYMENT_PROMISE,2026-08-28T11:16:04.465304
REC-cecf06af,CASE-2865,INSUFFICIENT_FUNDS,57,ESCALATE,30,6638.87,AI Recommendation for OVERDUE_INVOICE: OVERDUE_PAYMENT_PROMISE,2026-08-28T10:16:04.465304
REC-43edb8dc,CASE-2866,INSUFFICIENT_FUNDS,60,ESCALATE,30,1889.34,AI Recommendation for OVERDUE_INVOICE: OVERDUE_PAYMENT_PROMISE,2026-08-28T08:16:04.465304
REC-4d2ea55a,CASE-2867,TEMPORARY_FAILURE,72,ESCALATE,30,4431.21,AI Recommendation for OVERDUE_INVOICE: OVERDUE_PAYMENT_PROMISE,2026-08-26T22:16:04.465304
REC-d51da9e6,CASE-2868,INSUFFICIENT_FUNDS,67,ESCALATE,30,2983.09,AI Recommendation for OVERDUE_INVOICE: OVERDUE_PAYMENT_PROMISE,2026-08-27T14:16:04.465304
REC-88ef1a93,CASE-2869,INSUFFICIENT_FUNDS,35,ESCALATE,30,1093.78,AI Recommendation for OVERDUE_INVOICE: OVERDUE_PAYMENT_PROMISE,2026-08-27T14:16:04.465304
REC-5ac719f5,CASE-2870,INSUFFICIENT_FUNDS,40,ESCALATE,30,2452.89,AI Recommendation for OVERDUE_INVOICE: OVERDUE_PAYMENT_PROMISE,2026-08-27T00:16:04.465304
REC-ef3b07f9,CASE-2871,INSUFFICIENT_FUNDS,36,ESCALATE,30,1125.6,AI Recommendation for OVERDUE_INVOICE: OVERDUE_PAYMENT_PROMISE,2026-08-27T23:16:04.465304
REC-737b18f3,CASE-2872,INSUFFICIENT_FUNDS,48,ESCALATE,30,2131.47,AI Recommendation for OVERDUE_INVOICE: OVERDUE_PAYMENT_PROMISE,2026-08-28T06:16:04.465304
REC-6d0095eb,CASE-2873,INSUFFICIENT_FUNDS,62,ESCALATE,30,2758.98,AI Recommendation for OVERDUE_INVOICE: OVERDUE_PAYMENT_PROMISE,2026-08-26T23:16:04.465304
REC-8176a0ee,CASE-2874,INSUFFICIENT_FUNDS,58,ESCALATE,30,2579.69,AI Recommendation for OVERDUE_INVOICE: OVERDUE_PAYMENT_PROMISE,2026-08-27T12:16:04.465304
REC-edc7198c,CASE-2875,INSUFFICIENT_FUNDS,43,ESCALATE,30,5003.36,AI Recommendation for OVERDUE_INVOICE: OVERDUE_PAYMENT_PROMISE,2026-08-28T05:16:04.465304
REC-7b8b78a9,CASE-2876,INSUFFICIENT_FUNDS,37,ESCALATE,30,2267.43,AI Recommendation for OVERDUE_INVOICE: OVERDUE_PAYMENT_PROMISE,2026-08-28T04:16:04.465304
REC-cad37777,CASE-2877,INSUFFICIENT_FUNDS,53,ESCALATE,30,6171.58,AI Recommendation for OVERDUE_INVOICE: OVERDUE_PAYMENT_PROMISE,2026-08-27T16:16:04.465304
REC-4613985c,CASE-2878,INSUFFICIENT_FUNDS,37,ESCALATE,30,4302.43,AI Recommendation for OVERDUE_INVOICE: OVERDUE_PAYMENT_PROMISE,2026-08-26T22:16:04.465304
REC-84334020,CASE-2879,TEMPORARY_FAILURE,73,ESCALATE,30,4493.03,AI Recommendation for OVERDUE_INVOICE: OVERDUE_PAYMENT_PROMISE,2026-08-27T10:16:04.470074
REC-013211ba,CASE-2880,INSUFFICIENT_FUNDS,57,ESCALATE,30,3503.87,AI Recommendation for OVERDUE_INVOICE: OVERDUE_PAYMENT_PROMISE,2026-08-26T17:16:04.470074
REC-d98feed9,CASE-2881,INSUFFICIENT_FUNDS,41,ESCALATE,30,2514.71,AI Recommendation for OVERDUE_INVOICE: OVERDUE_PAYMENT_PROMISE,2026-08-28T06:16:04.470074
REC-f2701fb0,CASE-2882,INSUFFICIENT_FUNDS,58,ESCALATE,30,6755.69,AI Recommendation for OVERDUE_INVOICE: OVERDUE_PAYMENT_PROMISE,2026-08-28T03:16:04.470074
REC-5fd3a91e,CASE-2883,INSUFFICIENT_FUNDS,55,ESCALATE,30,6405.23,AI Recommendation for OVERDUE_INVOICE: OVERDUE_PAYMENT_PROMISE,2026-08-27T13:16:04.470074
REC-01ae6730,CASE-2884,INSUFFICIENT_FUNDS,51,ESCALATE,30,2265.94,AI Recommendation for OVERDUE_INVOICE: OVERDUE_PAYMENT_PROMISE,2026-08-27T22:16:04.470074
REC-a229f3cc,CASE-2885,INSUFFICIENT_FUNDS,61,ESCALATE,30,7106.16,AI Recommendation for OVERDUE_INVOICE: OVERDUE_PAYMENT_PROMISE,2026-08-27T11:16:04.470074
REC-a8e15dc6,CASE-2886,INSUFFICIENT_FUNDS,60,ESCALATE,30,3689.34,AI Recommendation for OVERDUE_INVOICE: OVERDUE_PAYMENT_PROMISE,2026-08-27T19:16:04.470074
REC-625e7c18,CASE-2887,INSUFFICIENT_FUNDS,59,ESCALATE,30,2624.52,AI Recommendation for OVERDUE_INVOICE: OVERDUE_PAYMENT_PROMISE,2026-08-27T05:16:04.470074
REC-c962cd2b,CASE-2888,INSUFFICIENT_FUNDS,44,ESCALATE,30,5120.18,AI Recommendation for OVERDUE_INVOICE: OVERDUE_PAYMENT_PROMISE,2026-08-26T13:16:04.470074
REC-3c110fb1,CASE-2889,INSUFFICIENT_FUNDS,34,ESCALATE,30,1061.96,AI Recommendation for OVERDUE_INVOICE: OVERDUE_PAYMENT_PROMISE,2026-08-27T12:16:04.470074
REC-7a3614f8,CASE-2890,INSUFFICIENT_FUNDS,39,ESCALATE,30,2391.07,AI Recommendation for OVERDUE_INVOICE: OVERDUE_PAYMENT_PROMISE,2026-08-26T18:16:04.470074
REC-a1b90ea9,CASE-2891,INSUFFICIENT_FUNDS,59,ESCALATE,30,6872.52,AI Recommendation for OVERDUE_INVOICE: OVERDUE_PAYMENT_PROMISE,2026-08-27T05:16:04.470074
REC-de2e482c,CASE-2892,INSUFFICIENT_FUNDS,62,ESCALATE,30,7222.98,AI Recommendation for OVERDUE_INVOICE: OVERDUE_PAYMENT_PROMISE,2026-08-27T02:16:04.470074
REC-f9e04674,CASE-2893,INSUFFICIENT_FUNDS,32,ESCALATE,30,998.31,AI Recommendation for OVERDUE_INVOICE: OVERDUE_PAYMENT_PROMISE,2026-08-27T08:16:04.470074
REC-4cc452b8,CASE-2894,INSUFFICIENT_FUNDS,54,ESCALATE,30,3318.4,AI Recommendation for OVERDUE_INVOICE: OVERDUE_PAYMENT_PROMISE,2026-08-28T10:16:04.470074
REC-4c2a601e,CASE-2895,INSUFFICIENT_FUNDS,65,ESCALATE,30,2893.45,AI Recommendation for OVERDUE_INVOICE: OVERDUE_PAYMENT_PROMISE,2026-08-27T09:16:04.470074
REC-67ca7469,CASE-2896,INSUFFICIENT_FUNDS,49,ESCALATE,30,2176.29,AI Recommendation for OVERDUE_INVOICE: OVERDUE_PAYMENT_PROMISE,2026-08-27T00:16:04.470074
REC-8bb1a7a6,CASE-2897,TEMPORARY_FAILURE,72,ESCALATE,30,8391.21,AI Recommendation for OVERDUE_INVOICE: OVERDUE_PAYMENT_PROMISE,2026-08-27T01:16:04.470074
REC-8ed05ffa,CASE-2898,INSUFFICIENT_FUNDS,62,ESCALATE,30,2758.98,AI Recommendation for OVERDUE_INVOICE: OVERDUE_PAYMENT_PROMISE,2026-08-27T05:16:04.470074
REC-629222c9,CASE-2899,INSUFFICIENT_FUNDS,69,ESCALATE,30,8040.74,AI Recommendation for OVERDUE_INVOICE: OVERDUE_PAYMENT_PROMISE,2026-08-28T09:16:04.470074
REC-a2cdb9c5,CASE-2900,INSUFFICIENT_FUNDS,67,ESCALATE,30,2112.09,AI Recommendation for OVERDUE_INVOICE: OVERDUE_PAYMENT_PROMISE,2026-08-27T14:16:04.470074
REC-a1cd99e8,CASE-2901,INSUFFICIENT_FUNDS,70,ESCALATE,30,2207.56,AI Recommendation for OVERDUE_INVOICE: OVERDUE_PAYMENT_PROMISE,2026-08-27T09:16:04.470074
REC-6ed971c0,CASE-2902,INSUFFICIENT_FUNDS,52,ESCALATE,30,3194.76,AI Recommendation for OVERDUE_INVOICE: OVERDUE_PAYMENT_PROMISE,2026-08-26T18:16:04.470074
REC-cb8f953f,CASE-2903,INSUFFICIENT_FUNDS,45,ESCALATE,30,1997.0,AI Recommendation for OVERDUE_INVOICE: OVERDUE_PAYMENT_PROMISE,2026-08-28T07:16:04.470074
REC-bc623274,CASE-2904,INSUFFICIENT_FUNDS,49,ESCALATE,30,1539.29,AI Recommendation for OVERDUE_INVOICE: OVERDUE_PAYMENT_PROMISE,2026-08-28T11:16:04.470074
REC-2f96e188,CASE-2905,INSUFFICIENT_FUNDS,32,ESCALATE,30,1958.31,AI Recommendation for OVERDUE_INVOICE: OVERDUE_PAYMENT_PROMISE,2026-08-27T04:16:04.470074
REC-25c8db12,CASE-2906,INSUFFICIENT_FUNDS,47,ESCALATE,30,5470.65,AI Recommendation for OVERDUE_INVOICE: OVERDUE_PAYMENT_PROMISE,2026-08-28T11:16:04.470074
REC-a486d1f6,CASE-2907,INSUFFICIENT_FUNDS,54,ESCALATE,30,3318.4,AI Recommendation for OVERDUE_INVOICE: OVERDUE_PAYMENT_PROMISE,2026-08-27T00:16:04.470074
REC-3f1d5d59,CASE-2908,INSUFFICIENT_FUNDS,61,ESCALATE,30,1921.16,AI Recommendation for OVERDUE_INVOICE: OVERDUE_PAYMENT_PROMISE,2026-08-27T05:16:04.470074
REC-aff64ac4,CASE-2909,INSUFFICIENT_FUNDS,40,ESCALATE,30,2452.89,AI Recommendation for OVERDUE_INVOICE: OVERDUE_PAYMENT_PROMISE,2026-08-28T00:16:04.470074
REC-657fc2c4,CASE-2910,INSUFFICIENT_FUNDS,70,ESCALATE,30,8157.56,AI Recommendation for OVERDUE_INVOICE: OVERDUE_PAYMENT_PROMISE,2026-08-27T20:16:04.470074
REC-48f3c981,CASE-2911,INSUFFICIENT_FUNDS,49,ESCALATE,30,1539.29,AI Recommendation for OVERDUE_INVOICE: OVERDUE_PAYMENT_PROMISE,2026-08-26T21:16:04.470074
REC-33709cbc,CASE-2912,TEMPORARY_FAILURE,75,ESCALATE,30,2366.67,AI Recommendation for OVERDUE_INVOICE: OVERDUE_PAYMENT_PROMISE,2026-08-27T15:16:04.470074
REC-2595bd79,CASE-2913,INSUFFICIENT_FUNDS,34,ESCALATE,30,2081.96,AI Recommendation for OVERDUE_INVOICE: OVERDUE_PAYMENT_PROMISE,2026-08-27T23:16:04.475342
REC-9dd5a640,CASE-2914,INSUFFICIENT_FUNDS,34,ESCALATE,30,2081.96,AI Recommendation for OVERDUE_INVOICE: OVERDUE_PAYMENT_PROMISE,2026-08-26T18:16:04.475342
REC-1e738cac,CASE-2915,INSUFFICIENT_FUNDS,42,ESCALATE,30,2576.54,AI Recommendation for OVERDUE_INVOICE: OVERDUE_PAYMENT_PROMISE,2026-08-26T21:16:04.475342
REC-39c930b2,CASE-2916,TEMPORARY_FAILURE,72,ESCALATE,30,8391.21,AI Recommendation for OVERDUE_INVOICE: OVERDUE_PAYMENT_PROMISE,2026-08-26T20:16:04.475342
REC-7e064af4,CASE-2917,INSUFFICIENT_FUNDS,66,ESCALATE,30,2938.27,AI Recommendation for OVERDUE_INVOICE: OVERDUE_PAYMENT_PROMISE,2026-08-26T13:16:04.475342
REC-6d318bb5,CASE-2918,INSUFFICIENT_FUNDS,47,ESCALATE,30,5470.65,AI Recommendation for OVERDUE_INVOICE: OVERDUE_PAYMENT_PROMISE,2026-08-26T14:16:04.475342
REC-7356a6a1,CASE-2919,INSUFFICIENT_FUNDS,63,ESCALATE,30,1984.8,AI Recommendation for OVERDUE_INVOICE: OVERDUE_PAYMENT_PROMISE,2026-08-28T03:16:04.475342
REC-5197708b,CASE-2920,INSUFFICIENT_FUNDS,39,ESCALATE,30,1728.07,AI Recommendation for OVERDUE_INVOICE: OVERDUE_PAYMENT_PROMISE,2026-08-27T16:16:04.475342
REC-6f0cabb2,CASE-2921,INSUFFICIENT_FUNDS,70,ESCALATE,30,2207.56,AI Recommendation for OVERDUE_INVOICE: OVERDUE_PAYMENT_PROMISE,2026-08-27T18:16:04.475342
REC-11828786,CASE-2922,INSUFFICIENT_FUNDS,46,ESCALATE,30,2041.83,AI Recommendation for OVERDUE_INVOICE: OVERDUE_PAYMENT_PROMISE,2026-08-28T05:16:04.475342
REC-13f67b41,CASE-2923,INSUFFICIENT_FUNDS,42,ESCALATE,30,1862.54,AI Recommendation for OVERDUE_INVOICE: OVERDUE_PAYMENT_PROMISE,2026-08-27T07:16:04.475342
REC-8673c81e,CASE-2924,INSUFFICIENT_FUNDS,65,ESCALATE,30,7573.45,AI Recommendation for OVERDUE_INVOICE: OVERDUE_PAYMENT_PROMISE,2026-08-28T10:16:04.475342
REC-5b4cc69a,CASE-2925,INSUFFICIENT_FUNDS,40,ESCALATE,30,1772.89,AI Recommendation for OVERDUE_INVOICE: OVERDUE_PAYMENT_PROMISE,2026-08-27T20:16:04.475342
REC-0046a840,CASE-2926,TEMPORARY_FAILURE,72,ESCALATE,30,4431.21,AI Recommendation for OVERDUE_INVOICE: OVERDUE_PAYMENT_PROMISE,2026-08-28T10:16:04.475342
REC-ff8e6105,CASE-2927,INSUFFICIENT_FUNDS,31,ESCALATE,30,3601.49,AI Recommendation for OVERDUE_INVOICE: OVERDUE_PAYMENT_PROMISE,2026-08-26T22:16:04.477412
REC-dd7df15c,CASE-2928,INSUFFICIENT_FUNDS,34,ESCALATE,30,2081.96,AI Recommendation for OVERDUE_INVOICE: OVERDUE_PAYMENT_PROMISE,2026-08-26T18:16:04.477412
REC-20332c2b,CASE-2929,INSUFFICIENT_FUNDS,55,ESCALATE,30,1730.23,AI Recommendation for OVERDUE_INVOICE: OVERDUE_PAYMENT_PROMISE,2026-08-27T00:16:04.477412
REC-5fa16231,CASE-2930,INSUFFICIENT_FUNDS,63,ESCALATE,30,1984.8,AI Recommendation for OVERDUE_INVOICE: OVERDUE_PAYMENT_PROMISE,2026-08-28T07:16:04.477412
REC-a4abc64a,CASE-2931,INSUFFICIENT_FUNDS,68,ESCALATE,30,3027.92,AI Recommendation for OVERDUE_INVOICE: OVERDUE_PAYMENT_PROMISE,2026-08-26T23:16:04.477412
REC-50fb657f,CASE-2932,INSUFFICIENT_FUNDS,45,ESCALATE,30,5237.0,AI Recommendation for OVERDUE_INVOICE: OVERDUE_PAYMENT_PROMISE,2026-08-28T06:16:04.477412
REC-ad018701,CASE-2933,INSUFFICIENT_FUNDS,43,ESCALATE,30,1907.36,AI Recommendation for OVERDUE_INVOICE: OVERDUE_PAYMENT_PROMISE,2026-08-27T20:16:04.477412
REC-7ca209c2,CASE-2934,INSUFFICIENT_FUNDS,61,ESCALATE,30,1921.16,AI Recommendation for OVERDUE_INVOICE: OVERDUE_PAYMENT_PROMISE,2026-08-28T05:16:04.477412
REC-5784190c,CASE-2935,INSUFFICIENT_FUNDS,64,ESCALATE,30,3936.63,AI Recommendation for OVERDUE_INVOICE: OVERDUE_PAYMENT_PROMISE,2026-08-27T21:16:04.477412
REC-e456cc1c,CASE-2936,INSUFFICIENT_FUNDS,39,ESCALATE,30,2391.07,AI Recommendation for OVERDUE_INVOICE: OVERDUE_PAYMENT_PROMISE,2026-08-27T13:16:04.477412
REC-9e6a7b1c,CASE-2937,INSUFFICIENT_FUNDS,31,ESCALATE,30,1896.49,AI Recommendation for OVERDUE_INVOICE: OVERDUE_PAYMENT_PROMISE,2026-08-26T18:16:04.477412
REC-f4b253a4,CASE-2938,INSUFFICIENT_FUNDS,46,ESCALATE,30,2041.83,AI Recommendation for OVERDUE_INVOICE: OVERDUE_PAYMENT_PROMISE,2026-08-26T20:16:04.477412
REC-689a8b52,CASE-2939,TEMPORARY_FAILURE,73,ESCALATE,30,4493.03,AI Recommendation for OVERDUE_INVOICE: OVERDUE_PAYMENT_PROMISE,2026-08-27T12:16:04.477412
REC-86b1d569,CASE-2940,INSUFFICIENT_FUNDS,55,ESCALATE,30,1730.23,AI Recommendation for OVERDUE_INVOICE: OVERDUE_PAYMENT_PROMISE,2026-08-27T21:16:04.477412
REC-c9dc10d6,CASE-2941,INSUFFICIENT_FUNDS,43,ESCALATE,30,2638.36,AI Recommendation for OVERDUE_INVOICE: OVERDUE_PAYMENT_PROMISE,2026-08-27T16:16:04.477412
REC-1919f212,CASE-2942,INSUFFICIENT_FUNDS,32,ESCALATE,30,3718.31,AI Recommendation for OVERDUE_INVOICE: OVERDUE_PAYMENT_PROMISE,2026-08-27T06:16:04.479425
REC-4bd78af7,CASE-2943,INSUFFICIENT_FUNDS,51,ESCALATE,30,5937.94,AI Recommendation for OVERDUE_INVOICE: OVERDUE_PAYMENT_PROMISE,2026-08-26T16:16:04.479425
REC-fffe7476,CASE-2944,INSUFFICIENT_FUNDS,62,ESCALATE,30,3812.98,AI Recommendation for OVERDUE_INVOICE: OVERDUE_PAYMENT_PROMISE,2026-08-26T22:16:04.479425
REC-247866df,CASE-2945,INSUFFICIENT_FUNDS,59,ESCALATE,30,3627.52,AI Recommendation for OVERDUE_INVOICE: OVERDUE_PAYMENT_PROMISE,2026-08-26T19:16:04.479425
REC-e44fde08,CASE-2946,INSUFFICIENT_FUNDS,70,ESCALATE,30,3117.56,AI Recommendation for OVERDUE_INVOICE: OVERDUE_PAYMENT_PROMISE,2026-08-27T11:16:04.479425
REC-4ed04f03,CASE-2947,INSUFFICIENT_FUNDS,70,ESCALATE,30,3117.56,AI Recommendation for OVERDUE_INVOICE: OVERDUE_PAYMENT_PROMISE,2026-08-28T07:16:04.479425
REC-bec16215,CASE-2948,INSUFFICIENT_FUNDS,40,ESCALATE,30,1252.89,AI Recommendation for OVERDUE_INVOICE: OVERDUE_PAYMENT_PROMISE,2026-08-26T17:16:04.479425
REC-7c8727d8,CASE-2949,INSUFFICIENT_FUNDS,50,ESCALATE,30,5821.11,AI Recommendation for OVERDUE_INVOICE: OVERDUE_PAYMENT_PROMISE,2026-08-28T04:16:04.479425
REC-e2abd88c,CASE-2950,INSUFFICIENT_FUNDS,41,ESCALATE,30,2514.71,AI Recommendation for OVERDUE_INVOICE: OVERDUE_PAYMENT_PROMISE,2026-08-28T07:16:04.479425
REC-69b189df,CASE-2951,INSUFFICIENT_FUNDS,53,ESCALATE,30,6171.58,AI Recommendation for OVERDUE_INVOICE: OVERDUE_PAYMENT_PROMISE,2026-08-27T00:16:04.479425
REC-f180e914,CASE-2952,INSUFFICIENT_FUNDS,31,ESCALATE,30,1369.49,AI Recommendation for OVERDUE_INVOICE: OVERDUE_PAYMENT_PROMISE,2026-08-27T07:16:04.479425
REC-50e60d75,CASE-2953,INSUFFICIENT_FUNDS,46,ESCALATE,30,2041.83,AI Recommendation for OVERDUE_INVOICE: OVERDUE_PAYMENT_PROMISE,2026-08-26T21:16:04.479425
REC-2f7f74c5,CASE-2954,INSUFFICIENT_FUNDS,68,ESCALATE,30,7923.92,AI Recommendation for OVERDUE_INVOICE: OVERDUE_PAYMENT_PROMISE,2026-08-27T13:16:04.479425
REC-4f727aa8,CASE-2955,INSUFFICIENT_FUNDS,66,ESCALATE,30,2938.27,AI Recommendation for OVERDUE_INVOICE: OVERDUE_PAYMENT_PROMISE,2026-08-27T03:16:04.479425
REC-5f043109,CASE-2956,INSUFFICIENT_FUNDS,59,ESCALATE,30,6872.52,AI Recommendation for OVERDUE_INVOICE: OVERDUE_PAYMENT_PROMISE,2026-08-26T15:16:04.479425
REC-52ee7209,CASE-2957,INSUFFICIENT_FUNDS,42,ESCALATE,30,1862.54,AI Recommendation for OVERDUE_INVOICE: OVERDUE_PAYMENT_PROMISE,2026-08-27T05:16:04.481182
REC-dab4077a,CASE-2958,INSUFFICIENT_FUNDS,38,ESCALATE,30,4419.25,AI Recommendation for OVERDUE_INVOICE: OVERDUE_PAYMENT_PROMISE,2026-08-27T23:16:04.481182
REC-5b60442b,CASE-2959,TEMPORARY_FAILURE,73,ESCALATE,30,4493.03,AI Recommendation for OVERDUE_INVOICE: OVERDUE_PAYMENT_PROMISE,2026-08-27T10:16:04.481182
REC-a2319640,CASE-2960,INSUFFICIENT_FUNDS,31,ESCALATE,30,1369.49,AI Recommendation for OVERDUE_INVOICE: OVERDUE_PAYMENT_PROMISE,2026-08-26T21:16:04.481182
REC-3710f383,CASE-2961,INSUFFICIENT_FUNDS,45,ESCALATE,30,5237.0,AI Recommendation for OVERDUE_INVOICE: OVERDUE_PAYMENT_PROMISE,2026-08-28T12:16:04.481182
REC-7e000959,CASE-2962,INSUFFICIENT_FUNDS,38,ESCALATE,30,4419.25,AI Recommendation for OVERDUE_INVOICE: OVERDUE_PAYMENT_PROMISE,2026-08-27T23:16:04.481182
REC-f128ec13,CASE-2963,TEMPORARY_FAILURE,75,ESCALATE,30,8741.67,AI Recommendation for OVERDUE_INVOICE: OVERDUE_PAYMENT_PROMISE,2026-08-28T06:16:04.481182
REC-1774ce75,CASE-2964,INSUFFICIENT_FUNDS,33,ESCALATE,30,1030.14,AI Recommendation for OVERDUE_INVOICE: OVERDUE_PAYMENT_PROMISE,2026-08-27T14:16:04.481182
REC-cd9ead73,CASE-2965,INSUFFICIENT_FUNDS,30,ESCALATE,30,934.67,AI Recommendation for OVERDUE_INVOICE: OVERDUE_PAYMENT_PROMISE,2026-08-27T11:16:04.483196
REC-5d16e629,CASE-2966,INSUFFICIENT_FUNDS,38,ESCALATE,30,2329.25,AI Recommendation for OVERDUE_INVOICE: OVERDUE_PAYMENT_PROMISE,2026-08-28T01:16:04.483196
REC-d791f8f4,CASE-2967,INSUFFICIENT_FUNDS,40,ESCALATE,30,2452.89,AI Recommendation for OVERDUE_INVOICE: OVERDUE_PAYMENT_PROMISE,2026-08-27T07:16:04.483196
REC-77d9aa16,CASE-2968,INSUFFICIENT_FUNDS,35,ESCALATE,30,1548.78,AI Recommendation for OVERDUE_INVOICE: OVERDUE_PAYMENT_PROMISE,2026-08-27T20:16:04.483196
REC-2395dd3a,CASE-2969,INSUFFICIENT_FUNDS,50,ESCALATE,30,1571.12,AI Recommendation for OVERDUE_INVOICE: OVERDUE_PAYMENT_PROMISE,2026-08-27T19:16:04.483196
REC-2e7799e5,CASE-2970,INSUFFICIENT_FUNDS,57,ESCALATE,30,3503.87,AI Recommendation for OVERDUE_INVOICE: OVERDUE_PAYMENT_PROMISE,2026-08-27T20:16:04.483196
REC-7320ee53,CASE-2971,INSUFFICIENT_FUNDS,57,ESCALATE,30,3503.87,AI Recommendation for OVERDUE_INVOICE: OVERDUE_PAYMENT_PROMISE,2026-08-27T05:16:04.485209
REC-d528aa1e,CASE-2972,INSUFFICIENT_FUNDS,65,ESCALATE,30,2893.45,AI Recommendation for OVERDUE_INVOICE: OVERDUE_PAYMENT_PROMISE,2026-08-28T03:16:04.485209
REC-7a3dca62,CASE-2973,INSUFFICIENT_FUNDS,44,ESCALATE,30,1380.18,AI Recommendation for OVERDUE_INVOICE: OVERDUE_PAYMENT_PROMISE,2026-08-27T20:16:04.485209
REC-6c7219c8,CASE-2974,TEMPORARY_FAILURE,75,ESCALATE,30,3341.67,AI Recommendation for OVERDUE_INVOICE: OVERDUE_PAYMENT_PROMISE,2026-08-27T05:16:04.485209
REC-02a02dcb,CASE-2975,INSUFFICIENT_FUNDS,58,ESCALATE,30,1825.69,AI Recommendation for OVERDUE_INVOICE: OVERDUE_PAYMENT_PROMISE,2026-08-27T05:16:04.485209
REC-be1b1250,CASE-2976,INSUFFICIENT_FUNDS,39,ESCALATE,30,1221.07,AI Recommendation for OVERDUE_INVOICE: OVERDUE_PAYMENT_PROMISE,2026-08-27T23:16:04.485209
REC-52d2637e,CASE-2977,INSUFFICIENT_FUNDS,41,ESCALATE,30,2514.71,AI Recommendation for OVERDUE_INVOICE: OVERDUE_PAYMENT_PROMISE,2026-08-26T18:16:04.485209
REC-f2e8b714,CASE-2978,INSUFFICIENT_FUNDS,67,ESCALATE,30,2983.09,AI Recommendation for OVERDUE_INVOICE: OVERDUE_PAYMENT_PROMISE,2026-08-28T08:16:04.488208
REC-809c3fe5,CASE-2979,INSUFFICIENT_FUNDS,61,ESCALATE,30,2714.16,AI Recommendation for OVERDUE_INVOICE: OVERDUE_PAYMENT_PROMISE,2026-08-27T18:16:04.488208
REC-b1ffe4e6,CASE-2980,INSUFFICIENT_FUNDS,55,ESCALATE,30,1730.23,AI Recommendation for OVERDUE_INVOICE: OVERDUE_PAYMENT_PROMISE,2026-08-28T03:16:04.488208
REC-c69fd3b8,CASE-2981,INSUFFICIENT_FUNDS,35,ESCALATE,30,1093.78,AI Recommendation for OVERDUE_INVOICE: OVERDUE_PAYMENT_PROMISE,2026-08-26T20:16:04.488208
REC-fed65f45,CASE-2982,INSUFFICIENT_FUNDS,68,ESCALATE,30,4183.92,AI Recommendation for OVERDUE_INVOICE: OVERDUE_PAYMENT_PROMISE,2026-08-26T19:16:04.488208
REC-2927bbef,CASE-2983,INSUFFICIENT_FUNDS,50,ESCALATE,30,5821.11,AI Recommendation for OVERDUE_INVOICE: OVERDUE_PAYMENT_PROMISE,2026-08-28T09:16:04.488208
REC-36ea854e,CASE-2984,INSUFFICIENT_FUNDS,50,ESCALATE,30,3071.11,AI Recommendation for OVERDUE_INVOICE: OVERDUE_PAYMENT_PROMISE,2026-08-26T22:16:04.488208
REC-37dcf825,CASE-2985,INSUFFICIENT_FUNDS,35,ESCALATE,30,4068.78,AI Recommendation for OVERDUE_INVOICE: OVERDUE_PAYMENT_PROMISE,2026-08-27T21:16:04.488208
REC-6a435336,CASE-2986,INSUFFICIENT_FUNDS,35,ESCALATE,30,4068.78,AI Recommendation for OVERDUE_INVOICE: OVERDUE_PAYMENT_PROMISE,2026-08-27T12:16:04.488208
REC-8ab95b3a,CASE-2987,INSUFFICIENT_FUNDS,48,ESCALATE,30,5587.47,AI Recommendation for OVERDUE_INVOICE: OVERDUE_PAYMENT_PROMISE,2026-08-27T05:16:04.488208
REC-3e966ad3,CASE-2988,INSUFFICIENT_FUNDS,49,ESCALATE,30,5704.29,AI Recommendation for OVERDUE_INVOICE: OVERDUE_PAYMENT_PROMISE,2026-08-28T06:16:04.488208
REC-5a84d179,CASE-2989,INSUFFICIENT_FUNDS,62,ESCALATE,30,3812.98,AI Recommendation for OVERDUE_INVOICE: OVERDUE_PAYMENT_PROMISE,2026-08-27T12:16:04.488208
REC-1f7c4fb9,CASE-2990,INSUFFICIENT_FUNDS,47,ESCALATE,30,5470.65,AI Recommendation for OVERDUE_INVOICE: OVERDUE_PAYMENT_PROMISE,2026-08-27T09:16:04.488208
REC-b01b1ac1,CASE-2991,INSUFFICIENT_FUNDS,69,ESCALATE,30,4245.74,AI Recommendation for OVERDUE_INVOICE: OVERDUE_PAYMENT_PROMISE,2026-08-27T09:16:04.488208
REC-3f0a5323,CASE-2992,INSUFFICIENT_FUNDS,32,ESCALATE,30,998.31,AI Recommendation for OVERDUE_INVOICE: OVERDUE_PAYMENT_PROMISE,2026-08-26T17:16:04.488208
REC-971bd477,CASE-2993,TEMPORARY_FAILURE,71,ESCALATE,30,3162.38,AI Recommendation for OVERDUE_INVOICE: OVERDUE_PAYMENT_PROMISE,2026-08-26T20:16:04.488208
REC-09d6c641,CASE-2994,INSUFFICIENT_FUNDS,48,ESCALATE,30,1507.47,AI Recommendation for OVERDUE_INVOICE: OVERDUE_PAYMENT_PROMISE,2026-08-27T06:16:04.488208
REC-05b5e32c,CASE-2995,INSUFFICIENT_FUNDS,39,ESCALATE,30,2391.07,AI Recommendation for OVERDUE_INVOICE: OVERDUE_PAYMENT_PROMISE,2026-08-27T03:16:04.488208
REC-1134e5d7,CASE-2996,INSUFFICIENT_FUNDS,48,ESCALATE,30,5587.47,AI Recommendation for OVERDUE_INVOICE: OVERDUE_PAYMENT_PROMISE,2026-08-28T08:16:04.488208
REC-bdd9691c,CASE-2997,INSUFFICIENT_FUNDS,62,ESCALATE,30,1952.98,AI Recommendation for OVERDUE_INVOICE: OVERDUE_PAYMENT_PROMISE,2026-08-28T06:16:04.488208
REC-95517b28,CASE-2998,TEMPORARY_FAILURE,72,ESCALATE,30,8391.21,AI Recommendation for OVERDUE_INVOICE: OVERDUE_PAYMENT_PROMISE,2026-08-27T20:16:04.488208
REC-732ed199,CASE-2999,INSUFFICIENT_FUNDS,62,ESCALATE,30,1953.08,AI Recommendation for OVERDUE_INVOICE: OVERDUE_PAYMENT_PROMISE,2026-08-26T18:16:04.488208
