id,source_type,source_id,customer_id,amount_at_risk,problem_type,recovery_score,risk_level,recommended_action,policy_decision,status,retry_count,max_retries,created_at
CASE-1021,TRANSACTION,TX-94F15833,CUST-1177,2000.0,FAILED_PAYMENT,87,LOW,RETRY,AUTO,SCHEDULED,0,2,2026-08-28T09:16:04.270951
CASE-1032,TRANSACTION,TX-4587CB84,CUST-1036,8500.0,CHECKOUT_ABANDONMENT,75,MEDIUM,REMIND,HUMAN,AWAITING_APPROVAL,0,2,2026-08-27T18:16:04.270951
CASE-1048,TRANSACTION,TX-008BEDC7,CUST-1210,25000.0,FAILED_PAYMENT,10,HIGH,STOP,BLOCK,BLOCKED,0,2,2026-08-26T19:16:04.270951
CASE-1088,TRANSACTION,TX-C13D9B48,CUST-1216,2000.0,SUBSCRIPTION_FAILURE,65,MEDIUM,RETRY,HUMAN,OPEN,1,2,2026-08-27T08:16:04.272959
CASE-1102,TRANSACTION,TX-DC762998,CUST-1194,75000.0,OVERDUE_INVOICE,55,HIGH,ESCALATE,HUMAN,AWAITING_APPROVAL,0,2,2026-08-26T17:16:04.272959
CASE-2005,TRANSACTION,TX-216C35E2,CUST-1069,11682.23,FAILED_PAYMENT,79,MEDIUM,RETRY,HUMAN,AWAITING_APPROVAL,0,2,2026-08-28T01:16:04.272959
CASE-2006,TRANSACTION,TX-EADEC019,CUST-1271,7182.23,FAILED_PAYMENT,70,MEDIUM,RETRY,HUMAN,AWAITING_APPROVAL,0,2,2026-08-27T22:16:04.272959
CASE-2007,TRANSACTION,TX-98D30E49,CUST-1153,1181.23,FAILED_PAYMENT,93,LOW,RETRY,AUTO,RECOVERED,0,2,2026-08-26T14:16:04.272959
CASE-2008,TRANSACTION,TX-AA3E5E2A,CUST-1273,7182.23,FAILED_PAYMENT,72,MEDIUM,RETRY,HUMAN,AWAITING_APPROVAL,0,2,2026-08-27T21:16:04.272959
CASE-2009,TRANSACTION,TX-5D86C388,CUST-1080,4681.23,FAILED_PAYMENT,67,MEDIUM,RETRY,HUMAN,AWAITING_APPROVAL,0,2,2026-08-26T14:16:04.272959
CASE-2010,TRANSACTION,TX-2DE3CBDF,CUST-1215,1181.23,FAILED_PAYMENT,47,MEDIUM,RETRY,HUMAN,AWAITING_APPROVAL,0,2,2026-08-27T23:16:04.272959
CASE-2011,TRANSACTION,TX-38EA4DEF,CUST-1018,1181.23,FAILED_PAYMENT,51,MEDIUM,RETRY,HUMAN,AWAITING_APPROVAL,0,2,2026-08-26T17:16:04.272959
CASE-2012,TRANSACTION,TX-F002255A,CUST-1126,11682.23,FAILED_PAYMENT,48,MEDIUM,RETRY,HUMAN,AWAITING_APPROVAL,0,2,2026-08-27T08:16:04.272959
CASE-2013,TRANSACTION,TX-90E27A99,CUST-1112,2181.23,FAILED_PAYMENT,79,MEDIUM,RETRY,HUMAN,AWAITING_APPROVAL,0,2,2026-08-27T04:16:04.272959
CASE-2014,TRANSACTION,TX-D3302974,CUST-1295,3681.23,FAILED_PAYMENT,59,MEDIUM,RETRY,HUMAN,AWAITING_APPROVAL,0,2,2026-08-26T22:16:04.272959
CASE-2015,TRANSACTION,TX-35C25470,CUST-1122,11682.23,FAILED_PAYMENT,65,MEDIUM,RETRY,HUMAN,AWAITING_APPROVAL,0,2,2026-08-26T18:16:04.272959
CASE-2016,TRANSACTION,TX-6FBB0F8B,CUST-1212,7182.23,FAILED_PAYMENT,59,MEDIUM,RETRY,HUMAN,AWAITING_APPROVAL,0,2,2026-08-28T09:16:04.272959
CASE-2017,TRANSACTION,TX-42CD9390,CUST-1090,7182.23,FAILED_PAYMENT,82,MEDIUM,RETRY,HUMAN,AWAITING_APPROVAL,0,2,2026-08-27T05:16:04.272959
CASE-2018,TRANSACTION,TX-001599FE,CUST-1196,1181.23,FAILED_PAYMENT,67,MEDIUM,RETRY,HUMAN,AWAITING_APPROVAL,0,2,2026-08-27T10:16:04.274968
CASE-2019,TRANSACTION,TX-21CDEA7B,CUST-1154,4681.23,FAILED_PAYMENT,54,MEDIUM,RETRY,HUMAN,AWAITING_APPROVAL,0,2,2026-08-27T02:16:04.274968
CASE-2020,TRANSACTION,TX-68FBC4B8,CUST-1116,4681.23,FAILED_PAYMENT,60,MEDIUM,RETRY,HUMAN,AWAITING_APPROVAL,0,2,2026-08-28T03:16:04.274968
CASE-2021,TRANSACTION,TX-9F41DEDA,CUST-1288,4681.23,FAILED_PAYMENT,48,MEDIUM,RETRY,HUMAN,AWAITING_APPROVAL,0,2,2026-08-27T01:16:04.274968
CASE-2022,TRANSACTION,TX-D9A92F77,CUST-1199,7182.23,FAILED_PAYMENT,53,MEDIUM,RETRY,HUMAN,AWAITING_APPROVAL,0,2,2026-08-27T23:16:04.274968
CASE-2023,TRANSACTION,TX-1BD4078B,CUST-1231,3681.23,FAILED_PAYMENT,86,LOW,RETRY,AUTO,RECOVERED,0,2,2026-08-27T02:16:04.274968
CASE-2024,TRANSACTION,TX-9CFA3F3B,CUST-1027,11682.23,FAILED_PAYMENT,57,MEDIUM,RETRY,HUMAN,AWAITING_APPROVAL,0,2,2026-08-26T17:16:04.274968
CASE-2025,TRANSACTION,TX-9F1DBF43,CUST-1021,7182.23,FAILED_PAYMENT,83,MEDIUM,RETRY,HUMAN,AWAITING_APPROVAL,0,2,2026-08-26T23:16:04.274968
CASE-2026,TRANSACTION,TX-608B27F4,CUST-1287,11682.23,FAILED_PAYMENT,87,MEDIUM,RETRY,HUMAN,AWAITING_APPROVAL,0,2,2026-08-27T23:16:04.274968
CASE-2027,TRANSACTION,TX-3DC53804,CUST-1008,3681.23,FAILED_PAYMENT,64,MEDIUM,RETRY,HUMAN,AWAITING_APPROVAL,0,2,2026-08-26T13:16:04.274968
CASE-2028,TRANSACTION,TX-077AFC4F,CUST-1246,1181.23,FAILED_PAYMENT,92,LOW,RETRY,AUTO,BLOCKED,0,2,2026-08-26T22:16:04.274968
CASE-2029,TRANSACTION,TX-AB9404F4,CUST-1204,11682.23,FAILED_PAYMENT,58,MEDIUM,RETRY,HUMAN,AWAITING_APPROVAL,0,2,2026-08-27T16:16:04.274968
CASE-2030,TRANSACTION,TX-12455110,CUST-1239,3681.23,FAILED_PAYMENT,69,MEDIUM,RETRY,HUMAN,AWAITING_APPROVAL,0,2,2026-08-27T20:16:04.274968
CASE-2031,TRANSACTION,TX-1EB20DF1,CUST-1255,3681.23,FAILED_PAYMENT,77,MEDIUM,RETRY,HUMAN,AWAITING_APPROVAL,0,2,2026-08-26T14:16:04.274968
CASE-2032,TRANSACTION,TX-D3BF0AD3,CUST-1105,4681.23,FAILED_PAYMENT,93,LOW,RETRY,AUTO,BLOCKED,0,2,2026-08-27T10:16:04.276625
CASE-2033,TRANSACTION,TX-1331DDFB,CUST-1075,1181.23,FAILED_PAYMENT,81,LOW,RETRY,AUTO,BLOCKED,0,2,2026-08-27T01:16:04.276625
CASE-2034,TRANSACTION,TX-7B97FD8B,CUST-1214,7182.23,FAILED_PAYMENT,82,MEDIUM,RETRY,HUMAN,AWAITING_APPROVAL,0,2,2026-08-28T00:16:04.276625
CASE-2035,TRANSACTION,TX-9247986C,CUST-1195,3681.23,FAILED_PAYMENT,59,MEDIUM,RETRY,HUMAN,AWAITING_APPROVAL,0,2,2026-08-27T01:16:04.276625
CASE-2036,TRANSACTION,TX-B7A904E1,CUST-1173,11682.23,FAILED_PAYMENT,88,MEDIUM,RETRY,HUMAN,AWAITING_APPROVAL,0,2,2026-08-26T14:16:04.276625
CASE-2037,TRANSACTION,TX-99D269C0,CUST-1252,11682.23,FAILED_PAYMENT,92,MEDIUM,RETRY,HUMAN,AWAITING_APPROVAL,0,2,2026-08-26T14:16:04.276625
CASE-2038,TRANSACTION,TX-6DF36CEB,CUST-1072,3681.23,FAILED_PAYMENT,55,MEDIUM,RETRY,HUMAN,AWAITING_APPROVAL,0,2,2026-08-27T02:16:04.276625
CASE-2039,TRANSACTION,TX-79AB2FC2,CUST-1269,11682.23,FAILED_PAYMENT,48,MEDIUM,RETRY,HUMAN,AWAITING_APPROVAL,0,2,2026-08-26T18:16:04.276625
CASE-2040,TRANSACTION,TX-D20C75DF,CUST-1071,1181.23,FAILED_PAYMENT,93,LOW,RETRY,AUTO,RECOVERED,0,2,2026-08-26T15:16:04.276625
CASE-2041,TRANSACTION,TX-43EFC304,CUST-1112,2181.23,FAILED_PAYMENT,45,MEDIUM,RETRY,HUMAN,AWAITING_APPROVAL,0,2,2026-08-28T09:16:04.276625
CASE-2042,TRANSACTION,TX-00B88EE6,CUST-1248,7182.23,FAILED_PAYMENT,85,MEDIUM,RETRY,HUMAN,AWAITING_APPROVAL,0,2,2026-08-28T12:16:04.276625
CASE-2043,TRANSACTION,TX-E3352802,CUST-1211,7182.23,FAILED_PAYMENT,80,MEDIUM,RETRY,HUMAN,AWAITING_APPROVAL,0,2,2026-08-27T03:16:04.276625
CASE-2044,TRANSACTION,TX-A878963B,CUST-1275,11682.23,FAILED_PAYMENT,62,MEDIUM,RETRY,HUMAN,AWAITING_APPROVAL,0,2,2026-08-27T04:16:04.276625
CASE-2045,TRANSACTION,TX-8C2ED071,CUST-1221,11682.23,FAILED_PAYMENT,88,MEDIUM,RETRY,HUMAN,AWAITING_APPROVAL,0,2,2026-08-28T06:16:04.276625
CASE-2046,TRANSACTION,TX-5D592198,CUST-1124,7182.23,FAILED_PAYMENT,54,MEDIUM,RETRY,HUMAN,AWAITING_APPROVAL,0,2,2026-08-27T03:16:04.276625
CASE-2047,TRANSACTION,TX-08B631C2,CUST-1137,3681.23,FAILED_PAYMENT,67,MEDIUM,RETRY,HUMAN,AWAITING_APPROVAL,0,2,2026-08-27T13:16:04.276625
CASE-2048,TRANSACTION,TX-AA917F48,CUST-1290,4681.23,FAILED_PAYMENT,74,MEDIUM,RETRY,HUMAN,AWAITING_APPROVAL,0,2,2026-08-27T22:16:04.276625
CASE-2049,TRANSACTION,TX-F735CD70,CUST-1042,3681.23,FAILED_PAYMENT,88,LOW,RETRY,AUTO,BLOCKED,0,2,2026-08-27T11:16:04.276625
CASE-2050,TRANSACTION,TX-78ACCF6F,CUST-1283,4681.23,FAILED_PAYMENT,69,MEDIUM,RETRY,HUMAN,AWAITING_APPROVAL,0,2,2026-08-26T20:16:04.278632
CASE-2051,TRANSACTION,TX-4A1E509E,CUST-1256,1181.23,FAILED_PAYMENT,89,LOW,RETRY,AUTO,RECOVERED,0,2,2026-08-27T15:16:04.278632
CASE-2052,TRANSACTION,TX-C335BAB9,CUST-1271,7182.23,FAILED_PAYMENT,51,MEDIUM,RETRY,HUMAN,AWAITING_APPROVAL,0,2,2026-08-27T23:16:04.278632
CASE-2053,TRANSACTION,TX-AD5584B1,CUST-1244,11682.23,FAILED_PAYMENT,81,MEDIUM,RETRY,HUMAN,AWAITING_APPROVAL,0,2,2026-08-28T08:16:04.278632
CASE-2054,TRANSACTION,TX-FF904083,CUST-1279,11682.23,FAILED_PAYMENT,62,MEDIUM,RETRY,HUMAN,AWAITING_APPROVAL,0,2,2026-08-27T16:16:04.278632
CASE-2055,TRANSACTION,TX-F721471E,CUST-1074,1181.23,FAILED_PAYMENT,58,MEDIUM,RETRY,HUMAN,AWAITING_APPROVAL,0,2,2026-08-27T17:16:04.278632
CASE-2056,TRANSACTION,TX-0BEEEBE3,CUST-1200,2181.23,FAILED_PAYMENT,81,LOW,RETRY,AUTO,RECOVERED,0,2,2026-08-26T13:16:04.278632
CASE-2057,TRANSACTION,TX-19D8D038,CUST-1041,2181.23,FAILED_PAYMENT,95,LOW,RETRY,AUTO,BLOCKED,0,2,2026-08-28T06:16:04.278632
CASE-2058,TRANSACTION,TX-971F1320,CUST-1039,4681.23,FAILED_PAYMENT,59,MEDIUM,RETRY,HUMAN,AWAITING_APPROVAL,0,2,2026-08-26T21:16:04.278632
CASE-2059,TRANSACTION,TX-437C4270,CUST-1168,7182.23,FAILED_PAYMENT,70,MEDIUM,RETRY,HUMAN,AWAITING_APPROVAL,0,2,2026-08-27T19:16:04.278632
CASE-2060,TRANSACTION,TX-6EE6E37C,CUST-1117,4681.23,FAILED_PAYMENT,76,MEDIUM,RETRY,HUMAN,AWAITING_APPROVAL,0,2,2026-08-27T12:16:04.278632
CASE-2061,TRANSACTION,TX-4BECB2A8,CUST-1300,4681.23,FAILED_PAYMENT,56,MEDIUM,RETRY,HUMAN,AWAITING_APPROVAL,0,2,2026-08-26T21:16:04.278632
CASE-2062,TRANSACTION,TX-62D41795,CUST-1038,3681.23,FAILED_PAYMENT,60,MEDIUM,RETRY,HUMAN,AWAITING_APPROVAL,0,2,2026-08-28T03:16:04.278632
CASE-2063,TRANSACTION,TX-C94413B8,CUST-1079,4681.23,FAILED_PAYMENT,90,LOW,RETRY,AUTO,BLOCKED,0,2,2026-08-27T13:16:04.278632
CASE-2064,TRANSACTION,TX-30F8966B,CUST-1003,1181.23,FAILED_PAYMENT,50,MEDIUM,RETRY,HUMAN,AWAITING_APPROVAL,0,2,2026-08-27T13:16:04.278632
CASE-2065,TRANSACTION,TX-7AEAD9A3,CUST-1068,3681.23,FAILED_PAYMENT,51,MEDIUM,RETRY,HUMAN,AWAITING_APPROVAL,0,2,2026-08-27T09:16:04.278632
CASE-2066,TRANSACTION,TX-0FD7EDF5,CUST-1209,4681.23,FAILED_PAYMENT,80,LOW,RETRY,AUTO,RECOVERED,0,2,2026-08-28T07:16:04.278632
CASE-2067,TRANSACTION,TX-80B7DF2B,CUST-1167,3681.23,FAILED_PAYMENT,80,LOW,RETRY,AUTO,RECOVERED,0,2,2026-08-27T18:16:04.278632
CASE-2068,TRANSACTION,TX-55A31A48,CUST-1044,4681.23,FAILED_PAYMENT,69,MEDIUM,RETRY,HUMAN,AWAITING_APPROVAL,0,2,2026-08-27T03:16:04.278632
CASE-2069,TRANSACTION,TX-D81CBB03,CUST-1072,2181.23,FAILED_PAYMENT,88,LOW,RETRY,AUTO,RECOVERED,0,2,2026-08-27T19:16:04.278632
CASE-2070,TRANSACTION,TX-8FF66714,CUST-1033,4681.23,FAILED_PAYMENT,54,MEDIUM,RETRY,HUMAN,AWAITING_APPROVAL,0,2,2026-08-27T19:16:04.278632
CASE-2071,TRANSACTION,TX-9633BCCC,CUST-1248,4681.23,FAILED_PAYMENT,64,MEDIUM,RETRY,HUMAN,AWAITING_APPROVAL,0,2,2026-08-27T20:16:04.278632
CASE-2072,TRANSACTION,TX-07CA4A9D,CUST-1101,2181.23,FAILED_PAYMENT,91,LOW,RETRY,AUTO,RECOVERED,0,2,2026-08-28T04:16:04.278632
CASE-2073,TRANSACTION,TX-8098A181,CUST-1203,3681.23,FAILED_PAYMENT,45,MEDIUM,RETRY,HUMAN,AWAITING_APPROVAL,0,2,2026-08-27T12:16:04.278632
CASE-2074,TRANSACTION,TX-D899BA92,CUST-1172,3681.23,FAILED_PAYMENT,73,MEDIUM,RETRY,HUMAN,AWAITING_APPROVAL,0,2,2026-08-26T22:16:04.278632
CASE-2075,TRANSACTION,TX-F04D3DBC,CUST-1165,2181.23,FAILED_PAYMENT,64,MEDIUM,RETRY,HUMAN,AWAITING_APPROVAL,0,2,2026-08-27T16:16:04.278632
CASE-2076,TRANSACTION,TX-C3DEEFAC,CUST-1164,2181.23,FAILED_PAYMENT,70,MEDIUM,RETRY,HUMAN,AWAITING_APPROVAL,0,2,2026-08-26T16:16:04.278632
CASE-2077,TRANSACTION,TX-36DBEF3D,CUST-1295,11682.23,FAILED_PAYMENT,76,MEDIUM,RETRY,HUMAN,AWAITING_APPROVAL,0,2,2026-08-27T12:16:04.278632
CASE-2078,TRANSACTION,TX-AA6E97F0,CUST-1059,3681.23,FAILED_PAYMENT,95,LOW,RETRY,AUTO,RECOVERED,0,2,2026-08-27T02:16:04.278632
CASE-2079,TRANSACTION,TX-41C9F3EF,CUST-1014,2181.23,FAILED_PAYMENT,88,LOW,RETRY,AUTO,BLOCKED,0,2,2026-08-27T23:16:04.278632
CASE-2080,TRANSACTION,TX-D5DAD6A3,CUST-1036,4681.23,FAILED_PAYMENT,63,MEDIUM,RETRY,HUMAN,AWAITING_APPROVAL,0,2,2026-08-27T05:16:04.278632
CASE-2081,TRANSACTION,TX-90898810,CUST-1130,2181.23,FAILED_PAYMENT,85,LOW,RETRY,AUTO,RECOVERED,0,2,2026-08-27T09:16:04.278632
CASE-2082,TRANSACTION,TX-20B1B1B0,CUST-1230,4681.23,FAILED_PAYMENT,49,MEDIUM,RETRY,HUMAN,AWAITING_APPROVAL,0,2,2026-08-27T11:16:04.278632
CASE-2083,TRANSACTION,TX-4E02CDF3,CUST-1215,7182.23,FAILED_PAYMENT,77,MEDIUM,RETRY,HUMAN,AWAITING_APPROVAL,0,2,2026-08-26T16:16:04.278632
CASE-2084,TRANSACTION,TX-E3426B8E,CUST-1044,7182.23,FAILED_PAYMENT,83,MEDIUM,RETRY,HUMAN,AWAITING_APPROVAL,0,2,2026-08-26T18:16:04.278632
CASE-2085,TRANSACTION,TX-8D5F6D43,CUST-1086,11682.23,FAILED_PAYMENT,67,MEDIUM,RETRY,HUMAN,AWAITING_APPROVAL,0,2,2026-08-26T19:16:04.278632
CASE-2086,TRANSACTION,TX-E74D2BC1,CUST-1205,11682.23,FAILED_PAYMENT,86,MEDIUM,RETRY,HUMAN,AWAITING_APPROVAL,0,2,2026-08-28T06:16:04.278632
CASE-2087,TRANSACTION,TX-A1102973,CUST-1133,1181.23,FAILED_PAYMENT,51,MEDIUM,RETRY,HUMAN,AWAITING_APPROVAL,0,2,2026-08-26T13:16:04.278632
CASE-2088,TRANSACTION,TX-95679EB3,CUST-1298,7182.23,FAILED_PAYMENT,80,MEDIUM,RETRY,HUMAN,AWAITING_APPROVAL,0,2,2026-08-27T13:16:04.278632
CASE-2089,TRANSACTION,TX-AE460440,CUST-1257,4681.23,FAILED_PAYMENT,74,MEDIUM,RETRY,HUMAN,AWAITING_APPROVAL,0,2,2026-08-28T11:16:04.278632
CASE-2090,TRANSACTION,TX-4AB80B21,CUST-1152,4681.23,FAILED_PAYMENT,51,MEDIUM,RETRY,HUMAN,AWAITING_APPROVAL,0,2,2026-08-28T05:16:04.278632
CASE-2091,TRANSACTION,TX-38CF0C59,CUST-1179,11682.23,FAILED_PAYMENT,54,MEDIUM,RETRY,HUMAN,AWAITING_APPROVAL,0,2,2026-08-27T07:16:04.278632
CASE-2092,TRANSACTION,TX-83EA7981,CUST-1248,2181.23,FAILED_PAYMENT,78,MEDIUM,RETRY,HUMAN,AWAITING_APPROVAL,0,2,2026-08-28T06:16:04.278632
CASE-2093,TRANSACTION,TX-F47A58FC,CUST-1164,4681.23,FAILED_PAYMENT,91,LOW,RETRY,AUTO,RECOVERED,0,2,2026-08-28T10:16:04.278632
CASE-2094,TRANSACTION,TX-4B87A566,CUST-1012,11682.23,FAILED_PAYMENT,52,MEDIUM,RETRY,HUMAN,AWAITING_APPROVAL,0,2,2026-08-28T06:16:04.278632
CASE-2095,TRANSACTION,TX-9D4482FA,CUST-1125,11682.23,FAILED_PAYMENT,55,MEDIUM,RETRY,HUMAN,AWAITING_APPROVAL,0,2,2026-08-28T02:16:04.278632
CASE-2096,TRANSACTION,TX-C653D3AD,CUST-1237,3681.23,FAILED_PAYMENT,80,LOW,RETRY,AUTO,RECOVERED,0,2,2026-08-26T20:16:04.278632
CASE-2097,TRANSACTION,TX-227E36F1,CUST-1222,2181.23,FAILED_PAYMENT,56,MEDIUM,RETRY,HUMAN,AWAITING_APPROVAL,0,2,2026-08-26T13:16:04.278632
CASE-2098,TRANSACTION,TX-B1E0EDA3,CUST-1231,7182.23,FAILED_PAYMENT,57,MEDIUM,RETRY,HUMAN,AWAITING_APPROVAL,0,2,2026-08-28T12:16:04.278632
CASE-2099,TRANSACTION,TX-328B0353,CUST-1106,11682.23,FAILED_PAYMENT,58,MEDIUM,RETRY,HUMAN,AWAITING_APPROVAL,0,2,2026-08-28T08:16:04.278632
CASE-2100,TRANSACTION,TX-9966F59D,CUST-1275,7182.23,FAILED_PAYMENT,51,MEDIUM,RETRY,HUMAN,AWAITING_APPROVAL,0,2,2026-08-27T16:16:04.283657
CASE-2101,TRANSACTION,TX-EC5F0341,CUST-1059,2181.23,FAILED_PAYMENT,74,MEDIUM,RETRY,HUMAN,AWAITING_APPROVAL,0,2,2026-08-27T05:16:04.283657
CASE-2102,TRANSACTION,TX-7011D1D7,CUST-1161,7182.23,FAILED_PAYMENT,85,MEDIUM,RETRY,HUMAN,AWAITING_APPROVAL,0,2,2026-08-27T11:16:04.283657
CASE-2103,TRANSACTION,TX-129C1E1D,CUST-1179,7182.23,FAILED_PAYMENT,52,MEDIUM,RETRY,HUMAN,AWAITING_APPROVAL,0,2,2026-08-26T21:16:04.283657
CASE-2104,TRANSACTION,TX-91722235,CUST-1153,2181.23,FAILED_PAYMENT,88,LOW,RETRY,AUTO,RECOVERED,0,2,2026-08-28T04:16:04.283657
CASE-2105,TRANSACTION,TX-FA6A1E59,CUST-1123,3681.23,FAILED_PAYMENT,52,MEDIUM,RETRY,HUMAN,AWAITING_APPROVAL,0,2,2026-08-28T01:16:04.283657
CASE-2106,TRANSACTION,TX-57E44A01,CUST-1199,3681.23,FAILED_PAYMENT,89,LOW,RETRY,AUTO,RECOVERED,0,2,2026-08-28T04:16:04.283657
CASE-2107,TRANSACTION,TX-F89FF579,CUST-1217,7182.23,FAILED_PAYMENT,69,MEDIUM,RETRY,HUMAN,AWAITING_APPROVAL,0,2,2026-08-26T20:16:04.283657
CASE-2108,TRANSACTION,TX-A63D0E7D,CUST-1089,7182.23,FAILED_PAYMENT,89,MEDIUM,RETRY,HUMAN,AWAITING_APPROVAL,0,2,2026-08-27T18:16:04.285164
CASE-2109,TRANSACTION,TX-B73750B2,CUST-1162,2181.23,FAILED_PAYMENT,56,MEDIUM,RETRY,HUMAN,AWAITING_APPROVAL,0,2,2026-08-28T09:16:04.285164
CASE-2110,TRANSACTION,TX-A9EEBCFA,CUST-1249,3681.23,FAILED_PAYMENT,45,MEDIUM,RETRY,HUMAN,AWAITING_APPROVAL,0,2,2026-08-27T12:16:04.285164
CASE-2111,TRANSACTION,TX-39DA223E,CUST-1254,7182.23,FAILED_PAYMENT,77,MEDIUM,RETRY,HUMAN,AWAITING_APPROVAL,0,2,2026-08-27T05:16:04.285164
CASE-2112,TRANSACTION,TX-5C41026E,CUST-1251,4681.23,FAILED_PAYMENT,90,LOW,RETRY,AUTO,BLOCKED,0,2,2026-08-27T00:16:04.285164
CASE-2113,TRANSACTION,TX-7CC66D4B,CUST-1150,1181.23,FAILED_PAYMENT,95,LOW,RETRY,AUTO,BLOCKED,0,2,2026-08-27T22:16:04.285164
CASE-2114,TRANSACTION,TX-ABEE41D3,CUST-1087,7182.23,FAILED_PAYMENT,63,MEDIUM,RETRY,HUMAN,AWAITING_APPROVAL,0,2,2026-08-26T13:16:04.285164
CASE-2115,TRANSACTION,TX-3451AFF8,CUST-1294,4681.23,FAILED_PAYMENT,80,LOW,RETRY,AUTO,RECOVERED,0,2,2026-08-27T02:16:04.285164
CASE-2116,TRANSACTION,TX-1CB0F435,CUST-1022,3681.23,FAILED_PAYMENT,79,MEDIUM,RETRY,HUMAN,AWAITING_APPROVAL,0,2,2026-08-27T23:16:04.285164
CASE-2117,TRANSACTION,TX-52C6BAA6,CUST-1127,4681.23,FAILED_PAYMENT,51,MEDIUM,RETRY,HUMAN,AWAITING_APPROVAL,0,2,2026-08-27T08:16:04.285164
CASE-2118,TRANSACTION,TX-60DA9361,CUST-1045,3681.23,FAILED_PAYMENT,67,MEDIUM,RETRY,HUMAN,AWAITING_APPROVAL,0,2,2026-08-27T21:16:04.285164
CASE-2119,TRANSACTION,TX-1F6A9C40,CUST-1180,2181.23,FAILED_PAYMENT,92,LOW,RETRY,AUTO,RECOVERED,0,2,2026-08-26T21:16:04.285164
CASE-2120,TRANSACTION,TX-AD4ECE86,CUST-1106,2181.23,FAILED_PAYMENT,95,LOW,RETRY,AUTO,RECOVERED,0,2,2026-08-27T14:16:04.285164
CASE-2121,TRANSACTION,TX-EAD3301E,CUST-1276,7182.23,FAILED_PAYMENT,62,MEDIUM,RETRY,HUMAN,AWAITING_APPROVAL,0,2,2026-08-26T15:16:04.285164
CASE-2122,TRANSACTION,TX-EF1040B6,CUST-1294,3681.23,FAILED_PAYMENT,63,MEDIUM,RETRY,HUMAN,AWAITING_APPROVAL,0,2,2026-08-26T17:16:04.285164
CASE-2123,TRANSACTION,TX-903B3C4E,CUST-1211,1181.23,FAILED_PAYMENT,53,MEDIUM,RETRY,HUMAN,AWAITING_APPROVAL,0,2,2026-08-26T19:16:04.285164
CASE-2124,TRANSACTION,TX-7592DAD2,CUST-1128,2181.23,FAILED_PAYMENT,89,LOW,RETRY,AUTO,BLOCKED,0,2,2026-08-27T16:16:04.287232
CASE-2125,TRANSACTION,TX-A8DFBCED,CUST-1202,2181.23,FAILED_PAYMENT,93,LOW,RETRY,AUTO,BLOCKED,0,2,2026-08-27T00:16:04.287232
CASE-2126,TRANSACTION,TX-97BF0109,CUST-1213,11682.23,FAILED_PAYMENT,62,MEDIUM,RETRY,HUMAN,AWAITING_APPROVAL,0,2,2026-08-28T08:16:04.287232
CASE-2127,TRANSACTION,TX-41018A03,CUST-1048,11682.23,FAILED_PAYMENT,95,MEDIUM,RETRY,HUMAN,AWAITING_APPROVAL,0,2,2026-08-26T13:16:04.287232
CASE-2128,TRANSACTION,TX-57B30F30,CUST-1189,3681.23,FAILED_PAYMENT,89,LOW,RETRY,AUTO,BLOCKED,0,2,2026-08-27T16:16:04.287232
CASE-2129,TRANSACTION,TX-958F5A8C,CUST-1048,7182.23,FAILED_PAYMENT,45,MEDIUM,RETRY,HUMAN,AWAITING_APPROVAL,0,2,2026-08-26T18:16:04.287232
CASE-2130,TRANSACTION,TX-457A18AD,CUST-1033,11682.23,FAILED_PAYMENT,67,MEDIUM,RETRY,HUMAN,AWAITING_APPROVAL,0,2,2026-08-27T09:16:04.287232
CASE-2131,TRANSACTION,TX-7063556D,CUST-1138,2181.23,FAILED_PAYMENT,76,MEDIUM,RETRY,HUMAN,AWAITING_APPROVAL,0,2,2026-08-27T15:16:04.287232
CASE-2132,TRANSACTION,TX-8F62D64E,CUST-1067,7182.23,FAILED_PAYMENT,81,MEDIUM,RETRY,HUMAN,AWAITING_APPROVAL,0,2,2026-08-26T17:16:04.287232
CASE-2133,TRANSACTION,TX-78A5378A,CUST-1051,1181.23,FAILED_PAYMENT,47,MEDIUM,RETRY,HUMAN,AWAITING_APPROVAL,0,2,2026-08-28T05:16:04.287232
CASE-2134,TRANSACTION,TX-87AAC980,CUST-1234,2181.23,FAILED_PAYMENT,73,MEDIUM,RETRY,HUMAN,AWAITING_APPROVAL,0,2,2026-08-28T00:16:04.287232
CASE-2135,TRANSACTION,TX-2299B2ED,CUST-1155,11682.23,FAILED_PAYMENT,53,MEDIUM,RETRY,HUMAN,AWAITING_APPROVAL,0,2,2026-08-28T07:16:04.287232
CASE-2136,TRANSACTION,TX-E3007FF3,CUST-1129,11682.23,FAILED_PAYMENT,68,MEDIUM,RETRY,HUMAN,AWAITING_APPROVAL,0,2,2026-08-26T18:16:04.287232
CASE-2137,TRANSACTION,TX-11E286E7,CUST-1027,11682.23,FAILED_PAYMENT,55,MEDIUM,RETRY,HUMAN,AWAITING_APPROVAL,0,2,2026-08-27T17:16:04.287232
CASE-2138,TRANSACTION,TX-0466E31C,CUST-1120,11682.23,FAILED_PAYMENT,89,MEDIUM,RETRY,HUMAN,AWAITING_APPROVAL,0,2,2026-08-28T07:16:04.287232
CASE-2139,TRANSACTION,TX-6BDBAEE4,CUST-1001,11682.23,FAILED_PAYMENT,51,MEDIUM,RETRY,HUMAN,AWAITING_APPROVAL,0,2,2026-08-28T08:16:04.287232
CASE-2140,TRANSACTION,TX-59C9FC34,CUST-1228,2181.23,FAILED_PAYMENT,82,LOW,RETRY,AUTO,RECOVERED,0,2,2026-08-26T16:16:04.287232
CASE-2141,TRANSACTION,TX-5358B491,CUST-1217,3681.23,FAILED_PAYMENT,52,MEDIUM,RETRY,HUMAN,AWAITING_APPROVAL,0,2,2026-08-28T08:16:04.287232
CASE-2142,TRANSACTION,TX-C0BE9F36,CUST-1046,2181.23,FAILED_PAYMENT,69,MEDIUM,RETRY,HUMAN,AWAITING_APPROVAL,0,2,2026-08-27T16:16:04.287232
CASE-2143,TRANSACTION,TX-D582CDED,CUST-1071,3681.23,FAILED_PAYMENT,64,MEDIUM,RETRY,HUMAN,AWAITING_APPROVAL,0,2,2026-08-26T19:16:04.287232
CASE-2144,TRANSACTION,TX-50BF02E7,CUST-1036,11682.23,FAILED_PAYMENT,54,MEDIUM,RETRY,HUMAN,AWAITING_APPROVAL,0,2,2026-08-26T19:16:04.287232
CASE-2145,TRANSACTION,TX-D08AC175,CUST-1180,2181.23,FAILED_PAYMENT,73,MEDIUM,RETRY,HUMAN,AWAITING_APPROVAL,0,2,2026-08-26T13:16:04.287232
CASE-2146,TRANSACTION,TX-3A173577,CUST-1227,2181.23,FAILED_PAYMENT,71,MEDIUM,RETRY,HUMAN,AWAITING_APPROVAL,0,2,2026-08-28T06:16:04.287232
CASE-2147,TRANSACTION,TX-E27BB600,CUST-1197,2181.23,FAILED_PAYMENT,93,LOW,RETRY,AUTO,RECOVERED,0,2,2026-08-27T16:16:04.287232
CASE-2148,TRANSACTION,TX-1BEBBB51,CUST-1142,2181.23,FAILED_PAYMENT,60,MEDIUM,RETRY,HUMAN,AWAITING_APPROVAL,0,2,2026-08-27T01:16:04.287232
CASE-2149,TRANSACTION,TX-1A3FC53E,CUST-1146,7182.23,FAILED_PAYMENT,83,MEDIUM,RETRY,HUMAN,AWAITING_APPROVAL,0,2,2026-08-27T17:16:04.287232
CASE-2150,TRANSACTION,TX-DDE62F02,CUST-1261,2181.23,FAILED_PAYMENT,78,MEDIUM,RETRY,HUMAN,AWAITING_APPROVAL,0,2,2026-08-27T11:16:04.287232
CASE-2151,TRANSACTION,TX-F345F0E8,CUST-1123,3681.23,FAILED_PAYMENT,86,LOW,RETRY,AUTO,RECOVERED,0,2,2026-08-28T05:16:04.287232
CASE-2152,TRANSACTION,TX-8FC31DB8,CUST-1037,2181.23,FAILED_PAYMENT,76,MEDIUM,RETRY,HUMAN,AWAITING_APPROVAL,0,2,2026-08-27T16:16:04.287232
CASE-2153,TRANSACTION,TX-EAC7EF77,CUST-1292,2181.23,FAILED_PAYMENT,69,MEDIUM,RETRY,HUMAN,AWAITING_APPROVAL,0,2,2026-08-27T02:16:04.287232
CASE-2154,TRANSACTION,TX-58E9FDCF,CUST-1242,11682.23,FAILED_PAYMENT,56,MEDIUM,RETRY,HUMAN,AWAITING_APPROVAL,0,2,2026-08-26T23:16:04.287232
CASE-2155,TRANSACTION,TX-26729418,CUST-1135,1181.23,FAILED_PAYMENT,45,MEDIUM,RETRY,HUMAN,AWAITING_APPROVAL,0,2,2026-08-28T09:16:04.287232
CASE-2156,TRANSACTION,TX-AE6BAEAD,CUST-1147,4681.23,FAILED_PAYMENT,77,MEDIUM,RETRY,HUMAN,AWAITING_APPROVAL,0,2,2026-08-26T16:16:04.287232
CASE-2157,TRANSACTION,TX-7336BF67,CUST-1275,4681.23,FAILED_PAYMENT,50,MEDIUM,RETRY,HUMAN,AWAITING_APPROVAL,0,2,2026-08-28T07:16:04.287232
CASE-2158,TRANSACTION,TX-F96BF163,CUST-1262,3681.23,FAILED_PAYMENT,50,MEDIUM,RETRY,HUMAN,AWAITING_APPROVAL,0,2,2026-08-27T02:16:04.287232
CASE-2159,TRANSACTION,TX-8BE84181,CUST-1034,3681.23,FAILED_PAYMENT,70,MEDIUM,RETRY,HUMAN,AWAITING_APPROVAL,0,2,2026-08-27T09:16:04.287232
CASE-2160,TRANSACTION,TX-0CBE0234,CUST-1030,11682.23,FAILED_PAYMENT,60,MEDIUM,RETRY,HUMAN,AWAITING_APPROVAL,0,2,2026-08-27T09:16:04.287232
CASE-2161,TRANSACTION,TX-ACC1DAB0,CUST-1029,1181.23,FAILED_PAYMENT,74,MEDIUM,RETRY,HUMAN,AWAITING_APPROVAL,0,2,2026-08-26T13:16:04.287232
CASE-2162,TRANSACTION,TX-FCBD98CF,CUST-1090,11682.23,FAILED_PAYMENT,92,MEDIUM,RETRY,HUMAN,AWAITING_APPROVAL,0,2,2026-08-26T15:16:04.287232
CASE-2163,TRANSACTION,TX-6510E2E4,CUST-1255,2181.23,FAILED_PAYMENT,89,LOW,RETRY,AUTO,RECOVERED,0,2,2026-08-27T03:16:04.287232
CASE-2164,TRANSACTION,TX-B4A654CD,CUST-1086,11682.23,FAILED_PAYMENT,61,MEDIUM,RETRY,HUMAN,AWAITING_APPROVAL,0,2,2026-08-26T13:16:04.287232
CASE-2165,TRANSACTION,TX-D7998AAD,CUST-1016,3681.23,FAILED_PAYMENT,91,LOW,RETRY,AUTO,BLOCKED,0,2,2026-08-27T19:16:04.287232
CASE-2166,TRANSACTION,TX-B638A4B0,CUST-1135,7182.23,FAILED_PAYMENT,49,MEDIUM,RETRY,HUMAN,AWAITING_APPROVAL,0,2,2026-08-27T07:16:04.287232
CASE-2167,TRANSACTION,TX-B911BC95,CUST-1029,7182.23,FAILED_PAYMENT,68,MEDIUM,RETRY,HUMAN,AWAITING_APPROVAL,0,2,2026-08-28T02:16:04.287232
CASE-2168,TRANSACTION,TX-EB9F7E4A,CUST-1131,3681.23,FAILED_PAYMENT,55,MEDIUM,RETRY,HUMAN,AWAITING_APPROVAL,0,2,2026-08-26T17:16:04.287232
CASE-2169,TRANSACTION,TX-DEB68B9B,CUST-1117,11682.23,FAILED_PAYMENT,52,MEDIUM,RETRY,HUMAN,AWAITING_APPROVAL,0,2,2026-08-28T12:16:04.287232
CASE-2170,TRANSACTION,TX-8852EBF7,CUST-1242,2181.23,FAILED_PAYMENT,47,MEDIUM,RETRY,HUMAN,AWAITING_APPROVAL,0,2,2026-08-28T03:16:04.287232
CASE-2171,TRANSACTION,TX-201E2569,CUST-1284,2181.23,FAILED_PAYMENT,47,MEDIUM,RETRY,HUMAN,AWAITING_APPROVAL,0,2,2026-08-27T16:16:04.287232
CASE-2172,TRANSACTION,TX-CFD4687B,CUST-1164,2181.23,FAILED_PAYMENT,71,MEDIUM,RETRY,HUMAN,AWAITING_APPROVAL,0,2,2026-08-27T00:16:04.287232
CASE-2173,TRANSACTION,TX-46697C3C,CUST-1258,3681.23,FAILED_PAYMENT,52,MEDIUM,RETRY,HUMAN,AWAITING_APPROVAL,0,2,2026-08-27T22:16:04.287232
CASE-2174,TRANSACTION,TX-90EF4948,CUST-1206,7182.23,FAILED_PAYMENT,47,MEDIUM,RETRY,HUMAN,AWAITING_APPROVAL,0,2,2026-08-27T18:16:04.287232
CASE-2175,TRANSACTION,TX-9ABAB42C,CUST-1045,3681.23,FAILED_PAYMENT,65,MEDIUM,RETRY,HUMAN,AWAITING_APPROVAL,0,2,2026-08-27T13:16:04.295307
CASE-2176,TRANSACTION,TX-BEFF5EA9,CUST-1289,2181.23,FAILED_PAYMENT,63,MEDIUM,RETRY,HUMAN,AWAITING_APPROVAL,0,2,2026-08-26T21:16:04.295307
CASE-2177,TRANSACTION,TX-3FD43050,CUST-1189,2181.23,FAILED_PAYMENT,74,MEDIUM,RETRY,HUMAN,AWAITING_APPROVAL,0,2,2026-08-26T14:16:04.295307
CASE-2178,TRANSACTION,TX-7F035E29,CUST-1126,7182.23,FAILED_PAYMENT,93,MEDIUM,RETRY,HUMAN,AWAITING_APPROVAL,0,2,2026-08-27T10:16:04.295307
CASE-2179,TRANSACTION,TX-C4139CBA,CUST-1278,1181.23,FAILED_PAYMENT,59,MEDIUM,RETRY,HUMAN,AWAITING_APPROVAL,0,2,2026-08-26T16:16:04.295307
CASE-2180,TRANSACTION,TX-E1E4426F,CUST-1001,1181.23,FAILED_PAYMENT,66,MEDIUM,RETRY,HUMAN,AWAITING_APPROVAL,0,2,2026-08-26T14:16:04.295307
CASE-2181,TRANSACTION,TX-5857BED2,CUST-1106,3681.23,FAILED_PAYMENT,51,MEDIUM,RETRY,HUMAN,AWAITING_APPROVAL,0,2,2026-08-27T05:16:04.296427
CASE-2182,TRANSACTION,TX-FC89B17B,CUST-1144,1181.23,FAILED_PAYMENT,54,MEDIUM,RETRY,HUMAN,AWAITING_APPROVAL,0,2,2026-08-27T22:16:04.296427
CASE-2183,TRANSACTION,TX-9A9290A9,CUST-1191,7182.23,FAILED_PAYMENT,71,MEDIUM,RETRY,HUMAN,AWAITING_APPROVAL,0,2,2026-08-28T07:16:04.296427
CASE-2184,TRANSACTION,TX-A81A50B8,CUST-1259,7182.23,FAILED_PAYMENT,51,MEDIUM,RETRY,HUMAN,AWAITING_APPROVAL,0,2,2026-08-27T11:16:04.296427
CASE-2185,TRANSACTION,TX-519963BB,CUST-1223,1181.23,FAILED_PAYMENT,82,LOW,RETRY,AUTO,RECOVERED,0,2,2026-08-27T18:16:04.296427
CASE-2186,TRANSACTION,TX-D41A7048,CUST-1202,3681.23,FAILED_PAYMENT,65,MEDIUM,RETRY,HUMAN,AWAITING_APPROVAL,0,2,2026-08-27T08:16:04.296427
CASE-2187,TRANSACTION,TX-1C1746D0,CUST-1039,3681.23,FAILED_PAYMENT,59,MEDIUM,RETRY,HUMAN,AWAITING_APPROVAL,0,2,2026-08-26T23:16:04.296427
CASE-2188,TRANSACTION,TX-3EDA874A,CUST-1055,1181.23,FAILED_PAYMENT,54,MEDIUM,RETRY,HUMAN,AWAITING_APPROVAL,0,2,2026-08-27T07:16:04.296427
CASE-2189,TRANSACTION,TX-9A49DEA4,CUST-1062,3681.23,FAILED_PAYMENT,71,MEDIUM,RETRY,HUMAN,AWAITING_APPROVAL,0,2,2026-08-27T08:16:04.296427
CASE-2190,TRANSACTION,TX-F2DADA17,CUST-1136,3681.23,FAILED_PAYMENT,74,MEDIUM,RETRY,HUMAN,AWAITING_APPROVAL,0,2,2026-08-28T02:16:04.296427
CASE-2191,TRANSACTION,TX-B7D029A0,CUST-1021,11682.23,FAILED_PAYMENT,64,MEDIUM,RETRY,HUMAN,AWAITING_APPROVAL,0,2,2026-08-28T03:16:04.296427
CASE-2192,TRANSACTION,TX-0AA969A8,CUST-1183,1181.23,FAILED_PAYMENT,90,LOW,RETRY,AUTO,RECOVERED,0,2,2026-08-28T09:16:04.296427
CASE-2193,TRANSACTION,TX-487809A2,CUST-1134,11682.23,FAILED_PAYMENT,64,MEDIUM,RETRY,HUMAN,AWAITING_APPROVAL,0,2,2026-08-27T11:16:04.298440
CASE-2194,TRANSACTION,TX-31FA9901,CUST-1128,4681.23,FAILED_PAYMENT,80,LOW,RETRY,AUTO,RECOVERED,0,2,2026-08-28T06:16:04.298440
CASE-2195,TRANSACTION,TX-E7D9BDD0,CUST-1007,2181.23,FAILED_PAYMENT,52,MEDIUM,RETRY,HUMAN,AWAITING_APPROVAL,0,2,2026-08-28T04:16:04.298440
CASE-2196,TRANSACTION,TX-CEF65436,CUST-1191,2181.23,FAILED_PAYMENT,70,MEDIUM,RETRY,HUMAN,AWAITING_APPROVAL,0,2,2026-08-26T23:16:04.298440
CASE-2197,TRANSACTION,TX-5A3DEB39,CUST-1012,3681.23,FAILED_PAYMENT,49,MEDIUM,RETRY,HUMAN,AWAITING_APPROVAL,0,2,2026-08-26T19:16:04.298440
CASE-2198,TRANSACTION,TX-88B0CFC2,CUST-1048,4681.23,FAILED_PAYMENT,53,MEDIUM,RETRY,HUMAN,AWAITING_APPROVAL,0,2,2026-08-28T10:16:04.298440
CASE-2199,TRANSACTION,TX-590B93F8,CUST-1087,4681.23,FAILED_PAYMENT,48,MEDIUM,RETRY,HUMAN,AWAITING_APPROVAL,0,2,2026-08-27T11:16:04.299480
CASE-2200,TRANSACTION,TX-24AC0468,CUST-1196,4681.23,FAILED_PAYMENT,46,MEDIUM,RETRY,HUMAN,AWAITING_APPROVAL,0,2,2026-08-27T14:16:04.299480
CASE-2201,TRANSACTION,TX-162F94D4,CUST-1141,2181.23,FAILED_PAYMENT,56,MEDIUM,RETRY,HUMAN,AWAITING_APPROVAL,0,2,2026-08-28T03:16:04.299480
CASE-2202,TRANSACTION,TX-0AC0D253,CUST-1126,1181.23,FAILED_PAYMENT,84,LOW,RETRY,AUTO,RECOVERED,0,2,2026-08-27T10:16:04.300382
CASE-2203,TRANSACTION,TX-BF53A0BA,CUST-1032,7182.23,FAILED_PAYMENT,75,MEDIUM,RETRY,HUMAN,AWAITING_APPROVAL,0,2,2026-08-27T12:16:04.300382
CASE-2204,TRANSACTION,TX-FFF0A794,CUST-1103,2181.23,FAILED_PAYMENT,71,MEDIUM,RETRY,HUMAN,AWAITING_APPROVAL,0,2,2026-08-27T02:16:04.300951
CASE-2205,TRANSACTION,TX-11691176,CUST-1184,1181.23,FAILED_PAYMENT,69,MEDIUM,RETRY,HUMAN,AWAITING_APPROVAL,0,2,2026-08-27T05:16:04.300951
CASE-2206,TRANSACTION,TX-59A396CE,CUST-1199,3681.23,FAILED_PAYMENT,81,LOW,RETRY,AUTO,RECOVERED,0,2,2026-08-28T11:16:04.301483
CASE-2207,TRANSACTION,TX-DC0F2385,CUST-1144,3681.23,FAILED_PAYMENT,83,LOW,RETRY,AUTO,RECOVERED,0,2,2026-08-27T03:16:04.301483
CASE-2208,TRANSACTION,TX-EC4B504F,CUST-1120,3681.23,FAILED_PAYMENT,94,LOW,RETRY,AUTO,RECOVERED,0,2,2026-08-27T21:16:04.301483
CASE-2209,TRANSACTION,TX-174B1A65,CUST-1137,11682.23,FAILED_PAYMENT,60,MEDIUM,RETRY,HUMAN,AWAITING_APPROVAL,0,2,2026-08-27T00:16:04.301483
CASE-2210,TRANSACTION,TX-1EBF29F6,CUST-1089,4681.23,FAILED_PAYMENT,67,MEDIUM,RETRY,HUMAN,AWAITING_APPROVAL,0,2,2026-08-26T23:16:04.301483
CASE-2211,TRANSACTION,TX-20D7EF52,CUST-1015,3681.23,FAILED_PAYMENT,92,LOW,RETRY,AUTO,RECOVERED,0,2,2026-08-27T00:16:04.302136
CASE-2212,TRANSACTION,TX-3047B609,CUST-1253,2181.23,FAILED_PAYMENT,81,LOW,RETRY,AUTO,BLOCKED,0,2,2026-08-27T05:16:04.302136
CASE-2213,TRANSACTION,TX-0838A4E0,CUST-1029,1181.23,FAILED_PAYMENT,50,MEDIUM,RETRY,HUMAN,AWAITING_APPROVAL,0,2,2026-08-27T22:16:04.302136
CASE-2214,TRANSACTION,TX-543AD2E0,CUST-1245,1181.23,FAILED_PAYMENT,78,MEDIUM,RETRY,HUMAN,AWAITING_APPROVAL,0,2,2026-08-26T21:16:04.302136
CASE-2215,TRANSACTION,TX-81C3EC5F,CUST-1175,2181.23,FAILED_PAYMENT,53,MEDIUM,RETRY,HUMAN,AWAITING_APPROVAL,0,2,2026-08-28T09:16:04.302735
CASE-2216,TRANSACTION,TX-FD98D2AC,CUST-1073,1181.23,FAILED_PAYMENT,54,MEDIUM,RETRY,HUMAN,AWAITING_APPROVAL,0,2,2026-08-27T13:16:04.302735
CASE-2217,TRANSACTION,TX-C91A68FB,CUST-1203,1181.23,FAILED_PAYMENT,68,MEDIUM,RETRY,HUMAN,AWAITING_APPROVAL,0,2,2026-08-27T17:16:04.302735
CASE-2218,TRANSACTION,TX-5E895324,CUST-1081,3681.23,FAILED_PAYMENT,53,MEDIUM,RETRY,HUMAN,AWAITING_APPROVAL,0,2,2026-08-27T05:16:04.303288
CASE-2219,TRANSACTION,TX-C95CE787,CUST-1090,11682.23,FAILED_PAYMENT,65,MEDIUM,RETRY,HUMAN,AWAITING_APPROVAL,0,2,2026-08-26T18:16:04.303288
CASE-2220,TRANSACTION,TX-B1C15934,CUST-1194,7182.23,FAILED_PAYMENT,56,MEDIUM,RETRY,HUMAN,AWAITING_APPROVAL,0,2,2026-08-26T16:16:04.303981
CASE-2221,TRANSACTION,TX-D3340BAD,CUST-1091,3681.23,FAILED_PAYMENT,53,MEDIUM,RETRY,HUMAN,AWAITING_APPROVAL,0,2,2026-08-27T00:16:04.303981
CASE-2222,TRANSACTION,TX-D02E2881,CUST-1017,4681.23,FAILED_PAYMENT,94,LOW,RETRY,AUTO,BLOCKED,0,2,2026-08-27T16:16:04.304551
CASE-2223,TRANSACTION,TX-E7118CD4,CUST-1290,7182.23,FAILED_PAYMENT,59,MEDIUM,RETRY,HUMAN,AWAITING_APPROVAL,0,2,2026-08-28T03:16:04.304551
CASE-2224,TRANSACTION,TX-01A36F70,CUST-1178,3681.23,FAILED_PAYMENT,92,LOW,RETRY,AUTO,RECOVERED,0,2,2026-08-26T20:16:04.305081
CASE-2225,TRANSACTION,TX-49BA94DD,CUST-1172,1181.23,FAILED_PAYMENT,90,LOW,RETRY,AUTO,RECOVERED,0,2,2026-08-27T20:16:04.305081
CASE-2226,TRANSACTION,TX-5954B762,CUST-1035,2181.23,FAILED_PAYMENT,60,MEDIUM,RETRY,HUMAN,AWAITING_APPROVAL,0,2,2026-08-28T06:16:04.305081
CASE-2227,TRANSACTION,TX-3552546A,CUST-1025,11682.23,FAILED_PAYMENT,45,MEDIUM,RETRY,HUMAN,AWAITING_APPROVAL,0,2,2026-08-26T14:16:04.305616
CASE-2228,TRANSACTION,TX-3F51E15D,CUST-1212,4681.23,FAILED_PAYMENT,55,MEDIUM,RETRY,HUMAN,AWAITING_APPROVAL,0,2,2026-08-27T14:16:04.305616
CASE-2229,TRANSACTION,TX-66802FBB,CUST-1052,7182.23,FAILED_PAYMENT,69,MEDIUM,RETRY,HUMAN,AWAITING_APPROVAL,0,2,2026-08-26T19:16:04.305616
CASE-2230,TRANSACTION,TX-5D7D18C3,CUST-1084,11682.23,FAILED_PAYMENT,59,MEDIUM,RETRY,HUMAN,AWAITING_APPROVAL,0,2,2026-08-28T10:16:04.305616
CASE-2231,TRANSACTION,TX-6CBD40D7,CUST-1164,3681.23,FAILED_PAYMENT,46,MEDIUM,RETRY,HUMAN,AWAITING_APPROVAL,0,2,2026-08-28T08:16:04.306195
CASE-2232,TRANSACTION,TX-547583C6,CUST-1193,3681.23,FAILED_PAYMENT,55,MEDIUM,RETRY,HUMAN,AWAITING_APPROVAL,0,2,2026-08-28T08:16:04.306195
CASE-2233,TRANSACTION,TX-3E5422AD,CUST-1174,7182.23,FAILED_PAYMENT,50,MEDIUM,RETRY,HUMAN,AWAITING_APPROVAL,0,2,2026-08-28T11:16:04.306195
CASE-2234,TRANSACTION,TX-96E0FA02,CUST-1223,4681.23,FAILED_PAYMENT,86,LOW,RETRY,AUTO,RECOVERED,0,2,2026-08-28T06:16:04.306195
CASE-2235,TRANSACTION,TX-2FD17BD5,CUST-1098,3681.23,FAILED_PAYMENT,58,MEDIUM,RETRY,HUMAN,AWAITING_APPROVAL,0,2,2026-08-27T01:16:04.306807
CASE-2236,TRANSACTION,TX-7FA37ECA,CUST-1277,11682.23,FAILED_PAYMENT,91,MEDIUM,RETRY,HUMAN,AWAITING_APPROVAL,0,2,2026-08-27T18:16:04.306807
CASE-2237,TRANSACTION,TX-2F4D621C,CUST-1050,3681.23,FAILED_PAYMENT,60,MEDIUM,RETRY,HUMAN,AWAITING_APPROVAL,0,2,2026-08-27T00:16:04.306807
CASE-2238,TRANSACTION,TX-00020834,CUST-1079,7182.23,FAILED_PAYMENT,76,MEDIUM,RETRY,HUMAN,AWAITING_APPROVAL,0,2,2026-08-28T12:16:04.306807
CASE-2239,TRANSACTION,TX-679A959F,CUST-1151,4681.23,FAILED_PAYMENT,50,MEDIUM,RETRY,HUMAN,AWAITING_APPROVAL,0,2,2026-08-28T06:16:04.307426
CASE-2240,TRANSACTION,TX-83BC380B,CUST-1088,1181.23,FAILED_PAYMENT,58,MEDIUM,RETRY,HUMAN,AWAITING_APPROVAL,0,2,2026-08-27T06:16:04.307426
CASE-2241,TRANSACTION,TX-34E92559,CUST-1204,1181.23,FAILED_PAYMENT,64,MEDIUM,RETRY,HUMAN,AWAITING_APPROVAL,0,2,2026-08-26T18:16:04.307426
CASE-2242,TRANSACTION,TX-7332BE35,CUST-1279,3681.23,FAILED_PAYMENT,50,MEDIUM,RETRY,HUMAN,AWAITING_APPROVAL,0,2,2026-08-27T13:16:04.307426
CASE-2243,TRANSACTION,TX-77A0C00B,CUST-1096,4681.23,FAILED_PAYMENT,68,MEDIUM,RETRY,HUMAN,AWAITING_APPROVAL,0,2,2026-08-27T20:16:04.307426
CASE-2244,TRANSACTION,TX-B2F8B357,CUST-1135,4681.23,FAILED_PAYMENT,74,MEDIUM,RETRY,HUMAN,AWAITING_APPROVAL,0,2,2026-08-27T00:16:04.307426
CASE-2245,TRANSACTION,TX-1FCEF63A,CUST-1050,1181.23,FAILED_PAYMENT,54,MEDIUM,RETRY,HUMAN,AWAITING_APPROVAL,0,2,2026-08-27T14:16:04.307426
CASE-2246,TRANSACTION,TX-8D8B50BB,CUST-1117,7182.23,FAILED_PAYMENT,71,MEDIUM,RETRY,HUMAN,AWAITING_APPROVAL,0,2,2026-08-27T03:16:04.307426
CASE-2247,TRANSACTION,TX-C20C7424,CUST-1244,4681.23,FAILED_PAYMENT,79,MEDIUM,RETRY,HUMAN,AWAITING_APPROVAL,0,2,2026-08-27T17:16:04.307426
CASE-2248,TRANSACTION,TX-0CC404DF,CUST-1018,1181.23,FAILED_PAYMENT,70,MEDIUM,RETRY,HUMAN,AWAITING_APPROVAL,0,2,2026-08-27T08:16:04.307426
CASE-2249,TRANSACTION,TX-FB25A9F4,CUST-1109,2181.23,FAILED_PAYMENT,55,MEDIUM,RETRY,HUMAN,AWAITING_APPROVAL,0,2,2026-08-28T10:16:04.307426
CASE-2250,TRANSACTION,TX-D97E6B0A,CUST-1223,4681.23,FAILED_PAYMENT,50,MEDIUM,RETRY,HUMAN,AWAITING_APPROVAL,0,2,2026-08-28T03:16:04.307426
CASE-2251,TRANSACTION,TX-C37EB326,CUST-1164,7182.23,FAILED_PAYMENT,61,MEDIUM,RETRY,HUMAN,AWAITING_APPROVAL,0,2,2026-08-27T12:16:04.307426
CASE-2252,TRANSACTION,TX-821E166F,CUST-1283,7182.23,FAILED_PAYMENT,70,MEDIUM,RETRY,HUMAN,AWAITING_APPROVAL,0,2,2026-08-27T03:16:04.307426
CASE-2253,TRANSACTION,TX-0E1F49D6,CUST-1268,4681.23,FAILED_PAYMENT,45,MEDIUM,RETRY,HUMAN,AWAITING_APPROVAL,0,2,2026-08-27T10:16:04.307426
CASE-2254,TRANSACTION,TX-59F52532,CUST-1291,2181.23,FAILED_PAYMENT,54,MEDIUM,RETRY,HUMAN,AWAITING_APPROVAL,0,2,2026-08-27T00:16:04.307426
CASE-2255,TRANSACTION,TX-7B96B301,CUST-1275,1181.23,FAILED_PAYMENT,95,LOW,RETRY,AUTO,RECOVERED,0,2,2026-08-27T20:16:04.307426
CASE-2256,TRANSACTION,TX-81CCD974,CUST-1243,4681.23,FAILED_PAYMENT,86,LOW,RETRY,AUTO,RECOVERED,0,2,2026-08-27T19:16:04.307426
CASE-2257,TRANSACTION,TX-E41B22F4,CUST-1206,4681.23,FAILED_PAYMENT,54,MEDIUM,RETRY,HUMAN,AWAITING_APPROVAL,0,2,2026-08-27T15:16:04.307426
CASE-2258,TRANSACTION,TX-3D7C535E,CUST-1026,11682.23,FAILED_PAYMENT,60,MEDIUM,RETRY,HUMAN,AWAITING_APPROVAL,0,2,2026-08-27T13:16:04.307426
CASE-2259,TRANSACTION,TX-9C1B98D8,CUST-1156,1181.23,FAILED_PAYMENT,66,MEDIUM,RETRY,HUMAN,AWAITING_APPROVAL,0,2,2026-08-27T05:16:04.307426
CASE-2260,TRANSACTION,TX-3C168DB0,CUST-1051,11682.23,FAILED_PAYMENT,88,MEDIUM,RETRY,HUMAN,AWAITING_APPROVAL,0,2,2026-08-27T17:16:04.307426
CASE-2261,TRANSACTION,TX-D896E839,CUST-1165,11682.23,FAILED_PAYMENT,73,MEDIUM,RETRY,HUMAN,AWAITING_APPROVAL,0,2,2026-08-27T10:16:04.307426
CASE-2262,TRANSACTION,TX-9E9B3948,CUST-1046,7182.23,FAILED_PAYMENT,86,MEDIUM,RETRY,HUMAN,AWAITING_APPROVAL,0,2,2026-08-27T23:16:04.307426
CASE-2263,TRANSACTION,TX-DD82065E,CUST-1265,4681.23,FAILED_PAYMENT,92,LOW,RETRY,AUTO,RECOVERED,0,2,2026-08-27T04:16:04.307426
CASE-2264,TRANSACTION,TX-30F45833,CUST-1160,2181.23,FAILED_PAYMENT,49,MEDIUM,RETRY,HUMAN,AWAITING_APPROVAL,0,2,2026-08-27T03:16:04.307426
CASE-2265,TRANSACTION,TX-B5F779BC,CUST-1089,7182.23,FAILED_PAYMENT,46,MEDIUM,RETRY,HUMAN,AWAITING_APPROVAL,0,2,2026-08-28T09:16:04.307426
CASE-2266,TRANSACTION,TX-57BB9C82,CUST-1234,2181.23,FAILED_PAYMENT,47,MEDIUM,RETRY,HUMAN,AWAITING_APPROVAL,0,2,2026-08-26T15:16:04.307426
CASE-2267,TRANSACTION,TX-CA883D7E,CUST-1189,2181.23,FAILED_PAYMENT,62,MEDIUM,RETRY,HUMAN,AWAITING_APPROVAL,0,2,2026-08-27T11:16:04.307426
CASE-2268,TRANSACTION,TX-1E372B08,CUST-1016,11682.23,FAILED_PAYMENT,52,MEDIUM,RETRY,HUMAN,AWAITING_APPROVAL,0,2,2026-08-27T05:16:04.307426
CASE-2269,TRANSACTION,TX-606CD232,CUST-1091,7182.23,FAILED_PAYMENT,73,MEDIUM,RETRY,HUMAN,AWAITING_APPROVAL,0,2,2026-08-27T01:16:04.307426
CASE-2270,TRANSACTION,TX-E24B00A5,CUST-1084,3681.23,FAILED_PAYMENT,67,MEDIUM,RETRY,HUMAN,AWAITING_APPROVAL,0,2,2026-08-26T16:16:04.307426
CASE-2271,TRANSACTION,TX-7094079C,CUST-1015,1181.23,FAILED_PAYMENT,63,MEDIUM,RETRY,HUMAN,AWAITING_APPROVAL,0,2,2026-08-28T02:16:04.307426
CASE-2272,TRANSACTION,TX-8F42F1E4,CUST-1110,7182.23,FAILED_PAYMENT,94,MEDIUM,RETRY,HUMAN,AWAITING_APPROVAL,0,2,2026-08-27T22:16:04.307426
CASE-2273,TRANSACTION,TX-76F918EE,CUST-1138,11682.23,FAILED_PAYMENT,58,MEDIUM,RETRY,HUMAN,AWAITING_APPROVAL,0,2,2026-08-28T11:16:04.314887
CASE-2274,TRANSACTION,TX-A9A9C6A9,CUST-1243,11682.23,FAILED_PAYMENT,45,MEDIUM,RETRY,HUMAN,AWAITING_APPROVAL,0,2,2026-08-28T01:16:04.314887
CASE-2275,TRANSACTION,TX-FC91DA2E,CUST-1115,7182.23,FAILED_PAYMENT,45,MEDIUM,RETRY,HUMAN,AWAITING_APPROVAL,0,2,2026-08-27T17:16:04.315660
CASE-2276,TRANSACTION,TX-BCC63AAD,CUST-1141,11682.23,FAILED_PAYMENT,90,MEDIUM,RETRY,HUMAN,AWAITING_APPROVAL,0,2,2026-08-27T14:16:04.315660
CASE-2277,TRANSACTION,TX-05701961,CUST-1112,4681.23,FAILED_PAYMENT,61,MEDIUM,RETRY,HUMAN,AWAITING_APPROVAL,0,2,2026-08-26T17:16:04.316566
CASE-2278,TRANSACTION,TX-F5412A53,CUST-1204,7182.23,FAILED_PAYMENT,84,MEDIUM,RETRY,HUMAN,AWAITING_APPROVAL,0,2,2026-08-27T04:16:04.316566
CASE-2279,TRANSACTION,TX-8B1325BF,CUST-1288,11682.23,FAILED_PAYMENT,68,MEDIUM,RETRY,HUMAN,AWAITING_APPROVAL,0,2,2026-08-26T17:16:04.316566
CASE-2280,TRANSACTION,TX-B5641DF5,CUST-1033,1181.23,FAILED_PAYMENT,75,MEDIUM,RETRY,HUMAN,AWAITING_APPROVAL,0,2,2026-08-26T20:16:04.316566
CASE-2281,TRANSACTION,TX-04933792,CUST-1134,3681.23,FAILED_PAYMENT,62,MEDIUM,RETRY,HUMAN,AWAITING_APPROVAL,0,2,2026-08-28T03:16:04.316566
CASE-2282,TRANSACTION,TX-DCBB5D5F,CUST-1124,7182.23,FAILED_PAYMENT,93,MEDIUM,RETRY,HUMAN,AWAITING_APPROVAL,0,2,2026-08-27T11:16:04.316566
CASE-2283,TRANSACTION,TX-B1BD080A,CUST-1072,11682.23,FAILED_PAYMENT,65,MEDIUM,RETRY,HUMAN,AWAITING_APPROVAL,0,2,2026-08-27T05:16:04.318577
CASE-2284,TRANSACTION,TX-795ED5AE,CUST-1215,3681.23,FAILED_PAYMENT,61,MEDIUM,RETRY,HUMAN,AWAITING_APPROVAL,0,2,2026-08-26T13:16:04.318577
CASE-2285,TRANSACTION,TX-648BEC32,CUST-1293,1181.23,FAILED_PAYMENT,82,LOW,RETRY,AUTO,RECOVERED,0,2,2026-08-26T14:16:04.318577
CASE-2286,TRANSACTION,TX-8793A951,CUST-1274,11682.23,FAILED_PAYMENT,59,MEDIUM,RETRY,HUMAN,AWAITING_APPROVAL,0,2,2026-08-27T14:16:04.318577
CASE-2287,TRANSACTION,TX-C66806EE,CUST-1088,7182.23,FAILED_PAYMENT,64,MEDIUM,RETRY,HUMAN,AWAITING_APPROVAL,0,2,2026-08-28T06:16:04.318577
CASE-2288,TRANSACTION,TX-73B50386,CUST-1133,4681.23,FAILED_PAYMENT,53,MEDIUM,RETRY,HUMAN,AWAITING_APPROVAL,0,2,2026-08-27T15:16:04.318577
CASE-2289,TRANSACTION,TX-C2079E5C,CUST-1114,11682.23,FAILED_PAYMENT,50,MEDIUM,RETRY,HUMAN,AWAITING_APPROVAL,0,2,2026-08-26T13:16:04.318577
CASE-2290,TRANSACTION,TX-DAE3ECD3,CUST-1170,3681.23,FAILED_PAYMENT,71,MEDIUM,RETRY,HUMAN,AWAITING_APPROVAL,0,2,2026-08-26T23:16:04.318577
CASE-2291,TRANSACTION,TX-23121C99,CUST-1061,3681.23,FAILED_PAYMENT,74,MEDIUM,RETRY,HUMAN,AWAITING_APPROVAL,0,2,2026-08-26T20:16:04.320609
CASE-2292,TRANSACTION,TX-D3DFA8AF,CUST-1037,7182.23,FAILED_PAYMENT,82,MEDIUM,RETRY,HUMAN,AWAITING_APPROVAL,0,2,2026-08-27T04:16:04.320609
CASE-2293,TRANSACTION,TX-5CFBEF96,CUST-1153,1181.23,FAILED_PAYMENT,88,LOW,RETRY,AUTO,RECOVERED,0,2,2026-08-28T03:16:04.320609
CASE-2294,TRANSACTION,TX-9A1175A1,CUST-1176,2181.23,FAILED_PAYMENT,57,MEDIUM,RETRY,HUMAN,AWAITING_APPROVAL,0,2,2026-08-27T07:16:04.320609
CASE-2295,TRANSACTION,TX-4458A767,CUST-1093,2181.23,FAILED_PAYMENT,65,MEDIUM,RETRY,HUMAN,AWAITING_APPROVAL,0,2,2026-08-27T15:16:04.320609
CASE-2296,TRANSACTION,TX-3DDED276,CUST-1161,11682.23,FAILED_PAYMENT,56,MEDIUM,RETRY,HUMAN,AWAITING_APPROVAL,0,2,2026-08-27T08:16:04.320609
CASE-2297,TRANSACTION,TX-26D760A0,CUST-1087,3681.23,FAILED_PAYMENT,58,MEDIUM,RETRY,HUMAN,AWAITING_APPROVAL,0,2,2026-08-28T07:16:04.320609
CASE-2298,TRANSACTION,TX-8981AB66,CUST-1220,2181.23,FAILED_PAYMENT,84,LOW,RETRY,AUTO,RECOVERED,0,2,2026-08-27T06:16:04.320609
CASE-2299,TRANSACTION,TX-CB868CCF,CUST-1020,4681.23,FAILED_PAYMENT,45,MEDIUM,RETRY,HUMAN,AWAITING_APPROVAL,0,2,2026-08-27T13:16:04.320609
CASE-2300,TRANSACTION,TX-3CC81AB3,CUST-1272,1181.23,FAILED_PAYMENT,65,MEDIUM,RETRY,HUMAN,AWAITING_APPROVAL,0,2,2026-08-26T17:16:04.320609
CASE-2301,TRANSACTION,TX-BBD0F7F4,CUST-1116,1181.23,FAILED_PAYMENT,85,LOW,RETRY,AUTO,RECOVERED,0,2,2026-08-28T04:16:04.320609
CASE-2302,TRANSACTION,TX-F47F6700,CUST-1258,1181.23,FAILED_PAYMENT,69,MEDIUM,RETRY,HUMAN,AWAITING_APPROVAL,0,2,2026-08-28T08:16:04.320609
CASE-2303,TRANSACTION,TX-BD265694,CUST-1149,1181.23,FAILED_PAYMENT,64,MEDIUM,RETRY,HUMAN,AWAITING_APPROVAL,0,2,2026-08-27T03:16:04.320609
CASE-2304,TRANSACTION,TX-151936BE,CUST-1173,7182.23,FAILED_PAYMENT,78,MEDIUM,RETRY,HUMAN,AWAITING_APPROVAL,0,2,2026-08-28T04:16:04.320609
CASE-2305,TRANSACTION,TX-08D7D39A,CUST-1184,3681.23,FAILED_PAYMENT,76,MEDIUM,RETRY,HUMAN,AWAITING_APPROVAL,0,2,2026-08-27T11:16:04.325264
CASE-2306,TRANSACTION,TX-3B02C42D,CUST-1115,1181.23,FAILED_PAYMENT,59,MEDIUM,RETRY,HUMAN,AWAITING_APPROVAL,0,2,2026-08-26T14:16:04.325264
CASE-2307,TRANSACTION,TX-E0F08178,CUST-1064,1181.23,FAILED_PAYMENT,82,LOW,RETRY,AUTO,RECOVERED,0,2,2026-08-26T19:16:04.325264
CASE-2308,TRANSACTION,TX-321029C5,CUST-1131,1181.23,FAILED_PAYMENT,69,MEDIUM,RETRY,HUMAN,AWAITING_APPROVAL,0,2,2026-08-28T09:16:04.325264
CASE-2309,TRANSACTION,TX-28D21347,CUST-1011,11682.23,FAILED_PAYMENT,51,MEDIUM,RETRY,HUMAN,AWAITING_APPROVAL,0,2,2026-08-28T05:16:04.325264
CASE-2310,TRANSACTION,TX-70C5C8A1,CUST-1195,4681.23,FAILED_PAYMENT,73,MEDIUM,RETRY,HUMAN,AWAITING_APPROVAL,0,2,2026-08-27T20:16:04.325264
CASE-2311,TRANSACTION,TX-E43EF083,CUST-1005,4681.23,FAILED_PAYMENT,89,LOW,RETRY,AUTO,RECOVERED,0,2,2026-08-26T18:16:04.325264
CASE-2312,TRANSACTION,TX-10596ECC,CUST-1071,1181.23,FAILED_PAYMENT,87,LOW,RETRY,AUTO,RECOVERED,0,2,2026-08-27T04:16:04.325264
CASE-2313,TRANSACTION,TX-8C1A6D8B,CUST-1061,11682.23,FAILED_PAYMENT,84,MEDIUM,RETRY,HUMAN,AWAITING_APPROVAL,0,2,2026-08-28T06:16:04.325264
CASE-2314,TRANSACTION,TX-142D1618,CUST-1103,4681.23,FAILED_PAYMENT,57,MEDIUM,RETRY,HUMAN,AWAITING_APPROVAL,0,2,2026-08-28T00:16:04.325264
CASE-2315,TRANSACTION,TX-A963726A,CUST-1083,3681.23,FAILED_PAYMENT,90,LOW,RETRY,AUTO,RECOVERED,0,2,2026-08-27T05:16:04.325264
CASE-2316,TRANSACTION,TX-B2538517,CUST-1170,2181.23,FAILED_PAYMENT,89,LOW,RETRY,AUTO,BLOCKED,0,2,2026-08-28T12:16:04.325264
CASE-2317,TRANSACTION,TX-FABDDC16,CUST-1057,11682.23,FAILED_PAYMENT,50,MEDIUM,RETRY,HUMAN,AWAITING_APPROVAL,0,2,2026-08-28T07:16:04.325264
CASE-2318,TRANSACTION,TX-926DE3FF,CUST-1052,7182.23,FAILED_PAYMENT,49,MEDIUM,RETRY,HUMAN,AWAITING_APPROVAL,0,2,2026-08-27T22:16:04.325264
CASE-2319,TRANSACTION,TX-8080959A,CUST-1136,4681.23,FAILED_PAYMENT,63,MEDIUM,RETRY,HUMAN,AWAITING_APPROVAL,0,2,2026-08-28T06:16:04.325264
CASE-2320,TRANSACTION,TX-95E8720C,CUST-1149,2181.23,FAILED_PAYMENT,47,MEDIUM,RETRY,HUMAN,AWAITING_APPROVAL,0,2,2026-08-27T16:16:04.325264
CASE-2321,TRANSACTION,TX-E2F3D545,CUST-1024,4681.23,FAILED_PAYMENT,92,LOW,RETRY,AUTO,RECOVERED,0,2,2026-08-26T18:16:04.325264
CASE-2322,TRANSACTION,TX-28277958,CUST-1169,11682.23,FAILED_PAYMENT,55,MEDIUM,RETRY,HUMAN,AWAITING_APPROVAL,0,2,2026-08-26T21:16:04.325264
CASE-2323,TRANSACTION,TX-E1C13BF6,CUST-1176,3681.23,FAILED_PAYMENT,91,LOW,RETRY,AUTO,RECOVERED,0,2,2026-08-27T11:16:04.325264
CASE-2324,TRANSACTION,TX-5EA163C0,CUST-1140,4681.23,FAILED_PAYMENT,74,MEDIUM,RETRY,HUMAN,AWAITING_APPROVAL,0,2,2026-08-27T06:16:04.325264
CASE-2325,TRANSACTION,TX-EB82EE0E,CUST-1086,4681.23,FAILED_PAYMENT,86,LOW,RETRY,AUTO,BLOCKED,0,2,2026-08-26T16:16:04.325264
CASE-2326,TRANSACTION,TX-223081A3,CUST-1082,11682.23,FAILED_PAYMENT,48,MEDIUM,RETRY,HUMAN,AWAITING_APPROVAL,0,2,2026-08-26T23:16:04.325264
CASE-2327,TRANSACTION,TX-FDEA3BD0,CUST-1093,4681.23,FAILED_PAYMENT,81,LOW,RETRY,AUTO,RECOVERED,0,2,2026-08-26T21:16:04.325264
CASE-2328,TRANSACTION,TX-80D01006,CUST-1067,1181.23,FAILED_PAYMENT,88,LOW,RETRY,AUTO,BLOCKED,0,2,2026-08-28T05:16:04.325264
CASE-2329,TRANSACTION,TX-13AD7FEA,CUST-1024,4681.23,FAILED_PAYMENT,73,MEDIUM,RETRY,HUMAN,AWAITING_APPROVAL,0,2,2026-08-26T19:16:04.330375
CASE-2330,TRANSACTION,TX-F83D0FD5,CUST-1269,3681.23,FAILED_PAYMENT,45,MEDIUM,RETRY,HUMAN,AWAITING_APPROVAL,0,2,2026-08-27T15:16:04.330375
CASE-2331,TRANSACTION,TX-A2049062,CUST-1049,7182.23,FAILED_PAYMENT,78,MEDIUM,RETRY,HUMAN,AWAITING_APPROVAL,0,2,2026-08-26T14:16:04.330375
CASE-2332,TRANSACTION,TX-7DCA3D33,CUST-1178,2181.23,FAILED_PAYMENT,75,MEDIUM,RETRY,HUMAN,AWAITING_APPROVAL,0,2,2026-08-27T01:16:04.330375
CASE-2333,TRANSACTION,TX-03C64178,CUST-1006,7182.23,FAILED_PAYMENT,48,MEDIUM,RETRY,HUMAN,AWAITING_APPROVAL,0,2,2026-08-27T06:16:04.330375
CASE-2334,TRANSACTION,TX-7A5A78D0,CUST-1039,4681.23,FAILED_PAYMENT,55,MEDIUM,RETRY,HUMAN,AWAITING_APPROVAL,0,2,2026-08-27T21:16:04.330375
CASE-2335,TRANSACTION,TX-CE77EAD6,CUST-1026,3681.23,FAILED_PAYMENT,62,MEDIUM,RETRY,HUMAN,AWAITING_APPROVAL,0,2,2026-08-26T19:16:04.330375
CASE-2336,TRANSACTION,TX-141204F2,CUST-1121,4681.23,FAILED_PAYMENT,70,MEDIUM,RETRY,HUMAN,AWAITING_APPROVAL,0,2,2026-08-27T08:16:04.330375
CASE-2337,TRANSACTION,TX-D618A6C9,CUST-1046,7182.23,FAILED_PAYMENT,73,MEDIUM,RETRY,HUMAN,AWAITING_APPROVAL,0,2,2026-08-27T16:16:04.330375
CASE-2338,TRANSACTION,TX-2478DAE3,CUST-1010,1181.23,FAILED_PAYMENT,76,MEDIUM,RETRY,HUMAN,AWAITING_APPROVAL,0,2,2026-08-27T10:16:04.330375
CASE-2339,TRANSACTION,TX-FA7CC33C,CUST-1047,1181.23,FAILED_PAYMENT,80,LOW,RETRY,AUTO,RECOVERED,0,2,2026-08-27T01:16:04.330375
CASE-2340,TRANSACTION,TX-9BB897C4,CUST-1175,2181.23,FAILED_PAYMENT,86,LOW,RETRY,AUTO,RECOVERED,0,2,2026-08-27T22:16:04.330375
CASE-2341,TRANSACTION,TX-B88674C8,CUST-1287,4681.23,FAILED_PAYMENT,66,MEDIUM,RETRY,HUMAN,AWAITING_APPROVAL,0,2,2026-08-26T18:16:04.330375
CASE-2342,TRANSACTION,TX-9AA20AC6,CUST-1050,3681.23,FAILED_PAYMENT,90,LOW,RETRY,AUTO,RECOVERED,0,2,2026-08-27T15:16:04.330375
CASE-2343,TRANSACTION,TX-2FA45D1A,CUST-1150,3681.23,FAILED_PAYMENT,85,LOW,RETRY,AUTO,BLOCKED,0,2,2026-08-28T06:16:04.330375
CASE-2344,TRANSACTION,TX-2B260FFA,CUST-1253,1181.23,FAILED_PAYMENT,55,MEDIUM,RETRY,HUMAN,AWAITING_APPROVAL,0,2,2026-08-26T13:16:04.330375
CASE-2345,TRANSACTION,TX-5F02E3A0,CUST-1055,11682.23,FAILED_PAYMENT,71,MEDIUM,RETRY,HUMAN,AWAITING_APPROVAL,0,2,2026-08-28T00:16:04.330375
CASE-2346,TRANSACTION,TX-66E14BEB,CUST-1202,2181.23,FAILED_PAYMENT,52,MEDIUM,RETRY,HUMAN,AWAITING_APPROVAL,0,2,2026-08-28T00:16:04.330375
CASE-2347,TRANSACTION,TX-0D2AB1A4,CUST-1056,11682.23,FAILED_PAYMENT,66,MEDIUM,RETRY,HUMAN,AWAITING_APPROVAL,0,2,2026-08-26T20:16:04.330375
CASE-2348,TRANSACTION,TX-CDE885CD,CUST-1064,11682.23,FAILED_PAYMENT,82,MEDIUM,RETRY,HUMAN,AWAITING_APPROVAL,0,2,2026-08-26T18:16:04.330375
CASE-2349,TRANSACTION,TX-A4C5106B,CUST-1069,7182.23,FAILED_PAYMENT,77,MEDIUM,RETRY,HUMAN,AWAITING_APPROVAL,0,2,2026-08-27T03:16:04.335165
CASE-2350,TRANSACTION,TX-C865CBFA,CUST-1284,11682.23,FAILED_PAYMENT,48,MEDIUM,RETRY,HUMAN,AWAITING_APPROVAL,0,2,2026-08-27T06:16:04.335165
CASE-2351,TRANSACTION,TX-C88C24B4,CUST-1091,7182.23,FAILED_PAYMENT,94,MEDIUM,RETRY,HUMAN,AWAITING_APPROVAL,0,2,2026-08-28T04:16:04.335165
CASE-2352,TRANSACTION,TX-B3AF85C6,CUST-1165,1181.23,FAILED_PAYMENT,69,MEDIUM,RETRY,HUMAN,AWAITING_APPROVAL,0,2,2026-08-26T22:16:04.335165
CASE-2353,TRANSACTION,TX-A6EA9B8A,CUST-1128,11682.23,FAILED_PAYMENT,93,MEDIUM,RETRY,HUMAN,AWAITING_APPROVAL,0,2,2026-08-27T15:16:04.335165
CASE-2354,TRANSACTION,TX-4D3D06BD,CUST-1069,3681.23,FAILED_PAYMENT,73,MEDIUM,RETRY,HUMAN,AWAITING_APPROVAL,0,2,2026-08-26T22:16:04.335165
CASE-2355,TRANSACTION,TX-8386D894,CUST-1263,11682.23,FAILED_PAYMENT,92,MEDIUM,RETRY,HUMAN,AWAITING_APPROVAL,0,2,2026-08-27T01:16:04.335165
CASE-2356,TRANSACTION,TX-2FE5DCD5,CUST-1284,3681.23,FAILED_PAYMENT,90,LOW,RETRY,AUTO,RECOVERED,0,2,2026-08-27T23:16:04.336631
CASE-2357,TRANSACTION,TX-55784872,CUST-1149,7182.23,FAILED_PAYMENT,90,MEDIUM,RETRY,HUMAN,AWAITING_APPROVAL,0,2,2026-08-28T04:16:04.336631
CASE-2358,TRANSACTION,TX-A83CFF43,CUST-1092,11682.23,FAILED_PAYMENT,86,MEDIUM,RETRY,HUMAN,AWAITING_APPROVAL,0,2,2026-08-28T05:16:04.336631
CASE-2359,TRANSACTION,TX-6CFC7713,CUST-1293,3681.23,FAILED_PAYMENT,80,LOW,RETRY,AUTO,RECOVERED,0,2,2026-08-26T13:16:04.336631
CASE-2360,TRANSACTION,TX-801A9D70,CUST-1217,7182.23,FAILED_PAYMENT,63,MEDIUM,RETRY,HUMAN,AWAITING_APPROVAL,0,2,2026-08-28T06:16:04.336631
CASE-2361,TRANSACTION,TX-6D938728,CUST-1075,1181.23,FAILED_PAYMENT,69,MEDIUM,RETRY,HUMAN,AWAITING_APPROVAL,0,2,2026-08-28T09:16:04.336631
CASE-2362,TRANSACTION,TX-70F03771,CUST-1083,2181.23,FAILED_PAYMENT,62,MEDIUM,RETRY,HUMAN,AWAITING_APPROVAL,0,2,2026-08-27T20:16:04.336631
CASE-2363,TRANSACTION,TX-F9E5EC6E,CUST-1152,2181.23,FAILED_PAYMENT,48,MEDIUM,RETRY,HUMAN,AWAITING_APPROVAL,0,2,2026-08-28T10:16:04.336631
CASE-2364,TRANSACTION,TX-E42B6618,CUST-1053,3681.23,FAILED_PAYMENT,73,MEDIUM,RETRY,HUMAN,AWAITING_APPROVAL,0,2,2026-08-26T19:16:04.336631
CASE-2365,TRANSACTION,TX-A34F62C4,CUST-1122,7182.23,FAILED_PAYMENT,69,MEDIUM,RETRY,HUMAN,AWAITING_APPROVAL,0,2,2026-08-26T18:16:04.338901
CASE-2366,TRANSACTION,TX-8E4F6ADD,CUST-1199,1181.23,FAILED_PAYMENT,69,MEDIUM,RETRY,HUMAN,AWAITING_APPROVAL,0,2,2026-08-27T16:16:04.338901
CASE-2367,TRANSACTION,TX-93BBB709,CUST-1007,7182.23,FAILED_PAYMENT,48,MEDIUM,RETRY,HUMAN,AWAITING_APPROVAL,0,2,2026-08-26T21:16:04.338901
CASE-2368,TRANSACTION,TX-2B28C329,CUST-1189,4681.23,FAILED_PAYMENT,59,MEDIUM,RETRY,HUMAN,AWAITING_APPROVAL,0,2,2026-08-28T00:16:04.338901
CASE-2369,TRANSACTION,TX-19A85A9D,CUST-1091,3681.23,FAILED_PAYMENT,73,MEDIUM,RETRY,HUMAN,AWAITING_APPROVAL,0,2,2026-08-28T01:16:04.338901
CASE-2370,TRANSACTION,TX-35C1D6CD,CUST-1062,11682.23,FAILED_PAYMENT,77,MEDIUM,RETRY,HUMAN,AWAITING_APPROVAL,0,2,2026-08-27T09:16:04.338901
CASE-2371,TRANSACTION,TX-7FCAF36F,CUST-1083,3681.23,FAILED_PAYMENT,80,LOW,RETRY,AUTO,RECOVERED,0,2,2026-08-27T15:16:04.338901
CASE-2372,TRANSACTION,TX-55C367B5,CUST-1021,4681.23,FAILED_PAYMENT,90,LOW,RETRY,AUTO,BLOCKED,0,2,2026-08-26T22:16:04.338901
CASE-2373,TRANSACTION,TX-9846D185,CUST-1155,1181.23,FAILED_PAYMENT,94,LOW,RETRY,AUTO,BLOCKED,0,2,2026-08-27T01:16:04.338901
CASE-2374,TRANSACTION,TX-41985FE2,CUST-1163,3681.23,FAILED_PAYMENT,49,MEDIUM,RETRY,HUMAN,AWAITING_APPROVAL,0,2,2026-08-27T03:16:04.338901
CASE-2375,TRANSACTION,TX-587294B1,CUST-1213,1181.23,FAILED_PAYMENT,95,LOW,RETRY,AUTO,RECOVERED,0,2,2026-08-27T14:16:04.338901
CASE-2376,TRANSACTION,TX-6AF476E2,CUST-1170,2181.23,FAILED_PAYMENT,58,MEDIUM,RETRY,HUMAN,AWAITING_APPROVAL,0,2,2026-08-27T18:16:04.338901
CASE-2377,TRANSACTION,TX-5A2A7397,CUST-1244,2181.23,FAILED_PAYMENT,93,LOW,RETRY,AUTO,RECOVERED,0,2,2026-08-26T18:16:04.338901
CASE-2378,TRANSACTION,TX-8550D75D,CUST-1124,3681.23,FAILED_PAYMENT,73,MEDIUM,RETRY,HUMAN,AWAITING_APPROVAL,0,2,2026-08-26T17:16:04.338901
CASE-2379,TRANSACTION,TX-7BB9D6CE,CUST-1059,3681.23,FAILED_PAYMENT,69,MEDIUM,RETRY,HUMAN,AWAITING_APPROVAL,0,2,2026-08-27T02:16:04.338901
CASE-2380,TRANSACTION,TX-714214B0,CUST-1013,11682.23,FAILED_PAYMENT,63,MEDIUM,RETRY,HUMAN,AWAITING_APPROVAL,0,2,2026-08-27T04:16:04.338901
CASE-2381,TRANSACTION,TX-DB183674,CUST-1023,4681.23,FAILED_PAYMENT,76,MEDIUM,RETRY,HUMAN,AWAITING_APPROVAL,0,2,2026-08-28T00:16:04.338901
CASE-2382,TRANSACTION,TX-7BD9F7E0,CUST-1043,3681.23,FAILED_PAYMENT,77,MEDIUM,RETRY,HUMAN,AWAITING_APPROVAL,0,2,2026-08-27T02:16:04.338901
CASE-2383,TRANSACTION,TX-E539C0F7,CUST-1034,7182.23,FAILED_PAYMENT,45,MEDIUM,RETRY,HUMAN,AWAITING_APPROVAL,0,2,2026-08-26T20:16:04.338901
CASE-2384,TRANSACTION,TX-16589BED,CUST-1054,2181.23,FAILED_PAYMENT,88,LOW,RETRY,AUTO,RECOVERED,0,2,2026-08-26T16:16:04.338901
CASE-2385,TRANSACTION,TX-CC892B95,CUST-1223,11682.23,FAILED_PAYMENT,94,MEDIUM,RETRY,HUMAN,AWAITING_APPROVAL,0,2,2026-08-26T17:16:04.338901
CASE-2386,TRANSACTION,TX-B942C492,CUST-1236,2181.23,FAILED_PAYMENT,46,MEDIUM,RETRY,HUMAN,AWAITING_APPROVAL,0,2,2026-08-28T07:16:04.338901
CASE-2387,TRANSACTION,TX-D0A21760,CUST-1092,1181.23,FAILED_PAYMENT,48,MEDIUM,RETRY,HUMAN,AWAITING_APPROVAL,0,2,2026-08-28T08:16:04.338901
CASE-2388,TRANSACTION,TX-1C983D50,CUST-1133,7182.23,FAILED_PAYMENT,59,MEDIUM,RETRY,HUMAN,AWAITING_APPROVAL,0,2,2026-08-27T08:16:04.338901
CASE-2389,TRANSACTION,TX-9BB0DA92,CUST-1222,11682.23,FAILED_PAYMENT,70,MEDIUM,RETRY,HUMAN,AWAITING_APPROVAL,0,2,2026-08-27T12:16:04.338901
CASE-2390,TRANSACTION,TX-E80115A2,CUST-1274,11682.23,FAILED_PAYMENT,52,MEDIUM,RETRY,HUMAN,AWAITING_APPROVAL,0,2,2026-08-26T14:16:04.338901
CASE-2391,TRANSACTION,TX-2ECA5E7D,CUST-1300,7182.23,FAILED_PAYMENT,49,MEDIUM,RETRY,HUMAN,AWAITING_APPROVAL,0,2,2026-08-28T08:16:04.338901
CASE-2392,TRANSACTION,TX-55AD796C,CUST-1055,3681.23,FAILED_PAYMENT,77,MEDIUM,RETRY,HUMAN,AWAITING_APPROVAL,0,2,2026-08-27T17:16:04.345213
CASE-2393,TRANSACTION,TX-3B92A19B,CUST-1145,7182.23,FAILED_PAYMENT,50,MEDIUM,RETRY,HUMAN,AWAITING_APPROVAL,0,2,2026-08-27T11:16:04.345213
CASE-2394,TRANSACTION,TX-1E834C5A,CUST-1243,11682.23,FAILED_PAYMENT,46,MEDIUM,RETRY,HUMAN,AWAITING_APPROVAL,0,2,2026-08-27T22:16:04.345213
CASE-2395,TRANSACTION,TX-CF5987C7,CUST-1280,2181.23,FAILED_PAYMENT,92,LOW,RETRY,AUTO,RECOVERED,0,2,2026-08-28T03:16:04.345213
CASE-2396,TRANSACTION,TX-5737146E,CUST-1192,3681.23,FAILED_PAYMENT,88,LOW,RETRY,AUTO,BLOCKED,0,2,2026-08-27T01:16:04.346432
CASE-2397,TRANSACTION,TX-474FD51A,CUST-1022,2181.23,FAILED_PAYMENT,52,MEDIUM,RETRY,HUMAN,AWAITING_APPROVAL,0,2,2026-08-26T22:16:04.346432
CASE-2398,TRANSACTION,TX-4CAE3214,CUST-1281,4681.23,FAILED_PAYMENT,79,MEDIUM,RETRY,HUMAN,AWAITING_APPROVAL,0,2,2026-08-27T23:16:04.346432
CASE-2399,TRANSACTION,TX-B1A63296,CUST-1177,11682.23,FAILED_PAYMENT,92,MEDIUM,RETRY,HUMAN,AWAITING_APPROVAL,0,2,2026-08-26T19:16:04.346432
CASE-2400,TRANSACTION,TX-0572BEE1,CUST-1095,2681.23,CHECKOUT_ABANDONMENT,60,LOW,REMIND,AUTO,OPEN,0,2,2026-08-27T20:16:04.346432
CASE-2401,TRANSACTION,TX-AD707D4C,CUST-1093,2681.23,CHECKOUT_ABANDONMENT,57,LOW,REMIND,AUTO,OPEN,0,2,2026-08-27T07:16:04.346432
CASE-2402,TRANSACTION,TX-7148BD57,CUST-1035,882.23,CHECKOUT_ABANDONMENT,68,LOW,REMIND,AUTO,OPEN,0,2,2026-08-28T00:16:04.348460
CASE-2403,TRANSACTION,TX-FCBD6EDD,CUST-1183,8182.23,CHECKOUT_ABANDONMENT,71,MEDIUM,REMIND,HUMAN,OPEN,0,2,2026-08-26T19:16:04.348460
CASE-2404,TRANSACTION,TX-D826743F,CUST-1146,2681.23,CHECKOUT_ABANDONMENT,56,LOW,REMIND,AUTO,OPEN,0,2,2026-08-27T16:16:04.348460
CASE-2405,TRANSACTION,TX-097AE2A6,CUST-1169,8182.23,CHECKOUT_ABANDONMENT,78,MEDIUM,REMIND,HUMAN,OPEN,0,2,2026-08-26T23:16:04.348460
CASE-2406,TRANSACTION,TX-0EDC751C,CUST-1291,2681.23,CHECKOUT_ABANDONMENT,86,LOW,REMIND,AUTO,OPEN,0,2,2026-08-27T09:16:04.348460
CASE-2407,TRANSACTION,TX-5B982EA0,CUST-1161,2681.23,CHECKOUT_ABANDONMENT,50,LOW,REMIND,AUTO,OPEN,0,2,2026-08-26T15:16:04.350477
CASE-2408,TRANSACTION,TX-FFF9CDDF,CUST-1185,8182.23,CHECKOUT_ABANDONMENT,67,MEDIUM,REMIND,HUMAN,OPEN,0,2,2026-08-26T14:16:04.350477
CASE-2409,TRANSACTION,TX-52AC6587,CUST-1237,4482.23,CHECKOUT_ABANDONMENT,80,LOW,REMIND,AUTO,OPEN,0,2,2026-08-27T17:16:04.350477
CASE-2410,TRANSACTION,TX-638A245F,CUST-1056,8182.23,CHECKOUT_ABANDONMENT,85,MEDIUM,REMIND,HUMAN,OPEN,0,2,2026-08-26T22:16:04.350477
CASE-2411,TRANSACTION,TX-5F56EE4E,CUST-1072,882.23,CHECKOUT_ABANDONMENT,67,LOW,REMIND,AUTO,OPEN,0,2,2026-08-26T14:16:04.350477
CASE-2412,TRANSACTION,TX-31B1F4F0,CUST-1010,882.23,CHECKOUT_ABANDONMENT,54,LOW,REMIND,AUTO,OPEN,0,2,2026-08-26T23:16:04.350477
CASE-2413,TRANSACTION,TX-D0DC957D,CUST-1109,8182.23,CHECKOUT_ABANDONMENT,87,MEDIUM,REMIND,HUMAN,OPEN,0,2,2026-08-27T20:16:04.350477
CASE-2414,TRANSACTION,TX-CADE4D96,CUST-1188,8182.23,CHECKOUT_ABANDONMENT,59,MEDIUM,REMIND,HUMAN,OPEN,0,2,2026-08-26T23:16:04.353050
CASE-2415,TRANSACTION,TX-9F22EA78,CUST-1238,4482.23,CHECKOUT_ABANDONMENT,58,LOW,REMIND,AUTO,OPEN,0,2,2026-08-27T13:16:04.353050
CASE-2416,TRANSACTION,TX-F141C31D,CUST-1085,882.23,CHECKOUT_ABANDONMENT,65,LOW,REMIND,AUTO,OPEN,0,2,2026-08-28T02:16:04.353050
CASE-2417,TRANSACTION,TX-A1F299A5,CUST-1290,2681.23,CHECKOUT_ABANDONMENT,86,LOW,REMIND,AUTO,OPEN,0,2,2026-08-26T14:16:04.353050
CASE-2418,TRANSACTION,TX-90E0A552,CUST-1021,8182.23,CHECKOUT_ABANDONMENT,72,MEDIUM,REMIND,HUMAN,OPEN,0,2,2026-08-27T22:16:04.353050
CASE-2419,TRANSACTION,TX-5DA70E3E,CUST-1190,882.23,CHECKOUT_ABANDONMENT,66,LOW,REMIND,AUTO,OPEN,0,2,2026-08-26T18:16:04.353050
CASE-2420,TRANSACTION,TX-25EBA2F1,CUST-1185,2681.23,CHECKOUT_ABANDONMENT,83,LOW,REMIND,AUTO,OPEN,0,2,2026-08-27T07:16:04.355065
CASE-2421,TRANSACTION,TX-94F63C9D,CUST-1166,882.23,CHECKOUT_ABANDONMENT,52,LOW,REMIND,AUTO,OPEN,0,2,2026-08-27T03:16:04.355065
CASE-2422,TRANSACTION,TX-42C7211F,CUST-1297,4482.23,CHECKOUT_ABANDONMENT,66,LOW,REMIND,AUTO,OPEN,0,2,2026-08-26T19:16:04.355065
CASE-2423,TRANSACTION,TX-F58D5366,CUST-1040,8182.23,CHECKOUT_ABANDONMENT,73,MEDIUM,REMIND,HUMAN,OPEN,0,2,2026-08-27T22:16:04.356120
CASE-2424,TRANSACTION,TX-36A18613,CUST-1177,8182.23,CHECKOUT_ABANDONMENT,72,MEDIUM,REMIND,HUMAN,OPEN,0,2,2026-08-26T22:16:04.356895
CASE-2425,TRANSACTION,TX-FA9909BD,CUST-1072,882.23,CHECKOUT_ABANDONMENT,82,LOW,REMIND,AUTO,OPEN,0,2,2026-08-27T22:16:04.356895
CASE-2426,TRANSACTION,TX-63992E4E,CUST-1144,882.23,CHECKOUT_ABANDONMENT,82,LOW,REMIND,AUTO,OPEN,0,2,2026-08-28T01:16:04.356895
CASE-2427,TRANSACTION,TX-6BCD9A21,CUST-1061,2681.23,CHECKOUT_ABANDONMENT,73,LOW,REMIND,AUTO,OPEN,0,2,2026-08-27T15:16:04.356895
CASE-2428,TRANSACTION,TX-DD86C386,CUST-1246,882.23,CHECKOUT_ABANDONMENT,80,LOW,REMIND,AUTO,OPEN,0,2,2026-08-26T23:16:04.356895
CASE-2429,TRANSACTION,TX-3573BD84,CUST-1012,2681.23,CHECKOUT_ABANDONMENT,76,LOW,REMIND,AUTO,OPEN,0,2,2026-08-28T04:16:04.358910
CASE-2430,TRANSACTION,TX-19A46ED5,CUST-1263,2681.23,CHECKOUT_ABANDONMENT,58,LOW,REMIND,AUTO,OPEN,0,2,2026-08-28T03:16:04.358910
CASE-2431,TRANSACTION,TX-B152EAF1,CUST-1133,882.23,CHECKOUT_ABANDONMENT,60,LOW,REMIND,AUTO,OPEN,0,2,2026-08-27T11:16:04.358910
CASE-2432,TRANSACTION,TX-4E14DCA0,CUST-1044,882.23,CHECKOUT_ABANDONMENT,68,LOW,REMIND,AUTO,OPEN,0,2,2026-08-26T22:16:04.358910
CASE-2433,TRANSACTION,TX-C2806B88,CUST-1088,8182.23,CHECKOUT_ABANDONMENT,80,MEDIUM,REMIND,HUMAN,OPEN,0,2,2026-08-26T22:16:04.358910
CASE-2434,TRANSACTION,TX-43460A80,CUST-1094,2681.23,CHECKOUT_ABANDONMENT,87,LOW,REMIND,AUTO,OPEN,0,2,2026-08-26T14:16:04.358910
CASE-2435,TRANSACTION,TX-691FE954,CUST-1036,4482.23,CHECKOUT_ABANDONMENT,79,LOW,REMIND,AUTO,OPEN,0,2,2026-08-27T12:16:04.360963
CASE-2436,TRANSACTION,TX-3E394F14,CUST-1009,2681.23,CHECKOUT_ABANDONMENT,56,LOW,REMIND,AUTO,OPEN,0,2,2026-08-27T04:16:04.360963
CASE-2437,TRANSACTION,TX-2FCB0638,CUST-1050,8182.23,CHECKOUT_ABANDONMENT,59,MEDIUM,REMIND,HUMAN,OPEN,0,2,2026-08-26T21:16:04.360963
CASE-2438,TRANSACTION,TX-F11D4169,CUST-1258,882.23,CHECKOUT_ABANDONMENT,84,LOW,REMIND,AUTO,OPEN,0,2,2026-08-27T06:16:04.360963
CASE-2439,TRANSACTION,TX-2D3D3E5B,CUST-1277,2681.23,CHECKOUT_ABANDONMENT,88,LOW,REMIND,AUTO,OPEN,0,2,2026-08-26T19:16:04.362479
CASE-2440,TRANSACTION,TX-86CEA845,CUST-1216,8182.23,CHECKOUT_ABANDONMENT,83,MEDIUM,REMIND,HUMAN,OPEN,0,2,2026-08-26T16:16:04.362479
CASE-2441,TRANSACTION,TX-93E75049,CUST-1247,8182.23,CHECKOUT_ABANDONMENT,64,MEDIUM,REMIND,HUMAN,OPEN,0,2,2026-08-26T23:16:04.362479
CASE-2442,TRANSACTION,TX-F2CB46F5,CUST-1069,882.23,CHECKOUT_ABANDONMENT,77,LOW,REMIND,AUTO,OPEN,0,2,2026-08-27T22:16:04.362479
CASE-2443,TRANSACTION,TX-544659D5,CUST-1279,882.23,CHECKOUT_ABANDONMENT,68,LOW,REMIND,AUTO,OPEN,0,2,2026-08-28T00:16:04.364504
CASE-2444,TRANSACTION,TX-BA6133EE,CUST-1296,882.23,CHECKOUT_ABANDONMENT,50,LOW,REMIND,AUTO,OPEN,0,2,2026-08-28T12:16:04.365031
CASE-2445,TRANSACTION,TX-35737E2E,CUST-1162,8182.23,CHECKOUT_ABANDONMENT,63,MEDIUM,REMIND,HUMAN,OPEN,0,2,2026-08-28T06:16:04.365031
CASE-2446,TRANSACTION,TX-E950C607,CUST-1300,2681.23,CHECKOUT_ABANDONMENT,77,LOW,REMIND,AUTO,OPEN,0,2,2026-08-27T02:16:04.365031
CASE-2447,TRANSACTION,TX-951488C9,CUST-1188,8182.23,CHECKOUT_ABANDONMENT,86,MEDIUM,REMIND,HUMAN,OPEN,0,2,2026-08-27T11:16:04.365031
CASE-2448,TRANSACTION,TX-8AF621A3,CUST-1283,2681.23,CHECKOUT_ABANDONMENT,76,LOW,REMIND,AUTO,OPEN,0,2,2026-08-27T13:16:04.365031
CASE-2449,TRANSACTION,TX-5C73BBFF,CUST-1158,8182.23,CHECKOUT_ABANDONMENT,66,MEDIUM,REMIND,HUMAN,OPEN,0,2,2026-08-27T11:16:04.365031
CASE-2450,TRANSACTION,TX-17EC1550,CUST-1118,2681.23,CHECKOUT_ABANDONMENT,57,LOW,REMIND,AUTO,OPEN,0,2,2026-08-28T02:16:04.365031
CASE-2451,TRANSACTION,TX-5F64D295,CUST-1261,882.23,CHECKOUT_ABANDONMENT,63,LOW,REMIND,AUTO,OPEN,0,2,2026-08-27T01:16:04.367812
CASE-2452,TRANSACTION,TX-668B96EF,CUST-1200,882.23,CHECKOUT_ABANDONMENT,60,LOW,REMIND,AUTO,OPEN,0,2,2026-08-28T03:16:04.367812
CASE-2453,TRANSACTION,TX-D84DE3B0,CUST-1223,8182.23,CHECKOUT_ABANDONMENT,88,MEDIUM,REMIND,HUMAN,OPEN,0,2,2026-08-27T20:16:04.367812
CASE-2454,TRANSACTION,TX-F5C26C22,CUST-1041,2681.23,CHECKOUT_ABANDONMENT,73,LOW,REMIND,AUTO,OPEN,0,2,2026-08-27T12:16:04.367812
CASE-2455,TRANSACTION,TX-64712A3F,CUST-1267,8182.23,CHECKOUT_ABANDONMENT,89,MEDIUM,REMIND,HUMAN,OPEN,0,2,2026-08-26T22:16:04.367812
CASE-2456,TRANSACTION,TX-DBC52FA0,CUST-1254,882.23,CHECKOUT_ABANDONMENT,61,LOW,REMIND,AUTO,OPEN,0,2,2026-08-28T00:16:04.369823
CASE-2457,TRANSACTION,TX-1DB20F1F,CUST-1018,4482.23,CHECKOUT_ABANDONMENT,62,LOW,REMIND,AUTO,OPEN,0,2,2026-08-28T02:16:04.369823
CASE-2458,TRANSACTION,TX-F1598C9B,CUST-1123,882.23,CHECKOUT_ABANDONMENT,73,LOW,REMIND,AUTO,OPEN,0,2,2026-08-28T07:16:04.370665
CASE-2459,TRANSACTION,TX-3581F625,CUST-1181,4482.23,CHECKOUT_ABANDONMENT,75,LOW,REMIND,AUTO,OPEN,0,2,2026-08-26T23:16:04.370665
CASE-2460,TRANSACTION,TX-1882239C,CUST-1008,2681.23,CHECKOUT_ABANDONMENT,83,LOW,REMIND,AUTO,OPEN,0,2,2026-08-27T01:16:04.370665
CASE-2461,TRANSACTION,TX-31D53DF3,CUST-1299,4482.23,CHECKOUT_ABANDONMENT,85,LOW,REMIND,AUTO,OPEN,0,2,2026-08-27T19:16:04.370665
CASE-2462,TRANSACTION,TX-C0FD3497,CUST-1100,2681.23,CHECKOUT_ABANDONMENT,88,LOW,REMIND,AUTO,OPEN,0,2,2026-08-27T00:16:04.370665
CASE-2463,TRANSACTION,TX-D21EC478,CUST-1090,882.23,CHECKOUT_ABANDONMENT,66,LOW,REMIND,AUTO,OPEN,0,2,2026-08-28T06:16:04.372767
CASE-2464,TRANSACTION,TX-C21CB605,CUST-1151,882.23,CHECKOUT_ABANDONMENT,82,LOW,REMIND,AUTO,OPEN,0,2,2026-08-27T04:16:04.372767
CASE-2465,TRANSACTION,TX-3F302B5D,CUST-1295,4482.23,CHECKOUT_ABANDONMENT,84,LOW,REMIND,AUTO,OPEN,0,2,2026-08-27T08:16:04.372767
CASE-2466,TRANSACTION,TX-B9EEE7C7,CUST-1248,8182.23,CHECKOUT_ABANDONMENT,86,MEDIUM,REMIND,HUMAN,OPEN,0,2,2026-08-27T07:16:04.372767
CASE-2467,TRANSACTION,TX-D6A59EE2,CUST-1015,8182.23,CHECKOUT_ABANDONMENT,87,MEDIUM,REMIND,HUMAN,OPEN,0,2,2026-08-27T20:16:04.372767
CASE-2468,TRANSACTION,TX-9205E0E6,CUST-1113,882.23,CHECKOUT_ABANDONMENT,74,LOW,REMIND,AUTO,OPEN,0,2,2026-08-27T10:16:04.372767
CASE-2469,TRANSACTION,TX-5821E8E9,CUST-1275,4482.23,CHECKOUT_ABANDONMENT,83,LOW,REMIND,AUTO,OPEN,0,2,2026-08-27T20:16:04.375289
CASE-2470,TRANSACTION,TX-D8D1C9D4,CUST-1048,2681.23,CHECKOUT_ABANDONMENT,68,LOW,REMIND,AUTO,OPEN,0,2,2026-08-26T13:16:04.375289
CASE-2471,TRANSACTION,TX-6718A98E,CUST-1284,4482.23,CHECKOUT_ABANDONMENT,54,LOW,REMIND,AUTO,OPEN,0,2,2026-08-27T16:16:04.375289
CASE-2472,TRANSACTION,TX-621A3511,CUST-1294,4482.23,CHECKOUT_ABANDONMENT,63,LOW,REMIND,AUTO,OPEN,0,2,2026-08-26T13:16:04.375289
CASE-2473,TRANSACTION,TX-88C62D8B,CUST-1103,2681.23,CHECKOUT_ABANDONMENT,81,LOW,REMIND,AUTO,OPEN,0,2,2026-08-27T21:16:04.375289
CASE-2474,TRANSACTION,TX-DC7AEF75,CUST-1118,4482.23,CHECKOUT_ABANDONMENT,63,LOW,REMIND,AUTO,OPEN,0,2,2026-08-26T21:16:04.375289
CASE-2475,TRANSACTION,TX-595A9DAD,CUST-1055,4482.23,CHECKOUT_ABANDONMENT,59,LOW,REMIND,AUTO,OPEN,0,2,2026-08-26T17:16:04.375289
CASE-2476,TRANSACTION,TX-E6B80FD0,CUST-1004,8182.23,CHECKOUT_ABANDONMENT,89,MEDIUM,REMIND,HUMAN,OPEN,0,2,2026-08-27T13:16:04.377854
CASE-2477,TRANSACTION,TX-FC292022,CUST-1295,4482.23,CHECKOUT_ABANDONMENT,81,LOW,REMIND,AUTO,OPEN,0,2,2026-08-28T01:16:04.377854
CASE-2478,TRANSACTION,TX-9E01408E,CUST-1114,4482.23,CHECKOUT_ABANDONMENT,75,LOW,REMIND,AUTO,OPEN,0,2,2026-08-27T03:16:04.377854
CASE-2479,TRANSACTION,TX-A388F517,CUST-1277,8182.23,CHECKOUT_ABANDONMENT,80,MEDIUM,REMIND,HUMAN,OPEN,0,2,2026-08-27T14:16:04.377854
CASE-2480,TRANSACTION,TX-746CA1E5,CUST-1235,8182.23,CHECKOUT_ABANDONMENT,61,MEDIUM,REMIND,HUMAN,OPEN,0,2,2026-08-27T03:16:04.377854
CASE-2481,TRANSACTION,TX-E0D5E1BF,CUST-1005,8182.23,CHECKOUT_ABANDONMENT,70,MEDIUM,REMIND,HUMAN,OPEN,0,2,2026-08-27T23:16:04.377854
CASE-2482,TRANSACTION,TX-AE89289A,CUST-1052,8182.23,CHECKOUT_ABANDONMENT,87,MEDIUM,REMIND,HUMAN,OPEN,0,2,2026-08-26T21:16:04.377854
CASE-2483,TRANSACTION,TX-268E3CCD,CUST-1281,4482.23,CHECKOUT_ABANDONMENT,61,LOW,REMIND,AUTO,OPEN,0,2,2026-08-27T19:16:04.380370
CASE-2484,TRANSACTION,TX-1AC0723C,CUST-1176,8182.23,CHECKOUT_ABANDONMENT,89,MEDIUM,REMIND,HUMAN,OPEN,0,2,2026-08-27T05:16:04.380370
CASE-2485,TRANSACTION,TX-45FA37B2,CUST-1215,8182.23,CHECKOUT_ABANDONMENT,63,MEDIUM,REMIND,HUMAN,OPEN,0,2,2026-08-27T11:16:04.380370
CASE-2486,TRANSACTION,TX-1AD386BA,CUST-1093,4482.23,CHECKOUT_ABANDONMENT,78,LOW,REMIND,AUTO,OPEN,0,2,2026-08-26T17:16:04.380370
CASE-2487,TRANSACTION,TX-E5FB3BE8,CUST-1139,2681.23,CHECKOUT_ABANDONMENT,56,LOW,REMIND,AUTO,OPEN,0,2,2026-08-27T09:16:04.380370
CASE-2488,TRANSACTION,TX-9AE65FE5,CUST-1075,8182.23,CHECKOUT_ABANDONMENT,62,MEDIUM,REMIND,HUMAN,OPEN,0,2,2026-08-28T12:16:04.382388
CASE-2489,TRANSACTION,TX-D27128BD,CUST-1256,2681.23,CHECKOUT_ABANDONMENT,76,LOW,REMIND,AUTO,OPEN,0,2,2026-08-27T03:16:04.382388
CASE-2490,TRANSACTION,TX-B7ABACFA,CUST-1154,4482.23,CHECKOUT_ABANDONMENT,81,LOW,REMIND,AUTO,OPEN,0,2,2026-08-27T00:16:04.382388
CASE-2491,TRANSACTION,TX-5CA3EBC6,CUST-1051,882.23,CHECKOUT_ABANDONMENT,75,LOW,REMIND,AUTO,OPEN,0,2,2026-08-27T23:16:04.382388
CASE-2492,TRANSACTION,TX-D39AC542,CUST-1050,4482.23,CHECKOUT_ABANDONMENT,80,LOW,REMIND,AUTO,OPEN,0,2,2026-08-27T15:16:04.382388
CASE-2493,TRANSACTION,TX-B2D15083,CUST-1185,4482.23,CHECKOUT_ABANDONMENT,73,LOW,REMIND,AUTO,OPEN,0,2,2026-08-28T11:16:04.382388
CASE-2494,TRANSACTION,TX-AD5E008B,CUST-1180,8182.23,CHECKOUT_ABANDONMENT,57,MEDIUM,REMIND,HUMAN,OPEN,0,2,2026-08-27T00:16:04.382388
CASE-2495,TRANSACTION,TX-14C2E18E,CUST-1182,2681.23,CHECKOUT_ABANDONMENT,68,LOW,REMIND,AUTO,OPEN,0,2,2026-08-27T04:16:04.382388
CASE-2496,TRANSACTION,TX-BC456673,CUST-1041,8182.23,CHECKOUT_ABANDONMENT,78,MEDIUM,REMIND,HUMAN,OPEN,0,2,2026-08-27T18:16:04.382388
CASE-2497,TRANSACTION,TX-985AF8C9,CUST-1075,8182.23,CHECKOUT_ABANDONMENT,90,MEDIUM,REMIND,HUMAN,OPEN,0,2,2026-08-27T15:16:04.382388
CASE-2498,TRANSACTION,TX-EA9B1292,CUST-1293,8182.23,CHECKOUT_ABANDONMENT,90,MEDIUM,REMIND,HUMAN,OPEN,0,2,2026-08-28T07:16:04.382388
CASE-2499,TRANSACTION,TX-17F7010A,CUST-1117,2681.23,CHECKOUT_ABANDONMENT,71,LOW,REMIND,AUTO,OPEN,0,2,2026-08-26T19:16:04.385065
CASE-2500,TRANSACTION,TX-10E36A6A,CUST-1203,4482.23,CHECKOUT_ABANDONMENT,67,LOW,REMIND,AUTO,OPEN,0,2,2026-08-27T13:16:04.385065
CASE-2501,TRANSACTION,TX-504B3DB1,CUST-1086,8182.23,CHECKOUT_ABANDONMENT,76,MEDIUM,REMIND,HUMAN,OPEN,0,2,2026-08-28T04:16:04.385065
CASE-2502,TRANSACTION,TX-F1858665,CUST-1041,2681.23,CHECKOUT_ABANDONMENT,66,LOW,REMIND,AUTO,OPEN,0,2,2026-08-27T11:16:04.385065
CASE-2503,TRANSACTION,TX-8A59D03F,CUST-1033,882.23,CHECKOUT_ABANDONMENT,56,LOW,REMIND,AUTO,OPEN,0,2,2026-08-28T09:16:04.385065
CASE-2504,TRANSACTION,TX-C76E30FD,CUST-1269,882.23,CHECKOUT_ABANDONMENT,75,LOW,REMIND,AUTO,OPEN,0,2,2026-08-27T20:16:04.386638
CASE-2505,TRANSACTION,TX-64066ADB,CUST-1200,2681.23,CHECKOUT_ABANDONMENT,55,LOW,REMIND,AUTO,OPEN,0,2,2026-08-27T21:16:04.386638
CASE-2506,TRANSACTION,TX-08F8B14A,CUST-1065,4482.23,CHECKOUT_ABANDONMENT,78,LOW,REMIND,AUTO,OPEN,0,2,2026-08-28T02:16:04.387293
CASE-2507,TRANSACTION,TX-C5F96749,CUST-1183,882.23,CHECKOUT_ABANDONMENT,52,LOW,REMIND,AUTO,OPEN,0,2,2026-08-27T07:16:04.387293
CASE-2508,TRANSACTION,TX-C723C315,CUST-1228,4482.23,CHECKOUT_ABANDONMENT,85,LOW,REMIND,AUTO,OPEN,0,2,2026-08-27T02:16:04.387293
CASE-2509,TRANSACTION,TX-A217CB4C,CUST-1234,2681.23,CHECKOUT_ABANDONMENT,87,LOW,REMIND,AUTO,OPEN,0,2,2026-08-26T20:16:04.387293
CASE-2510,TRANSACTION,TX-1E3EE3EA,CUST-1247,4482.23,CHECKOUT_ABANDONMENT,72,LOW,REMIND,AUTO,OPEN,0,2,2026-08-27T08:16:04.387293
CASE-2511,TRANSACTION,TX-1253D1FF,CUST-1212,4482.23,CHECKOUT_ABANDONMENT,73,LOW,REMIND,AUTO,OPEN,0,2,2026-08-27T17:16:04.387293
CASE-2512,TRANSACTION,TX-73D73735,CUST-1268,882.23,CHECKOUT_ABANDONMENT,50,LOW,REMIND,AUTO,OPEN,0,2,2026-08-27T18:16:04.387293
CASE-2513,TRANSACTION,TX-BD43CFEC,CUST-1005,8182.23,CHECKOUT_ABANDONMENT,84,MEDIUM,REMIND,HUMAN,OPEN,0,2,2026-08-27T17:16:04.389417
CASE-2514,TRANSACTION,TX-028DE2ED,CUST-1150,882.23,CHECKOUT_ABANDONMENT,77,LOW,REMIND,AUTO,OPEN,0,2,2026-08-27T01:16:04.389953
CASE-2515,TRANSACTION,TX-102029E5,CUST-1211,4482.23,CHECKOUT_ABANDONMENT,62,LOW,REMIND,AUTO,OPEN,0,2,2026-08-27T21:16:04.389953
CASE-2516,TRANSACTION,TX-F6F3BBE6,CUST-1194,2681.23,CHECKOUT_ABANDONMENT,74,LOW,REMIND,AUTO,OPEN,0,2,2026-08-28T07:16:04.389953
CASE-2517,TRANSACTION,TX-034AFD6A,CUST-1123,8182.23,CHECKOUT_ABANDONMENT,90,MEDIUM,REMIND,HUMAN,OPEN,0,2,2026-08-26T19:16:04.389953
CASE-2518,TRANSACTION,TX-86DF5930,CUST-1097,4482.23,CHECKOUT_ABANDONMENT,76,LOW,REMIND,AUTO,OPEN,0,2,2026-08-28T04:16:04.389953
CASE-2519,TRANSACTION,TX-509AC777,CUST-1234,4482.23,CHECKOUT_ABANDONMENT,57,LOW,REMIND,AUTO,OPEN,0,2,2026-08-26T16:16:04.389953
CASE-2520,TRANSACTION,TX-4C6A6416,CUST-1165,8182.23,CHECKOUT_ABANDONMENT,62,MEDIUM,REMIND,HUMAN,OPEN,0,2,2026-08-28T09:16:04.391967
CASE-2521,TRANSACTION,TX-337A0684,CUST-1053,882.23,CHECKOUT_ABANDONMENT,61,LOW,REMIND,AUTO,OPEN,0,2,2026-08-28T04:16:04.391967
CASE-2522,TRANSACTION,TX-A5148202,CUST-1120,8182.23,CHECKOUT_ABANDONMENT,50,MEDIUM,REMIND,HUMAN,OPEN,0,2,2026-08-28T12:16:04.391967
CASE-2523,TRANSACTION,TX-FF2D21B1,CUST-1176,8182.23,CHECKOUT_ABANDONMENT,63,MEDIUM,REMIND,HUMAN,OPEN,0,2,2026-08-27T05:16:04.391967
CASE-2524,TRANSACTION,TX-4514B3F8,CUST-1017,4482.23,CHECKOUT_ABANDONMENT,79,LOW,REMIND,AUTO,OPEN,0,2,2026-08-28T03:16:04.391967
CASE-2525,TRANSACTION,TX-23DA98B8,CUST-1201,882.23,CHECKOUT_ABANDONMENT,67,LOW,REMIND,AUTO,OPEN,0,2,2026-08-27T06:16:04.391967
CASE-2526,TRANSACTION,TX-0BFB70EB,CUST-1129,2681.23,CHECKOUT_ABANDONMENT,62,LOW,REMIND,AUTO,OPEN,0,2,2026-08-28T05:16:04.391967
CASE-2527,TRANSACTION,TX-883CE2F7,CUST-1227,2681.23,CHECKOUT_ABANDONMENT,74,LOW,REMIND,AUTO,OPEN,0,2,2026-08-28T10:16:04.391967
CASE-2528,TRANSACTION,TX-2EAF8655,CUST-1049,2681.23,CHECKOUT_ABANDONMENT,79,LOW,REMIND,AUTO,OPEN,0,2,2026-08-27T12:16:04.394979
CASE-2529,TRANSACTION,TX-72B6B8FD,CUST-1082,4482.23,CHECKOUT_ABANDONMENT,70,LOW,REMIND,AUTO,OPEN,0,2,2026-08-27T01:16:04.394979
CASE-2530,TRANSACTION,TX-288178A4,CUST-1247,882.23,CHECKOUT_ABANDONMENT,66,LOW,REMIND,AUTO,OPEN,0,2,2026-08-27T13:16:04.394979
CASE-2531,TRANSACTION,TX-275556D3,CUST-1058,882.23,CHECKOUT_ABANDONMENT,63,LOW,REMIND,AUTO,OPEN,0,2,2026-08-27T09:16:04.394979
CASE-2532,TRANSACTION,TX-597F6C67,CUST-1086,4482.23,CHECKOUT_ABANDONMENT,50,LOW,REMIND,AUTO,OPEN,0,2,2026-08-28T05:16:04.394979
CASE-2533,TRANSACTION,TX-F9F6B3B2,CUST-1005,8182.23,CHECKOUT_ABANDONMENT,65,MEDIUM,REMIND,HUMAN,OPEN,0,2,2026-08-26T16:16:04.394979
CASE-2534,TRANSACTION,TX-98D24683,CUST-1080,8182.23,CHECKOUT_ABANDONMENT,88,MEDIUM,REMIND,HUMAN,OPEN,0,2,2026-08-27T21:16:04.394979
CASE-2535,TRANSACTION,TX-607D69B5,CUST-1047,2681.23,CHECKOUT_ABANDONMENT,81,LOW,REMIND,AUTO,OPEN,0,2,2026-08-28T09:16:04.397053
CASE-2536,TRANSACTION,TX-B57E70BD,CUST-1079,882.23,CHECKOUT_ABANDONMENT,72,LOW,REMIND,AUTO,OPEN,0,2,2026-08-27T05:16:04.397053
CASE-2537,TRANSACTION,TX-01E2AA90,CUST-1286,2681.23,CHECKOUT_ABANDONMENT,70,LOW,REMIND,AUTO,OPEN,0,2,2026-08-26T14:16:04.397053
CASE-2538,TRANSACTION,TX-55BC2D71,CUST-1194,2681.23,CHECKOUT_ABANDONMENT,51,LOW,REMIND,AUTO,OPEN,0,2,2026-08-28T04:16:04.397053
CASE-2539,TRANSACTION,TX-AAA329C4,CUST-1249,4482.23,CHECKOUT_ABANDONMENT,52,LOW,REMIND,AUTO,OPEN,0,2,2026-08-27T18:16:04.397053
CASE-2540,TRANSACTION,TX-C5D4D158,CUST-1291,8182.23,CHECKOUT_ABANDONMENT,62,MEDIUM,REMIND,HUMAN,OPEN,0,2,2026-08-27T14:16:04.397053
CASE-2541,TRANSACTION,TX-C7DC84C6,CUST-1141,4482.23,CHECKOUT_ABANDONMENT,79,LOW,REMIND,AUTO,OPEN,0,2,2026-08-27T03:16:04.397053
CASE-2542,TRANSACTION,TX-04651E45,CUST-1152,2681.23,CHECKOUT_ABANDONMENT,78,LOW,REMIND,AUTO,OPEN,0,2,2026-08-27T13:16:04.397053
CASE-2543,TRANSACTION,TX-A25A3F44,CUST-1260,8182.23,CHECKOUT_ABANDONMENT,50,MEDIUM,REMIND,HUMAN,OPEN,0,2,2026-08-28T01:16:04.397053
CASE-2544,TRANSACTION,TX-2DB893FA,CUST-1187,882.23,CHECKOUT_ABANDONMENT,89,LOW,REMIND,AUTO,OPEN,0,2,2026-08-26T14:16:04.397053
CASE-2545,TRANSACTION,TX-EC016F70,CUST-1199,882.23,CHECKOUT_ABANDONMENT,84,LOW,REMIND,AUTO,OPEN,0,2,2026-08-26T17:16:04.397053
CASE-2546,TRANSACTION,TX-9542ECEE,CUST-1079,8182.23,CHECKOUT_ABANDONMENT,85,MEDIUM,REMIND,HUMAN,OPEN,0,2,2026-08-27T10:16:04.397053
CASE-2547,TRANSACTION,TX-DF0A3CAF,CUST-1050,4482.23,CHECKOUT_ABANDONMENT,57,LOW,REMIND,AUTO,OPEN,0,2,2026-08-28T04:16:04.397053
CASE-2548,TRANSACTION,TX-4E9DADB7,CUST-1104,2681.23,CHECKOUT_ABANDONMENT,52,LOW,REMIND,AUTO,OPEN,0,2,2026-08-28T00:16:04.397053
CASE-2549,TRANSACTION,TX-24031ED0,CUST-1293,882.23,CHECKOUT_ABANDONMENT,52,LOW,REMIND,AUTO,OPEN,0,2,2026-08-27T05:16:04.397053
CASE-2550,TRANSACTION,TX-73853049,CUST-1188,4482.23,CHECKOUT_ABANDONMENT,53,LOW,REMIND,AUTO,OPEN,0,2,2026-08-26T15:16:04.397053
CASE-2551,TRANSACTION,TX-8AE2ECB4,CUST-1107,882.23,CHECKOUT_ABANDONMENT,50,LOW,REMIND,AUTO,OPEN,0,2,2026-08-27T07:16:04.397053
CASE-2552,TRANSACTION,TX-728170C2,CUST-1286,882.23,CHECKOUT_ABANDONMENT,73,LOW,REMIND,AUTO,OPEN,0,2,2026-08-26T15:16:04.397053
CASE-2553,TRANSACTION,TX-47CE5D13,CUST-1137,882.23,CHECKOUT_ABANDONMENT,89,LOW,REMIND,AUTO,OPEN,0,2,2026-08-28T08:16:04.402884
CASE-2554,TRANSACTION,TX-35DCAF49,CUST-1111,4482.23,CHECKOUT_ABANDONMENT,54,LOW,REMIND,AUTO,OPEN,0,2,2026-08-26T14:16:04.403378
CASE-2555,TRANSACTION,TX-DCB34529,CUST-1198,2681.23,CHECKOUT_ABANDONMENT,84,LOW,REMIND,AUTO,OPEN,0,2,2026-08-27T03:16:04.403378
CASE-2556,TRANSACTION,TX-ADB9209D,CUST-1092,2681.23,CHECKOUT_ABANDONMENT,86,LOW,REMIND,AUTO,OPEN,0,2,2026-08-28T06:16:04.403378
CASE-2557,TRANSACTION,TX-D4E08D42,CUST-1219,4482.23,CHECKOUT_ABANDONMENT,79,LOW,REMIND,AUTO,OPEN,0,2,2026-08-28T01:16:04.403378
CASE-2558,TRANSACTION,TX-9EF0D05B,CUST-1173,8182.23,CHECKOUT_ABANDONMENT,82,MEDIUM,REMIND,HUMAN,OPEN,0,2,2026-08-26T22:16:04.404775
CASE-2559,TRANSACTION,TX-EDA3568E,CUST-1162,8182.23,CHECKOUT_ABANDONMENT,72,MEDIUM,REMIND,HUMAN,OPEN,0,2,2026-08-27T10:16:04.404775
CASE-2560,TRANSACTION,TX-4486BFC2,CUST-1124,8182.23,CHECKOUT_ABANDONMENT,70,MEDIUM,REMIND,HUMAN,OPEN,0,2,2026-08-27T01:16:04.405283
CASE-2561,TRANSACTION,TX-AFF910CF,CUST-1232,4482.23,CHECKOUT_ABANDONMENT,73,LOW,REMIND,AUTO,OPEN,0,2,2026-08-28T12:16:04.405283
CASE-2562,TRANSACTION,TX-69FB368D,CUST-1009,882.23,CHECKOUT_ABANDONMENT,68,LOW,REMIND,AUTO,OPEN,0,2,2026-08-28T12:16:04.405901
CASE-2563,TRANSACTION,TX-C6B28F4B,CUST-1110,4482.23,CHECKOUT_ABANDONMENT,64,LOW,REMIND,AUTO,OPEN,0,2,2026-08-26T16:16:04.405901
CASE-2564,TRANSACTION,TX-BE771C47,CUST-1262,4482.23,CHECKOUT_ABANDONMENT,85,LOW,REMIND,AUTO,OPEN,0,2,2026-08-28T10:16:04.405901
CASE-2565,TRANSACTION,TX-D1E868E0,CUST-1080,8182.23,CHECKOUT_ABANDONMENT,72,MEDIUM,REMIND,HUMAN,OPEN,0,2,2026-08-27T13:16:04.406499
CASE-2566,TRANSACTION,TX-98DB083F,CUST-1132,2681.23,CHECKOUT_ABANDONMENT,64,LOW,REMIND,AUTO,OPEN,0,2,2026-08-27T00:16:04.407243
CASE-2567,TRANSACTION,TX-2947CEA0,CUST-1112,8182.23,CHECKOUT_ABANDONMENT,86,MEDIUM,REMIND,HUMAN,OPEN,0,2,2026-08-27T16:16:04.407243
CASE-2568,TRANSACTION,TX-ECB87912,CUST-1250,8182.23,CHECKOUT_ABANDONMENT,61,MEDIUM,REMIND,HUMAN,OPEN,0,2,2026-08-26T19:16:04.408756
CASE-2569,TRANSACTION,TX-7FB1620F,CUST-1296,4482.23,CHECKOUT_ABANDONMENT,52,LOW,REMIND,AUTO,OPEN,0,2,2026-08-28T09:16:04.408756
CASE-2570,TRANSACTION,TX-D4CF5536,CUST-1223,4482.23,CHECKOUT_ABANDONMENT,72,LOW,REMIND,AUTO,OPEN,0,2,2026-08-27T22:16:04.408756
CASE-2571,TRANSACTION,TX-A9259687,CUST-1196,882.23,CHECKOUT_ABANDONMENT,90,LOW,REMIND,AUTO,OPEN,0,2,2026-08-27T03:16:04.408756
CASE-2572,TRANSACTION,TX-235B7883,CUST-1277,882.23,CHECKOUT_ABANDONMENT,70,LOW,REMIND,AUTO,OPEN,0,2,2026-08-27T04:16:04.408756
CASE-2573,TRANSACTION,TX-593D79A6,CUST-1026,2681.23,CHECKOUT_ABANDONMENT,59,LOW,REMIND,AUTO,OPEN,0,2,2026-08-26T22:16:04.408756
CASE-2574,TRANSACTION,TX-F2BE5593,CUST-1222,882.23,CHECKOUT_ABANDONMENT,64,LOW,REMIND,AUTO,OPEN,0,2,2026-08-28T03:16:04.408756
CASE-2575,TRANSACTION,TX-855C5770,CUST-1043,2681.23,CHECKOUT_ABANDONMENT,71,LOW,REMIND,AUTO,OPEN,0,2,2026-08-26T13:16:04.408756
CASE-2576,TRANSACTION,TX-3BA3DA59,CUST-1205,882.23,CHECKOUT_ABANDONMENT,85,LOW,REMIND,AUTO,OPEN,0,2,2026-08-27T11:16:04.410804
CASE-2577,TRANSACTION,TX-EC8A0300,CUST-1070,8182.23,CHECKOUT_ABANDONMENT,58,MEDIUM,REMIND,HUMAN,OPEN,0,2,2026-08-28T00:16:04.410804
CASE-2578,TRANSACTION,TX-EADE1099,CUST-1293,8182.23,CHECKOUT_ABANDONMENT,75,MEDIUM,REMIND,HUMAN,OPEN,0,2,2026-08-26T21:16:04.410804
CASE-2579,TRANSACTION,TX-B4A4F3AB,CUST-1037,2681.23,CHECKOUT_ABANDONMENT,65,LOW,REMIND,AUTO,OPEN,0,2,2026-08-27T16:16:04.410804
CASE-2580,TRANSACTION,TX-97142B24,CUST-1212,882.23,CHECKOUT_ABANDONMENT,57,LOW,REMIND,AUTO,OPEN,0,2,2026-08-27T14:16:04.410804
CASE-2581,TRANSACTION,TX-AADD6F4A,CUST-1177,2681.23,CHECKOUT_ABANDONMENT,70,LOW,REMIND,AUTO,OPEN,0,2,2026-08-28T02:16:04.410804
CASE-2582,TRANSACTION,TX-613F69AC,CUST-1227,4482.23,CHECKOUT_ABANDONMENT,89,LOW,REMIND,AUTO,OPEN,0,2,2026-08-28T10:16:04.410804
CASE-2583,TRANSACTION,TX-C1FFCEEC,CUST-1192,2681.23,CHECKOUT_ABANDONMENT,62,LOW,REMIND,AUTO,OPEN,0,2,2026-08-28T07:16:04.410804
CASE-2584,TRANSACTION,TX-39932886,CUST-1125,882.23,CHECKOUT_ABANDONMENT,53,LOW,REMIND,AUTO,OPEN,0,2,2026-08-28T12:16:04.410804
CASE-2585,TRANSACTION,TX-2A497934,CUST-1157,4482.23,CHECKOUT_ABANDONMENT,57,LOW,REMIND,AUTO,OPEN,0,2,2026-08-28T11:16:04.410804
CASE-2586,TRANSACTION,TX-511A214B,CUST-1276,4482.23,CHECKOUT_ABANDONMENT,63,LOW,REMIND,AUTO,OPEN,0,2,2026-08-27T02:16:04.410804
CASE-2587,TRANSACTION,TX-FE476028,CUST-1248,4482.23,CHECKOUT_ABANDONMENT,85,LOW,REMIND,AUTO,OPEN,0,2,2026-08-26T16:16:04.410804
CASE-2588,TRANSACTION,TX-86BC41FF,CUST-1299,882.23,CHECKOUT_ABANDONMENT,74,LOW,REMIND,AUTO,OPEN,0,2,2026-08-28T02:16:04.410804
CASE-2589,TRANSACTION,TX-45CD60D3,CUST-1103,882.23,CHECKOUT_ABANDONMENT,68,LOW,REMIND,AUTO,OPEN,0,2,2026-08-27T07:16:04.413926
CASE-2590,TRANSACTION,TX-DEFD735C,CUST-1199,882.23,CHECKOUT_ABANDONMENT,54,LOW,REMIND,AUTO,OPEN,0,2,2026-08-26T18:16:04.413926
CASE-2591,TRANSACTION,TX-D8C1CBCF,CUST-1010,4482.23,CHECKOUT_ABANDONMENT,56,LOW,REMIND,AUTO,OPEN,0,2,2026-08-27T12:16:04.413926
CASE-2592,TRANSACTION,TX-6D671741,CUST-1261,2681.23,CHECKOUT_ABANDONMENT,74,LOW,REMIND,AUTO,OPEN,0,2,2026-08-27T05:16:04.413926
CASE-2593,TRANSACTION,TX-BEBA58EE,CUST-1102,882.23,CHECKOUT_ABANDONMENT,61,LOW,REMIND,AUTO,OPEN,0,2,2026-08-26T15:16:04.414937
CASE-2594,TRANSACTION,TX-0B5E78FA,CUST-1127,882.23,CHECKOUT_ABANDONMENT,52,LOW,REMIND,AUTO,OPEN,0,2,2026-08-27T05:16:04.414937
CASE-2595,TRANSACTION,TX-9B02A823,CUST-1010,8182.23,CHECKOUT_ABANDONMENT,60,MEDIUM,REMIND,HUMAN,OPEN,0,2,2026-08-27T14:16:04.414937
CASE-2596,TRANSACTION,TX-8CBCCB78,CUST-1155,4482.23,CHECKOUT_ABANDONMENT,90,LOW,REMIND,AUTO,OPEN,0,2,2026-08-27T19:16:04.414937
CASE-2597,TRANSACTION,TX-35A836DB,CUST-1132,882.23,CHECKOUT_ABANDONMENT,90,LOW,REMIND,AUTO,OPEN,0,2,2026-08-27T01:16:04.416002
CASE-2598,TRANSACTION,TX-C7C8EE19,CUST-1078,4482.23,CHECKOUT_ABANDONMENT,64,LOW,REMIND,AUTO,OPEN,0,2,2026-08-26T18:16:04.416002
CASE-2599,TRANSACTION,TX-EB846240,CUST-1196,2681.23,CHECKOUT_ABANDONMENT,55,LOW,REMIND,AUTO,OPEN,0,2,2026-08-27T21:16:04.416002
CASE-2600,TRANSACTION,TX-70189B86,CUST-1160,2681.23,CHECKOUT_ABANDONMENT,77,LOW,REMIND,AUTO,OPEN,0,2,2026-08-27T02:16:04.416002
CASE-2601,TRANSACTION,TX-EEDF661C,CUST-1071,2681.23,CHECKOUT_ABANDONMENT,63,LOW,REMIND,AUTO,OPEN,0,2,2026-08-27T17:16:04.416002
CASE-2602,TRANSACTION,TX-5D13DDD6,CUST-1075,2681.23,CHECKOUT_ABANDONMENT,77,LOW,REMIND,AUTO,OPEN,0,2,2026-08-28T08:16:04.416002
CASE-2603,TRANSACTION,TX-C16A2BED,CUST-1163,882.23,CHECKOUT_ABANDONMENT,61,LOW,REMIND,AUTO,OPEN,0,2,2026-08-28T11:16:04.416002
CASE-2604,TRANSACTION,TX-411B19EC,CUST-1211,4482.23,CHECKOUT_ABANDONMENT,76,LOW,REMIND,AUTO,OPEN,0,2,2026-08-26T13:16:04.416002
CASE-2605,TRANSACTION,TX-DDC2C4F0,CUST-1097,4482.23,CHECKOUT_ABANDONMENT,59,LOW,REMIND,AUTO,OPEN,0,2,2026-08-28T01:16:04.418015
CASE-2606,TRANSACTION,TX-9180AE94,CUST-1137,882.23,CHECKOUT_ABANDONMENT,89,LOW,REMIND,AUTO,OPEN,0,2,2026-08-27T22:16:04.418015
CASE-2607,TRANSACTION,TX-D048E0AC,CUST-1184,2681.23,CHECKOUT_ABANDONMENT,51,LOW,REMIND,AUTO,OPEN,0,2,2026-08-27T06:16:04.418015
CASE-2608,TRANSACTION,TX-8F17B8EE,CUST-1241,2681.23,CHECKOUT_ABANDONMENT,82,LOW,REMIND,AUTO,OPEN,0,2,2026-08-27T12:16:04.418015
CASE-2609,TRANSACTION,TX-33C3886A,CUST-1071,8182.23,CHECKOUT_ABANDONMENT,80,MEDIUM,REMIND,HUMAN,OPEN,0,2,2026-08-27T22:16:04.418015
CASE-2610,TRANSACTION,TX-328ACEEC,CUST-1008,882.23,CHECKOUT_ABANDONMENT,76,LOW,REMIND,AUTO,OPEN,0,2,2026-08-27T22:16:04.418015
CASE-2611,TRANSACTION,TX-1C09A29C,CUST-1034,2681.23,CHECKOUT_ABANDONMENT,63,LOW,REMIND,AUTO,OPEN,0,2,2026-08-26T21:16:04.418015
CASE-2612,TRANSACTION,TX-D493E1DE,CUST-1235,8182.23,CHECKOUT_ABANDONMENT,70,MEDIUM,REMIND,HUMAN,OPEN,0,2,2026-08-27T11:16:04.418015
CASE-2613,TRANSACTION,TX-7BBE2356,CUST-1195,882.23,CHECKOUT_ABANDONMENT,88,LOW,REMIND,AUTO,OPEN,0,2,2026-08-26T21:16:04.419959
CASE-2614,TRANSACTION,TX-CD05862B,CUST-1056,882.23,CHECKOUT_ABANDONMENT,83,LOW,REMIND,AUTO,OPEN,0,2,2026-08-28T10:16:04.419959
CASE-2615,TRANSACTION,TX-AEAD7AB9,CUST-1276,2681.23,CHECKOUT_ABANDONMENT,83,LOW,REMIND,AUTO,OPEN,0,2,2026-08-28T10:16:04.419959
CASE-2616,TRANSACTION,TX-8ADEB04A,CUST-1026,8182.23,CHECKOUT_ABANDONMENT,83,MEDIUM,REMIND,HUMAN,OPEN,0,2,2026-08-27T08:16:04.419959
CASE-2617,TRANSACTION,TX-64F36CD8,CUST-1147,8182.23,CHECKOUT_ABANDONMENT,69,MEDIUM,REMIND,HUMAN,OPEN,0,2,2026-08-27T09:16:04.419959
CASE-2618,TRANSACTION,TX-8E48258F,CUST-1028,4482.23,CHECKOUT_ABANDONMENT,89,LOW,REMIND,AUTO,OPEN,0,2,2026-08-26T19:16:04.419959
CASE-2619,TRANSACTION,TX-EBE0D4B8,CUST-1257,8182.23,CHECKOUT_ABANDONMENT,55,MEDIUM,REMIND,HUMAN,OPEN,0,2,2026-08-26T23:16:04.419959
CASE-2620,TRANSACTION,TX-557D58C8,CUST-1212,2681.23,CHECKOUT_ABANDONMENT,75,LOW,REMIND,AUTO,OPEN,0,2,2026-08-28T11:16:04.419959
CASE-2621,TRANSACTION,TX-D0F15C4B,CUST-1104,2681.23,CHECKOUT_ABANDONMENT,79,LOW,REMIND,AUTO,OPEN,0,2,2026-08-27T20:16:04.422016
CASE-2622,TRANSACTION,TX-E302599A,CUST-1064,4482.23,CHECKOUT_ABANDONMENT,60,LOW,REMIND,AUTO,OPEN,0,2,2026-08-26T15:16:04.422016
CASE-2623,TRANSACTION,TX-77DF0F7F,CUST-1186,8182.23,CHECKOUT_ABANDONMENT,90,MEDIUM,REMIND,HUMAN,OPEN,0,2,2026-08-26T15:16:04.422016
CASE-2624,TRANSACTION,TX-F64C4FB3,CUST-1082,8182.23,CHECKOUT_ABANDONMENT,82,MEDIUM,REMIND,HUMAN,OPEN,0,2,2026-08-27T12:16:04.422656
CASE-2625,TRANSACTION,TX-4D946219,CUST-1172,882.23,CHECKOUT_ABANDONMENT,60,LOW,REMIND,AUTO,OPEN,0,2,2026-08-28T03:16:04.422656
CASE-2626,TRANSACTION,TX-84DD5805,CUST-1215,2681.23,CHECKOUT_ABANDONMENT,53,LOW,REMIND,AUTO,OPEN,0,2,2026-08-26T14:16:04.422656
CASE-2627,TRANSACTION,TX-5C873A20,CUST-1093,8182.23,CHECKOUT_ABANDONMENT,68,MEDIUM,REMIND,HUMAN,OPEN,0,2,2026-08-28T00:16:04.422656
CASE-2628,TRANSACTION,TX-7E4AD7E8,CUST-1130,882.23,CHECKOUT_ABANDONMENT,89,LOW,REMIND,AUTO,OPEN,0,2,2026-08-27T05:16:04.422656
CASE-2629,TRANSACTION,TX-2D495FBD,CUST-1003,8182.23,CHECKOUT_ABANDONMENT,84,MEDIUM,REMIND,HUMAN,OPEN,0,2,2026-08-27T23:16:04.422656
CASE-2630,TRANSACTION,TX-2B3F8E2B,CUST-1210,8182.23,CHECKOUT_ABANDONMENT,79,MEDIUM,REMIND,HUMAN,OPEN,0,2,2026-08-26T22:16:04.422656
CASE-2631,TRANSACTION,TX-FA5477BE,CUST-1281,882.23,CHECKOUT_ABANDONMENT,65,LOW,REMIND,AUTO,OPEN,0,2,2026-08-26T20:16:04.422656
CASE-2632,TRANSACTION,TX-0F95E8B5,CUST-1095,2681.23,CHECKOUT_ABANDONMENT,53,LOW,REMIND,AUTO,OPEN,0,2,2026-08-26T19:16:04.422656
CASE-2633,TRANSACTION,TX-F2312E70,CUST-1075,4482.23,CHECKOUT_ABANDONMENT,52,LOW,REMIND,AUTO,OPEN,0,2,2026-08-27T00:16:04.424673
CASE-2634,TRANSACTION,TX-8C0E165D,CUST-1045,4482.23,CHECKOUT_ABANDONMENT,71,LOW,REMIND,AUTO,OPEN,0,2,2026-08-27T10:16:04.424673
CASE-2635,TRANSACTION,TX-DE71A8A6,CUST-1146,2681.23,CHECKOUT_ABANDONMENT,60,LOW,REMIND,AUTO,OPEN,0,2,2026-08-26T13:16:04.424673
CASE-2636,TRANSACTION,TX-66784D22,CUST-1048,4482.23,CHECKOUT_ABANDONMENT,52,LOW,REMIND,AUTO,OPEN,0,2,2026-08-27T13:16:04.425186
CASE-2637,TRANSACTION,TX-D4340B1D,CUST-1219,8182.23,CHECKOUT_ABANDONMENT,54,MEDIUM,REMIND,HUMAN,OPEN,0,2,2026-08-27T06:16:04.425186
CASE-2638,TRANSACTION,TX-7D906F0B,CUST-1141,2681.23,CHECKOUT_ABANDONMENT,57,LOW,REMIND,AUTO,OPEN,0,2,2026-08-27T10:16:04.425186
CASE-2639,TRANSACTION,TX-20537B20,CUST-1030,2681.23,CHECKOUT_ABANDONMENT,63,LOW,REMIND,AUTO,OPEN,0,2,2026-08-26T14:16:04.425186
CASE-2640,TRANSACTION,TX-63B5E750,CUST-1148,882.23,CHECKOUT_ABANDONMENT,80,LOW,REMIND,AUTO,OPEN,0,2,2026-08-27T16:16:04.425186
CASE-2641,TRANSACTION,TX-813CC0BC,CUST-1295,4482.23,CHECKOUT_ABANDONMENT,83,LOW,REMIND,AUTO,OPEN,0,2,2026-08-26T21:16:04.425186
CASE-2642,TRANSACTION,TX-61F87B29,CUST-1255,8182.23,CHECKOUT_ABANDONMENT,83,MEDIUM,REMIND,HUMAN,OPEN,0,2,2026-08-26T21:16:04.425186
CASE-2643,TRANSACTION,TX-BEB61E7B,CUST-1100,2681.23,CHECKOUT_ABANDONMENT,68,LOW,REMIND,AUTO,OPEN,0,2,2026-08-28T11:16:04.426512
CASE-2644,TRANSACTION,TX-74F4AB77,CUST-1061,8182.23,CHECKOUT_ABANDONMENT,90,MEDIUM,REMIND,HUMAN,OPEN,0,2,2026-08-27T10:16:04.426512
CASE-2645,TRANSACTION,TX-0188C295,CUST-1171,8182.23,CHECKOUT_ABANDONMENT,52,MEDIUM,REMIND,HUMAN,OPEN,0,2,2026-08-26T20:16:04.426512
CASE-2646,TRANSACTION,TX-13FB0D1B,CUST-1104,2681.23,CHECKOUT_ABANDONMENT,50,LOW,REMIND,AUTO,OPEN,0,2,2026-08-28T08:16:04.426512
CASE-2647,TRANSACTION,TX-F20BB387,CUST-1260,4482.23,CHECKOUT_ABANDONMENT,69,LOW,REMIND,AUTO,OPEN,0,2,2026-08-28T05:16:04.426512
CASE-2648,TRANSACTION,TX-CE9E64B0,CUST-1203,4482.23,CHECKOUT_ABANDONMENT,71,LOW,REMIND,AUTO,OPEN,0,2,2026-08-28T00:16:04.426512
CASE-2649,TRANSACTION,TX-D64897B1,CUST-1246,4482.23,CHECKOUT_ABANDONMENT,71,LOW,REMIND,AUTO,OPEN,0,2,2026-08-26T19:16:04.426512
CASE-2650,TRANSACTION,TX-F741D07A,CUST-1080,1681.23,SUBSCRIPTION_FAILURE,70,MEDIUM,RETRY,HUMAN,SCHEDULED,0,2,2026-08-27T15:16:04.426512
CASE-2651,TRANSACTION,TX-DEB79C15,CUST-1029,8681.23,SUBSCRIPTION_FAILURE,66,MEDIUM,RETRY,HUMAN,SCHEDULED,0,2,2026-08-26T14:16:04.426512
CASE-2652,TRANSACTION,TX-2EB48E39,CUST-1275,4681.23,SUBSCRIPTION_FAILURE,75,MEDIUM,RETRY,HUMAN,SCHEDULED,0,2,2026-08-27T00:16:04.426512
CASE-2653,TRANSACTION,TX-9717206C,CUST-1034,4681.23,SUBSCRIPTION_FAILURE,62,MEDIUM,RETRY,HUMAN,SCHEDULED,0,2,2026-08-28T11:16:04.426512
CASE-2654,TRANSACTION,TX-13E14292,CUST-1274,4681.23,SUBSCRIPTION_FAILURE,64,MEDIUM,RETRY,HUMAN,SCHEDULED,0,2,2026-08-26T22:16:04.428526
CASE-2655,TRANSACTION,TX-3CAA82AE,CUST-1060,8681.23,SUBSCRIPTION_FAILURE,51,MEDIUM,RETRY,HUMAN,SCHEDULED,0,2,2026-08-27T16:16:04.428526
CASE-2656,TRANSACTION,TX-DD48573C,CUST-1212,681.23,SUBSCRIPTION_FAILURE,57,MEDIUM,RETRY,HUMAN,SCHEDULED,0,2,2026-08-27T21:16:04.428526
CASE-2657,TRANSACTION,TX-BFF30510,CUST-1155,4681.23,SUBSCRIPTION_FAILURE,68,MEDIUM,RETRY,HUMAN,SCHEDULED,0,2,2026-08-27T17:16:04.428526
CASE-2658,TRANSACTION,TX-ED99AC06,CUST-1192,1681.23,SUBSCRIPTION_FAILURE,47,MEDIUM,RETRY,HUMAN,SCHEDULED,0,2,2026-08-28T07:16:04.428526
CASE-2659,TRANSACTION,TX-3BF6424B,CUST-1013,8681.23,SUBSCRIPTION_FAILURE,72,MEDIUM,RETRY,HUMAN,SCHEDULED,0,2,2026-08-28T03:16:04.428526
CASE-2660,TRANSACTION,TX-715BCA98,CUST-1248,1681.23,SUBSCRIPTION_FAILURE,61,MEDIUM,RETRY,HUMAN,SCHEDULED,0,2,2026-08-28T03:16:04.428526
CASE-2661,TRANSACTION,TX-D6AC77E8,CUST-1068,681.23,SUBSCRIPTION_FAILURE,73,MEDIUM,RETRY,HUMAN,SCHEDULED,0,2,2026-08-28T10:16:04.428526
CASE-2662,TRANSACTION,TX-53D324A9,CUST-1268,8681.23,SUBSCRIPTION_FAILURE,64,MEDIUM,RETRY,HUMAN,SCHEDULED,0,2,2026-08-27T17:16:04.428526
CASE-2663,TRANSACTION,TX-CC54A3B9,CUST-1045,681.23,SUBSCRIPTION_FAILURE,83,LOW,RETRY,AUTO,SCHEDULED,0,2,2026-08-28T10:16:04.430572
CASE-2664,TRANSACTION,TX-1992C05E,CUST-1160,681.23,SUBSCRIPTION_FAILURE,73,MEDIUM,RETRY,HUMAN,SCHEDULED,0,2,2026-08-27T17:16:04.430572
CASE-2665,TRANSACTION,TX-C97ECC3E,CUST-1103,1681.23,SUBSCRIPTION_FAILURE,60,MEDIUM,RETRY,HUMAN,SCHEDULED,0,2,2026-08-27T19:16:04.430572
CASE-2666,TRANSACTION,TX-E57F2287,CUST-1061,4681.23,SUBSCRIPTION_FAILURE,68,MEDIUM,RETRY,HUMAN,SCHEDULED,0,2,2026-08-28T02:16:04.430572
CASE-2667,TRANSACTION,TX-E22803EE,CUST-1008,4681.23,SUBSCRIPTION_FAILURE,47,MEDIUM,RETRY,HUMAN,SCHEDULED,0,2,2026-08-27T02:16:04.430572
CASE-2668,TRANSACTION,TX-045969E9,CUST-1164,4681.23,SUBSCRIPTION_FAILURE,75,MEDIUM,RETRY,HUMAN,SCHEDULED,0,2,2026-08-26T15:16:04.430572
CASE-2669,TRANSACTION,TX-E80A02AB,CUST-1126,4681.23,SUBSCRIPTION_FAILURE,76,MEDIUM,RETRY,HUMAN,SCHEDULED,0,2,2026-08-27T17:16:04.430572
CASE-2670,TRANSACTION,TX-0C298586,CUST-1228,4681.23,SUBSCRIPTION_FAILURE,74,MEDIUM,RETRY,HUMAN,SCHEDULED,0,2,2026-08-28T11:16:04.430572
CASE-2671,TRANSACTION,TX-9A9DCAE8,CUST-1026,8681.23,SUBSCRIPTION_FAILURE,83,MEDIUM,RETRY,HUMAN,SCHEDULED,0,2,2026-08-28T09:16:04.430572
CASE-2672,TRANSACTION,TX-DFC66E9F,CUST-1201,681.23,SUBSCRIPTION_FAILURE,67,MEDIUM,RETRY,HUMAN,SCHEDULED,0,2,2026-08-26T22:16:04.430572
CASE-2673,TRANSACTION,TX-82D1A3FD,CUST-1183,8681.23,SUBSCRIPTION_FAILURE,79,MEDIUM,RETRY,HUMAN,SCHEDULED,0,2,2026-08-28T00:16:04.430572
CASE-2674,TRANSACTION,TX-65CD9219,CUST-1239,681.23,SUBSCRIPTION_FAILURE,88,LOW,RETRY,AUTO,SCHEDULED,0,2,2026-08-26T16:16:04.430572
CASE-2675,TRANSACTION,TX-DF768B9E,CUST-1234,8681.23,SUBSCRIPTION_FAILURE,46,MEDIUM,RETRY,HUMAN,SCHEDULED,0,2,2026-08-26T19:16:04.430572
CASE-2676,TRANSACTION,TX-775029F7,CUST-1119,8681.23,SUBSCRIPTION_FAILURE,70,MEDIUM,RETRY,HUMAN,SCHEDULED,0,2,2026-08-26T21:16:04.430572
CASE-2677,TRANSACTION,TX-1A30D4C4,CUST-1201,4681.23,SUBSCRIPTION_FAILURE,63,MEDIUM,RETRY,HUMAN,SCHEDULED,0,2,2026-08-26T18:16:04.430572
CASE-2678,TRANSACTION,TX-192C5DA2,CUST-1233,4681.23,SUBSCRIPTION_FAILURE,60,MEDIUM,RETRY,HUMAN,SCHEDULED,0,2,2026-08-28T08:16:04.430572
CASE-2679,TRANSACTION,TX-2F57B516,CUST-1180,8681.23,SUBSCRIPTION_FAILURE,47,MEDIUM,RETRY,HUMAN,SCHEDULED,0,2,2026-08-28T02:16:04.432586
CASE-2680,TRANSACTION,TX-BAFA5E33,CUST-1295,4681.23,SUBSCRIPTION_FAILURE,62,MEDIUM,RETRY,HUMAN,SCHEDULED,0,2,2026-08-28T06:16:04.432586
CASE-2681,TRANSACTION,TX-C00240EF,CUST-1055,8681.23,SUBSCRIPTION_FAILURE,85,MEDIUM,RETRY,HUMAN,SCHEDULED,0,2,2026-08-26T19:16:04.432586
CASE-2682,TRANSACTION,TX-0B91ED8D,CUST-1273,681.23,SUBSCRIPTION_FAILURE,59,MEDIUM,RETRY,HUMAN,SCHEDULED,0,2,2026-08-26T23:16:04.432586
CASE-2683,TRANSACTION,TX-2E9FE0C4,CUST-1125,8681.23,SUBSCRIPTION_FAILURE,55,MEDIUM,RETRY,HUMAN,SCHEDULED,0,2,2026-08-27T12:16:04.432586
CASE-2684,TRANSACTION,TX-20EC28F1,CUST-1107,681.23,SUBSCRIPTION_FAILURE,61,MEDIUM,RETRY,HUMAN,SCHEDULED,0,2,2026-08-27T00:16:04.432586
CASE-2685,TRANSACTION,TX-55A6DA77,CUST-1121,4681.23,SUBSCRIPTION_FAILURE,74,MEDIUM,RETRY,HUMAN,SCHEDULED,0,2,2026-08-26T18:16:04.432586
CASE-2686,TRANSACTION,TX-7FF1DF15,CUST-1294,681.23,SUBSCRIPTION_FAILURE,87,LOW,RETRY,AUTO,SCHEDULED,0,2,2026-08-26T23:16:04.432586
CASE-2687,TRANSACTION,TX-A24405DB,CUST-1285,8681.23,SUBSCRIPTION_FAILURE,60,MEDIUM,RETRY,HUMAN,SCHEDULED,0,2,2026-08-28T01:16:04.432586
CASE-2688,TRANSACTION,TX-19070C65,CUST-1036,4681.23,SUBSCRIPTION_FAILURE,65,MEDIUM,RETRY,HUMAN,SCHEDULED,0,2,2026-08-26T22:16:04.432586
CASE-2689,TRANSACTION,TX-A8E671D9,CUST-1254,8681.23,SUBSCRIPTION_FAILURE,60,MEDIUM,RETRY,HUMAN,SCHEDULED,0,2,2026-08-27T23:16:04.432586
CASE-2690,TRANSACTION,TX-17A5C4EF,CUST-1001,1681.23,SUBSCRIPTION_FAILURE,77,MEDIUM,RETRY,HUMAN,SCHEDULED,0,2,2026-08-28T03:16:04.432586
CASE-2691,TRANSACTION,TX-B6DB4A4B,CUST-1150,8681.23,SUBSCRIPTION_FAILURE,74,MEDIUM,RETRY,HUMAN,SCHEDULED,0,2,2026-08-27T00:16:04.432586
CASE-2692,TRANSACTION,TX-59A3A276,CUST-1106,8681.23,SUBSCRIPTION_FAILURE,52,MEDIUM,RETRY,HUMAN,SCHEDULED,0,2,2026-08-27T00:16:04.434100
CASE-2693,TRANSACTION,TX-381EA52D,CUST-1177,4681.23,SUBSCRIPTION_FAILURE,67,MEDIUM,RETRY,HUMAN,SCHEDULED,0,2,2026-08-28T12:16:04.434100
CASE-2694,TRANSACTION,TX-6AD55A50,CUST-1151,8681.23,SUBSCRIPTION_FAILURE,48,MEDIUM,RETRY,HUMAN,SCHEDULED,0,2,2026-08-27T01:16:04.435118
CASE-2695,TRANSACTION,TX-F79571CB,CUST-1287,681.23,SUBSCRIPTION_FAILURE,40,MEDIUM,RETRY,HUMAN,SCHEDULED,0,2,2026-08-27T18:16:04.435118
CASE-2696,TRANSACTION,TX-CD00278B,CUST-1222,681.23,SUBSCRIPTION_FAILURE,55,MEDIUM,RETRY,HUMAN,SCHEDULED,0,2,2026-08-27T16:16:04.435118
CASE-2697,TRANSACTION,TX-2D58EFF6,CUST-1196,8681.23,SUBSCRIPTION_FAILURE,65,MEDIUM,RETRY,HUMAN,SCHEDULED,0,2,2026-08-27T23:16:04.435118
CASE-2698,TRANSACTION,TX-11C78474,CUST-1072,1681.23,SUBSCRIPTION_FAILURE,70,MEDIUM,RETRY,HUMAN,SCHEDULED,0,2,2026-08-27T12:16:04.435118
CASE-2699,TRANSACTION,TX-2E675810,CUST-1079,4681.23,SUBSCRIPTION_FAILURE,66,MEDIUM,RETRY,HUMAN,SCHEDULED,0,2,2026-08-28T04:16:04.435118
CASE-2700,TRANSACTION,TX-C82B6BBF,CUST-1037,1681.23,SUBSCRIPTION_FAILURE,40,MEDIUM,RETRY,HUMAN,SCHEDULED,0,2,2026-08-26T14:16:04.435118
CASE-2701,TRANSACTION,TX-003705F9,CUST-1224,8681.23,SUBSCRIPTION_FAILURE,82,MEDIUM,RETRY,HUMAN,SCHEDULED,0,2,2026-08-28T04:16:04.437172
CASE-2702,TRANSACTION,TX-EA44DD1F,CUST-1218,8681.23,SUBSCRIPTION_FAILURE,69,MEDIUM,RETRY,HUMAN,SCHEDULED,0,2,2026-08-27T04:16:04.437880
CASE-2703,TRANSACTION,TX-C081FDA0,CUST-1231,8681.23,SUBSCRIPTION_FAILURE,75,MEDIUM,RETRY,HUMAN,SCHEDULED,0,2,2026-08-27T22:16:04.437880
CASE-2704,TRANSACTION,TX-4C11C3D2,CUST-1004,1681.23,SUBSCRIPTION_FAILURE,67,MEDIUM,RETRY,HUMAN,SCHEDULED,0,2,2026-08-27T21:16:04.437880
CASE-2705,TRANSACTION,TX-EF914E96,CUST-1280,4681.23,SUBSCRIPTION_FAILURE,66,MEDIUM,RETRY,HUMAN,SCHEDULED,0,2,2026-08-28T10:16:04.437880
CASE-2706,TRANSACTION,TX-BEE2C5EA,CUST-1189,8681.23,SUBSCRIPTION_FAILURE,85,MEDIUM,RETRY,HUMAN,SCHEDULED,0,2,2026-08-27T06:16:04.437880
CASE-2707,TRANSACTION,TX-B7899FE6,CUST-1270,681.23,SUBSCRIPTION_FAILURE,49,MEDIUM,RETRY,HUMAN,SCHEDULED,0,2,2026-08-27T03:16:04.437880
CASE-2708,TRANSACTION,TX-B6E2DE8B,CUST-1046,681.23,SUBSCRIPTION_FAILURE,73,MEDIUM,RETRY,HUMAN,SCHEDULED,0,2,2026-08-26T20:16:04.439895
CASE-2709,TRANSACTION,TX-71BDF412,CUST-1277,681.23,SUBSCRIPTION_FAILURE,83,LOW,RETRY,AUTO,SCHEDULED,0,2,2026-08-28T09:16:04.439895
CASE-2710,TRANSACTION,TX-609B92EC,CUST-1006,4681.23,SUBSCRIPTION_FAILURE,74,MEDIUM,RETRY,HUMAN,SCHEDULED,0,2,2026-08-27T04:16:04.439895
CASE-2711,TRANSACTION,TX-10B054C2,CUST-1170,8681.23,SUBSCRIPTION_FAILURE,76,MEDIUM,RETRY,HUMAN,SCHEDULED,0,2,2026-08-27T18:16:04.439895
CASE-2712,TRANSACTION,TX-CAA8AC26,CUST-1019,4681.23,SUBSCRIPTION_FAILURE,50,MEDIUM,RETRY,HUMAN,SCHEDULED,0,2,2026-08-27T00:16:04.439895
CASE-2713,TRANSACTION,TX-98156C3E,CUST-1243,4681.23,SUBSCRIPTION_FAILURE,43,MEDIUM,RETRY,HUMAN,SCHEDULED,0,2,2026-08-28T09:16:04.439895
CASE-2714,TRANSACTION,TX-EE0395F0,CUST-1014,4681.23,SUBSCRIPTION_FAILURE,87,LOW,RETRY,AUTO,SCHEDULED,0,2,2026-08-28T07:16:04.439895
CASE-2715,TRANSACTION,TX-98CE9B4D,CUST-1040,1681.23,SUBSCRIPTION_FAILURE,72,MEDIUM,RETRY,HUMAN,SCHEDULED,0,2,2026-08-28T04:16:04.439895
CASE-2716,TRANSACTION,TX-B161CA08,CUST-1132,4681.23,SUBSCRIPTION_FAILURE,57,MEDIUM,RETRY,HUMAN,SCHEDULED,0,2,2026-08-28T05:16:04.439895
CASE-2717,TRANSACTION,TX-C5753265,CUST-1078,1681.23,SUBSCRIPTION_FAILURE,77,MEDIUM,RETRY,HUMAN,SCHEDULED,0,2,2026-08-28T01:16:04.441908
CASE-2718,TRANSACTION,TX-97512769,CUST-1121,4681.23,SUBSCRIPTION_FAILURE,84,LOW,RETRY,AUTO,SCHEDULED,0,2,2026-08-27T03:16:04.441908
CASE-2719,TRANSACTION,TX-9F8A1863,CUST-1044,681.23,SUBSCRIPTION_FAILURE,61,MEDIUM,RETRY,HUMAN,SCHEDULED,0,2,2026-08-28T03:16:04.441908
CASE-2720,TRANSACTION,TX-D271A32D,CUST-1212,8681.23,SUBSCRIPTION_FAILURE,88,MEDIUM,RETRY,HUMAN,SCHEDULED,0,2,2026-08-26T18:16:04.441908
CASE-2721,TRANSACTION,TX-13CA8E0B,CUST-1086,8681.23,SUBSCRIPTION_FAILURE,86,MEDIUM,RETRY,HUMAN,SCHEDULED,0,2,2026-08-26T14:16:04.441908
CASE-2722,TRANSACTION,TX-76C33563,CUST-1136,4681.23,SUBSCRIPTION_FAILURE,43,MEDIUM,RETRY,HUMAN,SCHEDULED,0,2,2026-08-28T02:16:04.441908
CASE-2723,TRANSACTION,TX-7DAD14FE,CUST-1244,8681.23,SUBSCRIPTION_FAILURE,65,MEDIUM,RETRY,HUMAN,SCHEDULED,0,2,2026-08-26T13:16:04.441908
CASE-2724,TRANSACTION,TX-A3DAF69F,CUST-1200,1681.23,SUBSCRIPTION_FAILURE,64,MEDIUM,RETRY,HUMAN,SCHEDULED,0,2,2026-08-28T03:16:04.441908
CASE-2725,TRANSACTION,TX-1B535594,CUST-1148,8681.23,SUBSCRIPTION_FAILURE,40,MEDIUM,RETRY,HUMAN,SCHEDULED,0,2,2026-08-26T17:16:04.441908
CASE-2726,TRANSACTION,TX-C0E4C3C9,CUST-1022,4681.23,SUBSCRIPTION_FAILURE,73,MEDIUM,RETRY,HUMAN,SCHEDULED,0,2,2026-08-26T20:16:04.441908
CASE-2727,TRANSACTION,TX-BB7813C6,CUST-1140,4681.23,SUBSCRIPTION_FAILURE,67,MEDIUM,RETRY,HUMAN,SCHEDULED,0,2,2026-08-27T19:16:04.441908
CASE-2728,TRANSACTION,TX-E4925BBF,CUST-1300,681.23,SUBSCRIPTION_FAILURE,56,MEDIUM,RETRY,HUMAN,SCHEDULED,0,2,2026-08-26T17:16:04.441908
CASE-2729,TRANSACTION,TX-D611CF89,CUST-1100,1681.23,SUBSCRIPTION_FAILURE,86,LOW,RETRY,AUTO,SCHEDULED,0,2,2026-08-26T16:16:04.441908
CASE-2730,TRANSACTION,TX-0CF9CA7F,CUST-1281,1681.23,SUBSCRIPTION_FAILURE,60,MEDIUM,RETRY,HUMAN,SCHEDULED,0,2,2026-08-28T12:16:04.441908
CASE-2731,TRANSACTION,TX-705116BF,CUST-1211,681.23,SUBSCRIPTION_FAILURE,40,MEDIUM,RETRY,HUMAN,SCHEDULED,0,2,2026-08-28T06:16:04.445143
CASE-2732,TRANSACTION,TX-F1444518,CUST-1113,8681.23,SUBSCRIPTION_FAILURE,62,MEDIUM,RETRY,HUMAN,SCHEDULED,0,2,2026-08-28T00:16:04.445143
CASE-2733,TRANSACTION,TX-09C213C0,CUST-1048,681.23,SUBSCRIPTION_FAILURE,41,MEDIUM,RETRY,HUMAN,SCHEDULED,0,2,2026-08-26T18:16:04.445143
CASE-2734,TRANSACTION,TX-034CC6A9,CUST-1063,1681.23,SUBSCRIPTION_FAILURE,78,MEDIUM,RETRY,HUMAN,SCHEDULED,0,2,2026-08-26T22:16:04.445143
CASE-2735,TRANSACTION,TX-863D51A8,CUST-1290,1681.23,SUBSCRIPTION_FAILURE,64,MEDIUM,RETRY,HUMAN,SCHEDULED,0,2,2026-08-26T16:16:04.445143
CASE-2736,TRANSACTION,TX-A7B2257D,CUST-1151,1681.23,SUBSCRIPTION_FAILURE,56,MEDIUM,RETRY,HUMAN,SCHEDULED,0,2,2026-08-28T08:16:04.445143
CASE-2737,TRANSACTION,TX-2E623B37,CUST-1219,8681.23,SUBSCRIPTION_FAILURE,57,MEDIUM,RETRY,HUMAN,SCHEDULED,0,2,2026-08-28T02:16:04.445143
CASE-2738,TRANSACTION,TX-841ED19A,CUST-1032,681.23,SUBSCRIPTION_FAILURE,57,MEDIUM,RETRY,HUMAN,SCHEDULED,0,2,2026-08-27T15:16:04.446510
CASE-2739,TRANSACTION,TX-D0A8402C,CUST-1136,681.23,SUBSCRIPTION_FAILURE,56,MEDIUM,RETRY,HUMAN,SCHEDULED,0,2,2026-08-28T08:16:04.446510
CASE-2740,TRANSACTION,TX-2882AB80,CUST-1202,8681.23,SUBSCRIPTION_FAILURE,52,MEDIUM,RETRY,HUMAN,SCHEDULED,0,2,2026-08-27T05:16:04.446510
CASE-2741,TRANSACTION,TX-942D093F,CUST-1277,681.23,SUBSCRIPTION_FAILURE,49,MEDIUM,RETRY,HUMAN,SCHEDULED,0,2,2026-08-26T21:16:04.446510
CASE-2742,TRANSACTION,TX-F4863057,CUST-1133,681.23,SUBSCRIPTION_FAILURE,68,MEDIUM,RETRY,HUMAN,SCHEDULED,0,2,2026-08-28T08:16:04.446510
CASE-2743,TRANSACTION,TX-69EADBC6,CUST-1129,681.23,SUBSCRIPTION_FAILURE,76,MEDIUM,RETRY,HUMAN,SCHEDULED,0,2,2026-08-27T05:16:04.446510
CASE-2744,TRANSACTION,TX-6BA5B59C,CUST-1001,1681.23,SUBSCRIPTION_FAILURE,81,LOW,RETRY,AUTO,SCHEDULED,0,2,2026-08-27T12:16:04.448526
CASE-2745,TRANSACTION,TX-D7074E54,CUST-1169,4681.23,SUBSCRIPTION_FAILURE,49,MEDIUM,RETRY,HUMAN,SCHEDULED,0,2,2026-08-28T12:16:04.448526
CASE-2746,TRANSACTION,TX-89F2A731,CUST-1224,8681.23,SUBSCRIPTION_FAILURE,70,MEDIUM,RETRY,HUMAN,SCHEDULED,0,2,2026-08-28T08:16:04.448526
CASE-2747,TRANSACTION,TX-E1C152CB,CUST-1197,1681.23,SUBSCRIPTION_FAILURE,40,MEDIUM,RETRY,HUMAN,SCHEDULED,0,2,2026-08-27T00:16:04.448526
CASE-2748,TRANSACTION,TX-D9C6CE30,CUST-1156,4681.23,SUBSCRIPTION_FAILURE,61,MEDIUM,RETRY,HUMAN,SCHEDULED,0,2,2026-08-26T20:16:04.448526
CASE-2749,TRANSACTION,TX-C6E0C720,CUST-1274,681.23,SUBSCRIPTION_FAILURE,63,MEDIUM,RETRY,HUMAN,SCHEDULED,0,2,2026-08-27T07:16:04.448526
CASE-2750,TRANSACTION,TX-906E971F,CUST-1104,4681.23,SUBSCRIPTION_FAILURE,81,LOW,RETRY,AUTO,SCHEDULED,0,2,2026-08-28T10:16:04.448526
CASE-2751,TRANSACTION,TX-111FAB1D,CUST-1098,8681.23,SUBSCRIPTION_FAILURE,82,MEDIUM,RETRY,HUMAN,SCHEDULED,0,2,2026-08-27T12:16:04.448526
CASE-2752,TRANSACTION,TX-B1368292,CUST-1184,681.23,SUBSCRIPTION_FAILURE,80,LOW,RETRY,AUTO,SCHEDULED,0,2,2026-08-26T20:16:04.448526
CASE-2753,TRANSACTION,TX-8D1E7538,CUST-1098,8681.23,SUBSCRIPTION_FAILURE,87,MEDIUM,RETRY,HUMAN,SCHEDULED,0,2,2026-08-28T00:16:04.450075
CASE-2754,TRANSACTION,TX-68F4C54A,CUST-1123,681.23,SUBSCRIPTION_FAILURE,86,LOW,RETRY,AUTO,SCHEDULED,0,2,2026-08-28T08:16:04.450075
CASE-2755,TRANSACTION,TX-E0B6A966,CUST-1274,4681.23,SUBSCRIPTION_FAILURE,71,MEDIUM,RETRY,HUMAN,SCHEDULED,0,2,2026-08-28T10:16:04.450075
CASE-2756,TRANSACTION,TX-7635A0F0,CUST-1173,4681.23,SUBSCRIPTION_FAILURE,43,MEDIUM,RETRY,HUMAN,SCHEDULED,0,2,2026-08-28T05:16:04.450075
CASE-2757,TRANSACTION,TX-5594A1A0,CUST-1268,1681.23,SUBSCRIPTION_FAILURE,81,LOW,RETRY,AUTO,SCHEDULED,0,2,2026-08-27T02:16:04.450075
CASE-2758,TRANSACTION,TX-58D14C71,CUST-1297,1681.23,SUBSCRIPTION_FAILURE,87,LOW,RETRY,AUTO,SCHEDULED,0,2,2026-08-28T10:16:04.450075
CASE-2759,TRANSACTION,TX-E484D3E3,CUST-1010,1681.23,SUBSCRIPTION_FAILURE,71,MEDIUM,RETRY,HUMAN,SCHEDULED,0,2,2026-08-28T10:16:04.451717
CASE-2760,TRANSACTION,TX-6CEEE53F,CUST-1067,1681.23,SUBSCRIPTION_FAILURE,84,LOW,RETRY,AUTO,SCHEDULED,0,2,2026-08-26T20:16:04.451717
CASE-2761,TRANSACTION,TX-F6D27CD3,CUST-1050,681.23,SUBSCRIPTION_FAILURE,59,MEDIUM,RETRY,HUMAN,SCHEDULED,0,2,2026-08-28T02:16:04.452231
CASE-2762,TRANSACTION,TX-CE8CB0CF,CUST-1059,681.23,SUBSCRIPTION_FAILURE,46,MEDIUM,RETRY,HUMAN,SCHEDULED,0,2,2026-08-26T21:16:04.452231
CASE-2763,TRANSACTION,TX-23480D36,CUST-1104,1681.23,SUBSCRIPTION_FAILURE,44,MEDIUM,RETRY,HUMAN,SCHEDULED,0,2,2026-08-26T13:16:04.452773
CASE-2764,TRANSACTION,TX-E68A1BE5,CUST-1062,8681.23,SUBSCRIPTION_FAILURE,60,MEDIUM,RETRY,HUMAN,SCHEDULED,0,2,2026-08-27T23:16:04.452773
CASE-2765,TRANSACTION,TX-FE254231,CUST-1089,681.23,SUBSCRIPTION_FAILURE,77,MEDIUM,RETRY,HUMAN,SCHEDULED,0,2,2026-08-28T05:16:04.452773
CASE-2766,TRANSACTION,TX-DB0CA4DD,CUST-1213,4681.23,SUBSCRIPTION_FAILURE,49,MEDIUM,RETRY,HUMAN,SCHEDULED,0,2,2026-08-27T13:16:04.452773
CASE-2767,TRANSACTION,TX-539E8631,CUST-1125,1681.23,SUBSCRIPTION_FAILURE,68,MEDIUM,RETRY,HUMAN,SCHEDULED,0,2,2026-08-28T06:16:04.452773
CASE-2768,TRANSACTION,TX-3FEA5446,CUST-1009,8681.23,SUBSCRIPTION_FAILURE,50,MEDIUM,RETRY,HUMAN,SCHEDULED,0,2,2026-08-28T12:16:04.452773
CASE-2769,TRANSACTION,TX-192BF936,CUST-1046,681.23,SUBSCRIPTION_FAILURE,51,MEDIUM,RETRY,HUMAN,SCHEDULED,0,2,2026-08-26T16:16:04.452773
CASE-2770,TRANSACTION,TX-AB56524F,CUST-1065,8681.23,SUBSCRIPTION_FAILURE,84,MEDIUM,RETRY,HUMAN,SCHEDULED,0,2,2026-08-26T20:16:04.452773
CASE-2771,TRANSACTION,TX-2DD02B8F,CUST-1231,4681.23,SUBSCRIPTION_FAILURE,73,MEDIUM,RETRY,HUMAN,SCHEDULED,0,2,2026-08-28T01:16:04.452773
CASE-2772,TRANSACTION,TX-263D6F2C,CUST-1093,681.23,SUBSCRIPTION_FAILURE,78,MEDIUM,RETRY,HUMAN,SCHEDULED,0,2,2026-08-28T07:16:04.452773
CASE-2773,TRANSACTION,TX-63A8411F,CUST-1215,4681.23,SUBSCRIPTION_FAILURE,62,MEDIUM,RETRY,HUMAN,SCHEDULED,0,2,2026-08-27T21:16:04.452773
CASE-2774,TRANSACTION,TX-927B3CF4,CUST-1272,1681.23,SUBSCRIPTION_FAILURE,47,MEDIUM,RETRY,HUMAN,SCHEDULED,0,2,2026-08-27T13:16:04.452773
CASE-2775,TRANSACTION,TX-BD1CD6A9,CUST-1107,1681.23,SUBSCRIPTION_FAILURE,69,MEDIUM,RETRY,HUMAN,SCHEDULED,0,2,2026-08-28T00:16:04.455294
CASE-2776,TRANSACTION,TX-39F42029,CUST-1243,681.23,SUBSCRIPTION_FAILURE,49,MEDIUM,RETRY,HUMAN,SCHEDULED,0,2,2026-08-28T02:16:04.455294
CASE-2777,TRANSACTION,TX-62DC583E,CUST-1187,681.23,SUBSCRIPTION_FAILURE,43,MEDIUM,RETRY,HUMAN,SCHEDULED,0,2,2026-08-27T09:16:04.455294
CASE-2778,TRANSACTION,TX-4CD04B3E,CUST-1233,4681.23,SUBSCRIPTION_FAILURE,61,MEDIUM,RETRY,HUMAN,SCHEDULED,0,2,2026-08-26T13:16:04.455294
CASE-2779,TRANSACTION,TX-B6AD7B5D,CUST-1091,681.23,SUBSCRIPTION_FAILURE,74,MEDIUM,RETRY,HUMAN,SCHEDULED,0,2,2026-08-27T05:16:04.455294
CASE-2780,TRANSACTION,TX-0E079F47,CUST-1121,681.23,SUBSCRIPTION_FAILURE,44,MEDIUM,RETRY,HUMAN,SCHEDULED,0,2,2026-08-26T23:16:04.455294
CASE-2781,TRANSACTION,TX-D855E34A,CUST-1102,4681.23,SUBSCRIPTION_FAILURE,66,MEDIUM,RETRY,HUMAN,SCHEDULED,0,2,2026-08-28T05:16:04.455294
CASE-2782,TRANSACTION,TX-6BB80347,CUST-1051,4681.23,SUBSCRIPTION_FAILURE,54,MEDIUM,RETRY,HUMAN,SCHEDULED,0,2,2026-08-27T10:16:04.455294
CASE-2783,TRANSACTION,TX-5F49CB74,CUST-1113,1681.23,SUBSCRIPTION_FAILURE,64,MEDIUM,RETRY,HUMAN,SCHEDULED,0,2,2026-08-26T23:16:04.455294
CASE-2784,TRANSACTION,TX-432B30E0,CUST-1224,8681.23,SUBSCRIPTION_FAILURE,43,MEDIUM,RETRY,HUMAN,SCHEDULED,0,2,2026-08-26T21:16:04.455294
CASE-2785,TRANSACTION,TX-004B0E5C,CUST-1199,8681.23,SUBSCRIPTION_FAILURE,51,MEDIUM,RETRY,HUMAN,SCHEDULED,0,2,2026-08-27T07:16:04.455294
CASE-2786,TRANSACTION,TX-1F28DE14,CUST-1184,1681.23,SUBSCRIPTION_FAILURE,80,LOW,RETRY,AUTO,SCHEDULED,0,2,2026-08-27T15:16:04.455294
CASE-2787,TRANSACTION,TX-CBA84868,CUST-1292,1681.23,SUBSCRIPTION_FAILURE,42,MEDIUM,RETRY,HUMAN,SCHEDULED,0,2,2026-08-28T04:16:04.455294
CASE-2788,TRANSACTION,TX-A9DDB84B,CUST-1235,681.23,SUBSCRIPTION_FAILURE,69,MEDIUM,RETRY,HUMAN,SCHEDULED,0,2,2026-08-27T15:16:04.455294
CASE-2789,TRANSACTION,TX-EAE936BB,CUST-1081,1681.23,SUBSCRIPTION_FAILURE,58,MEDIUM,RETRY,HUMAN,SCHEDULED,0,2,2026-08-27T01:16:04.455294
CASE-2790,TRANSACTION,TX-746F9521,CUST-1211,1681.23,SUBSCRIPTION_FAILURE,45,MEDIUM,RETRY,HUMAN,SCHEDULED,0,2,2026-08-26T23:16:04.455294
CASE-2791,TRANSACTION,TX-396B6B48,CUST-1143,8681.23,SUBSCRIPTION_FAILURE,69,MEDIUM,RETRY,HUMAN,SCHEDULED,0,2,2026-08-27T09:16:04.455294
CASE-2792,TRANSACTION,TX-DE562918,CUST-1168,1681.23,SUBSCRIPTION_FAILURE,55,MEDIUM,RETRY,HUMAN,SCHEDULED,0,2,2026-08-27T22:16:04.455294
CASE-2793,TRANSACTION,TX-2ED9EAFB,CUST-1003,1681.23,SUBSCRIPTION_FAILURE,76,MEDIUM,RETRY,HUMAN,SCHEDULED,0,2,2026-08-28T10:16:04.455294
CASE-2794,TRANSACTION,TX-2170167F,CUST-1259,8681.23,SUBSCRIPTION_FAILURE,86,MEDIUM,RETRY,HUMAN,SCHEDULED,0,2,2026-08-27T03:16:04.455294
CASE-2795,TRANSACTION,TX-BBD88D0B,CUST-1051,8681.23,SUBSCRIPTION_FAILURE,70,MEDIUM,RETRY,HUMAN,SCHEDULED,0,2,2026-08-27T21:16:04.455294
CASE-2796,TRANSACTION,TX-D59AAD92,CUST-1007,681.23,SUBSCRIPTION_FAILURE,75,MEDIUM,RETRY,HUMAN,SCHEDULED,0,2,2026-08-28T04:16:04.455294
CASE-2797,TRANSACTION,TX-5E67E164,CUST-1123,4681.23,SUBSCRIPTION_FAILURE,58,MEDIUM,RETRY,HUMAN,SCHEDULED,0,2,2026-08-27T06:16:04.455294
CASE-2798,TRANSACTION,TX-04EDD3B9,CUST-1236,4681.23,SUBSCRIPTION_FAILURE,50,MEDIUM,RETRY,HUMAN,SCHEDULED,0,2,2026-08-27T07:16:04.455294
CASE-2799,TRANSACTION,TX-C0DF30DA,CUST-1208,1681.23,SUBSCRIPTION_FAILURE,85,LOW,RETRY,AUTO,SCHEDULED,0,2,2026-08-26T20:16:04.455294
CASE-2800,TRANSACTION,TX-F61E3902,CUST-1001,8681.23,SUBSCRIPTION_FAILURE,85,MEDIUM,RETRY,HUMAN,SCHEDULED,0,2,2026-08-26T16:16:04.455294
CASE-2801,TRANSACTION,TX-4205B682,CUST-1017,4681.23,SUBSCRIPTION_FAILURE,73,MEDIUM,RETRY,HUMAN,SCHEDULED,0,2,2026-08-27T19:16:04.455294
CASE-2802,TRANSACTION,TX-69CFF1B4,CUST-1042,1681.23,SUBSCRIPTION_FAILURE,83,LOW,RETRY,AUTO,SCHEDULED,0,2,2026-08-28T09:16:04.455294
CASE-2803,TRANSACTION,TX-89B8A913,CUST-1057,4681.23,SUBSCRIPTION_FAILURE,43,MEDIUM,RETRY,HUMAN,SCHEDULED,0,2,2026-08-27T07:16:04.455294
CASE-2804,TRANSACTION,TX-623341E8,CUST-1188,681.23,SUBSCRIPTION_FAILURE,63,MEDIUM,RETRY,HUMAN,SCHEDULED,0,2,2026-08-27T01:16:04.455294
CASE-2805,TRANSACTION,TX-59F897D5,CUST-1105,681.23,SUBSCRIPTION_FAILURE,75,MEDIUM,RETRY,HUMAN,SCHEDULED,0,2,2026-08-27T21:16:04.455294
CASE-2806,TRANSACTION,TX-63BD6834,CUST-1245,681.23,SUBSCRIPTION_FAILURE,81,LOW,RETRY,AUTO,SCHEDULED,0,2,2026-08-27T22:16:04.455294
CASE-2807,TRANSACTION,TX-C8316E2E,CUST-1137,4681.23,SUBSCRIPTION_FAILURE,62,MEDIUM,RETRY,HUMAN,SCHEDULED,0,2,2026-08-28T09:16:04.455294
CASE-2808,TRANSACTION,TX-F53943AE,CUST-1177,681.23,SUBSCRIPTION_FAILURE,63,MEDIUM,RETRY,HUMAN,SCHEDULED,0,2,2026-08-27T04:16:04.455294
CASE-2809,TRANSACTION,TX-ED743784,CUST-1273,681.23,SUBSCRIPTION_FAILURE,70,MEDIUM,RETRY,HUMAN,SCHEDULED,0,2,2026-08-26T21:16:04.455294
CASE-2810,TRANSACTION,TX-C7A57100,CUST-1034,4681.23,SUBSCRIPTION_FAILURE,83,LOW,RETRY,AUTO,SCHEDULED,0,2,2026-08-28T07:16:04.455294
CASE-2811,TRANSACTION,TX-A9042331,CUST-1092,681.23,SUBSCRIPTION_FAILURE,65,MEDIUM,RETRY,HUMAN,SCHEDULED,0,2,2026-08-28T06:16:04.455294
CASE-2812,TRANSACTION,TX-73E9CEEE,CUST-1058,1681.23,SUBSCRIPTION_FAILURE,57,MEDIUM,RETRY,HUMAN,SCHEDULED,0,2,2026-08-28T03:16:04.455294
CASE-2813,TRANSACTION,TX-2DAAD784,CUST-1012,1681.23,SUBSCRIPTION_FAILURE,73,MEDIUM,RETRY,HUMAN,SCHEDULED,0,2,2026-08-26T17:16:04.455294
CASE-2814,TRANSACTION,TX-8033B6BB,CUST-1178,1681.23,SUBSCRIPTION_FAILURE,70,MEDIUM,RETRY,HUMAN,SCHEDULED,0,2,2026-08-26T13:16:04.455294
CASE-2815,TRANSACTION,TX-7EA82709,CUST-1097,681.23,SUBSCRIPTION_FAILURE,58,MEDIUM,RETRY,HUMAN,SCHEDULED,0,2,2026-08-27T22:16:04.455294
CASE-2816,TRANSACTION,TX-1FE648F2,CUST-1297,4681.23,SUBSCRIPTION_FAILURE,66,MEDIUM,RETRY,HUMAN,SCHEDULED,0,2,2026-08-26T19:16:04.455294
CASE-2817,TRANSACTION,TX-241D8109,CUST-1272,4681.23,SUBSCRIPTION_FAILURE,71,MEDIUM,RETRY,HUMAN,SCHEDULED,0,2,2026-08-27T17:16:04.455294
CASE-2818,TRANSACTION,TX-D1079FB2,CUST-1088,1681.23,SUBSCRIPTION_FAILURE,59,MEDIUM,RETRY,HUMAN,SCHEDULED,0,2,2026-08-27T06:16:04.455294
CASE-2819,TRANSACTION,TX-53696E72,CUST-1025,4681.23,SUBSCRIPTION_FAILURE,58,MEDIUM,RETRY,HUMAN,SCHEDULED,0,2,2026-08-27T18:16:04.455294
CASE-2820,TRANSACTION,TX-5DEBEB87,CUST-1083,8681.23,SUBSCRIPTION_FAILURE,50,MEDIUM,RETRY,HUMAN,SCHEDULED,0,2,2026-08-28T01:16:04.455294
CASE-2821,TRANSACTION,TX-C8B1A255,CUST-1122,1681.23,SUBSCRIPTION_FAILURE,50,MEDIUM,RETRY,HUMAN,SCHEDULED,0,2,2026-08-27T16:16:04.455294
CASE-2822,TRANSACTION,TX-D17680AB,CUST-1134,1681.23,SUBSCRIPTION_FAILURE,68,MEDIUM,RETRY,HUMAN,SCHEDULED,0,2,2026-08-27T23:16:04.455294
CASE-2823,TRANSACTION,TX-3C1CAF40,CUST-1163,681.23,SUBSCRIPTION_FAILURE,82,LOW,RETRY,AUTO,SCHEDULED,0,2,2026-08-27T13:16:04.455294
CASE-2824,TRANSACTION,TX-84834191,CUST-1084,8681.23,SUBSCRIPTION_FAILURE,74,MEDIUM,RETRY,HUMAN,SCHEDULED,0,2,2026-08-28T11:16:04.455294
CASE-2825,TRANSACTION,TX-A0BCC8EC,CUST-1075,8681.23,SUBSCRIPTION_FAILURE,71,MEDIUM,RETRY,HUMAN,SCHEDULED,0,2,2026-08-28T03:16:04.455294
CASE-2826,TRANSACTION,TX-AB59A8D1,CUST-1280,681.23,SUBSCRIPTION_FAILURE,87,LOW,RETRY,AUTO,SCHEDULED,0,2,2026-08-26T15:16:04.455294
CASE-2827,TRANSACTION,TX-05A58D76,CUST-1149,4681.23,SUBSCRIPTION_FAILURE,70,MEDIUM,RETRY,HUMAN,SCHEDULED,0,2,2026-08-26T14:16:04.455294
CASE-2828,TRANSACTION,TX-E088C9D4,CUST-1058,8681.23,SUBSCRIPTION_FAILURE,61,MEDIUM,RETRY,HUMAN,SCHEDULED,0,2,2026-08-28T04:16:04.455294
CASE-2829,TRANSACTION,TX-6C0330C9,CUST-1013,681.23,SUBSCRIPTION_FAILURE,59,MEDIUM,RETRY,HUMAN,SCHEDULED,0,2,2026-08-27T22:16:04.455294
CASE-2830,TRANSACTION,TX-464F2DF6,CUST-1048,8681.23,SUBSCRIPTION_FAILURE,62,MEDIUM,RETRY,HUMAN,SCHEDULED,0,2,2026-08-26T22:16:04.455294
CASE-2831,TRANSACTION,TX-F7D2201A,CUST-1270,1681.23,SUBSCRIPTION_FAILURE,77,MEDIUM,RETRY,HUMAN,SCHEDULED,0,2,2026-08-28T00:16:04.455294
CASE-2832,TRANSACTION,TX-9475B09D,CUST-1276,681.23,SUBSCRIPTION_FAILURE,45,MEDIUM,RETRY,HUMAN,SCHEDULED,0,2,2026-08-26T18:16:04.455294
CASE-2833,TRANSACTION,TX-53B4953B,CUST-1202,681.23,SUBSCRIPTION_FAILURE,72,MEDIUM,RETRY,HUMAN,SCHEDULED,0,2,2026-08-27T16:16:04.455294
CASE-2834,TRANSACTION,TX-43336E08,CUST-1185,681.23,SUBSCRIPTION_FAILURE,82,LOW,RETRY,AUTO,SCHEDULED,0,2,2026-08-26T15:16:04.455294
CASE-2835,TRANSACTION,TX-515E0EA3,CUST-1198,8681.23,SUBSCRIPTION_FAILURE,63,MEDIUM,RETRY,HUMAN,SCHEDULED,0,2,2026-08-27T18:16:04.455294
CASE-2836,TRANSACTION,TX-55B02943,CUST-1158,4681.23,SUBSCRIPTION_FAILURE,62,MEDIUM,RETRY,HUMAN,SCHEDULED,0,2,2026-08-28T07:16:04.455294
CASE-2837,TRANSACTION,TX-35E9C25B,CUST-1228,1681.23,SUBSCRIPTION_FAILURE,86,LOW,RETRY,AUTO,SCHEDULED,0,2,2026-08-27T18:16:04.455294
CASE-2838,TRANSACTION,TX-0AC83F01,CUST-1218,1681.23,SUBSCRIPTION_FAILURE,86,LOW,RETRY,AUTO,SCHEDULED,0,2,2026-08-26T23:16:04.455294
CASE-2839,TRANSACTION,TX-56EFD1D3,CUST-1107,681.23,SUBSCRIPTION_FAILURE,49,MEDIUM,RETRY,HUMAN,SCHEDULED,0,2,2026-08-27T03:16:04.455294
CASE-2840,TRANSACTION,TX-E2300E57,CUST-1193,4681.23,SUBSCRIPTION_FAILURE,44,MEDIUM,RETRY,HUMAN,SCHEDULED,0,2,2026-08-27T10:16:04.455294
CASE-2841,TRANSACTION,TX-0509FF65,CUST-1090,4681.23,SUBSCRIPTION_FAILURE,66,MEDIUM,RETRY,HUMAN,SCHEDULED,0,2,2026-08-27T00:16:04.455294
CASE-2842,TRANSACTION,TX-5A20F4A3,CUST-1096,1681.23,SUBSCRIPTION_FAILURE,52,MEDIUM,RETRY,HUMAN,SCHEDULED,0,2,2026-08-27T01:16:04.455294
CASE-2843,TRANSACTION,TX-853F1DD8,CUST-1155,8681.23,SUBSCRIPTION_FAILURE,42,MEDIUM,RETRY,HUMAN,SCHEDULED,0,2,2026-08-27T01:16:04.455294
CASE-2844,TRANSACTION,TX-2C6335E7,CUST-1014,8681.23,SUBSCRIPTION_FAILURE,54,MEDIUM,RETRY,HUMAN,SCHEDULED,0,2,2026-08-27T20:16:04.455294
CASE-2845,TRANSACTION,TX-299054F8,CUST-1242,4681.23,SUBSCRIPTION_FAILURE,80,LOW,RETRY,AUTO,SCHEDULED,0,2,2026-08-26T18:16:04.465304
CASE-2846,TRANSACTION,TX-BBCFD3A6,CUST-1092,4681.23,SUBSCRIPTION_FAILURE,66,MEDIUM,RETRY,HUMAN,SCHEDULED,0,2,2026-08-26T19:16:04.465304
CASE-2847,TRANSACTION,TX-96A18172,CUST-1062,1681.23,SUBSCRIPTION_FAILURE,41,MEDIUM,RETRY,HUMAN,SCHEDULED,0,2,2026-08-28T08:16:04.465304
CASE-2848,TRANSACTION,TX-DC606315,CUST-1247,4681.23,SUBSCRIPTION_FAILURE,77,MEDIUM,RETRY,HUMAN,SCHEDULED,0,2,2026-08-26T20:16:04.465304
CASE-2849,TRANSACTION,TX-D4A831B5,CUST-1062,11682.23,OVERDUE_INVOICE,74,MEDIUM,ESCALATE,HUMAN,AWAITING_APPROVAL,0,2,2026-08-26T14:16:04.465304
CASE-2850,TRANSACTION,TX-49131BE1,CUST-1084,3182.23,OVERDUE_INVOICE,46,MEDIUM,ESCALATE,HUMAN,AWAITING_APPROVAL,0,2,2026-08-27T16:16:04.465304
CASE-2851,TRANSACTION,TX-AC716C4E,CUST-1070,11682.23,OVERDUE_INVOICE,74,MEDIUM,ESCALATE,HUMAN,AWAITING_APPROVAL,0,2,2026-08-28T09:16:04.465304
CASE-2852,TRANSACTION,TX-23C55A02,CUST-1215,6182.23,OVERDUE_INVOICE,53,MEDIUM,ESCALATE,HUMAN,AWAITING_APPROVAL,0,2,2026-08-27T18:16:04.465304
CASE-2853,TRANSACTION,TX-2623B4B8,CUST-1040,6182.23,OVERDUE_INVOICE,63,MEDIUM,ESCALATE,HUMAN,AWAITING_APPROVAL,0,2,2026-08-28T01:16:04.465304
CASE-2854,TRANSACTION,TX-EB9D5BCE,CUST-1086,3182.23,OVERDUE_INVOICE,68,MEDIUM,ESCALATE,HUMAN,AWAITING_APPROVAL,0,2,2026-08-26T17:16:04.465304
CASE-2855,TRANSACTION,TX-B7C5EFE8,CUST-1186,6182.23,OVERDUE_INVOICE,47,MEDIUM,ESCALATE,HUMAN,AWAITING_APPROVAL,0,2,2026-08-26T23:16:04.465304
CASE-2856,TRANSACTION,TX-03EFC436,CUST-1007,6182.23,OVERDUE_INVOICE,39,MEDIUM,ESCALATE,HUMAN,AWAITING_APPROVAL,0,2,2026-08-27T18:16:04.465304
CASE-2857,TRANSACTION,TX-CD7B6894,CUST-1211,6182.23,OVERDUE_INVOICE,61,MEDIUM,ESCALATE,HUMAN,AWAITING_APPROVAL,0,2,2026-08-28T06:16:04.465304
CASE-2858,TRANSACTION,TX-4F5AEF23,CUST-1258,4482.23,OVERDUE_INVOICE,39,MEDIUM,ESCALATE,HUMAN,AWAITING_APPROVAL,0,2,2026-08-27T01:16:04.465304
CASE-2859,TRANSACTION,TX-1B156755,CUST-1236,3182.23,OVERDUE_INVOICE,56,MEDIUM,ESCALATE,HUMAN,AWAITING_APPROVAL,0,2,2026-08-28T04:16:04.465304
CASE-2860,TRANSACTION,TX-A5F00485,CUST-1179,3182.23,OVERDUE_INVOICE,60,MEDIUM,ESCALATE,HUMAN,AWAITING_APPROVAL,0,2,2026-08-27T13:16:04.465304
CASE-2861,TRANSACTION,TX-A8449C87,CUST-1268,4482.23,OVERDUE_INVOICE,58,MEDIUM,ESCALATE,HUMAN,AWAITING_APPROVAL,0,2,2026-08-26T15:16:04.465304
CASE-2862,TRANSACTION,TX-457F84B4,CUST-1061,6182.23,OVERDUE_INVOICE,31,MEDIUM,ESCALATE,HUMAN,AWAITING_APPROVAL,0,2,2026-08-26T16:16:04.465304
CASE-2863,TRANSACTION,TX-67684B9A,CUST-1117,4482.23,OVERDUE_INVOICE,74,MEDIUM,ESCALATE,HUMAN,AWAITING_APPROVAL,0,2,2026-08-27T23:16:04.465304
CASE-2864,TRANSACTION,TX-6F2E29DF,CUST-1218,4482.23,OVERDUE_INVOICE,35,MEDIUM,ESCALATE,HUMAN,AWAITING_APPROVAL,0,2,2026-08-28T11:16:04.465304
CASE-2865,TRANSACTION,TX-76677323,CUST-1022,11682.23,OVERDUE_INVOICE,57,MEDIUM,ESCALATE,HUMAN,AWAITING_APPROVAL,0,2,2026-08-28T10:16:04.465304
CASE-2866,TRANSACTION,TX-D783EFAB,CUST-1061,3182.23,OVERDUE_INVOICE,60,MEDIUM,ESCALATE,HUMAN,AWAITING_APPROVAL,0,2,2026-08-28T08:16:04.465304
CASE-2867,TRANSACTION,TX-554068F8,CUST-1006,6182.23,OVERDUE_INVOICE,72,MEDIUM,ESCALATE,HUMAN,AWAITING_APPROVAL,0,2,2026-08-26T22:16:04.465304
CASE-2868,TRANSACTION,TX-878FCA15,CUST-1103,4482.23,OVERDUE_INVOICE,67,MEDIUM,ESCALATE,HUMAN,AWAITING_APPROVAL,0,2,2026-08-27T14:16:04.465304
CASE-2869,TRANSACTION,TX-F5431392,CUST-1075,3182.23,OVERDUE_INVOICE,35,MEDIUM,ESCALATE,HUMAN,AWAITING_APPROVAL,0,2,2026-08-27T14:16:04.465304
CASE-2870,TRANSACTION,TX-BDE52FA6,CUST-1257,6182.23,OVERDUE_INVOICE,40,MEDIUM,ESCALATE,HUMAN,AWAITING_APPROVAL,0,2,2026-08-27T00:16:04.465304
CASE-2871,TRANSACTION,TX-A7739AF3,CUST-1297,3182.23,OVERDUE_INVOICE,36,MEDIUM,ESCALATE,HUMAN,AWAITING_APPROVAL,0,2,2026-08-27T23:16:04.465304
CASE-2872,TRANSACTION,TX-07A3ED74,CUST-1088,4482.23,OVERDUE_INVOICE,48,MEDIUM,ESCALATE,HUMAN,AWAITING_APPROVAL,0,2,2026-08-28T06:16:04.465304
CASE-2873,TRANSACTION,TX-196BB701,CUST-1244,4482.23,OVERDUE_INVOICE,62,MEDIUM,ESCALATE,HUMAN,AWAITING_APPROVAL,0,2,2026-08-26T23:16:04.465304
CASE-2874,TRANSACTION,TX-A5D3CCB4,CUST-1055,4482.23,OVERDUE_INVOICE,58,MEDIUM,ESCALATE,HUMAN,AWAITING_APPROVAL,0,2,2026-08-27T12:16:04.465304
CASE-2875,TRANSACTION,TX-6A4834E6,CUST-1264,11682.23,OVERDUE_INVOICE,43,MEDIUM,ESCALATE,HUMAN,AWAITING_APPROVAL,0,2,2026-08-28T05:16:04.465304
CASE-2876,TRANSACTION,TX-94352E1F,CUST-1239,6182.23,OVERDUE_INVOICE,37,MEDIUM,ESCALATE,HUMAN,AWAITING_APPROVAL,0,2,2026-08-28T04:16:04.465304
CASE-2877,TRANSACTION,TX-A0FDD1A7,CUST-1148,11682.23,OVERDUE_INVOICE,53,MEDIUM,ESCALATE,HUMAN,AWAITING_APPROVAL,0,2,2026-08-27T16:16:04.465304
CASE-2878,TRANSACTION,TX-87354AAE,CUST-1198,11682.23,OVERDUE_INVOICE,37,MEDIUM,ESCALATE,HUMAN,AWAITING_APPROVAL,0,2,2026-08-26T22:16:04.465304
CASE-2879,TRANSACTION,TX-B470ABFD,CUST-1228,6182.23,OVERDUE_INVOICE,73,MEDIUM,ESCALATE,HUMAN,AWAITING_APPROVAL,0,2,2026-08-27T10:16:04.470074
CASE-2880,TRANSACTION,TX-4AACAA85,CUST-1097,6182.23,OVERDUE_INVOICE,57,MEDIUM,ESCALATE,HUMAN,AWAITING_APPROVAL,0,2,2026-08-26T17:16:04.470074
CASE-2881,TRANSACTION,TX-6B38E50B,CUST-1007,6182.23,OVERDUE_INVOICE,41,MEDIUM,ESCALATE,HUMAN,AWAITING_APPROVAL,0,2,2026-08-28T06:16:04.470074
CASE-2882,TRANSACTION,TX-D328A58C,CUST-1268,11682.23,OVERDUE_INVOICE,58,MEDIUM,ESCALATE,HUMAN,AWAITING_APPROVAL,0,2,2026-08-28T03:16:04.470074
CASE-2883,TRANSACTION,TX-81E42AE7,CUST-1053,11682.23,OVERDUE_INVOICE,55,MEDIUM,ESCALATE,HUMAN,AWAITING_APPROVAL,0,2,2026-08-27T13:16:04.470074
CASE-2884,TRANSACTION,TX-67A33411,CUST-1103,4482.23,OVERDUE_INVOICE,51,MEDIUM,ESCALATE,HUMAN,AWAITING_APPROVAL,0,2,2026-08-27T22:16:04.470074
CASE-2885,TRANSACTION,TX-5737BE49,CUST-1143,11682.23,OVERDUE_INVOICE,61,MEDIUM,ESCALATE,HUMAN,AWAITING_APPROVAL,0,2,2026-08-27T11:16:04.470074
CASE-2886,TRANSACTION,TX-B162F6E8,CUST-1208,6182.23,OVERDUE_INVOICE,60,MEDIUM,ESCALATE,HUMAN,AWAITING_APPROVAL,0,2,2026-08-27T19:16:04.470074
CASE-2887,TRANSACTION,TX-4BA4DDFF,CUST-1056,4482.23,OVERDUE_INVOICE,59,MEDIUM,ESCALATE,HUMAN,AWAITING_APPROVAL,0,2,2026-08-27T05:16:04.470074
CASE-2888,TRANSACTION,TX-3C3D6EF1,CUST-1069,11682.23,OVERDUE_INVOICE,44,MEDIUM,ESCALATE,HUMAN,AWAITING_APPROVAL,0,2,2026-08-26T13:16:04.470074
CASE-2889,TRANSACTION,TX-C1354CA9,CUST-1256,3182.23,OVERDUE_INVOICE,34,MEDIUM,ESCALATE,HUMAN,AWAITING_APPROVAL,0,2,2026-08-27T12:16:04.470074
CASE-2890,TRANSACTION,TX-02D9F44D,CUST-1156,6182.23,OVERDUE_INVOICE,39,MEDIUM,ESCALATE,HUMAN,AWAITING_APPROVAL,0,2,2026-08-26T18:16:04.470074
CASE-2891,TRANSACTION,TX-6F0893C6,CUST-1104,11682.23,OVERDUE_INVOICE,59,MEDIUM,ESCALATE,HUMAN,AWAITING_APPROVAL,0,2,2026-08-27T05:16:04.470074
CASE-2892,TRANSACTION,TX-02EDCE41,CUST-1134,11682.23,OVERDUE_INVOICE,62,MEDIUM,ESCALATE,HUMAN,AWAITING_APPROVAL,0,2,2026-08-27T02:16:04.470074
CASE-2893,TRANSACTION,TX-1B3AE039,CUST-1221,3182.23,OVERDUE_INVOICE,32,MEDIUM,ESCALATE,HUMAN,AWAITING_APPROVAL,0,2,2026-08-27T08:16:04.470074
CASE-2894,TRANSACTION,TX-B43E00C9,CUST-1227,6182.23,OVERDUE_INVOICE,54,MEDIUM,ESCALATE,HUMAN,AWAITING_APPROVAL,0,2,2026-08-28T10:16:04.470074
CASE-2895,TRANSACTION,TX-E2F91C72,CUST-1156,4482.23,OVERDUE_INVOICE,65,MEDIUM,ESCALATE,HUMAN,AWAITING_APPROVAL,0,2,2026-08-27T09:16:04.470074
CASE-2896,TRANSACTION,TX-57426CDC,CUST-1200,4482.23,OVERDUE_INVOICE,49,MEDIUM,ESCALATE,HUMAN,AWAITING_APPROVAL,0,2,2026-08-27T00:16:04.470074
CASE-2897,TRANSACTION,TX-CD0DF384,CUST-1284,11682.23,OVERDUE_INVOICE,72,MEDIUM,ESCALATE,HUMAN,AWAITING_APPROVAL,0,2,2026-08-27T01:16:04.470074
CASE-2898,TRANSACTION,TX-387E70DC,CUST-1029,4482.23,OVERDUE_INVOICE,62,MEDIUM,ESCALATE,HUMAN,AWAITING_APPROVAL,0,2,2026-08-27T05:16:04.470074
CASE-2899,TRANSACTION,TX-834208CC,CUST-1181,11682.23,OVERDUE_INVOICE,69,MEDIUM,ESCALATE,HUMAN,AWAITING_APPROVAL,0,2,2026-08-28T09:16:04.470074
CASE-2900,TRANSACTION,TX-ACDE53BC,CUST-1024,3182.23,OVERDUE_INVOICE,67,MEDIUM,ESCALATE,HUMAN,AWAITING_APPROVAL,0,2,2026-08-27T14:16:04.470074
CASE-2901,TRANSACTION,TX-536F7875,CUST-1175,3182.23,OVERDUE_INVOICE,70,MEDIUM,ESCALATE,HUMAN,AWAITING_APPROVAL,0,2,2026-08-27T09:16:04.470074
CASE-2902,TRANSACTION,TX-6F35ECDE,CUST-1211,6182.23,OVERDUE_INVOICE,52,MEDIUM,ESCALATE,HUMAN,AWAITING_APPROVAL,0,2,2026-08-26T18:16:04.470074
CASE-2903,TRANSACTION,TX-8747570D,CUST-1121,4482.23,OVERDUE_INVOICE,45,MEDIUM,ESCALATE,HUMAN,AWAITING_APPROVAL,0,2,2026-08-28T07:16:04.470074
CASE-2904,TRANSACTION,TX-2A5DE009,CUST-1059,3182.23,OVERDUE_INVOICE,49,MEDIUM,ESCALATE,HUMAN,AWAITING_APPROVAL,0,2,2026-08-28T11:16:04.470074
CASE-2905,TRANSACTION,TX-AB90DFB2,CUST-1236,6182.23,OVERDUE_INVOICE,32,MEDIUM,ESCALATE,HUMAN,AWAITING_APPROVAL,0,2,2026-08-27T04:16:04.470074
CASE-2906,TRANSACTION,TX-B23BD787,CUST-1011,11682.23,OVERDUE_INVOICE,47,MEDIUM,ESCALATE,HUMAN,AWAITING_APPROVAL,0,2,2026-08-28T11:16:04.470074
CASE-2907,TRANSACTION,TX-D63C17AE,CUST-1293,6182.23,OVERDUE_INVOICE,54,MEDIUM,ESCALATE,HUMAN,AWAITING_APPROVAL,0,2,2026-08-27T00:16:04.470074
CASE-2908,TRANSACTION,TX-7670C48E,CUST-1052,3182.23,OVERDUE_INVOICE,61,MEDIUM,ESCALATE,HUMAN,AWAITING_APPROVAL,0,2,2026-08-27T05:16:04.470074
CASE-2909,TRANSACTION,TX-868DCD84,CUST-1154,6182.23,OVERDUE_INVOICE,40,MEDIUM,ESCALATE,HUMAN,AWAITING_APPROVAL,0,2,2026-08-28T00:16:04.470074
CASE-2910,TRANSACTION,TX-43EB1092,CUST-1039,11682.23,OVERDUE_INVOICE,70,MEDIUM,ESCALATE,HUMAN,AWAITING_APPROVAL,0,2,2026-08-27T20:16:04.470074
CASE-2911,TRANSACTION,TX-4644363B,CUST-1294,3182.23,OVERDUE_INVOICE,49,MEDIUM,ESCALATE,HUMAN,AWAITING_APPROVAL,0,2,2026-08-26T21:16:04.470074
CASE-2912,TRANSACTION,TX-16291D99,CUST-1297,3182.23,OVERDUE_INVOICE,75,MEDIUM,ESCALATE,HUMAN,AWAITING_APPROVAL,0,2,2026-08-27T15:16:04.470074
CASE-2913,TRANSACTION,TX-95AA0573,CUST-1291,6182.23,OVERDUE_INVOICE,34,MEDIUM,ESCALATE,HUMAN,AWAITING_APPROVAL,0,2,2026-08-27T23:16:04.475342
CASE-2914,TRANSACTION,TX-56E14958,CUST-1155,6182.23,OVERDUE_INVOICE,34,MEDIUM,ESCALATE,HUMAN,AWAITING_APPROVAL,0,2,2026-08-26T18:16:04.475342
CASE-2915,TRANSACTION,TX-2411DDAA,CUST-1213,6182.23,OVERDUE_INVOICE,42,MEDIUM,ESCALATE,HUMAN,AWAITING_APPROVAL,0,2,2026-08-26T21:16:04.475342
CASE-2916,TRANSACTION,TX-AE6C56CA,CUST-1281,11682.23,OVERDUE_INVOICE,72,MEDIUM,ESCALATE,HUMAN,AWAITING_APPROVAL,0,2,2026-08-26T20:16:04.475342
CASE-2917,TRANSACTION,TX-77E341E1,CUST-1256,4482.23,OVERDUE_INVOICE,66,MEDIUM,ESCALATE,HUMAN,AWAITING_APPROVAL,0,2,2026-08-26T13:16:04.475342
CASE-2918,TRANSACTION,TX-CBED8326,CUST-1273,11682.23,OVERDUE_INVOICE,47,MEDIUM,ESCALATE,HUMAN,AWAITING_APPROVAL,0,2,2026-08-26T14:16:04.475342
CASE-2919,TRANSACTION,TX-04A5B851,CUST-1103,3182.23,OVERDUE_INVOICE,63,MEDIUM,ESCALATE,HUMAN,AWAITING_APPROVAL,0,2,2026-08-28T03:16:04.475342
CASE-2920,TRANSACTION,TX-42DB24BD,CUST-1154,4482.23,OVERDUE_INVOICE,39,MEDIUM,ESCALATE,HUMAN,AWAITING_APPROVAL,0,2,2026-08-27T16:16:04.475342
CASE-2921,TRANSACTION,TX-E60116A5,CUST-1105,3182.23,OVERDUE_INVOICE,70,MEDIUM,ESCALATE,HUMAN,AWAITING_APPROVAL,0,2,2026-08-27T18:16:04.475342
CASE-2922,TRANSACTION,TX-2495FF57,CUST-1121,4482.23,OVERDUE_INVOICE,46,MEDIUM,ESCALATE,HUMAN,AWAITING_APPROVAL,0,2,2026-08-28T05:16:04.475342
CASE-2923,TRANSACTION,TX-A36A1A0A,CUST-1015,4482.23,OVERDUE_INVOICE,42,MEDIUM,ESCALATE,HUMAN,AWAITING_APPROVAL,0,2,2026-08-27T07:16:04.475342
CASE-2924,TRANSACTION,TX-496A3BA8,CUST-1224,11682.23,OVERDUE_INVOICE,65,MEDIUM,ESCALATE,HUMAN,AWAITING_APPROVAL,0,2,2026-08-28T10:16:04.475342
CASE-2925,TRANSACTION,TX-FAFF2912,CUST-1140,4482.23,OVERDUE_INVOICE,40,MEDIUM,ESCALATE,HUMAN,AWAITING_APPROVAL,0,2,2026-08-27T20:16:04.475342
CASE-2926,TRANSACTION,TX-74FCA34E,CUST-1282,6182.23,OVERDUE_INVOICE,72,MEDIUM,ESCALATE,HUMAN,AWAITING_APPROVAL,0,2,2026-08-28T10:16:04.475342
CASE-2927,TRANSACTION,TX-A9DF86DF,CUST-1029,11682.23,OVERDUE_INVOICE,31,MEDIUM,ESCALATE,HUMAN,AWAITING_APPROVAL,0,2,2026-08-26T22:16:04.477412
CASE-2928,TRANSACTION,TX-BFC7B0C9,CUST-1209,6182.23,OVERDUE_INVOICE,34,MEDIUM,ESCALATE,HUMAN,AWAITING_APPROVAL,0,2,2026-08-26T18:16:04.477412
CASE-2929,TRANSACTION,TX-0DFE880E,CUST-1072,3182.23,OVERDUE_INVOICE,55,MEDIUM,ESCALATE,HUMAN,AWAITING_APPROVAL,0,2,2026-08-27T00:16:04.477412
CASE-2930,TRANSACTION,TX-622842AA,CUST-1298,3182.23,OVERDUE_INVOICE,63,MEDIUM,ESCALATE,HUMAN,AWAITING_APPROVAL,0,2,2026-08-28T07:16:04.477412
CASE-2931,TRANSACTION,TX-2B436282,CUST-1063,4482.23,OVERDUE_INVOICE,68,MEDIUM,ESCALATE,HUMAN,AWAITING_APPROVAL,0,2,2026-08-26T23:16:04.477412
CASE-2932,TRANSACTION,TX-72BA77CA,CUST-1217,11682.23,OVERDUE_INVOICE,45,MEDIUM,ESCALATE,HUMAN,AWAITING_APPROVAL,0,2,2026-08-28T06:16:04.477412
CASE-2933,TRANSACTION,TX-7B61797F,CUST-1141,4482.23,OVERDUE_INVOICE,43,MEDIUM,ESCALATE,HUMAN,AWAITING_APPROVAL,0,2,2026-08-27T20:16:04.477412
CASE-2934,TRANSACTION,TX-289EA4FC,CUST-1274,3182.23,OVERDUE_INVOICE,61,MEDIUM,ESCALATE,HUMAN,AWAITING_APPROVAL,0,2,2026-08-28T05:16:04.477412
CASE-2935,TRANSACTION,TX-AFBEE813,CUST-1217,6182.23,OVERDUE_INVOICE,64,MEDIUM,ESCALATE,HUMAN,AWAITING_APPROVAL,0,2,2026-08-27T21:16:04.477412
CASE-2936,TRANSACTION,TX-FD8CFA0D,CUST-1186,6182.23,OVERDUE_INVOICE,39,MEDIUM,ESCALATE,HUMAN,AWAITING_APPROVAL,0,2,2026-08-27T13:16:04.477412
CASE-2937,TRANSACTION,TX-53625943,CUST-1018,6182.23,OVERDUE_INVOICE,31,MEDIUM,ESCALATE,HUMAN,AWAITING_APPROVAL,0,2,2026-08-26T18:16:04.477412
CASE-2938,TRANSACTION,TX-405D1E46,CUST-1283,4482.23,OVERDUE_INVOICE,46,MEDIUM,ESCALATE,HUMAN,AWAITING_APPROVAL,0,2,2026-08-26T20:16:04.477412
CASE-2939,TRANSACTION,TX-0C778AE3,CUST-1063,6182.23,OVERDUE_INVOICE,73,MEDIUM,ESCALATE,HUMAN,AWAITING_APPROVAL,0,2,2026-08-27T12:16:04.477412
CASE-2940,TRANSACTION,TX-E4742FDC,CUST-1131,3182.23,OVERDUE_INVOICE,55,MEDIUM,ESCALATE,HUMAN,AWAITING_APPROVAL,0,2,2026-08-27T21:16:04.477412
CASE-2941,TRANSACTION,TX-AD2F2FEC,CUST-1083,6182.23,OVERDUE_INVOICE,43,MEDIUM,ESCALATE,HUMAN,AWAITING_APPROVAL,0,2,2026-08-27T16:16:04.477412
CASE-2942,TRANSACTION,TX-E8CB4299,CUST-1141,11682.23,OVERDUE_INVOICE,32,MEDIUM,ESCALATE,HUMAN,AWAITING_APPROVAL,0,2,2026-08-27T06:16:04.479425
CASE-2943,TRANSACTION,TX-17D6458E,CUST-1217,11682.23,OVERDUE_INVOICE,51,MEDIUM,ESCALATE,HUMAN,AWAITING_APPROVAL,0,2,2026-08-26T16:16:04.479425
CASE-2944,TRANSACTION,TX-28BAE79E,CUST-1034,6182.23,OVERDUE_INVOICE,62,MEDIUM,ESCALATE,HUMAN,AWAITING_APPROVAL,0,2,2026-08-26T22:16:04.479425
CASE-2945,TRANSACTION,TX-8C58502D,CUST-1015,6182.23,OVERDUE_INVOICE,59,MEDIUM,ESCALATE,HUMAN,AWAITING_APPROVAL,0,2,2026-08-26T19:16:04.479425
CASE-2946,TRANSACTION,TX-692FF4D9,CUST-1228,4482.23,OVERDUE_INVOICE,70,MEDIUM,ESCALATE,HUMAN,AWAITING_APPROVAL,0,2,2026-08-27T11:16:04.479425
CASE-2947,TRANSACTION,TX-5C99F32E,CUST-1157,4482.23,OVERDUE_INVOICE,70,MEDIUM,ESCALATE,HUMAN,AWAITING_APPROVAL,0,2,2026-08-28T07:16:04.479425
CASE-2948,TRANSACTION,TX-6F722318,CUST-1128,3182.23,OVERDUE_INVOICE,40,MEDIUM,ESCALATE,HUMAN,AWAITING_APPROVAL,0,2,2026-08-26T17:16:04.479425
CASE-2949,TRANSACTION,TX-5275ACD9,CUST-1232,11682.23,OVERDUE_INVOICE,50,MEDIUM,ESCALATE,HUMAN,AWAITING_APPROVAL,0,2,2026-08-28T04:16:04.479425
CASE-2950,TRANSACTION,TX-59153ED2,CUST-1168,6182.23,OVERDUE_INVOICE,41,MEDIUM,ESCALATE,HUMAN,AWAITING_APPROVAL,0,2,2026-08-28T07:16:04.479425
CASE-2951,TRANSACTION,TX-BFD6BD17,CUST-1094,11682.23,OVERDUE_INVOICE,53,MEDIUM,ESCALATE,HUMAN,AWAITING_APPROVAL,0,2,2026-08-27T00:16:04.479425
CASE-2952,TRANSACTION,TX-0706C217,CUST-1012,4482.23,OVERDUE_INVOICE,31,MEDIUM,ESCALATE,HUMAN,AWAITING_APPROVAL,0,2,2026-08-27T07:16:04.479425
CASE-2953,TRANSACTION,TX-601E9F1E,CUST-1087,4482.23,OVERDUE_INVOICE,46,MEDIUM,ESCALATE,HUMAN,AWAITING_APPROVAL,0,2,2026-08-26T21:16:04.479425
CASE-2954,TRANSACTION,TX-3219EBE6,CUST-1134,11682.23,OVERDUE_INVOICE,68,MEDIUM,ESCALATE,HUMAN,AWAITING_APPROVAL,0,2,2026-08-27T13:16:04.479425
CASE-2955,TRANSACTION,TX-238C1705,CUST-1061,4482.23,OVERDUE_INVOICE,66,MEDIUM,ESCALATE,HUMAN,AWAITING_APPROVAL,0,2,2026-08-27T03:16:04.479425
CASE-2956,TRANSACTION,TX-C92E12FA,CUST-1254,11682.23,OVERDUE_INVOICE,59,MEDIUM,ESCALATE,HUMAN,AWAITING_APPROVAL,0,2,2026-08-26T15:16:04.479425
CASE-2957,TRANSACTION,TX-2FCC27AC,CUST-1137,4482.23,OVERDUE_INVOICE,42,MEDIUM,ESCALATE,HUMAN,AWAITING_APPROVAL,0,2,2026-08-27T05:16:04.481182
CASE-2958,TRANSACTION,TX-AB4EC615,CUST-1221,11682.23,OVERDUE_INVOICE,38,MEDIUM,ESCALATE,HUMAN,AWAITING_APPROVAL,0,2,2026-08-27T23:16:04.481182
CASE-2959,TRANSACTION,TX-A2DD1725,CUST-1097,6182.23,OVERDUE_INVOICE,73,MEDIUM,ESCALATE,HUMAN,AWAITING_APPROVAL,0,2,2026-08-27T10:16:04.481182
CASE-2960,TRANSACTION,TX-358ABAC0,CUST-1149,4482.23,OVERDUE_INVOICE,31,MEDIUM,ESCALATE,HUMAN,AWAITING_APPROVAL,0,2,2026-08-26T21:16:04.481182
CASE-2961,TRANSACTION,TX-327444E4,CUST-1190,11682.23,OVERDUE_INVOICE,45,MEDIUM,ESCALATE,HUMAN,AWAITING_APPROVAL,0,2,2026-08-28T12:16:04.481182
CASE-2962,TRANSACTION,TX-ED01D60F,CUST-1166,11682.23,OVERDUE_INVOICE,38,MEDIUM,ESCALATE,HUMAN,AWAITING_APPROVAL,0,2,2026-08-27T23:16:04.481182
CASE-2963,TRANSACTION,TX-656FD3E8,CUST-1217,11682.23,OVERDUE_INVOICE,75,MEDIUM,ESCALATE,HUMAN,AWAITING_APPROVAL,0,2,2026-08-28T06:16:04.481182
CASE-2964,TRANSACTION,TX-4B76D650,CUST-1171,3182.23,OVERDUE_INVOICE,33,MEDIUM,ESCALATE,HUMAN,AWAITING_APPROVAL,0,2,2026-08-27T14:16:04.481182
CASE-2965,TRANSACTION,TX-C4C4D526,CUST-1130,3182.23,OVERDUE_INVOICE,30,MEDIUM,ESCALATE,HUMAN,AWAITING_APPROVAL,0,2,2026-08-27T11:16:04.483196
CASE-2966,TRANSACTION,TX-8E53ADDA,CUST-1287,6182.23,OVERDUE_INVOICE,38,MEDIUM,ESCALATE,HUMAN,AWAITING_APPROVAL,0,2,2026-08-28T01:16:04.483196
CASE-2967,TRANSACTION,TX-7E5C32F0,CUST-1258,6182.23,OVERDUE_INVOICE,40,MEDIUM,ESCALATE,HUMAN,AWAITING_APPROVAL,0,2,2026-08-27T07:16:04.483196
CASE-2968,TRANSACTION,TX-AFC641CC,CUST-1163,4482.23,OVERDUE_INVOICE,35,MEDIUM,ESCALATE,HUMAN,AWAITING_APPROVAL,0,2,2026-08-27T20:16:04.483196
CASE-2969,TRANSACTION,TX-E476D010,CUST-1023,3182.23,OVERDUE_INVOICE,50,MEDIUM,ESCALATE,HUMAN,AWAITING_APPROVAL,0,2,2026-08-27T19:16:04.483196
CASE-2970,TRANSACTION,TX-57DB6A4B,CUST-1145,6182.23,OVERDUE_INVOICE,57,MEDIUM,ESCALATE,HUMAN,AWAITING_APPROVAL,0,2,2026-08-27T20:16:04.483196
CASE-2971,TRANSACTION,TX-BA5F001D,CUST-1085,6182.23,OVERDUE_INVOICE,57,MEDIUM,ESCALATE,HUMAN,AWAITING_APPROVAL,0,2,2026-08-27T05:16:04.485209
CASE-2972,TRANSACTION,TX-57D7D980,CUST-1226,4482.23,OVERDUE_INVOICE,65,MEDIUM,ESCALATE,HUMAN,AWAITING_APPROVAL,0,2,2026-08-28T03:16:04.485209
CASE-2973,TRANSACTION,TX-15817946,CUST-1094,3182.23,OVERDUE_INVOICE,44,MEDIUM,ESCALATE,HUMAN,AWAITING_APPROVAL,0,2,2026-08-27T20:16:04.485209
CASE-2974,TRANSACTION,TX-F262BF72,CUST-1240,4482.23,OVERDUE_INVOICE,75,MEDIUM,ESCALATE,HUMAN,AWAITING_APPROVAL,0,2,2026-08-27T05:16:04.485209
CASE-2975,TRANSACTION,TX-73FA404A,CUST-1183,3182.23,OVERDUE_INVOICE,58,MEDIUM,ESCALATE,HUMAN,AWAITING_APPROVAL,0,2,2026-08-27T05:16:04.485209
CASE-2976,TRANSACTION,TX-348BC7A7,CUST-1064,3182.23,OVERDUE_INVOICE,39,MEDIUM,ESCALATE,HUMAN,AWAITING_APPROVAL,0,2,2026-08-27T23:16:04.485209
CASE-2977,TRANSACTION,TX-983DF4EC,CUST-1087,6182.23,OVERDUE_INVOICE,41,MEDIUM,ESCALATE,HUMAN,AWAITING_APPROVAL,0,2,2026-08-26T18:16:04.485209
CASE-2978,TRANSACTION,TX-481EAF70,CUST-1003,4482.23,OVERDUE_INVOICE,67,MEDIUM,ESCALATE,HUMAN,AWAITING_APPROVAL,0,2,2026-08-28T08:16:04.488208
CASE-2979,TRANSACTION,TX-843CAB61,CUST-1049,4482.23,OVERDUE_INVOICE,61,MEDIUM,ESCALATE,HUMAN,AWAITING_APPROVAL,0,2,2026-08-27T18:16:04.488208
CASE-2980,TRANSACTION,TX-B21E9E70,CUST-1192,3182.23,OVERDUE_INVOICE,55,MEDIUM,ESCALATE,HUMAN,AWAITING_APPROVAL,0,2,2026-08-28T03:16:04.488208
CASE-2981,TRANSACTION,TX-DC3B12D7,CUST-1236,3182.23,OVERDUE_INVOICE,35,MEDIUM,ESCALATE,HUMAN,AWAITING_APPROVAL,0,2,2026-08-26T20:16:04.488208
CASE-2982,TRANSACTION,TX-ED726A39,CUST-1003,6182.23,OVERDUE_INVOICE,68,MEDIUM,ESCALATE,HUMAN,AWAITING_APPROVAL,0,2,2026-08-26T19:16:04.488208
CASE-2983,TRANSACTION,TX-7604DD2E,CUST-1292,11682.23,OVERDUE_INVOICE,50,MEDIUM,ESCALATE,HUMAN,AWAITING_APPROVAL,0,2,2026-08-28T09:16:04.488208
CASE-2984,TRANSACTION,TX-EF835D49,CUST-1029,6182.23,OVERDUE_INVOICE,50,MEDIUM,ESCALATE,HUMAN,AWAITING_APPROVAL,0,2,2026-08-26T22:16:04.488208
CASE-2985,TRANSACTION,TX-E076ACAE,CUST-1205,11682.23,OVERDUE_INVOICE,35,MEDIUM,ESCALATE,HUMAN,AWAITING_APPROVAL,0,2,2026-08-27T21:16:04.488208
CASE-2986,TRANSACTION,TX-344E8FAE,CUST-1011,11682.23,OVERDUE_INVOICE,35,MEDIUM,ESCALATE,HUMAN,AWAITING_APPROVAL,0,2,2026-08-27T12:16:04.488208
CASE-2987,TRANSACTION,TX-1C3591EA,CUST-1079,11682.23,OVERDUE_INVOICE,48,MEDIUM,ESCALATE,HUMAN,AWAITING_APPROVAL,0,2,2026-08-27T05:16:04.488208
CASE-2988,TRANSACTION,TX-5596FBAB,CUST-1068,11682.23,OVERDUE_INVOICE,49,MEDIUM,ESCALATE,HUMAN,AWAITING_APPROVAL,0,2,2026-08-28T06:16:04.488208
CASE-2989,TRANSACTION,TX-C8125A07,CUST-1103,6182.23,OVERDUE_INVOICE,62,MEDIUM,ESCALATE,HUMAN,AWAITING_APPROVAL,0,2,2026-08-27T12:16:04.488208
CASE-2990,TRANSACTION,TX-AFA30B54,CUST-1289,11682.23,OVERDUE_INVOICE,47,MEDIUM,ESCALATE,HUMAN,AWAITING_APPROVAL,0,2,2026-08-27T09:16:04.488208
CASE-2991,TRANSACTION,TX-8DEB4D17,CUST-1096,6182.23,OVERDUE_INVOICE,69,MEDIUM,ESCALATE,HUMAN,AWAITING_APPROVAL,0,2,2026-08-27T09:16:04.488208
CASE-2992,TRANSACTION,TX-D980C0CB,CUST-1263,3182.23,OVERDUE_INVOICE,32,MEDIUM,ESCALATE,HUMAN,AWAITING_APPROVAL,0,2,2026-08-26T17:16:04.488208
CASE-2993,TRANSACTION,TX-97E7B753,CUST-1080,4482.23,OVERDUE_INVOICE,71,MEDIUM,ESCALATE,HUMAN,AWAITING_APPROVAL,0,2,2026-08-26T20:16:04.488208
CASE-2994,TRANSACTION,TX-FD63660A,CUST-1240,3182.23,OVERDUE_INVOICE,48,MEDIUM,ESCALATE,HUMAN,AWAITING_APPROVAL,0,2,2026-08-27T06:16:04.488208
CASE-2995,TRANSACTION,TX-B4AE5CB6,CUST-1066,6182.23,OVERDUE_INVOICE,39,MEDIUM,ESCALATE,HUMAN,AWAITING_APPROVAL,0,2,2026-08-27T03:16:04.488208
CASE-2996,TRANSACTION,TX-9E1544D1,CUST-1292,11682.23,OVERDUE_INVOICE,48,MEDIUM,ESCALATE,HUMAN,AWAITING_APPROVAL,0,2,2026-08-28T08:16:04.488208
CASE-2997,TRANSACTION,TX-44D579BB,CUST-1056,3182.23,OVERDUE_INVOICE,62,MEDIUM,ESCALATE,HUMAN,AWAITING_APPROVAL,0,2,2026-08-28T06:16:04.488208
CASE-2998,TRANSACTION,TX-BD91983E,CUST-1292,11682.23,OVERDUE_INVOICE,72,MEDIUM,ESCALATE,HUMAN,AWAITING_APPROVAL,0,2,2026-08-27T20:16:04.488208
CASE-2999,TRANSACTION,TX-236C500D,CUST-1009,3182.38,OVERDUE_INVOICE,62,MEDIUM,ESCALATE,HUMAN,AWAITING_APPROVAL,0,2,2026-08-26T18:16:04.488208
