id,customer_id,amount,currency,payment_method,status,failure_reason,payment_state,possible_customer_debit,fraud_signal,retry_count,created_at
TX-94F15833,CUST-1177,2000.0,INR,CARD,FAILED,TEMPORARY_BANK_ERROR,CLEAR,False,False,0,2026-08-27T02:16:04.270951
TX-4587CB84,CUST-1036,8500.0,INR,NACH,FAILED,SESSION_TIMEOUT,CLEAR,False,False,0,2026-08-28T10:16:04.270951
TX-008BEDC7,CUST-1210,25000.0,INR,UPI,AMBIGUOUS,GATEWAY_TIMEOUT_AMBIGUOUS,AMBIGUOUS,True,False,0,2026-08-28T04:16:04.270951
TX-C13D9B48,CUST-1216,2000.0,INR,NETBANKING,FAILED,CARD_EXPIRED,CLEAR,False,False,1,2026-08-27T12:16:04.270951
TX-DC762998,CUST-1194,75000.0,INR,NACH,FAILED,INVOICE_OVERDUE_18_DAYS,CLEAR,False,False,0,2026-08-28T07:16:04.272959
TX-216C35E2,CUST-1069,11682.23,INR,NETBANKING,FAILED,INSUFFICIENT_FUNDS,CLEAR,False,False,0,2026-08-28T05:16:04.272959
TX-EADEC019,CUST-1271,7182.23,INR,UPI,FAILED,INSUFFICIENT_FUNDS,CLEAR,False,False,0,2026-08-26T14:16:04.272959
TX-98D30E49,CUST-1153,1181.23,INR,NACH,SUCCESS,INSUFFICIENT_FUNDS,CLEAR,False,False,0,2026-08-26T17:16:04.272959
TX-AA3E5E2A,CUST-1273,7182.23,INR,NACH,FAILED,INSUFFICIENT_FUNDS,CLEAR,False,False,0,2026-08-27T22:16:04.272959
TX-5D86C388,CUST-1080,4681.23,INR,NETBANKING,FAILED,INSUFFICIENT_FUNDS,CLEAR,False,False,0,2026-08-28T00:16:04.272959
TX-2DE3CBDF,CUST-1215,1181.23,INR,CARD,FAILED,INSUFFICIENT_FUNDS,CLEAR,False,False,0,2026-08-27T21:16:04.272959
TX-38EA4DEF,CUST-1018,1181.23,INR,NACH,FAILED,INSUFFICIENT_FUNDS,CLEAR,False,False,0,2026-08-26T22:16:04.272959
TX-F002255A,CUST-1126,11682.23,INR,CARD,FAILED,INSUFFICIENT_FUNDS,CLEAR,False,False,0,2026-08-27T11:16:04.272959
TX-90E27A99,CUST-1112,2181.23,INR,CARD,FAILED,INSUFFICIENT_FUNDS,CLEAR,False,False,0,2026-08-28T04:16:04.272959
TX-D3302974,CUST-1295,3681.23,INR,NETBANKING,FAILED,INSUFFICIENT_FUNDS,CLEAR,False,False,0,2026-08-27T00:16:04.272959
TX-35C25470,CUST-1122,11682.23,INR,NETBANKING,FAILED,INSUFFICIENT_FUNDS,CLEAR,False,False,0,2026-08-28T03:16:04.272959
TX-6FBB0F8B,CUST-1212,7182.23,INR,NETBANKING,FAILED,INSUFFICIENT_FUNDS,CLEAR,False,False,0,2026-08-27T19:16:04.272959
TX-42CD9390,CUST-1090,7182.23,INR,NACH,FAILED,INSUFFICIENT_FUNDS,CLEAR,False,False,0,2026-08-27T01:16:04.272959
TX-001599FE,CUST-1196,1181.23,INR,NETBANKING,FAILED,INSUFFICIENT_FUNDS,CLEAR,False,False,0,2026-08-26T16:16:04.272959
TX-21CDEA7B,CUST-1154,4681.23,INR,NACH,FAILED,INSUFFICIENT_FUNDS,CLEAR,False,False,0,2026-08-28T01:16:04.274968
TX-68FBC4B8,CUST-1116,4681.23,INR,NETBANKING,FAILED,INSUFFICIENT_FUNDS,CLEAR,False,False,0,2026-08-26T15:16:04.274968
TX-9F41DEDA,CUST-1288,4681.23,INR,NACH,FAILED,INSUFFICIENT_FUNDS,CLEAR,False,False,0,2026-08-27T10:16:04.274968
TX-D9A92F77,CUST-1199,7182.23,INR,UPI,FAILED,INSUFFICIENT_FUNDS,CLEAR,False,False,0,2026-08-27T20:16:04.274968
TX-1BD4078B,CUST-1231,3681.23,INR,NETBANKING,SUCCESS,INSUFFICIENT_FUNDS,CLEAR,False,False,0,2026-08-28T07:16:04.274968
TX-9CFA3F3B,CUST-1027,11682.23,INR,NETBANKING,FAILED,INSUFFICIENT_FUNDS,CLEAR,False,False,0,2026-08-27T12:16:04.274968
TX-9F1DBF43,CUST-1021,7182.23,INR,CARD,FAILED,INSUFFICIENT_FUNDS,CLEAR,False,False,0,2026-08-28T00:16:04.274968
TX-608B27F4,CUST-1287,11682.23,INR,UPI,FAILED,INSUFFICIENT_FUNDS,CLEAR,False,False,0,2026-08-27T06:16:04.274968
TX-3DC53804,CUST-1008,3681.23,INR,UPI,FAILED,INSUFFICIENT_FUNDS,CLEAR,False,False,0,2026-08-28T00:16:04.274968
TX-077AFC4F,CUST-1246,1181.23,INR,UPI,FAILED,INSUFFICIENT_FUNDS,CLEAR,False,False,0,2026-08-26T16:16:04.274968
TX-AB9404F4,CUST-1204,11682.23,INR,UPI,FAILED,INSUFFICIENT_FUNDS,CLEAR,False,False,0,2026-08-27T01:16:04.274968
TX-12455110,CUST-1239,3681.23,INR,NETBANKING,FAILED,INSUFFICIENT_FUNDS,CLEAR,False,False,0,2026-08-27T17:16:04.274968
TX-1EB20DF1,CUST-1255,3681.23,INR,NACH,FAILED,INSUFFICIENT_FUNDS,CLEAR,False,False,0,2026-08-28T06:16:04.274968
TX-D3BF0AD3,CUST-1105,4681.23,INR,NETBANKING,FAILED,INSUFFICIENT_FUNDS,CLEAR,False,False,0,2026-08-27T16:16:04.274968
TX-1331DDFB,CUST-1075,1181.23,INR,CARD,FAILED,INSUFFICIENT_FUNDS,CLEAR,False,False,0,2026-08-27T20:16:04.276625
TX-7B97FD8B,CUST-1214,7182.23,INR,NETBANKING,FAILED,INSUFFICIENT_FUNDS,CLEAR,False,False,0,2026-08-28T03:16:04.276625
TX-9247986C,CUST-1195,3681.23,INR,UPI,FAILED,INSUFFICIENT_FUNDS,CLEAR,False,False,0,2026-08-27T05:16:04.276625
TX-B7A904E1,CUST-1173,11682.23,INR,NETBANKING,FAILED,INSUFFICIENT_FUNDS,CLEAR,False,False,0,2026-08-27T05:16:04.276625
TX-99D269C0,CUST-1252,11682.23,INR,NACH,FAILED,INSUFFICIENT_FUNDS,CLEAR,False,False,0,2026-08-28T02:16:04.276625
TX-6DF36CEB,CUST-1072,3681.23,INR,NACH,FAILED,INSUFFICIENT_FUNDS,CLEAR,False,False,0,2026-08-28T01:16:04.276625
TX-79AB2FC2,CUST-1269,11682.23,INR,CARD,FAILED,INSUFFICIENT_FUNDS,CLEAR,False,False,0,2026-08-28T08:16:04.276625
TX-D20C75DF,CUST-1071,1181.23,INR,UPI,SUCCESS,INSUFFICIENT_FUNDS,CLEAR,False,False,0,2026-08-28T08:16:04.276625
TX-43EFC304,CUST-1112,2181.23,INR,NACH,FAILED,INSUFFICIENT_FUNDS,CLEAR,False,False,0,2026-08-27T13:16:04.276625
TX-00B88EE6,CUST-1248,7182.23,INR,NACH,FAILED,INSUFFICIENT_FUNDS,CLEAR,False,False,0,2026-08-28T11:16:04.276625
TX-E3352802,CUST-1211,7182.23,INR,CARD,FAILED,INSUFFICIENT_FUNDS,CLEAR,False,False,0,2026-08-28T11:16:04.276625
TX-A878963B,CUST-1275,11682.23,INR,NETBANKING,FAILED,INSUFFICIENT_FUNDS,CLEAR,False,False,0,2026-08-28T11:16:04.276625
TX-8C2ED071,CUST-1221,11682.23,INR,UPI,FAILED,INSUFFICIENT_FUNDS,CLEAR,False,False,0,2026-08-28T06:16:04.276625
TX-5D592198,CUST-1124,7182.23,INR,UPI,FAILED,INSUFFICIENT_FUNDS,CLEAR,False,False,0,2026-08-26T21:16:04.276625
TX-08B631C2,CUST-1137,3681.23,INR,NACH,FAILED,INSUFFICIENT_FUNDS,CLEAR,False,False,0,2026-08-28T07:16:04.276625
TX-AA917F48,CUST-1290,4681.23,INR,UPI,FAILED,INSUFFICIENT_FUNDS,CLEAR,False,False,0,2026-08-26T16:16:04.276625
TX-F735CD70,CUST-1042,3681.23,INR,CARD,FAILED,INSUFFICIENT_FUNDS,CLEAR,False,False,0,2026-08-28T07:16:04.276625
TX-78ACCF6F,CUST-1283,4681.23,INR,NACH,FAILED,INSUFFICIENT_FUNDS,CLEAR,False,False,0,2026-08-28T09:16:04.278632
TX-4A1E509E,CUST-1256,1181.23,INR,NACH,SUCCESS,INSUFFICIENT_FUNDS,CLEAR,False,False,0,2026-08-26T19:16:04.278632
TX-C335BAB9,CUST-1271,7182.23,INR,CARD,FAILED,INSUFFICIENT_FUNDS,CLEAR,False,False,0,2026-08-27T22:16:04.278632
TX-AD5584B1,CUST-1244,11682.23,INR,NETBANKING,FAILED,INSUFFICIENT_FUNDS,CLEAR,False,False,0,2026-08-28T10:16:04.278632
TX-FF904083,CUST-1279,11682.23,INR,CARD,FAILED,INSUFFICIENT_FUNDS,CLEAR,False,False,0,2026-08-28T01:16:04.278632
TX-F721471E,CUST-1074,1181.23,INR,NACH,FAILED,INSUFFICIENT_FUNDS,CLEAR,False,False,0,2026-08-28T08:16:04.278632
TX-0BEEEBE3,CUST-1200,2181.23,INR,NETBANKING,SUCCESS,INSUFFICIENT_FUNDS,CLEAR,False,False,0,2026-08-27T12:16:04.278632
TX-19D8D038,CUST-1041,2181.23,INR,NETBANKING,FAILED,INSUFFICIENT_FUNDS,CLEAR,False,False,0,2026-08-28T09:16:04.278632
TX-971F1320,CUST-1039,4681.23,INR,NETBANKING,FAILED,INSUFFICIENT_FUNDS,CLEAR,False,False,0,2026-08-26T22:16:04.278632
TX-437C4270,CUST-1168,7182.23,INR,CARD,FAILED,INSUFFICIENT_FUNDS,CLEAR,False,False,0,2026-08-26T20:16:04.278632
TX-6EE6E37C,CUST-1117,4681.23,INR,NETBANKING,FAILED,INSUFFICIENT_FUNDS,CLEAR,False,False,0,2026-08-27T01:16:04.278632
TX-4BECB2A8,CUST-1300,4681.23,INR,NACH,FAILED,INSUFFICIENT_FUNDS,CLEAR,False,False,0,2026-08-28T07:16:04.278632
TX-62D41795,CUST-1038,3681.23,INR,CARD,FAILED,INSUFFICIENT_FUNDS,CLEAR,False,False,0,2026-08-27T19:16:04.278632
TX-C94413B8,CUST-1079,4681.23,INR,NACH,FAILED,INSUFFICIENT_FUNDS,CLEAR,False,False,0,2026-08-27T16:16:04.278632
TX-30F8966B,CUST-1003,1181.23,INR,NETBANKING,FAILED,INSUFFICIENT_FUNDS,CLEAR,False,False,0,2026-08-27T08:16:04.278632
TX-7AEAD9A3,CUST-1068,3681.23,INR,CARD,FAILED,INSUFFICIENT_FUNDS,CLEAR,False,False,0,2026-08-28T01:16:04.278632
TX-0FD7EDF5,CUST-1209,4681.23,INR,CARD,SUCCESS,INSUFFICIENT_FUNDS,CLEAR,False,False,0,2026-08-28T11:16:04.278632
TX-80B7DF2B,CUST-1167,3681.23,INR,NACH,SUCCESS,INSUFFICIENT_FUNDS,CLEAR,False,False,0,2026-08-28T12:16:04.278632
TX-55A31A48,CUST-1044,4681.23,INR,UPI,FAILED,INSUFFICIENT_FUNDS,CLEAR,False,False,0,2026-08-27T00:16:04.278632
TX-D81CBB03,CUST-1072,2181.23,INR,NETBANKING,SUCCESS,INSUFFICIENT_FUNDS,CLEAR,False,False,0,2026-08-27T17:16:04.278632
TX-8FF66714,CUST-1033,4681.23,INR,UPI,FAILED,INSUFFICIENT_FUNDS,CLEAR,False,False,0,2026-08-27T09:16:04.278632
TX-9633BCCC,CUST-1248,4681.23,INR,CARD,FAILED,INSUFFICIENT_FUNDS,CLEAR,False,False,0,2026-08-27T13:16:04.278632
TX-07CA4A9D,CUST-1101,2181.23,INR,NACH,SUCCESS,INSUFFICIENT_FUNDS,CLEAR,False,False,0,2026-08-28T06:16:04.278632
TX-8098A181,CUST-1203,3681.23,INR,NETBANKING,FAILED,INSUFFICIENT_FUNDS,CLEAR,False,False,0,2026-08-26T21:16:04.278632
TX-D899BA92,CUST-1172,3681.23,INR,NACH,FAILED,INSUFFICIENT_FUNDS,CLEAR,False,False,0,2026-08-26T19:16:04.278632
TX-F04D3DBC,CUST-1165,2181.23,INR,UPI,FAILED,INSUFFICIENT_FUNDS,CLEAR,False,False,0,2026-08-27T06:16:04.278632
TX-C3DEEFAC,CUST-1164,2181.23,INR,NETBANKING,FAILED,INSUFFICIENT_FUNDS,CLEAR,False,False,0,2026-08-26T13:16:04.278632
TX-36DBEF3D,CUST-1295,11682.23,INR,UPI,FAILED,INSUFFICIENT_FUNDS,CLEAR,False,False,0,2026-08-27T16:16:04.278632
TX-AA6E97F0,CUST-1059,3681.23,INR,UPI,SUCCESS,INSUFFICIENT_FUNDS,CLEAR,False,False,0,2026-08-26T23:16:04.278632
TX-41C9F3EF,CUST-1014,2181.23,INR,NACH,FAILED,INSUFFICIENT_FUNDS,CLEAR,False,False,0,2026-08-26T15:16:04.278632
TX-D5DAD6A3,CUST-1036,4681.23,INR,NACH,FAILED,INSUFFICIENT_FUNDS,CLEAR,False,False,0,2026-08-26T17:16:04.278632
TX-90898810,CUST-1130,2181.23,INR,UPI,SUCCESS,INSUFFICIENT_FUNDS,CLEAR,False,False,0,2026-08-26T15:16:04.278632
TX-20B1B1B0,CUST-1230,4681.23,INR,NACH,FAILED,INSUFFICIENT_FUNDS,CLEAR,False,False,0,2026-08-26T23:16:04.278632
TX-4E02CDF3,CUST-1215,7182.23,INR,CARD,FAILED,INSUFFICIENT_FUNDS,CLEAR,False,False,0,2026-08-27T13:16:04.278632
TX-E3426B8E,CUST-1044,7182.23,INR,CARD,FAILED,INSUFFICIENT_FUNDS,CLEAR,False,False,0,2026-08-27T21:16:04.278632
TX-8D5F6D43,CUST-1086,11682.23,INR,CARD,FAILED,INSUFFICIENT_FUNDS,CLEAR,False,False,0,2026-08-27T00:16:04.278632
TX-E74D2BC1,CUST-1205,11682.23,INR,NETBANKING,FAILED,INSUFFICIENT_FUNDS,CLEAR,False,False,0,2026-08-27T09:16:04.278632
TX-A1102973,CUST-1133,1181.23,INR,UPI,FAILED,INSUFFICIENT_FUNDS,CLEAR,False,False,0,2026-08-27T04:16:04.278632
TX-95679EB3,CUST-1298,7182.23,INR,UPI,FAILED,INSUFFICIENT_FUNDS,CLEAR,False,False,0,2026-08-27T08:16:04.278632
TX-AE460440,CUST-1257,4681.23,INR,UPI,FAILED,INSUFFICIENT_FUNDS,CLEAR,False,False,0,2026-08-27T14:16:04.278632
TX-4AB80B21,CUST-1152,4681.23,INR,NACH,FAILED,INSUFFICIENT_FUNDS,CLEAR,False,False,0,2026-08-28T07:16:04.278632
TX-38CF0C59,CUST-1179,11682.23,INR,NETBANKING,FAILED,INSUFFICIENT_FUNDS,CLEAR,False,False,0,2026-08-27T15:16:04.278632
TX-83EA7981,CUST-1248,2181.23,INR,NETBANKING,FAILED,INSUFFICIENT_FUNDS,CLEAR,False,False,0,2026-08-27T06:16:04.278632
TX-F47A58FC,CUST-1164,4681.23,INR,CARD,SUCCESS,INSUFFICIENT_FUNDS,CLEAR,False,False,0,2026-08-27T17:16:04.278632
TX-4B87A566,CUST-1012,11682.23,INR,NETBANKING,FAILED,INSUFFICIENT_FUNDS,CLEAR,False,False,0,2026-08-26T19:16:04.278632
TX-9D4482FA,CUST-1125,11682.23,INR,UPI,FAILED,INSUFFICIENT_FUNDS,CLEAR,False,False,0,2026-08-27T01:16:04.278632
TX-C653D3AD,CUST-1237,3681.23,INR,UPI,SUCCESS,INSUFFICIENT_FUNDS,CLEAR,False,False,0,2026-08-27T11:16:04.278632
TX-227E36F1,CUST-1222,2181.23,INR,NACH,FAILED,INSUFFICIENT_FUNDS,CLEAR,False,False,0,2026-08-28T11:16:04.278632
TX-B1E0EDA3,CUST-1231,7182.23,INR,NACH,FAILED,INSUFFICIENT_FUNDS,CLEAR,False,False,0,2026-08-27T12:16:04.278632
TX-328B0353,CUST-1106,11682.23,INR,NETBANKING,FAILED,INSUFFICIENT_FUNDS,CLEAR,False,False,0,2026-08-26T15:16:04.278632
TX-9966F59D,CUST-1275,7182.23,INR,UPI,FAILED,INSUFFICIENT_FUNDS,CLEAR,False,False,0,2026-08-27T13:16:04.283657
TX-EC5F0341,CUST-1059,2181.23,INR,NETBANKING,FAILED,INSUFFICIENT_FUNDS,CLEAR,False,False,0,2026-08-26T18:16:04.283657
TX-7011D1D7,CUST-1161,7182.23,INR,NACH,FAILED,INSUFFICIENT_FUNDS,CLEAR,False,False,0,2026-08-26T21:16:04.283657
TX-129C1E1D,CUST-1179,7182.23,INR,NETBANKING,FAILED,INSUFFICIENT_FUNDS,CLEAR,False,False,0,2026-08-27T07:16:04.283657
TX-91722235,CUST-1153,2181.23,INR,CARD,SUCCESS,INSUFFICIENT_FUNDS,CLEAR,False,False,0,2026-08-26T17:16:04.283657
TX-FA6A1E59,CUST-1123,3681.23,INR,NETBANKING,FAILED,INSUFFICIENT_FUNDS,CLEAR,False,False,0,2026-08-28T05:16:04.283657
TX-57E44A01,CUST-1199,3681.23,INR,NACH,SUCCESS,INSUFFICIENT_FUNDS,CLEAR,False,False,0,2026-08-26T22:16:04.283657
TX-F89FF579,CUST-1217,7182.23,INR,UPI,FAILED,INSUFFICIENT_FUNDS,CLEAR,False,False,0,2026-08-27T05:16:04.283657
TX-A63D0E7D,CUST-1089,7182.23,INR,UPI,FAILED,INSUFFICIENT_FUNDS,CLEAR,False,False,0,2026-08-27T05:16:04.285164
TX-B73750B2,CUST-1162,2181.23,INR,NACH,FAILED,INSUFFICIENT_FUNDS,CLEAR,False,False,0,2026-08-26T21:16:04.285164
TX-A9EEBCFA,CUST-1249,3681.23,INR,UPI,FAILED,INSUFFICIENT_FUNDS,CLEAR,False,False,0,2026-08-28T00:16:04.285164
TX-39DA223E,CUST-1254,7182.23,INR,NACH,FAILED,INSUFFICIENT_FUNDS,CLEAR,False,False,0,2026-08-26T17:16:04.285164
TX-5C41026E,CUST-1251,4681.23,INR,UPI,FAILED,INSUFFICIENT_FUNDS,CLEAR,False,False,0,2026-08-28T07:16:04.285164
TX-7CC66D4B,CUST-1150,1181.23,INR,CARD,FAILED,INSUFFICIENT_FUNDS,CLEAR,False,False,0,2026-08-27T19:16:04.285164
TX-ABEE41D3,CUST-1087,7182.23,INR,NACH,FAILED,INSUFFICIENT_FUNDS,CLEAR,False,False,0,2026-08-27T00:16:04.285164
TX-3451AFF8,CUST-1294,4681.23,INR,CARD,SUCCESS,INSUFFICIENT_FUNDS,CLEAR,False,False,0,2026-08-27T19:16:04.285164
TX-1CB0F435,CUST-1022,3681.23,INR,NACH,FAILED,INSUFFICIENT_FUNDS,CLEAR,False,False,0,2026-08-27T02:16:04.285164
TX-52C6BAA6,CUST-1127,4681.23,INR,NETBANKING,FAILED,INSUFFICIENT_FUNDS,CLEAR,False,False,0,2026-08-28T10:16:04.285164
TX-60DA9361,CUST-1045,3681.23,INR,NACH,FAILED,INSUFFICIENT_FUNDS,CLEAR,False,False,0,2026-08-28T05:16:04.285164
TX-1F6A9C40,CUST-1180,2181.23,INR,NACH,SUCCESS,INSUFFICIENT_FUNDS,CLEAR,False,False,0,2026-08-28T02:16:04.285164
TX-AD4ECE86,CUST-1106,2181.23,INR,CARD,SUCCESS,INSUFFICIENT_FUNDS,CLEAR,False,False,0,2026-08-27T00:16:04.285164
TX-EAD3301E,CUST-1276,7182.23,INR,UPI,FAILED,INSUFFICIENT_FUNDS,CLEAR,False,False,0,2026-08-27T16:16:04.285164
TX-EF1040B6,CUST-1294,3681.23,INR,NETBANKING,FAILED,INSUFFICIENT_FUNDS,CLEAR,False,False,0,2026-08-27T04:16:04.285164
TX-903B3C4E,CUST-1211,1181.23,INR,CARD,FAILED,INSUFFICIENT_FUNDS,CLEAR,False,False,0,2026-08-27T19:16:04.285164
TX-7592DAD2,CUST-1128,2181.23,INR,UPI,FAILED,INSUFFICIENT_FUNDS,CLEAR,False,False,0,2026-08-26T15:16:04.287232
TX-A8DFBCED,CUST-1202,2181.23,INR,NACH,FAILED,INSUFFICIENT_FUNDS,CLEAR,False,False,0,2026-08-28T03:16:04.287232
TX-97BF0109,CUST-1213,11682.23,INR,NACH,FAILED,INSUFFICIENT_FUNDS,CLEAR,False,False,0,2026-08-27T08:16:04.287232
TX-41018A03,CUST-1048,11682.23,INR,NACH,FAILED,INSUFFICIENT_FUNDS,CLEAR,False,False,0,2026-08-27T04:16:04.287232
TX-57B30F30,CUST-1189,3681.23,INR,NACH,FAILED,INSUFFICIENT_FUNDS,CLEAR,False,False,0,2026-08-27T05:16:04.287232
TX-958F5A8C,CUST-1048,7182.23,INR,NACH,FAILED,INSUFFICIENT_FUNDS,CLEAR,False,False,0,2026-08-26T20:16:04.287232
TX-457A18AD,CUST-1033,11682.23,INR,NACH,FAILED,INSUFFICIENT_FUNDS,CLEAR,False,False,0,2026-08-27T23:16:04.287232
TX-7063556D,CUST-1138,2181.23,INR,NETBANKING,FAILED,INSUFFICIENT_FUNDS,CLEAR,False,False,0,2026-08-27T18:16:04.287232
TX-8F62D64E,CUST-1067,7182.23,INR,NACH,FAILED,INSUFFICIENT_FUNDS,CLEAR,False,False,0,2026-08-27T15:16:04.287232
TX-78A5378A,CUST-1051,1181.23,INR,NACH,FAILED,INSUFFICIENT_FUNDS,CLEAR,False,False,0,2026-08-28T11:16:04.287232
TX-87AAC980,CUST-1234,2181.23,INR,CARD,FAILED,INSUFFICIENT_FUNDS,CLEAR,False,False,0,2026-08-27T09:16:04.287232
TX-2299B2ED,CUST-1155,11682.23,INR,UPI,FAILED,INSUFFICIENT_FUNDS,CLEAR,False,False,0,2026-08-27T19:16:04.287232
TX-E3007FF3,CUST-1129,11682.23,INR,CARD,FAILED,INSUFFICIENT_FUNDS,CLEAR,False,False,0,2026-08-27T13:16:04.287232
TX-11E286E7,CUST-1027,11682.23,INR,NACH,FAILED,INSUFFICIENT_FUNDS,CLEAR,False,False,0,2026-08-26T20:16:04.287232
TX-0466E31C,CUST-1120,11682.23,INR,NACH,FAILED,INSUFFICIENT_FUNDS,CLEAR,False,False,0,2026-08-26T19:16:04.287232
TX-6BDBAEE4,CUST-1001,11682.23,INR,UPI,FAILED,INSUFFICIENT_FUNDS,CLEAR,False,False,0,2026-08-27T06:16:04.287232
TX-59C9FC34,CUST-1228,2181.23,INR,CARD,SUCCESS,INSUFFICIENT_FUNDS,CLEAR,False,False,0,2026-08-28T12:16:04.287232
TX-5358B491,CUST-1217,3681.23,INR,UPI,FAILED,INSUFFICIENT_FUNDS,CLEAR,False,False,0,2026-08-27T06:16:04.287232
TX-C0BE9F36,CUST-1046,2181.23,INR,CARD,FAILED,INSUFFICIENT_FUNDS,CLEAR,False,False,0,2026-08-28T06:16:04.287232
TX-D582CDED,CUST-1071,3681.23,INR,NACH,FAILED,INSUFFICIENT_FUNDS,CLEAR,False,False,0,2026-08-28T04:16:04.287232
TX-50BF02E7,CUST-1036,11682.23,INR,CARD,FAILED,INSUFFICIENT_FUNDS,CLEAR,False,False,0,2026-08-26T21:16:04.287232
TX-D08AC175,CUST-1180,2181.23,INR,UPI,FAILED,INSUFFICIENT_FUNDS,CLEAR,False,False,0,2026-08-26T20:16:04.287232
TX-3A173577,CUST-1227,2181.23,INR,UPI,FAILED,INSUFFICIENT_FUNDS,CLEAR,False,False,0,2026-08-28T07:16:04.287232
TX-E27BB600,CUST-1197,2181.23,INR,NETBANKING,SUCCESS,INSUFFICIENT_FUNDS,CLEAR,False,False,0,2026-08-27T09:16:04.287232
TX-1BEBBB51,CUST-1142,2181.23,INR,CARD,FAILED,INSUFFICIENT_FUNDS,CLEAR,False,False,0,2026-08-27T21:16:04.287232
TX-1A3FC53E,CUST-1146,7182.23,INR,CARD,FAILED,INSUFFICIENT_FUNDS,CLEAR,False,False,0,2026-08-26T18:16:04.287232
TX-DDE62F02,CUST-1261,2181.23,INR,UPI,FAILED,INSUFFICIENT_FUNDS,CLEAR,False,False,0,2026-08-26T13:16:04.287232
TX-F345F0E8,CUST-1123,3681.23,INR,NACH,SUCCESS,INSUFFICIENT_FUNDS,CLEAR,False,False,0,2026-08-27T12:16:04.287232
TX-8FC31DB8,CUST-1037,2181.23,INR,CARD,FAILED,INSUFFICIENT_FUNDS,CLEAR,False,False,0,2026-08-27T13:16:04.287232
TX-EAC7EF77,CUST-1292,2181.23,INR,NACH,FAILED,INSUFFICIENT_FUNDS,CLEAR,False,False,0,2026-08-27T13:16:04.287232
TX-58E9FDCF,CUST-1242,11682.23,INR,CARD,FAILED,INSUFFICIENT_FUNDS,CLEAR,False,False,0,2026-08-28T11:16:04.287232
TX-26729418,CUST-1135,1181.23,INR,UPI,FAILED,INSUFFICIENT_FUNDS,CLEAR,False,False,0,2026-08-28T10:16:04.287232
TX-AE6BAEAD,CUST-1147,4681.23,INR,NACH,FAILED,INSUFFICIENT_FUNDS,CLEAR,False,False,0,2026-08-27T09:16:04.287232
TX-7336BF67,CUST-1275,4681.23,INR,UPI,FAILED,INSUFFICIENT_FUNDS,CLEAR,False,False,0,2026-08-27T19:16:04.287232
TX-F96BF163,CUST-1262,3681.23,INR,UPI,FAILED,INSUFFICIENT_FUNDS,CLEAR,False,False,0,2026-08-28T03:16:04.287232
TX-8BE84181,CUST-1034,3681.23,INR,NETBANKING,FAILED,INSUFFICIENT_FUNDS,CLEAR,False,False,0,2026-08-26T16:16:04.287232
TX-0CBE0234,CUST-1030,11682.23,INR,UPI,FAILED,INSUFFICIENT_FUNDS,CLEAR,False,False,0,2026-08-28T07:16:04.287232
TX-ACC1DAB0,CUST-1029,1181.23,INR,NETBANKING,FAILED,INSUFFICIENT_FUNDS,CLEAR,False,False,0,2026-08-26T18:16:04.287232
TX-FCBD98CF,CUST-1090,11682.23,INR,CARD,FAILED,INSUFFICIENT_FUNDS,CLEAR,False,False,0,2026-08-28T12:16:04.287232
TX-6510E2E4,CUST-1255,2181.23,INR,NETBANKING,SUCCESS,INSUFFICIENT_FUNDS,CLEAR,False,False,0,2026-08-27T03:16:04.287232
TX-B4A654CD,CUST-1086,11682.23,INR,NETBANKING,FAILED,INSUFFICIENT_FUNDS,CLEAR,False,False,0,2026-08-28T04:16:04.287232
TX-D7998AAD,CUST-1016,3681.23,INR,NETBANKING,FAILED,INSUFFICIENT_FUNDS,CLEAR,False,False,0,2026-08-27T09:16:04.287232
TX-B638A4B0,CUST-1135,7182.23,INR,CARD,FAILED,INSUFFICIENT_FUNDS,CLEAR,False,False,0,2026-08-27T05:16:04.287232
TX-B911BC95,CUST-1029,7182.23,INR,NACH,FAILED,INSUFFICIENT_FUNDS,CLEAR,False,False,0,2026-08-27T00:16:04.287232
TX-EB9F7E4A,CUST-1131,3681.23,INR,CARD,FAILED,INSUFFICIENT_FUNDS,CLEAR,False,False,0,2026-08-27T00:16:04.287232
TX-DEB68B9B,CUST-1117,11682.23,INR,CARD,FAILED,INSUFFICIENT_FUNDS,CLEAR,False,False,0,2026-08-28T10:16:04.287232
TX-8852EBF7,CUST-1242,2181.23,INR,NETBANKING,FAILED,INSUFFICIENT_FUNDS,CLEAR,False,False,0,2026-08-27T12:16:04.287232
TX-201E2569,CUST-1284,2181.23,INR,NACH,FAILED,INSUFFICIENT_FUNDS,CLEAR,False,False,0,2026-08-27T22:16:04.287232
TX-CFD4687B,CUST-1164,2181.23,INR,NETBANKING,FAILED,INSUFFICIENT_FUNDS,CLEAR,False,False,0,2026-08-28T08:16:04.287232
TX-46697C3C,CUST-1258,3681.23,INR,CARD,FAILED,INSUFFICIENT_FUNDS,CLEAR,False,False,0,2026-08-28T01:16:04.287232
TX-90EF4948,CUST-1206,7182.23,INR,CARD,FAILED,INSUFFICIENT_FUNDS,CLEAR,False,False,0,2026-08-27T07:16:04.287232
TX-9ABAB42C,CUST-1045,3681.23,INR,NACH,FAILED,INSUFFICIENT_FUNDS,CLEAR,False,False,0,2026-08-28T12:16:04.287232
TX-BEFF5EA9,CUST-1289,2181.23,INR,NETBANKING,FAILED,INSUFFICIENT_FUNDS,CLEAR,False,False,0,2026-08-26T13:16:04.295307
TX-3FD43050,CUST-1189,2181.23,INR,NACH,FAILED,INSUFFICIENT_FUNDS,CLEAR,False,False,0,2026-08-28T00:16:04.295307
TX-7F035E29,CUST-1126,7182.23,INR,UPI,FAILED,INSUFFICIENT_FUNDS,CLEAR,False,False,0,2026-08-28T12:16:04.295307
TX-C4139CBA,CUST-1278,1181.23,INR,NETBANKING,FAILED,INSUFFICIENT_FUNDS,CLEAR,False,False,0,2026-08-26T20:16:04.295307
TX-E1E4426F,CUST-1001,1181.23,INR,NACH,FAILED,INSUFFICIENT_FUNDS,CLEAR,False,False,0,2026-08-26T13:16:04.295307
TX-5857BED2,CUST-1106,3681.23,INR,UPI,FAILED,INSUFFICIENT_FUNDS,CLEAR,False,False,0,2026-08-27T10:16:04.295307
TX-FC89B17B,CUST-1144,1181.23,INR,CARD,FAILED,INSUFFICIENT_FUNDS,CLEAR,False,False,0,2026-08-28T10:16:04.296427
TX-9A9290A9,CUST-1191,7182.23,INR,NACH,FAILED,INSUFFICIENT_FUNDS,CLEAR,False,False,0,2026-08-26T13:16:04.296427
TX-A81A50B8,CUST-1259,7182.23,INR,UPI,FAILED,INSUFFICIENT_FUNDS,CLEAR,False,False,0,2026-08-26T20:16:04.296427
TX-519963BB,CUST-1223,1181.23,INR,UPI,SUCCESS,INSUFFICIENT_FUNDS,CLEAR,False,False,0,2026-08-27T21:16:04.296427
TX-D41A7048,CUST-1202,3681.23,INR,NETBANKING,FAILED,INSUFFICIENT_FUNDS,CLEAR,False,False,0,2026-08-27T16:16:04.296427
TX-1C1746D0,CUST-1039,3681.23,INR,UPI,FAILED,INSUFFICIENT_FUNDS,CLEAR,False,False,0,2026-08-28T04:16:04.296427
TX-3EDA874A,CUST-1055,1181.23,INR,UPI,FAILED,INSUFFICIENT_FUNDS,CLEAR,False,False,0,2026-08-27T08:16:04.296427
TX-9A49DEA4,CUST-1062,3681.23,INR,NETBANKING,FAILED,INSUFFICIENT_FUNDS,CLEAR,False,False,0,2026-08-27T23:16:04.296427
TX-F2DADA17,CUST-1136,3681.23,INR,CARD,FAILED,INSUFFICIENT_FUNDS,CLEAR,False,False,0,2026-08-28T07:16:04.296427
TX-B7D029A0,CUST-1021,11682.23,INR,UPI,FAILED,INSUFFICIENT_FUNDS,CLEAR,False,False,0,2026-08-27T16:16:04.296427
TX-0AA969A8,CUST-1183,1181.23,INR,NACH,SUCCESS,INSUFFICIENT_FUNDS,CLEAR,False,False,0,2026-08-27T04:16:04.296427
TX-487809A2,CUST-1134,11682.23,INR,UPI,FAILED,INSUFFICIENT_FUNDS,CLEAR,False,False,0,2026-08-28T11:16:04.298440
TX-31FA9901,CUST-1128,4681.23,INR,CARD,SUCCESS,INSUFFICIENT_FUNDS,CLEAR,False,False,0,2026-08-27T07:16:04.298440
TX-E7D9BDD0,CUST-1007,2181.23,INR,CARD,FAILED,INSUFFICIENT_FUNDS,CLEAR,False,False,0,2026-08-27T22:16:04.298440
TX-CEF65436,CUST-1191,2181.23,INR,CARD,FAILED,INSUFFICIENT_FUNDS,CLEAR,False,False,0,2026-08-26T23:16:04.298440
TX-5A3DEB39,CUST-1012,3681.23,INR,CARD,FAILED,INSUFFICIENT_FUNDS,CLEAR,False,False,0,2026-08-28T00:16:04.298440
TX-88B0CFC2,CUST-1048,4681.23,INR,NETBANKING,FAILED,INSUFFICIENT_FUNDS,CLEAR,False,False,0,2026-08-28T05:16:04.298440
TX-590B93F8,CUST-1087,4681.23,INR,NACH,FAILED,INSUFFICIENT_FUNDS,CLEAR,False,False,0,2026-08-26T14:16:04.299480
TX-24AC0468,CUST-1196,4681.23,INR,NACH,FAILED,INSUFFICIENT_FUNDS,CLEAR,False,False,0,2026-08-28T01:16:04.299480
TX-162F94D4,CUST-1141,2181.23,INR,NETBANKING,FAILED,INSUFFICIENT_FUNDS,CLEAR,False,False,0,2026-08-27T08:16:04.299480
TX-0AC0D253,CUST-1126,1181.23,INR,NETBANKING,SUCCESS,INSUFFICIENT_FUNDS,CLEAR,False,False,0,2026-08-27T05:16:04.300382
TX-BF53A0BA,CUST-1032,7182.23,INR,CARD,FAILED,INSUFFICIENT_FUNDS,CLEAR,False,False,0,2026-08-27T19:16:04.300382
TX-FFF0A794,CUST-1103,2181.23,INR,UPI,FAILED,INSUFFICIENT_FUNDS,CLEAR,False,False,0,2026-08-26T20:16:04.300951
TX-11691176,CUST-1184,1181.23,INR,NACH,FAILED,INSUFFICIENT_FUNDS,CLEAR,False,False,0,2026-08-27T02:16:04.300951
TX-59A396CE,CUST-1199,3681.23,INR,NETBANKING,SUCCESS,INSUFFICIENT_FUNDS,CLEAR,False,False,0,2026-08-28T01:16:04.301483
TX-DC0F2385,CUST-1144,3681.23,INR,CARD,SUCCESS,INSUFFICIENT_FUNDS,CLEAR,False,False,0,2026-08-27T06:16:04.301483
TX-EC4B504F,CUST-1120,3681.23,INR,UPI,SUCCESS,INSUFFICIENT_FUNDS,CLEAR,False,False,0,2026-08-28T06:16:04.301483
TX-174B1A65,CUST-1137,11682.23,INR,CARD,FAILED,INSUFFICIENT_FUNDS,CLEAR,False,False,0,2026-08-27T22:16:04.301483
TX-1EBF29F6,CUST-1089,4681.23,INR,UPI,FAILED,INSUFFICIENT_FUNDS,CLEAR,False,False,0,2026-08-27T21:16:04.301483
TX-20D7EF52,CUST-1015,3681.23,INR,NETBANKING,SUCCESS,INSUFFICIENT_FUNDS,CLEAR,False,False,0,2026-08-27T00:16:04.302136
TX-3047B609,CUST-1253,2181.23,INR,NETBANKING,FAILED,INSUFFICIENT_FUNDS,CLEAR,False,False,0,2026-08-28T01:16:04.302136
TX-0838A4E0,CUST-1029,1181.23,INR,UPI,FAILED,INSUFFICIENT_FUNDS,CLEAR,False,False,0,2026-08-26T22:16:04.302136
TX-543AD2E0,CUST-1245,1181.23,INR,CARD,FAILED,INSUFFICIENT_FUNDS,CLEAR,False,False,0,2026-08-27T15:16:04.302136
TX-81C3EC5F,CUST-1175,2181.23,INR,UPI,FAILED,INSUFFICIENT_FUNDS,CLEAR,False,False,0,2026-08-27T16:16:04.302735
TX-FD98D2AC,CUST-1073,1181.23,INR,CARD,FAILED,INSUFFICIENT_FUNDS,CLEAR,False,False,0,2026-08-27T03:16:04.302735
TX-C91A68FB,CUST-1203,1181.23,INR,CARD,FAILED,INSUFFICIENT_FUNDS,CLEAR,False,False,0,2026-08-27T15:16:04.302735
TX-5E895324,CUST-1081,3681.23,INR,NACH,FAILED,INSUFFICIENT_FUNDS,CLEAR,False,False,0,2026-08-26T20:16:04.303288
TX-C95CE787,CUST-1090,11682.23,INR,NETBANKING,FAILED,INSUFFICIENT_FUNDS,CLEAR,False,False,0,2026-08-27T22:16:04.303288
TX-B1C15934,CUST-1194,7182.23,INR,NETBANKING,FAILED,INSUFFICIENT_FUNDS,CLEAR,False,False,0,2026-08-26T14:16:04.303981
TX-D3340BAD,CUST-1091,3681.23,INR,CARD,FAILED,INSUFFICIENT_FUNDS,CLEAR,False,False,0,2026-08-26T16:16:04.303981
TX-D02E2881,CUST-1017,4681.23,INR,UPI,FAILED,INSUFFICIENT_FUNDS,CLEAR,False,False,0,2026-08-26T22:16:04.303981
TX-E7118CD4,CUST-1290,7182.23,INR,CARD,FAILED,INSUFFICIENT_FUNDS,CLEAR,False,False,0,2026-08-27T05:16:04.304551
TX-01A36F70,CUST-1178,3681.23,INR,NETBANKING,SUCCESS,INSUFFICIENT_FUNDS,CLEAR,False,False,0,2026-08-28T02:16:04.304551
TX-49BA94DD,CUST-1172,1181.23,INR,NACH,SUCCESS,INSUFFICIENT_FUNDS,CLEAR,False,False,0,2026-08-28T12:16:04.305081
TX-5954B762,CUST-1035,2181.23,INR,NETBANKING,FAILED,INSUFFICIENT_FUNDS,CLEAR,False,False,0,2026-08-27T20:16:04.305081
TX-3552546A,CUST-1025,11682.23,INR,NACH,FAILED,INSUFFICIENT_FUNDS,CLEAR,False,False,0,2026-08-27T08:16:04.305081
TX-3F51E15D,CUST-1212,4681.23,INR,NACH,FAILED,INSUFFICIENT_FUNDS,CLEAR,False,False,0,2026-08-27T12:16:04.305616
TX-66802FBB,CUST-1052,7182.23,INR,NACH,FAILED,INSUFFICIENT_FUNDS,CLEAR,False,False,0,2026-08-27T00:16:04.305616
TX-5D7D18C3,CUST-1084,11682.23,INR,NACH,FAILED,INSUFFICIENT_FUNDS,CLEAR,False,False,0,2026-08-28T08:16:04.305616
TX-6CBD40D7,CUST-1164,3681.23,INR,NETBANKING,FAILED,INSUFFICIENT_FUNDS,CLEAR,False,False,0,2026-08-28T06:16:04.306195
TX-547583C6,CUST-1193,3681.23,INR,UPI,FAILED,INSUFFICIENT_FUNDS,CLEAR,False,False,0,2026-08-26T14:16:04.306195
TX-3E5422AD,CUST-1174,7182.23,INR,NACH,FAILED,INSUFFICIENT_FUNDS,CLEAR,False,False,0,2026-08-26T15:16:04.306195
TX-96E0FA02,CUST-1223,4681.23,INR,UPI,SUCCESS,INSUFFICIENT_FUNDS,CLEAR,False,False,0,2026-08-28T09:16:04.306195
TX-2FD17BD5,CUST-1098,3681.23,INR,NACH,FAILED,INSUFFICIENT_FUNDS,CLEAR,False,False,0,2026-08-26T16:16:04.306807
TX-7FA37ECA,CUST-1277,11682.23,INR,NETBANKING,FAILED,INSUFFICIENT_FUNDS,CLEAR,False,False,0,2026-08-26T18:16:04.306807
TX-2F4D621C,CUST-1050,3681.23,INR,CARD,FAILED,INSUFFICIENT_FUNDS,CLEAR,False,False,0,2026-08-27T11:16:04.306807
TX-00020834,CUST-1079,7182.23,INR,CARD,FAILED,INSUFFICIENT_FUNDS,CLEAR,False,False,0,2026-08-27T13:16:04.306807
TX-679A959F,CUST-1151,4681.23,INR,NACH,FAILED,INSUFFICIENT_FUNDS,CLEAR,False,False,0,2026-08-28T00:16:04.307426
TX-83BC380B,CUST-1088,1181.23,INR,NETBANKING,FAILED,INSUFFICIENT_FUNDS,CLEAR,False,False,0,2026-08-28T07:16:04.307426
TX-34E92559,CUST-1204,1181.23,INR,NACH,FAILED,INSUFFICIENT_FUNDS,CLEAR,False,False,0,2026-08-27T05:16:04.307426
TX-7332BE35,CUST-1279,3681.23,INR,NACH,FAILED,INSUFFICIENT_FUNDS,CLEAR,False,False,0,2026-08-28T01:16:04.307426
TX-77A0C00B,CUST-1096,4681.23,INR,NACH,FAILED,INSUFFICIENT_FUNDS,CLEAR,False,False,0,2026-08-28T10:16:04.307426
TX-B2F8B357,CUST-1135,4681.23,INR,UPI,FAILED,INSUFFICIENT_FUNDS,CLEAR,False,False,0,2026-08-27T19:16:04.307426
TX-1FCEF63A,CUST-1050,1181.23,INR,CARD,FAILED,INSUFFICIENT_FUNDS,CLEAR,False,False,0,2026-08-26T18:16:04.307426
TX-8D8B50BB,CUST-1117,7182.23,INR,CARD,FAILED,INSUFFICIENT_FUNDS,CLEAR,False,False,0,2026-08-27T12:16:04.307426
TX-C20C7424,CUST-1244,4681.23,INR,UPI,FAILED,INSUFFICIENT_FUNDS,CLEAR,False,False,0,2026-08-27T06:16:04.307426
TX-0CC404DF,CUST-1018,1181.23,INR,UPI,FAILED,INSUFFICIENT_FUNDS,CLEAR,False,False,0,2026-08-28T05:16:04.307426
TX-FB25A9F4,CUST-1109,2181.23,INR,UPI,FAILED,INSUFFICIENT_FUNDS,CLEAR,False,False,0,2026-08-28T04:16:04.307426
TX-D97E6B0A,CUST-1223,4681.23,INR,UPI,FAILED,INSUFFICIENT_FUNDS,CLEAR,False,False,0,2026-08-26T20:16:04.307426
TX-C37EB326,CUST-1164,7182.23,INR,CARD,FAILED,INSUFFICIENT_FUNDS,CLEAR,False,False,0,2026-08-28T07:16:04.307426
TX-821E166F,CUST-1283,7182.23,INR,NETBANKING,FAILED,INSUFFICIENT_FUNDS,CLEAR,False,False,0,2026-08-27T19:16:04.307426
TX-0E1F49D6,CUST-1268,4681.23,INR,NACH,FAILED,INSUFFICIENT_FUNDS,CLEAR,False,False,0,2026-08-28T05:16:04.307426
TX-59F52532,CUST-1291,2181.23,INR,CARD,FAILED,INSUFFICIENT_FUNDS,CLEAR,False,False,0,2026-08-28T06:16:04.307426
TX-7B96B301,CUST-1275,1181.23,INR,NETBANKING,SUCCESS,INSUFFICIENT_FUNDS,CLEAR,False,False,0,2026-08-27T10:16:04.307426
TX-81CCD974,CUST-1243,4681.23,INR,CARD,SUCCESS,INSUFFICIENT_FUNDS,CLEAR,False,False,0,2026-08-28T01:16:04.307426
TX-E41B22F4,CUST-1206,4681.23,INR,CARD,FAILED,INSUFFICIENT_FUNDS,CLEAR,False,False,0,2026-08-27T11:16:04.307426
TX-3D7C535E,CUST-1026,11682.23,INR,NACH,FAILED,INSUFFICIENT_FUNDS,CLEAR,False,False,0,2026-08-27T19:16:04.307426
TX-9C1B98D8,CUST-1156,1181.23,INR,NETBANKING,FAILED,INSUFFICIENT_FUNDS,CLEAR,False,False,0,2026-08-27T19:16:04.307426
TX-3C168DB0,CUST-1051,11682.23,INR,UPI,FAILED,INSUFFICIENT_FUNDS,CLEAR,False,False,0,2026-08-28T04:16:04.307426
TX-D896E839,CUST-1165,11682.23,INR,NETBANKING,FAILED,INSUFFICIENT_FUNDS,CLEAR,False,False,0,2026-08-26T14:16:04.307426
TX-9E9B3948,CUST-1046,7182.23,INR,UPI,FAILED,INSUFFICIENT_FUNDS,CLEAR,False,False,0,2026-08-27T08:16:04.307426
TX-DD82065E,CUST-1265,4681.23,INR,NETBANKING,SUCCESS,INSUFFICIENT_FUNDS,CLEAR,False,False,0,2026-08-28T09:16:04.307426
TX-30F45833,CUST-1160,2181.23,INR,NACH,FAILED,INSUFFICIENT_FUNDS,CLEAR,False,False,0,2026-08-28T04:16:04.307426
TX-B5F779BC,CUST-1089,7182.23,INR,UPI,FAILED,INSUFFICIENT_FUNDS,CLEAR,False,False,0,2026-08-28T00:16:04.307426
TX-57BB9C82,CUST-1234,2181.23,INR,CARD,FAILED,INSUFFICIENT_FUNDS,CLEAR,False,False,0,2026-08-27T13:16:04.307426
TX-CA883D7E,CUST-1189,2181.23,INR,NACH,FAILED,INSUFFICIENT_FUNDS,CLEAR,False,False,0,2026-08-27T04:16:04.307426
TX-1E372B08,CUST-1016,11682.23,INR,UPI,FAILED,INSUFFICIENT_FUNDS,CLEAR,False,False,0,2026-08-27T13:16:04.307426
TX-606CD232,CUST-1091,7182.23,INR,NACH,FAILED,INSUFFICIENT_FUNDS,CLEAR,False,False,0,2026-08-26T23:16:04.307426
TX-E24B00A5,CUST-1084,3681.23,INR,NETBANKING,FAILED,INSUFFICIENT_FUNDS,CLEAR,False,False,0,2026-08-26T13:16:04.307426
TX-7094079C,CUST-1015,1181.23,INR,NACH,FAILED,INSUFFICIENT_FUNDS,CLEAR,False,False,0,2026-08-28T09:16:04.307426
TX-8F42F1E4,CUST-1110,7182.23,INR,UPI,FAILED,INSUFFICIENT_FUNDS,CLEAR,False,False,0,2026-08-26T19:16:04.307426
TX-76F918EE,CUST-1138,11682.23,INR,NACH,FAILED,INSUFFICIENT_FUNDS,CLEAR,False,False,0,2026-08-27T04:16:04.314887
TX-A9A9C6A9,CUST-1243,11682.23,INR,UPI,FAILED,INSUFFICIENT_FUNDS,CLEAR,False,False,0,2026-08-26T19:16:04.314887
TX-FC91DA2E,CUST-1115,7182.23,INR,NETBANKING,FAILED,INSUFFICIENT_FUNDS,CLEAR,False,False,0,2026-08-26T22:16:04.315660
TX-BCC63AAD,CUST-1141,11682.23,INR,NACH,FAILED,INSUFFICIENT_FUNDS,CLEAR,False,False,0,2026-08-27T12:16:04.315660
TX-05701961,CUST-1112,4681.23,INR,NACH,FAILED,INSUFFICIENT_FUNDS,CLEAR,False,False,0,2026-08-27T17:16:04.316566
TX-F5412A53,CUST-1204,7182.23,INR,CARD,FAILED,INSUFFICIENT_FUNDS,CLEAR,False,False,0,2026-08-28T12:16:04.316566
TX-8B1325BF,CUST-1288,11682.23,INR,NETBANKING,FAILED,INSUFFICIENT_FUNDS,CLEAR,False,False,0,2026-08-27T17:16:04.316566
TX-B5641DF5,CUST-1033,1181.23,INR,NETBANKING,FAILED,INSUFFICIENT_FUNDS,CLEAR,False,False,0,2026-08-27T19:16:04.316566
TX-04933792,CUST-1134,3681.23,INR,NETBANKING,FAILED,INSUFFICIENT_FUNDS,CLEAR,False,False,0,2026-08-28T00:16:04.316566
TX-DCBB5D5F,CUST-1124,7182.23,INR,CARD,FAILED,INSUFFICIENT_FUNDS,CLEAR,False,False,0,2026-08-26T22:16:04.316566
TX-B1BD080A,CUST-1072,11682.23,INR,CARD,FAILED,INSUFFICIENT_FUNDS,CLEAR,False,False,0,2026-08-26T19:16:04.316566
TX-795ED5AE,CUST-1215,3681.23,INR,NACH,FAILED,INSUFFICIENT_FUNDS,CLEAR,False,False,0,2026-08-27T12:16:04.318577
TX-648BEC32,CUST-1293,1181.23,INR,UPI,SUCCESS,INSUFFICIENT_FUNDS,CLEAR,False,False,0,2026-08-27T15:16:04.318577
TX-8793A951,CUST-1274,11682.23,INR,NACH,FAILED,INSUFFICIENT_FUNDS,CLEAR,False,False,0,2026-08-26T18:16:04.318577
TX-C66806EE,CUST-1088,7182.23,INR,UPI,FAILED,INSUFFICIENT_FUNDS,CLEAR,False,False,0,2026-08-27T18:16:04.318577
TX-73B50386,CUST-1133,4681.23,INR,UPI,FAILED,INSUFFICIENT_FUNDS,CLEAR,False,False,0,2026-08-26T17:16:04.318577
TX-C2079E5C,CUST-1114,11682.23,INR,NETBANKING,FAILED,INSUFFICIENT_FUNDS,CLEAR,False,False,0,2026-08-27T22:16:04.318577
TX-DAE3ECD3,CUST-1170,3681.23,INR,NETBANKING,FAILED,INSUFFICIENT_FUNDS,CLEAR,False,False,0,2026-08-27T20:16:04.318577
TX-23121C99,CUST-1061,3681.23,INR,NACH,FAILED,INSUFFICIENT_FUNDS,CLEAR,False,False,0,2026-08-28T09:16:04.320609
TX-D3DFA8AF,CUST-1037,7182.23,INR,NACH,FAILED,INSUFFICIENT_FUNDS,CLEAR,False,False,0,2026-08-28T00:16:04.320609
TX-5CFBEF96,CUST-1153,1181.23,INR,NACH,SUCCESS,INSUFFICIENT_FUNDS,CLEAR,False,False,0,2026-08-28T09:16:04.320609
TX-9A1175A1,CUST-1176,2181.23,INR,NACH,FAILED,INSUFFICIENT_FUNDS,CLEAR,False,False,0,2026-08-27T00:16:04.320609
TX-4458A767,CUST-1093,2181.23,INR,CARD,FAILED,INSUFFICIENT_FUNDS,CLEAR,False,False,0,2026-08-27T05:16:04.320609
TX-3DDED276,CUST-1161,11682.23,INR,CARD,FAILED,INSUFFICIENT_FUNDS,CLEAR,False,False,0,2026-08-28T12:16:04.320609
TX-26D760A0,CUST-1087,3681.23,INR,UPI,FAILED,INSUFFICIENT_FUNDS,CLEAR,False,False,0,2026-08-27T05:16:04.320609
TX-8981AB66,CUST-1220,2181.23,INR,NACH,SUCCESS,INSUFFICIENT_FUNDS,CLEAR,False,False,0,2026-08-27T09:16:04.320609
TX-CB868CCF,CUST-1020,4681.23,INR,UPI,FAILED,INSUFFICIENT_FUNDS,CLEAR,False,False,0,2026-08-26T14:16:04.320609
TX-3CC81AB3,CUST-1272,1181.23,INR,UPI,FAILED,INSUFFICIENT_FUNDS,CLEAR,False,False,0,2026-08-28T11:16:04.320609
TX-BBD0F7F4,CUST-1116,1181.23,INR,NETBANKING,SUCCESS,INSUFFICIENT_FUNDS,CLEAR,False,False,0,2026-08-27T17:16:04.320609
TX-F47F6700,CUST-1258,1181.23,INR,NETBANKING,FAILED,INSUFFICIENT_FUNDS,CLEAR,False,False,0,2026-08-28T02:16:04.320609
TX-BD265694,CUST-1149,1181.23,INR,NACH,FAILED,INSUFFICIENT_FUNDS,CLEAR,False,False,0,2026-08-26T14:16:04.320609
TX-151936BE,CUST-1173,7182.23,INR,NACH,FAILED,INSUFFICIENT_FUNDS,CLEAR,False,False,0,2026-08-26T17:16:04.320609
TX-08D7D39A,CUST-1184,3681.23,INR,UPI,FAILED,INSUFFICIENT_FUNDS,CLEAR,False,False,0,2026-08-28T02:16:04.325264
TX-3B02C42D,CUST-1115,1181.23,INR,UPI,FAILED,INSUFFICIENT_FUNDS,CLEAR,False,False,0,2026-08-27T23:16:04.325264
TX-E0F08178,CUST-1064,1181.23,INR,NETBANKING,SUCCESS,INSUFFICIENT_FUNDS,CLEAR,False,False,0,2026-08-26T15:16:04.325264
TX-321029C5,CUST-1131,1181.23,INR,CARD,FAILED,INSUFFICIENT_FUNDS,CLEAR,False,False,0,2026-08-26T22:16:04.325264
TX-28D21347,CUST-1011,11682.23,INR,CARD,FAILED,INSUFFICIENT_FUNDS,CLEAR,False,False,0,2026-08-26T16:16:04.325264
TX-70C5C8A1,CUST-1195,4681.23,INR,CARD,FAILED,INSUFFICIENT_FUNDS,CLEAR,False,False,0,2026-08-27T01:16:04.325264
TX-E43EF083,CUST-1005,4681.23,INR,NETBANKING,SUCCESS,INSUFFICIENT_FUNDS,CLEAR,False,False,0,2026-08-27T10:16:04.325264
TX-10596ECC,CUST-1071,1181.23,INR,NACH,SUCCESS,INSUFFICIENT_FUNDS,CLEAR,False,False,0,2026-08-28T06:16:04.325264
TX-8C1A6D8B,CUST-1061,11682.23,INR,NETBANKING,FAILED,INSUFFICIENT_FUNDS,CLEAR,False,False,0,2026-08-28T05:16:04.325264
TX-142D1618,CUST-1103,4681.23,INR,NETBANKING,FAILED,INSUFFICIENT_FUNDS,CLEAR,False,False,0,2026-08-27T03:16:04.325264
TX-A963726A,CUST-1083,3681.23,INR,CARD,SUCCESS,INSUFFICIENT_FUNDS,CLEAR,False,False,0,2026-08-27T01:16:04.325264
TX-B2538517,CUST-1170,2181.23,INR,UPI,FAILED,INSUFFICIENT_FUNDS,CLEAR,False,False,0,2026-08-28T12:16:04.325264
TX-FABDDC16,CUST-1057,11682.23,INR,NACH,FAILED,INSUFFICIENT_FUNDS,CLEAR,False,False,0,2026-08-28T03:16:04.325264
TX-926DE3FF,CUST-1052,7182.23,INR,NETBANKING,FAILED,INSUFFICIENT_FUNDS,CLEAR,False,False,0,2026-08-26T19:16:04.325264
TX-8080959A,CUST-1136,4681.23,INR,NACH,FAILED,INSUFFICIENT_FUNDS,CLEAR,False,False,0,2026-08-28T09:16:04.325264
TX-95E8720C,CUST-1149,2181.23,INR,NETBANKING,FAILED,INSUFFICIENT_FUNDS,CLEAR,False,False,0,2026-08-26T17:16:04.325264
TX-E2F3D545,CUST-1024,4681.23,INR,CARD,SUCCESS,INSUFFICIENT_FUNDS,CLEAR,False,False,0,2026-08-28T04:16:04.325264
TX-28277958,CUST-1169,11682.23,INR,NETBANKING,FAILED,INSUFFICIENT_FUNDS,CLEAR,False,False,0,2026-08-27T08:16:04.325264
TX-E1C13BF6,CUST-1176,3681.23,INR,UPI,SUCCESS,INSUFFICIENT_FUNDS,CLEAR,False,False,0,2026-08-28T05:16:04.325264
TX-5EA163C0,CUST-1140,4681.23,INR,NACH,FAILED,INSUFFICIENT_FUNDS,CLEAR,False,False,0,2026-08-26T16:16:04.325264
TX-EB82EE0E,CUST-1086,4681.23,INR,CARD,FAILED,INSUFFICIENT_FUNDS,CLEAR,False,False,0,2026-08-28T04:16:04.325264
TX-223081A3,CUST-1082,11682.23,INR,CARD,FAILED,INSUFFICIENT_FUNDS,CLEAR,False,False,0,2026-08-27T10:16:04.325264
TX-FDEA3BD0,CUST-1093,4681.23,INR,NACH,SUCCESS,INSUFFICIENT_FUNDS,CLEAR,False,False,0,2026-08-27T14:16:04.325264
TX-80D01006,CUST-1067,1181.23,INR,NACH,FAILED,INSUFFICIENT_FUNDS,CLEAR,False,False,0,2026-08-27T05:16:04.325264
TX-13AD7FEA,CUST-1024,4681.23,INR,CARD,FAILED,INSUFFICIENT_FUNDS,CLEAR,False,False,0,2026-08-27T20:16:04.330375
TX-F83D0FD5,CUST-1269,3681.23,INR,UPI,FAILED,INSUFFICIENT_FUNDS,CLEAR,False,False,0,2026-08-26T18:16:04.330375
TX-A2049062,CUST-1049,7182.23,INR,NACH,FAILED,INSUFFICIENT_FUNDS,CLEAR,False,False,0,2026-08-26T18:16:04.330375
TX-7DCA3D33,CUST-1178,2181.23,INR,NACH,FAILED,INSUFFICIENT_FUNDS,CLEAR,False,False,0,2026-08-28T03:16:04.330375
TX-03C64178,CUST-1006,7182.23,INR,UPI,FAILED,INSUFFICIENT_FUNDS,CLEAR,False,False,0,2026-08-27T04:16:04.330375
TX-7A5A78D0,CUST-1039,4681.23,INR,NACH,FAILED,INSUFFICIENT_FUNDS,CLEAR,False,False,0,2026-08-27T16:16:04.330375
TX-CE77EAD6,CUST-1026,3681.23,INR,UPI,FAILED,INSUFFICIENT_FUNDS,CLEAR,False,False,0,2026-08-27T01:16:04.330375
TX-141204F2,CUST-1121,4681.23,INR,CARD,FAILED,INSUFFICIENT_FUNDS,CLEAR,False,False,0,2026-08-27T07:16:04.330375
TX-D618A6C9,CUST-1046,7182.23,INR,NACH,FAILED,INSUFFICIENT_FUNDS,CLEAR,False,False,0,2026-08-27T08:16:04.330375
TX-2478DAE3,CUST-1010,1181.23,INR,CARD,FAILED,INSUFFICIENT_FUNDS,CLEAR,False,False,0,2026-08-27T11:16:04.330375
TX-FA7CC33C,CUST-1047,1181.23,INR,NETBANKING,SUCCESS,INSUFFICIENT_FUNDS,CLEAR,False,False,0,2026-08-27T04:16:04.330375
TX-9BB897C4,CUST-1175,2181.23,INR,NETBANKING,SUCCESS,INSUFFICIENT_FUNDS,CLEAR,False,False,0,2026-08-28T09:16:04.330375
TX-B88674C8,CUST-1287,4681.23,INR,NACH,FAILED,INSUFFICIENT_FUNDS,CLEAR,False,False,0,2026-08-26T15:16:04.330375
TX-9AA20AC6,CUST-1050,3681.23,INR,UPI,SUCCESS,INSUFFICIENT_FUNDS,CLEAR,False,False,0,2026-08-28T12:16:04.330375
TX-2FA45D1A,CUST-1150,3681.23,INR,NETBANKING,FAILED,INSUFFICIENT_FUNDS,CLEAR,False,False,0,2026-08-26T16:16:04.330375
TX-2B260FFA,CUST-1253,1181.23,INR,UPI,FAILED,INSUFFICIENT_FUNDS,CLEAR,False,False,0,2026-08-26T15:16:04.330375
TX-5F02E3A0,CUST-1055,11682.23,INR,NETBANKING,FAILED,INSUFFICIENT_FUNDS,CLEAR,False,False,0,2026-08-26T21:16:04.330375
TX-66E14BEB,CUST-1202,2181.23,INR,UPI,FAILED,INSUFFICIENT_FUNDS,CLEAR,False,False,0,2026-08-27T07:16:04.330375
TX-0D2AB1A4,CUST-1056,11682.23,INR,NACH,FAILED,INSUFFICIENT_FUNDS,CLEAR,False,False,0,2026-08-28T10:16:04.330375
TX-CDE885CD,CUST-1064,11682.23,INR,NACH,FAILED,INSUFFICIENT_FUNDS,CLEAR,False,False,0,2026-08-27T07:16:04.330375
TX-A4C5106B,CUST-1069,7182.23,INR,NACH,FAILED,INSUFFICIENT_FUNDS,CLEAR,False,False,0,2026-08-28T12:16:04.330375
TX-C865CBFA,CUST-1284,11682.23,INR,NACH,FAILED,INSUFFICIENT_FUNDS,CLEAR,False,False,0,2026-08-26T23:16:04.335165
TX-C88C24B4,CUST-1091,7182.23,INR,UPI,FAILED,INSUFFICIENT_FUNDS,CLEAR,False,False,0,2026-08-26T14:16:04.335165
TX-B3AF85C6,CUST-1165,1181.23,INR,NACH,FAILED,INSUFFICIENT_FUNDS,CLEAR,False,False,0,2026-08-27T10:16:04.335165
TX-A6EA9B8A,CUST-1128,11682.23,INR,NETBANKING,FAILED,INSUFFICIENT_FUNDS,CLEAR,False,False,0,2026-08-27T11:16:04.335165
TX-4D3D06BD,CUST-1069,3681.23,INR,UPI,FAILED,INSUFFICIENT_FUNDS,CLEAR,False,False,0,2026-08-27T10:16:04.335165
TX-8386D894,CUST-1263,11682.23,INR,NETBANKING,FAILED,INSUFFICIENT_FUNDS,CLEAR,False,False,0,2026-08-26T16:16:04.335165
TX-2FE5DCD5,CUST-1284,3681.23,INR,UPI,SUCCESS,INSUFFICIENT_FUNDS,CLEAR,False,False,0,2026-08-28T00:16:04.336631
TX-55784872,CUST-1149,7182.23,INR,NETBANKING,FAILED,INSUFFICIENT_FUNDS,CLEAR,False,False,0,2026-08-26T17:16:04.336631
TX-A83CFF43,CUST-1092,11682.23,INR,NETBANKING,FAILED,INSUFFICIENT_FUNDS,CLEAR,False,False,0,2026-08-26T15:16:04.336631
TX-6CFC7713,CUST-1293,3681.23,INR,NACH,SUCCESS,INSUFFICIENT_FUNDS,CLEAR,False,False,0,2026-08-26T17:16:04.336631
TX-801A9D70,CUST-1217,7182.23,INR,CARD,FAILED,INSUFFICIENT_FUNDS,CLEAR,False,False,0,2026-08-27T03:16:04.336631
TX-6D938728,CUST-1075,1181.23,INR,CARD,FAILED,INSUFFICIENT_FUNDS,CLEAR,False,False,0,2026-08-26T18:16:04.336631
TX-70F03771,CUST-1083,2181.23,INR,NETBANKING,FAILED,INSUFFICIENT_FUNDS,CLEAR,False,False,0,2026-08-26T17:16:04.336631
TX-F9E5EC6E,CUST-1152,2181.23,INR,UPI,FAILED,INSUFFICIENT_FUNDS,CLEAR,False,False,0,2026-08-27T02:16:04.336631
TX-E42B6618,CUST-1053,3681.23,INR,UPI,FAILED,INSUFFICIENT_FUNDS,CLEAR,False,False,0,2026-08-26T13:16:04.336631
TX-A34F62C4,CUST-1122,7182.23,INR,NETBANKING,FAILED,INSUFFICIENT_FUNDS,CLEAR,False,False,0,2026-08-26T16:16:04.338901
TX-8E4F6ADD,CUST-1199,1181.23,INR,NACH,FAILED,INSUFFICIENT_FUNDS,CLEAR,False,False,0,2026-08-26T17:16:04.338901
TX-93BBB709,CUST-1007,7182.23,INR,NETBANKING,FAILED,INSUFFICIENT_FUNDS,CLEAR,False,False,0,2026-08-28T00:16:04.338901
TX-2B28C329,CUST-1189,4681.23,INR,UPI,FAILED,INSUFFICIENT_FUNDS,CLEAR,False,False,0,2026-08-26T14:16:04.338901
TX-19A85A9D,CUST-1091,3681.23,INR,CARD,FAILED,INSUFFICIENT_FUNDS,CLEAR,False,False,0,2026-08-28T01:16:04.338901
TX-35C1D6CD,CUST-1062,11682.23,INR,NACH,FAILED,INSUFFICIENT_FUNDS,CLEAR,False,False,0,2026-08-28T10:16:04.338901
TX-7FCAF36F,CUST-1083,3681.23,INR,NETBANKING,SUCCESS,INSUFFICIENT_FUNDS,CLEAR,False,False,0,2026-08-28T12:16:04.338901
TX-55C367B5,CUST-1021,4681.23,INR,UPI,FAILED,INSUFFICIENT_FUNDS,CLEAR,False,False,0,2026-08-27T16:16:04.338901
TX-9846D185,CUST-1155,1181.23,INR,NACH,FAILED,INSUFFICIENT_FUNDS,CLEAR,False,False,0,2026-08-27T00:16:04.338901
TX-41985FE2,CUST-1163,3681.23,INR,UPI,FAILED,INSUFFICIENT_FUNDS,CLEAR,False,False,0,2026-08-28T01:16:04.338901
TX-587294B1,CUST-1213,1181.23,INR,NACH,SUCCESS,INSUFFICIENT_FUNDS,CLEAR,False,False,0,2026-08-28T07:16:04.338901
TX-6AF476E2,CUST-1170,2181.23,INR,NETBANKING,FAILED,INSUFFICIENT_FUNDS,CLEAR,False,False,0,2026-08-27T13:16:04.338901
TX-5A2A7397,CUST-1244,2181.23,INR,CARD,SUCCESS,INSUFFICIENT_FUNDS,CLEAR,False,False,0,2026-08-28T05:16:04.338901
TX-8550D75D,CUST-1124,3681.23,INR,UPI,FAILED,INSUFFICIENT_FUNDS,CLEAR,False,False,0,2026-08-28T10:16:04.338901
TX-7BB9D6CE,CUST-1059,3681.23,INR,NACH,FAILED,INSUFFICIENT_FUNDS,CLEAR,False,False,0,2026-08-27T20:16:04.338901
TX-714214B0,CUST-1013,11682.23,INR,NETBANKING,FAILED,INSUFFICIENT_FUNDS,CLEAR,False,False,0,2026-08-27T04:16:04.338901
TX-DB183674,CUST-1023,4681.23,INR,NETBANKING,FAILED,INSUFFICIENT_FUNDS,CLEAR,False,False,0,2026-08-26T19:16:04.338901
TX-7BD9F7E0,CUST-1043,3681.23,INR,CARD,FAILED,INSUFFICIENT_FUNDS,CLEAR,False,False,0,2026-08-28T02:16:04.338901
TX-E539C0F7,CUST-1034,7182.23,INR,UPI,FAILED,INSUFFICIENT_FUNDS,CLEAR,False,False,0,2026-08-26T18:16:04.338901
TX-16589BED,CUST-1054,2181.23,INR,UPI,SUCCESS,INSUFFICIENT_FUNDS,CLEAR,False,False,0,2026-08-27T02:16:04.338901
TX-CC892B95,CUST-1223,11682.23,INR,CARD,FAILED,INSUFFICIENT_FUNDS,CLEAR,False,False,0,2026-08-26T13:16:04.338901
TX-B942C492,CUST-1236,2181.23,INR,NETBANKING,FAILED,INSUFFICIENT_FUNDS,CLEAR,False,False,0,2026-08-28T10:16:04.338901
TX-D0A21760,CUST-1092,1181.23,INR,NETBANKING,FAILED,INSUFFICIENT_FUNDS,CLEAR,False,False,0,2026-08-27T01:16:04.338901
TX-1C983D50,CUST-1133,7182.23,INR,NACH,FAILED,INSUFFICIENT_FUNDS,CLEAR,False,False,0,2026-08-27T12:16:04.338901
TX-9BB0DA92,CUST-1222,11682.23,INR,NETBANKING,FAILED,INSUFFICIENT_FUNDS,CLEAR,False,False,0,2026-08-28T11:16:04.338901
TX-E80115A2,CUST-1274,11682.23,INR,CARD,FAILED,INSUFFICIENT_FUNDS,CLEAR,False,False,0,2026-08-26T19:16:04.338901
TX-2ECA5E7D,CUST-1300,7182.23,INR,CARD,FAILED,INSUFFICIENT_FUNDS,CLEAR,False,False,0,2026-08-26T16:16:04.338901
TX-55AD796C,CUST-1055,3681.23,INR,NETBANKING,FAILED,INSUFFICIENT_FUNDS,CLEAR,False,False,0,2026-08-26T17:16:04.345213
TX-3B92A19B,CUST-1145,7182.23,INR,NACH,FAILED,INSUFFICIENT_FUNDS,CLEAR,False,False,0,2026-08-27T12:16:04.345213
TX-1E834C5A,CUST-1243,11682.23,INR,UPI,FAILED,INSUFFICIENT_FUNDS,CLEAR,False,False,0,2026-08-27T02:16:04.345213
TX-CF5987C7,CUST-1280,2181.23,INR,NETBANKING,SUCCESS,INSUFFICIENT_FUNDS,CLEAR,False,False,0,2026-08-26T20:16:04.345213
TX-5737146E,CUST-1192,3681.23,INR,CARD,FAILED,INSUFFICIENT_FUNDS,CLEAR,False,False,0,2026-08-27T01:16:04.346432
TX-474FD51A,CUST-1022,2181.23,INR,CARD,FAILED,INSUFFICIENT_FUNDS,CLEAR,False,False,0,2026-08-27T00:16:04.346432
TX-4CAE3214,CUST-1281,4681.23,INR,CARD,FAILED,INSUFFICIENT_FUNDS,CLEAR,False,False,0,2026-08-27T17:16:04.346432
TX-B1A63296,CUST-1177,11682.23,INR,UPI,FAILED,INSUFFICIENT_FUNDS,CLEAR,False,False,0,2026-08-27T10:16:04.346432
TX-0572BEE1,CUST-1095,2681.23,INR,UPI,FAILED,SESSION_TIMEOUT,CLEAR,False,False,0,2026-08-26T21:16:04.346432
TX-AD707D4C,CUST-1093,2681.23,INR,CARD,FAILED,SESSION_TIMEOUT,CLEAR,False,False,0,2026-08-27T01:16:04.346432
TX-7148BD57,CUST-1035,882.23,INR,NETBANKING,FAILED,SESSION_TIMEOUT,CLEAR,False,False,0,2026-08-28T06:16:04.348460
TX-FCBD6EDD,CUST-1183,8182.23,INR,UPI,FAILED,SESSION_TIMEOUT,CLEAR,False,False,0,2026-08-26T18:16:04.348460
TX-D826743F,CUST-1146,2681.23,INR,CARD,FAILED,SESSION_TIMEOUT,CLEAR,False,False,0,2026-08-28T00:16:04.348460
TX-097AE2A6,CUST-1169,8182.23,INR,NETBANKING,FAILED,SESSION_TIMEOUT,CLEAR,False,False,0,2026-08-26T16:16:04.348460
TX-0EDC751C,CUST-1291,2681.23,INR,NETBANKING,FAILED,SESSION_TIMEOUT,CLEAR,False,False,0,2026-08-27T16:16:04.348460
TX-5B982EA0,CUST-1161,2681.23,INR,UPI,FAILED,SESSION_TIMEOUT,CLEAR,False,False,0,2026-08-27T22:16:04.350477
TX-FFF9CDDF,CUST-1185,8182.23,INR,UPI,FAILED,SESSION_TIMEOUT,CLEAR,False,False,0,2026-08-26T17:16:04.350477
TX-52AC6587,CUST-1237,4482.23,INR,NACH,FAILED,SESSION_TIMEOUT,CLEAR,False,False,0,2026-08-27T14:16:04.350477
TX-638A245F,CUST-1056,8182.23,INR,UPI,FAILED,SESSION_TIMEOUT,CLEAR,False,False,0,2026-08-26T19:16:04.350477
TX-5F56EE4E,CUST-1072,882.23,INR,UPI,FAILED,SESSION_TIMEOUT,CLEAR,False,False,0,2026-08-27T20:16:04.350477
TX-31B1F4F0,CUST-1010,882.23,INR,CARD,FAILED,SESSION_TIMEOUT,CLEAR,False,False,0,2026-08-26T23:16:04.350477
TX-D0DC957D,CUST-1109,8182.23,INR,CARD,FAILED,SESSION_TIMEOUT,CLEAR,False,False,0,2026-08-27T01:16:04.350477
TX-CADE4D96,CUST-1188,8182.23,INR,NACH,FAILED,SESSION_TIMEOUT,CLEAR,False,False,0,2026-08-27T22:16:04.353050
TX-9F22EA78,CUST-1238,4482.23,INR,CARD,FAILED,SESSION_TIMEOUT,CLEAR,False,False,0,2026-08-27T11:16:04.353050
TX-F141C31D,CUST-1085,882.23,INR,UPI,FAILED,SESSION_TIMEOUT,CLEAR,False,False,0,2026-08-27T08:16:04.353050
TX-A1F299A5,CUST-1290,2681.23,INR,UPI,FAILED,SESSION_TIMEOUT,CLEAR,False,False,0,2026-08-26T13:16:04.353050
TX-90E0A552,CUST-1021,8182.23,INR,UPI,FAILED,SESSION_TIMEOUT,CLEAR,False,False,0,2026-08-27T05:16:04.353050
TX-5DA70E3E,CUST-1190,882.23,INR,UPI,FAILED,SESSION_TIMEOUT,CLEAR,False,False,0,2026-08-28T10:16:04.353050
TX-25EBA2F1,CUST-1185,2681.23,INR,NACH,FAILED,SESSION_TIMEOUT,CLEAR,False,False,0,2026-08-27T06:16:04.355065
TX-94F63C9D,CUST-1166,882.23,INR,CARD,FAILED,SESSION_TIMEOUT,CLEAR,False,False,0,2026-08-26T15:16:04.355065
TX-42C7211F,CUST-1297,4482.23,INR,UPI,FAILED,SESSION_TIMEOUT,CLEAR,False,False,0,2026-08-27T12:16:04.355065
TX-F58D5366,CUST-1040,8182.23,INR,NETBANKING,FAILED,SESSION_TIMEOUT,CLEAR,False,False,0,2026-08-27T12:16:04.356120
TX-36A18613,CUST-1177,8182.23,INR,NACH,FAILED,SESSION_TIMEOUT,CLEAR,False,False,0,2026-08-27T06:16:04.356120
TX-FA9909BD,CUST-1072,882.23,INR,NACH,FAILED,SESSION_TIMEOUT,CLEAR,False,False,0,2026-08-28T02:16:04.356895
TX-63992E4E,CUST-1144,882.23,INR,UPI,FAILED,SESSION_TIMEOUT,CLEAR,False,False,0,2026-08-28T03:16:04.356895
TX-6BCD9A21,CUST-1061,2681.23,INR,UPI,FAILED,SESSION_TIMEOUT,CLEAR,False,False,0,2026-08-27T10:16:04.356895
TX-DD86C386,CUST-1246,882.23,INR,NACH,FAILED,SESSION_TIMEOUT,CLEAR,False,False,0,2026-08-27T23:16:04.356895
TX-3573BD84,CUST-1012,2681.23,INR,UPI,FAILED,SESSION_TIMEOUT,CLEAR,False,False,0,2026-08-28T10:16:04.356895
TX-19A46ED5,CUST-1263,2681.23,INR,CARD,FAILED,SESSION_TIMEOUT,CLEAR,False,False,0,2026-08-27T00:16:04.358910
TX-B152EAF1,CUST-1133,882.23,INR,UPI,FAILED,SESSION_TIMEOUT,CLEAR,False,False,0,2026-08-27T03:16:04.358910
TX-4E14DCA0,CUST-1044,882.23,INR,UPI,FAILED,SESSION_TIMEOUT,CLEAR,False,False,0,2026-08-27T08:16:04.358910
TX-C2806B88,CUST-1088,8182.23,INR,UPI,FAILED,SESSION_TIMEOUT,CLEAR,False,False,0,2026-08-27T10:16:04.358910
TX-43460A80,CUST-1094,2681.23,INR,NETBANKING,FAILED,SESSION_TIMEOUT,CLEAR,False,False,0,2026-08-28T02:16:04.358910
TX-691FE954,CUST-1036,4482.23,INR,UPI,FAILED,SESSION_TIMEOUT,CLEAR,False,False,0,2026-08-27T12:16:04.360963
TX-3E394F14,CUST-1009,2681.23,INR,UPI,FAILED,SESSION_TIMEOUT,CLEAR,False,False,0,2026-08-27T03:16:04.360963
TX-2FCB0638,CUST-1050,8182.23,INR,UPI,FAILED,SESSION_TIMEOUT,CLEAR,False,False,0,2026-08-27T06:16:04.360963
TX-F11D4169,CUST-1258,882.23,INR,CARD,FAILED,SESSION_TIMEOUT,CLEAR,False,False,0,2026-08-28T07:16:04.360963
TX-2D3D3E5B,CUST-1277,2681.23,INR,CARD,FAILED,SESSION_TIMEOUT,CLEAR,False,False,0,2026-08-26T17:16:04.362479
TX-86CEA845,CUST-1216,8182.23,INR,NETBANKING,FAILED,SESSION_TIMEOUT,CLEAR,False,False,0,2026-08-28T10:16:04.362479
TX-93E75049,CUST-1247,8182.23,INR,NACH,FAILED,SESSION_TIMEOUT,CLEAR,False,False,0,2026-08-27T14:16:04.362479
TX-F2CB46F5,CUST-1069,882.23,INR,NETBANKING,FAILED,SESSION_TIMEOUT,CLEAR,False,False,0,2026-08-27T06:16:04.362479
TX-544659D5,CUST-1279,882.23,INR,NACH,FAILED,SESSION_TIMEOUT,CLEAR,False,False,0,2026-08-27T20:16:04.364504
TX-BA6133EE,CUST-1296,882.23,INR,CARD,FAILED,SESSION_TIMEOUT,CLEAR,False,False,0,2026-08-27T03:16:04.364504
TX-35737E2E,CUST-1162,8182.23,INR,NACH,FAILED,SESSION_TIMEOUT,CLEAR,False,False,0,2026-08-27T13:16:04.365031
TX-E950C607,CUST-1300,2681.23,INR,NETBANKING,FAILED,SESSION_TIMEOUT,CLEAR,False,False,0,2026-08-27T20:16:04.365031
TX-951488C9,CUST-1188,8182.23,INR,NETBANKING,FAILED,SESSION_TIMEOUT,CLEAR,False,False,0,2026-08-26T17:16:04.365031
TX-8AF621A3,CUST-1283,2681.23,INR,NACH,FAILED,SESSION_TIMEOUT,CLEAR,False,False,0,2026-08-28T01:16:04.365031
TX-5C73BBFF,CUST-1158,8182.23,INR,NETBANKING,FAILED,SESSION_TIMEOUT,CLEAR,False,False,0,2026-08-26T15:16:04.365031
TX-17EC1550,CUST-1118,2681.23,INR,NACH,FAILED,SESSION_TIMEOUT,CLEAR,False,False,0,2026-08-26T16:16:04.365031
TX-5F64D295,CUST-1261,882.23,INR,NACH,FAILED,SESSION_TIMEOUT,CLEAR,False,False,0,2026-08-27T15:16:04.367812
TX-668B96EF,CUST-1200,882.23,INR,CARD,FAILED,SESSION_TIMEOUT,CLEAR,False,False,0,2026-08-28T07:16:04.367812
TX-D84DE3B0,CUST-1223,8182.23,INR,CARD,FAILED,SESSION_TIMEOUT,CLEAR,False,False,0,2026-08-28T08:16:04.367812
TX-F5C26C22,CUST-1041,2681.23,INR,CARD,FAILED,SESSION_TIMEOUT,CLEAR,False,False,0,2026-08-26T14:16:04.367812
TX-64712A3F,CUST-1267,8182.23,INR,NETBANKING,FAILED,SESSION_TIMEOUT,CLEAR,False,False,0,2026-08-26T15:16:04.367812
TX-DBC52FA0,CUST-1254,882.23,INR,NACH,FAILED,SESSION_TIMEOUT,CLEAR,False,False,0,2026-08-28T12:16:04.369823
TX-1DB20F1F,CUST-1018,4482.23,INR,UPI,FAILED,SESSION_TIMEOUT,CLEAR,False,False,0,2026-08-26T21:16:04.369823
TX-F1598C9B,CUST-1123,882.23,INR,CARD,FAILED,SESSION_TIMEOUT,CLEAR,False,False,0,2026-08-28T02:16:04.370665
TX-3581F625,CUST-1181,4482.23,INR,NACH,FAILED,SESSION_TIMEOUT,CLEAR,False,False,0,2026-08-27T11:16:04.370665
TX-1882239C,CUST-1008,2681.23,INR,CARD,FAILED,SESSION_TIMEOUT,CLEAR,False,False,0,2026-08-28T07:16:04.370665
TX-31D53DF3,CUST-1299,4482.23,INR,NETBANKING,FAILED,SESSION_TIMEOUT,CLEAR,False,False,0,2026-08-27T14:16:04.370665
TX-C0FD3497,CUST-1100,2681.23,INR,NACH,FAILED,SESSION_TIMEOUT,CLEAR,False,False,0,2026-08-27T11:16:04.370665
TX-D21EC478,CUST-1090,882.23,INR,NACH,FAILED,SESSION_TIMEOUT,CLEAR,False,False,0,2026-08-27T04:16:04.372767
TX-C21CB605,CUST-1151,882.23,INR,NETBANKING,FAILED,SESSION_TIMEOUT,CLEAR,False,False,0,2026-08-28T05:16:04.372767
TX-3F302B5D,CUST-1295,4482.23,INR,NETBANKING,FAILED,SESSION_TIMEOUT,CLEAR,False,False,0,2026-08-26T16:16:04.372767
TX-B9EEE7C7,CUST-1248,8182.23,INR,UPI,FAILED,SESSION_TIMEOUT,CLEAR,False,False,0,2026-08-27T15:16:04.372767
TX-D6A59EE2,CUST-1015,8182.23,INR,NACH,FAILED,SESSION_TIMEOUT,CLEAR,False,False,0,2026-08-28T05:16:04.372767
TX-9205E0E6,CUST-1113,882.23,INR,UPI,FAILED,SESSION_TIMEOUT,CLEAR,False,False,0,2026-08-27T16:16:04.372767
TX-5821E8E9,CUST-1275,4482.23,INR,CARD,FAILED,SESSION_TIMEOUT,CLEAR,False,False,0,2026-08-26T16:16:04.375289
TX-D8D1C9D4,CUST-1048,2681.23,INR,NACH,FAILED,SESSION_TIMEOUT,CLEAR,False,False,0,2026-08-26T17:16:04.375289
TX-6718A98E,CUST-1284,4482.23,INR,UPI,FAILED,SESSION_TIMEOUT,CLEAR,False,False,0,2026-08-27T06:16:04.375289
TX-621A3511,CUST-1294,4482.23,INR,NETBANKING,FAILED,SESSION_TIMEOUT,CLEAR,False,False,0,2026-08-28T01:16:04.375289
TX-88C62D8B,CUST-1103,2681.23,INR,UPI,FAILED,SESSION_TIMEOUT,CLEAR,False,False,0,2026-08-26T13:16:04.375289
TX-DC7AEF75,CUST-1118,4482.23,INR,UPI,FAILED,SESSION_TIMEOUT,CLEAR,False,False,0,2026-08-27T21:16:04.375289
TX-595A9DAD,CUST-1055,4482.23,INR,CARD,FAILED,SESSION_TIMEOUT,CLEAR,False,False,0,2026-08-28T07:16:04.375289
TX-E6B80FD0,CUST-1004,8182.23,INR,CARD,FAILED,SESSION_TIMEOUT,CLEAR,False,False,0,2026-08-27T06:16:04.377854
TX-FC292022,CUST-1295,4482.23,INR,NETBANKING,FAILED,SESSION_TIMEOUT,CLEAR,False,False,0,2026-08-27T05:16:04.377854
TX-9E01408E,CUST-1114,4482.23,INR,UPI,FAILED,SESSION_TIMEOUT,CLEAR,False,False,0,2026-08-28T09:16:04.377854
TX-A388F517,CUST-1277,8182.23,INR,CARD,FAILED,SESSION_TIMEOUT,CLEAR,False,False,0,2026-08-27T04:16:04.377854
TX-746CA1E5,CUST-1235,8182.23,INR,CARD,FAILED,SESSION_TIMEOUT,CLEAR,False,False,0,2026-08-26T16:16:04.377854
TX-E0D5E1BF,CUST-1005,8182.23,INR,CARD,FAILED,SESSION_TIMEOUT,CLEAR,False,False,0,2026-08-26T17:16:04.377854
TX-AE89289A,CUST-1052,8182.23,INR,NETBANKING,FAILED,SESSION_TIMEOUT,CLEAR,False,False,0,2026-08-27T13:16:04.377854
TX-268E3CCD,CUST-1281,4482.23,INR,NETBANKING,FAILED,SESSION_TIMEOUT,CLEAR,False,False,0,2026-08-27T21:16:04.380370
TX-1AC0723C,CUST-1176,8182.23,INR,NETBANKING,FAILED,SESSION_TIMEOUT,CLEAR,False,False,0,2026-08-28T01:16:04.380370
TX-45FA37B2,CUST-1215,8182.23,INR,NETBANKING,FAILED,SESSION_TIMEOUT,CLEAR,False,False,0,2026-08-27T13:16:04.380370
TX-1AD386BA,CUST-1093,4482.23,INR,UPI,FAILED,SESSION_TIMEOUT,CLEAR,False,False,0,2026-08-27T00:16:04.380370
TX-E5FB3BE8,CUST-1139,2681.23,INR,UPI,FAILED,SESSION_TIMEOUT,CLEAR,False,False,0,2026-08-27T01:16:04.380370
TX-9AE65FE5,CUST-1075,8182.23,INR,UPI,FAILED,SESSION_TIMEOUT,CLEAR,False,False,0,2026-08-27T06:16:04.380370
TX-D27128BD,CUST-1256,2681.23,INR,UPI,FAILED,SESSION_TIMEOUT,CLEAR,False,False,0,2026-08-26T20:16:04.382388
TX-B7ABACFA,CUST-1154,4482.23,INR,NETBANKING,FAILED,SESSION_TIMEOUT,CLEAR,False,False,0,2026-08-27T01:16:04.382388
TX-5CA3EBC6,CUST-1051,882.23,INR,UPI,FAILED,SESSION_TIMEOUT,CLEAR,False,False,0,2026-08-28T09:16:04.382388
TX-D39AC542,CUST-1050,4482.23,INR,NACH,FAILED,SESSION_TIMEOUT,CLEAR,False,False,0,2026-08-26T13:16:04.382388
TX-B2D15083,CUST-1185,4482.23,INR,NETBANKING,FAILED,SESSION_TIMEOUT,CLEAR,False,False,0,2026-08-27T14:16:04.382388
TX-AD5E008B,CUST-1180,8182.23,INR,UPI,FAILED,SESSION_TIMEOUT,CLEAR,False,False,0,2026-08-27T00:16:04.382388
TX-14C2E18E,CUST-1182,2681.23,INR,NETBANKING,FAILED,SESSION_TIMEOUT,CLEAR,False,False,0,2026-08-26T17:16:04.382388
TX-BC456673,CUST-1041,8182.23,INR,NACH,FAILED,SESSION_TIMEOUT,CLEAR,False,False,0,2026-08-26T21:16:04.382388
TX-985AF8C9,CUST-1075,8182.23,INR,UPI,FAILED,SESSION_TIMEOUT,CLEAR,False,False,0,2026-08-26T20:16:04.382388
TX-EA9B1292,CUST-1293,8182.23,INR,NACH,FAILED,SESSION_TIMEOUT,CLEAR,False,False,0,2026-08-28T08:16:04.382388
TX-17F7010A,CUST-1117,2681.23,INR,NETBANKING,FAILED,SESSION_TIMEOUT,CLEAR,False,False,0,2026-08-27T16:16:04.385065
TX-10E36A6A,CUST-1203,4482.23,INR,NETBANKING,FAILED,SESSION_TIMEOUT,CLEAR,False,False,0,2026-08-27T08:16:04.385065
TX-504B3DB1,CUST-1086,8182.23,INR,UPI,FAILED,SESSION_TIMEOUT,CLEAR,False,False,0,2026-08-28T11:16:04.385065
TX-F1858665,CUST-1041,2681.23,INR,UPI,FAILED,SESSION_TIMEOUT,CLEAR,False,False,0,2026-08-28T02:16:04.385065
TX-8A59D03F,CUST-1033,882.23,INR,NACH,FAILED,SESSION_TIMEOUT,CLEAR,False,False,0,2026-08-27T01:16:04.385065
TX-C76E30FD,CUST-1269,882.23,INR,CARD,FAILED,SESSION_TIMEOUT,CLEAR,False,False,0,2026-08-28T06:16:04.386638
TX-64066ADB,CUST-1200,2681.23,INR,NETBANKING,FAILED,SESSION_TIMEOUT,CLEAR,False,False,0,2026-08-27T22:16:04.386638
TX-08F8B14A,CUST-1065,4482.23,INR,UPI,FAILED,SESSION_TIMEOUT,CLEAR,False,False,0,2026-08-27T03:16:04.387293
TX-C5F96749,CUST-1183,882.23,INR,NETBANKING,FAILED,SESSION_TIMEOUT,CLEAR,False,False,0,2026-08-27T06:16:04.387293
TX-C723C315,CUST-1228,4482.23,INR,UPI,FAILED,SESSION_TIMEOUT,CLEAR,False,False,0,2026-08-26T16:16:04.387293
TX-A217CB4C,CUST-1234,2681.23,INR,NACH,FAILED,SESSION_TIMEOUT,CLEAR,False,False,0,2026-08-27T03:16:04.387293
TX-1E3EE3EA,CUST-1247,4482.23,INR,UPI,FAILED,SESSION_TIMEOUT,CLEAR,False,False,0,2026-08-28T07:16:04.387293
TX-1253D1FF,CUST-1212,4482.23,INR,NETBANKING,FAILED,SESSION_TIMEOUT,CLEAR,False,False,0,2026-08-28T03:16:04.387293
TX-73D73735,CUST-1268,882.23,INR,UPI,FAILED,SESSION_TIMEOUT,CLEAR,False,False,0,2026-08-27T14:16:04.387293
TX-BD43CFEC,CUST-1005,8182.23,INR,NACH,FAILED,SESSION_TIMEOUT,CLEAR,False,False,0,2026-08-27T06:16:04.389417
TX-028DE2ED,CUST-1150,882.23,INR,UPI,FAILED,SESSION_TIMEOUT,CLEAR,False,False,0,2026-08-28T12:16:04.389953
TX-102029E5,CUST-1211,4482.23,INR,NACH,FAILED,SESSION_TIMEOUT,CLEAR,False,False,0,2026-08-27T11:16:04.389953
TX-F6F3BBE6,CUST-1194,2681.23,INR,UPI,FAILED,SESSION_TIMEOUT,CLEAR,False,False,0,2026-08-27T20:16:04.389953
TX-034AFD6A,CUST-1123,8182.23,INR,NETBANKING,FAILED,SESSION_TIMEOUT,CLEAR,False,False,0,2026-08-27T18:16:04.389953
TX-86DF5930,CUST-1097,4482.23,INR,CARD,FAILED,SESSION_TIMEOUT,CLEAR,False,False,0,2026-08-28T01:16:04.389953
TX-509AC777,CUST-1234,4482.23,INR,NACH,FAILED,SESSION_TIMEOUT,CLEAR,False,False,0,2026-08-27T19:16:04.389953
TX-4C6A6416,CUST-1165,8182.23,INR,CARD,FAILED,SESSION_TIMEOUT,CLEAR,False,False,0,2026-08-28T03:16:04.391967
TX-337A0684,CUST-1053,882.23,INR,NETBANKING,FAILED,SESSION_TIMEOUT,CLEAR,False,False,0,2026-08-27T19:16:04.391967
TX-A5148202,CUST-1120,8182.23,INR,CARD,FAILED,SESSION_TIMEOUT,CLEAR,False,False,0,2026-08-28T03:16:04.391967
TX-FF2D21B1,CUST-1176,8182.23,INR,NACH,FAILED,SESSION_TIMEOUT,CLEAR,False,False,0,2026-08-27T17:16:04.391967
TX-4514B3F8,CUST-1017,4482.23,INR,NETBANKING,FAILED,SESSION_TIMEOUT,CLEAR,False,False,0,2026-08-28T07:16:04.391967
TX-23DA98B8,CUST-1201,882.23,INR,CARD,FAILED,SESSION_TIMEOUT,CLEAR,False,False,0,2026-08-27T02:16:04.391967
TX-0BFB70EB,CUST-1129,2681.23,INR,NACH,FAILED,SESSION_TIMEOUT,CLEAR,False,False,0,2026-08-28T12:16:04.391967
TX-883CE2F7,CUST-1227,2681.23,INR,UPI,FAILED,SESSION_TIMEOUT,CLEAR,False,False,0,2026-08-26T13:16:04.391967
TX-2EAF8655,CUST-1049,2681.23,INR,UPI,FAILED,SESSION_TIMEOUT,CLEAR,False,False,0,2026-08-27T06:16:04.394979
TX-72B6B8FD,CUST-1082,4482.23,INR,CARD,FAILED,SESSION_TIMEOUT,CLEAR,False,False,0,2026-08-26T13:16:04.394979
TX-288178A4,CUST-1247,882.23,INR,NETBANKING,FAILED,SESSION_TIMEOUT,CLEAR,False,False,0,2026-08-28T00:16:04.394979
TX-275556D3,CUST-1058,882.23,INR,UPI,FAILED,SESSION_TIMEOUT,CLEAR,False,False,0,2026-08-26T20:16:04.394979
TX-597F6C67,CUST-1086,4482.23,INR,NETBANKING,FAILED,SESSION_TIMEOUT,CLEAR,False,False,0,2026-08-26T23:16:04.394979
TX-F9F6B3B2,CUST-1005,8182.23,INR,CARD,FAILED,SESSION_TIMEOUT,CLEAR,False,False,0,2026-08-26T23:16:04.394979
TX-98D24683,CUST-1080,8182.23,INR,NETBANKING,FAILED,SESSION_TIMEOUT,CLEAR,False,False,0,2026-08-28T07:16:04.394979
TX-607D69B5,CUST-1047,2681.23,INR,NETBANKING,FAILED,SESSION_TIMEOUT,CLEAR,False,False,0,2026-08-26T20:16:04.397053
TX-B57E70BD,CUST-1079,882.23,INR,CARD,FAILED,SESSION_TIMEOUT,CLEAR,False,False,0,2026-08-28T04:16:04.397053
TX-01E2AA90,CUST-1286,2681.23,INR,NETBANKING,FAILED,SESSION_TIMEOUT,CLEAR,False,False,0,2026-08-27T08:16:04.397053
TX-55BC2D71,CUST-1194,2681.23,INR,NETBANKING,FAILED,SESSION_TIMEOUT,CLEAR,False,False,0,2026-08-26T14:16:04.397053
TX-AAA329C4,CUST-1249,4482.23,INR,NACH,FAILED,SESSION_TIMEOUT,CLEAR,False,False,0,2026-08-27T01:16:04.397053
TX-C5D4D158,CUST-1291,8182.23,INR,UPI,FAILED,SESSION_TIMEOUT,CLEAR,False,False,0,2026-08-27T02:16:04.397053
TX-C7DC84C6,CUST-1141,4482.23,INR,UPI,FAILED,SESSION_TIMEOUT,CLEAR,False,False,0,2026-08-28T08:16:04.397053
TX-04651E45,CUST-1152,2681.23,INR,NETBANKING,FAILED,SESSION_TIMEOUT,CLEAR,False,False,0,2026-08-27T02:16:04.397053
TX-A25A3F44,CUST-1260,8182.23,INR,NACH,FAILED,SESSION_TIMEOUT,CLEAR,False,False,0,2026-08-26T14:16:04.397053
TX-2DB893FA,CUST-1187,882.23,INR,UPI,FAILED,SESSION_TIMEOUT,CLEAR,False,False,0,2026-08-27T16:16:04.397053
TX-EC016F70,CUST-1199,882.23,INR,UPI,FAILED,SESSION_TIMEOUT,CLEAR,False,False,0,2026-08-27T03:16:04.397053
TX-9542ECEE,CUST-1079,8182.23,INR,NETBANKING,FAILED,SESSION_TIMEOUT,CLEAR,False,False,0,2026-08-27T16:16:04.397053
TX-DF0A3CAF,CUST-1050,4482.23,INR,CARD,FAILED,SESSION_TIMEOUT,CLEAR,False,False,0,2026-08-28T10:16:04.397053
TX-4E9DADB7,CUST-1104,2681.23,INR,CARD,FAILED,SESSION_TIMEOUT,CLEAR,False,False,0,2026-08-27T05:16:04.397053
TX-24031ED0,CUST-1293,882.23,INR,NACH,FAILED,SESSION_TIMEOUT,CLEAR,False,False,0,2026-08-26T18:16:04.397053
TX-73853049,CUST-1188,4482.23,INR,UPI,FAILED,SESSION_TIMEOUT,CLEAR,False,False,0,2026-08-26T22:16:04.397053
TX-8AE2ECB4,CUST-1107,882.23,INR,NACH,FAILED,SESSION_TIMEOUT,CLEAR,False,False,0,2026-08-28T07:16:04.397053
TX-728170C2,CUST-1286,882.23,INR,NACH,FAILED,SESSION_TIMEOUT,CLEAR,False,False,0,2026-08-27T13:16:04.397053
TX-47CE5D13,CUST-1137,882.23,INR,CARD,FAILED,SESSION_TIMEOUT,CLEAR,False,False,0,2026-08-26T14:16:04.397053
TX-35DCAF49,CUST-1111,4482.23,INR,CARD,FAILED,SESSION_TIMEOUT,CLEAR,False,False,0,2026-08-28T06:16:04.402884
TX-DCB34529,CUST-1198,2681.23,INR,UPI,FAILED,SESSION_TIMEOUT,CLEAR,False,False,0,2026-08-28T00:16:04.403378
TX-ADB9209D,CUST-1092,2681.23,INR,NACH,FAILED,SESSION_TIMEOUT,CLEAR,False,False,0,2026-08-26T13:16:04.403378
TX-D4E08D42,CUST-1219,4482.23,INR,CARD,FAILED,SESSION_TIMEOUT,CLEAR,False,False,0,2026-08-28T02:16:04.403378
TX-9EF0D05B,CUST-1173,8182.23,INR,UPI,FAILED,SESSION_TIMEOUT,CLEAR,False,False,0,2026-08-27T02:16:04.403378
TX-EDA3568E,CUST-1162,8182.23,INR,NETBANKING,FAILED,SESSION_TIMEOUT,CLEAR,False,False,0,2026-08-27T13:16:04.404775
TX-4486BFC2,CUST-1124,8182.23,INR,UPI,FAILED,SESSION_TIMEOUT,CLEAR,False,False,0,2026-08-27T12:16:04.405283
TX-AFF910CF,CUST-1232,4482.23,INR,NACH,FAILED,SESSION_TIMEOUT,CLEAR,False,False,0,2026-08-27T11:16:04.405283
TX-69FB368D,CUST-1009,882.23,INR,UPI,FAILED,SESSION_TIMEOUT,CLEAR,False,False,0,2026-08-27T17:16:04.405901
TX-C6B28F4B,CUST-1110,4482.23,INR,NETBANKING,FAILED,SESSION_TIMEOUT,CLEAR,False,False,0,2026-08-28T11:16:04.405901
TX-BE771C47,CUST-1262,4482.23,INR,UPI,FAILED,SESSION_TIMEOUT,CLEAR,False,False,0,2026-08-28T06:16:04.405901
TX-D1E868E0,CUST-1080,8182.23,INR,UPI,FAILED,SESSION_TIMEOUT,CLEAR,False,False,0,2026-08-27T20:16:04.406499
TX-98DB083F,CUST-1132,2681.23,INR,NETBANKING,FAILED,SESSION_TIMEOUT,CLEAR,False,False,0,2026-08-28T07:16:04.407243
TX-2947CEA0,CUST-1112,8182.23,INR,CARD,FAILED,SESSION_TIMEOUT,CLEAR,False,False,0,2026-08-26T14:16:04.407243
TX-ECB87912,CUST-1250,8182.23,INR,CARD,FAILED,SESSION_TIMEOUT,CLEAR,False,False,0,2026-08-26T22:16:04.407243
TX-7FB1620F,CUST-1296,4482.23,INR,NACH,FAILED,SESSION_TIMEOUT,CLEAR,False,False,0,2026-08-28T07:16:04.408756
TX-D4CF5536,CUST-1223,4482.23,INR,NACH,FAILED,SESSION_TIMEOUT,CLEAR,False,False,0,2026-08-28T05:16:04.408756
TX-A9259687,CUST-1196,882.23,INR,CARD,FAILED,SESSION_TIMEOUT,CLEAR,False,False,0,2026-08-27T17:16:04.408756
TX-235B7883,CUST-1277,882.23,INR,UPI,FAILED,SESSION_TIMEOUT,CLEAR,False,False,0,2026-08-27T16:16:04.408756
TX-593D79A6,CUST-1026,2681.23,INR,NACH,FAILED,SESSION_TIMEOUT,CLEAR,False,False,0,2026-08-27T08:16:04.408756
TX-F2BE5593,CUST-1222,882.23,INR,NETBANKING,FAILED,SESSION_TIMEOUT,CLEAR,False,False,0,2026-08-27T11:16:04.408756
TX-855C5770,CUST-1043,2681.23,INR,NACH,FAILED,SESSION_TIMEOUT,CLEAR,False,False,0,2026-08-27T00:16:04.408756
TX-3BA3DA59,CUST-1205,882.23,INR,NETBANKING,FAILED,SESSION_TIMEOUT,CLEAR,False,False,0,2026-08-28T07:16:04.408756
TX-EC8A0300,CUST-1070,8182.23,INR,NACH,FAILED,SESSION_TIMEOUT,CLEAR,False,False,0,2026-08-27T01:16:04.410804
TX-EADE1099,CUST-1293,8182.23,INR,UPI,FAILED,SESSION_TIMEOUT,CLEAR,False,False,0,2026-08-27T01:16:04.410804
TX-B4A4F3AB,CUST-1037,2681.23,INR,NETBANKING,FAILED,SESSION_TIMEOUT,CLEAR,False,False,0,2026-08-27T09:16:04.410804
TX-97142B24,CUST-1212,882.23,INR,NACH,FAILED,SESSION_TIMEOUT,CLEAR,False,False,0,2026-08-27T13:16:04.410804
TX-AADD6F4A,CUST-1177,2681.23,INR,CARD,FAILED,SESSION_TIMEOUT,CLEAR,False,False,0,2026-08-27T17:16:04.410804
TX-613F69AC,CUST-1227,4482.23,INR,UPI,FAILED,SESSION_TIMEOUT,CLEAR,False,False,0,2026-08-27T08:16:04.410804
TX-C1FFCEEC,CUST-1192,2681.23,INR,UPI,FAILED,SESSION_TIMEOUT,CLEAR,False,False,0,2026-08-26T14:16:04.410804
TX-39932886,CUST-1125,882.23,INR,UPI,FAILED,SESSION_TIMEOUT,CLEAR,False,False,0,2026-08-27T18:16:04.410804
TX-2A497934,CUST-1157,4482.23,INR,NACH,FAILED,SESSION_TIMEOUT,CLEAR,False,False,0,2026-08-27T06:16:04.410804
TX-511A214B,CUST-1276,4482.23,INR,UPI,FAILED,SESSION_TIMEOUT,CLEAR,False,False,0,2026-08-27T23:16:04.410804
TX-FE476028,CUST-1248,4482.23,INR,UPI,FAILED,SESSION_TIMEOUT,CLEAR,False,False,0,2026-08-26T16:16:04.410804
TX-86BC41FF,CUST-1299,882.23,INR,CARD,FAILED,SESSION_TIMEOUT,CLEAR,False,False,0,2026-08-27T20:16:04.410804
TX-45CD60D3,CUST-1103,882.23,INR,NETBANKING,FAILED,SESSION_TIMEOUT,CLEAR,False,False,0,2026-08-28T09:16:04.413926
TX-DEFD735C,CUST-1199,882.23,INR,NETBANKING,FAILED,SESSION_TIMEOUT,CLEAR,False,False,0,2026-08-26T18:16:04.413926
TX-D8C1CBCF,CUST-1010,4482.23,INR,NETBANKING,FAILED,SESSION_TIMEOUT,CLEAR,False,False,0,2026-08-26T19:16:04.413926
TX-6D671741,CUST-1261,2681.23,INR,CARD,FAILED,SESSION_TIMEOUT,CLEAR,False,False,0,2026-08-27T16:16:04.413926
TX-BEBA58EE,CUST-1102,882.23,INR,NACH,FAILED,SESSION_TIMEOUT,CLEAR,False,False,0,2026-08-27T01:16:04.414937
TX-0B5E78FA,CUST-1127,882.23,INR,NETBANKING,FAILED,SESSION_TIMEOUT,CLEAR,False,False,0,2026-08-27T15:16:04.414937
TX-9B02A823,CUST-1010,8182.23,INR,NETBANKING,FAILED,SESSION_TIMEOUT,CLEAR,False,False,0,2026-08-26T17:16:04.414937
TX-8CBCCB78,CUST-1155,4482.23,INR,UPI,FAILED,SESSION_TIMEOUT,CLEAR,False,False,0,2026-08-27T04:16:04.414937
TX-35A836DB,CUST-1132,882.23,INR,NACH,FAILED,SESSION_TIMEOUT,CLEAR,False,False,0,2026-08-28T11:16:04.416002
TX-C7C8EE19,CUST-1078,4482.23,INR,NETBANKING,FAILED,SESSION_TIMEOUT,CLEAR,False,False,0,2026-08-27T11:16:04.416002
TX-EB846240,CUST-1196,2681.23,INR,UPI,FAILED,SESSION_TIMEOUT,CLEAR,False,False,0,2026-08-27T10:16:04.416002
TX-70189B86,CUST-1160,2681.23,INR,NETBANKING,FAILED,SESSION_TIMEOUT,CLEAR,False,False,0,2026-08-27T08:16:04.416002
TX-EEDF661C,CUST-1071,2681.23,INR,UPI,FAILED,SESSION_TIMEOUT,CLEAR,False,False,0,2026-08-28T04:16:04.416002
TX-5D13DDD6,CUST-1075,2681.23,INR,UPI,FAILED,SESSION_TIMEOUT,CLEAR,False,False,0,2026-08-27T16:16:04.416002
TX-C16A2BED,CUST-1163,882.23,INR,UPI,FAILED,SESSION_TIMEOUT,CLEAR,False,False,0,2026-08-26T14:16:04.416002
TX-411B19EC,CUST-1211,4482.23,INR,NETBANKING,FAILED,SESSION_TIMEOUT,CLEAR,False,False,0,2026-08-27T08:16:04.416002
TX-DDC2C4F0,CUST-1097,4482.23,INR,CARD,FAILED,SESSION_TIMEOUT,CLEAR,False,False,0,2026-08-28T04:16:04.418015
TX-9180AE94,CUST-1137,882.23,INR,UPI,FAILED,SESSION_TIMEOUT,CLEAR,False,False,0,2026-08-26T22:16:04.418015
TX-D048E0AC,CUST-1184,2681.23,INR,CARD,FAILED,SESSION_TIMEOUT,CLEAR,False,False,0,2026-08-26T16:16:04.418015
TX-8F17B8EE,CUST-1241,2681.23,INR,NETBANKING,FAILED,SESSION_TIMEOUT,CLEAR,False,False,0,2026-08-28T01:16:04.418015
TX-33C3886A,CUST-1071,8182.23,INR,UPI,FAILED,SESSION_TIMEOUT,CLEAR,False,False,0,2026-08-28T00:16:04.418015
TX-328ACEEC,CUST-1008,882.23,INR,NETBANKING,FAILED,SESSION_TIMEOUT,CLEAR,False,False,0,2026-08-27T10:16:04.418015
TX-1C09A29C,CUST-1034,2681.23,INR,UPI,FAILED,SESSION_TIMEOUT,CLEAR,False,False,0,2026-08-27T08:16:04.418015
TX-D493E1DE,CUST-1235,8182.23,INR,UPI,FAILED,SESSION_TIMEOUT,CLEAR,False,False,0,2026-08-27T09:16:04.418015
TX-7BBE2356,CUST-1195,882.23,INR,NETBANKING,FAILED,SESSION_TIMEOUT,CLEAR,False,False,0,2026-08-27T11:16:04.419959
TX-CD05862B,CUST-1056,882.23,INR,NACH,FAILED,SESSION_TIMEOUT,CLEAR,False,False,0,2026-08-27T07:16:04.419959
TX-AEAD7AB9,CUST-1276,2681.23,INR,NACH,FAILED,SESSION_TIMEOUT,CLEAR,False,False,0,2026-08-26T13:16:04.419959
TX-8ADEB04A,CUST-1026,8182.23,INR,UPI,FAILED,SESSION_TIMEOUT,CLEAR,False,False,0,2026-08-27T18:16:04.419959
TX-64F36CD8,CUST-1147,8182.23,INR,NACH,FAILED,SESSION_TIMEOUT,CLEAR,False,False,0,2026-08-28T02:16:04.419959
TX-8E48258F,CUST-1028,4482.23,INR,UPI,FAILED,SESSION_TIMEOUT,CLEAR,False,False,0,2026-08-27T07:16:04.419959
TX-EBE0D4B8,CUST-1257,8182.23,INR,CARD,FAILED,SESSION_TIMEOUT,CLEAR,False,False,0,2026-08-28T01:16:04.419959
TX-557D58C8,CUST-1212,2681.23,INR,NETBANKING,FAILED,SESSION_TIMEOUT,CLEAR,False,False,0,2026-08-27T08:16:04.419959
TX-D0F15C4B,CUST-1104,2681.23,INR,NACH,FAILED,SESSION_TIMEOUT,CLEAR,False,False,0,2026-08-28T07:16:04.422016
TX-E302599A,CUST-1064,4482.23,INR,CARD,FAILED,SESSION_TIMEOUT,CLEAR,False,False,0,2026-08-28T05:16:04.422016
TX-77DF0F7F,CUST-1186,8182.23,INR,CARD,FAILED,SESSION_TIMEOUT,CLEAR,False,False,0,2026-08-27T03:16:04.422016
TX-F64C4FB3,CUST-1082,8182.23,INR,NACH,FAILED,SESSION_TIMEOUT,CLEAR,False,False,0,2026-08-27T01:16:04.422656
TX-4D946219,CUST-1172,882.23,INR,UPI,FAILED,SESSION_TIMEOUT,CLEAR,False,False,0,2026-08-28T02:16:04.422656
TX-84DD5805,CUST-1215,2681.23,INR,NETBANKING,FAILED,SESSION_TIMEOUT,CLEAR,False,False,0,2026-08-27T17:16:04.422656
TX-5C873A20,CUST-1093,8182.23,INR,CARD,FAILED,SESSION_TIMEOUT,CLEAR,False,False,0,2026-08-28T04:16:04.422656
TX-7E4AD7E8,CUST-1130,882.23,INR,CARD,FAILED,SESSION_TIMEOUT,CLEAR,False,False,0,2026-08-27T07:16:04.422656
TX-2D495FBD,CUST-1003,8182.23,INR,NACH,FAILED,SESSION_TIMEOUT,CLEAR,False,False,0,2026-08-27T21:16:04.422656
TX-2B3F8E2B,CUST-1210,8182.23,INR,NACH,FAILED,SESSION_TIMEOUT,CLEAR,False,False,0,2026-08-28T07:16:04.422656
TX-FA5477BE,CUST-1281,882.23,INR,NETBANKING,FAILED,SESSION_TIMEOUT,CLEAR,False,False,0,2026-08-26T21:16:04.422656
TX-0F95E8B5,CUST-1095,2681.23,INR,UPI,FAILED,SESSION_TIMEOUT,CLEAR,False,False,0,2026-08-28T09:16:04.422656
TX-F2312E70,CUST-1075,4482.23,INR,CARD,FAILED,SESSION_TIMEOUT,CLEAR,False,False,0,2026-08-26T18:16:04.422656
TX-8C0E165D,CUST-1045,4482.23,INR,CARD,FAILED,SESSION_TIMEOUT,CLEAR,False,False,0,2026-08-28T06:16:04.424673
TX-DE71A8A6,CUST-1146,2681.23,INR,UPI,FAILED,SESSION_TIMEOUT,CLEAR,False,False,0,2026-08-27T07:16:04.424673
TX-66784D22,CUST-1048,4482.23,INR,NETBANKING,FAILED,SESSION_TIMEOUT,CLEAR,False,False,0,2026-08-27T16:16:04.425186
TX-D4340B1D,CUST-1219,8182.23,INR,CARD,FAILED,SESSION_TIMEOUT,CLEAR,False,False,0,2026-08-27T18:16:04.425186
TX-7D906F0B,CUST-1141,2681.23,INR,NETBANKING,FAILED,SESSION_TIMEOUT,CLEAR,False,False,0,2026-08-27T03:16:04.425186
TX-20537B20,CUST-1030,2681.23,INR,CARD,FAILED,SESSION_TIMEOUT,CLEAR,False,False,0,2026-08-27T00:16:04.425186
TX-63B5E750,CUST-1148,882.23,INR,NACH,FAILED,SESSION_TIMEOUT,CLEAR,False,False,0,2026-08-26T22:16:04.425186
TX-813CC0BC,CUST-1295,4482.23,INR,NETBANKING,FAILED,SESSION_TIMEOUT,CLEAR,False,False,0,2026-08-28T04:16:04.425186
TX-61F87B29,CUST-1255,8182.23,INR,NACH,FAILED,SESSION_TIMEOUT,CLEAR,False,False,0,2026-08-28T01:16:04.425186
TX-BEB61E7B,CUST-1100,2681.23,INR,CARD,FAILED,SESSION_TIMEOUT,CLEAR,False,False,0,2026-08-28T05:16:04.426512
TX-74F4AB77,CUST-1061,8182.23,INR,UPI,FAILED,SESSION_TIMEOUT,CLEAR,False,False,0,2026-08-26T21:16:04.426512
TX-0188C295,CUST-1171,8182.23,INR,NETBANKING,FAILED,SESSION_TIMEOUT,CLEAR,False,False,0,2026-08-27T01:16:04.426512
TX-13FB0D1B,CUST-1104,2681.23,INR,NETBANKING,FAILED,SESSION_TIMEOUT,CLEAR,False,False,0,2026-08-27T20:16:04.426512
TX-F20BB387,CUST-1260,4482.23,INR,NETBANKING,FAILED,SESSION_TIMEOUT,CLEAR,False,False,0,2026-08-28T12:16:04.426512
TX-CE9E64B0,CUST-1203,4482.23,INR,CARD,FAILED,SESSION_TIMEOUT,CLEAR,False,False,0,2026-08-28T01:16:04.426512
TX-D64897B1,CUST-1246,4482.23,INR,NACH,FAILED,SESSION_TIMEOUT,CLEAR,False,False,0,2026-08-28T10:16:04.426512
TX-F741D07A,CUST-1080,1681.23,INR,NACH,FAILED,CARD_DECLINED,CLEAR,False,False,0,2026-08-27T02:16:04.426512
TX-DEB79C15,CUST-1029,8681.23,INR,NETBANKING,FAILED,CARD_DECLINED,CLEAR,False,False,0,2026-08-27T00:16:04.426512
TX-2EB48E39,CUST-1275,4681.23,INR,CARD,FAILED,CARD_DECLINED,CLEAR,False,False,0,2026-08-27T23:16:04.426512
TX-9717206C,CUST-1034,4681.23,INR,UPI,FAILED,CARD_DECLINED,CLEAR,False,False,0,2026-08-27T19:16:04.426512
TX-13E14292,CUST-1274,4681.23,INR,UPI,FAILED,CARD_DECLINED,CLEAR,False,False,0,2026-08-27T00:16:04.428526
TX-3CAA82AE,CUST-1060,8681.23,INR,NETBANKING,FAILED,CARD_DECLINED,CLEAR,False,False,0,2026-08-26T15:16:04.428526
TX-DD48573C,CUST-1212,681.23,INR,CARD,FAILED,CARD_DECLINED,CLEAR,False,False,0,2026-08-27T05:16:04.428526
TX-BFF30510,CUST-1155,4681.23,INR,UPI,FAILED,CARD_DECLINED,CLEAR,False,False,0,2026-08-27T03:16:04.428526
TX-ED99AC06,CUST-1192,1681.23,INR,CARD,FAILED,CARD_DECLINED,CLEAR,False,False,0,2026-08-28T00:16:04.428526
TX-3BF6424B,CUST-1013,8681.23,INR,NACH,FAILED,CARD_DECLINED,CLEAR,False,False,0,2026-08-27T04:16:04.428526
TX-715BCA98,CUST-1248,1681.23,INR,NETBANKING,FAILED,CARD_DECLINED,CLEAR,False,False,0,2026-08-27T16:16:04.428526
TX-D6AC77E8,CUST-1068,681.23,INR,UPI,FAILED,CARD_DECLINED,CLEAR,False,False,0,2026-08-26T14:16:04.428526
TX-53D324A9,CUST-1268,8681.23,INR,CARD,FAILED,CARD_DECLINED,CLEAR,False,False,0,2026-08-28T12:16:04.428526
TX-CC54A3B9,CUST-1045,681.23,INR,NETBANKING,FAILED,CARD_DECLINED,CLEAR,False,False,0,2026-08-27T07:16:04.430572
TX-1992C05E,CUST-1160,681.23,INR,CARD,FAILED,CARD_DECLINED,CLEAR,False,False,0,2026-08-27T00:16:04.430572
TX-C97ECC3E,CUST-1103,1681.23,INR,UPI,FAILED,CARD_DECLINED,CLEAR,False,False,0,2026-08-27T18:16:04.430572
TX-E57F2287,CUST-1061,4681.23,INR,NETBANKING,FAILED,CARD_DECLINED,CLEAR,False,False,0,2026-08-28T03:16:04.430572
TX-E22803EE,CUST-1008,4681.23,INR,CARD,FAILED,CARD_DECLINED,CLEAR,False,False,0,2026-08-27T23:16:04.430572
TX-045969E9,CUST-1164,4681.23,INR,NETBANKING,FAILED,CARD_DECLINED,CLEAR,False,False,0,2026-08-28T03:16:04.430572
TX-E80A02AB,CUST-1126,4681.23,INR,UPI,FAILED,CARD_DECLINED,CLEAR,False,False,0,2026-08-28T08:16:04.430572
TX-0C298586,CUST-1228,4681.23,INR,CARD,FAILED,CARD_DECLINED,CLEAR,False,False,0,2026-08-28T04:16:04.430572
TX-9A9DCAE8,CUST-1026,8681.23,INR,CARD,FAILED,CARD_DECLINED,CLEAR,False,False,0,2026-08-27T12:16:04.430572
TX-DFC66E9F,CUST-1201,681.23,INR,UPI,FAILED,CARD_DECLINED,CLEAR,False,False,0,2026-08-26T15:16:04.430572
TX-82D1A3FD,CUST-1183,8681.23,INR,NETBANKING,FAILED,CARD_DECLINED,CLEAR,False,False,0,2026-08-27T15:16:04.430572
TX-65CD9219,CUST-1239,681.23,INR,UPI,FAILED,CARD_DECLINED,CLEAR,False,False,0,2026-08-28T07:16:04.430572
TX-DF768B9E,CUST-1234,8681.23,INR,NETBANKING,FAILED,CARD_DECLINED,CLEAR,False,False,0,2026-08-26T17:16:04.430572
TX-775029F7,CUST-1119,8681.23,INR,UPI,FAILED,CARD_DECLINED,CLEAR,False,False,0,2026-08-28T03:16:04.430572
TX-1A30D4C4,CUST-1201,4681.23,INR,UPI,FAILED,CARD_DECLINED,CLEAR,False,False,0,2026-08-26T16:16:04.430572
TX-192C5DA2,CUST-1233,4681.23,INR,NACH,FAILED,CARD_DECLINED,CLEAR,False,False,0,2026-08-28T11:16:04.430572
TX-2F57B516,CUST-1180,8681.23,INR,NACH,FAILED,CARD_DECLINED,CLEAR,False,False,0,2026-08-27T07:16:04.430572
TX-BAFA5E33,CUST-1295,4681.23,INR,UPI,FAILED,CARD_DECLINED,CLEAR,False,False,0,2026-08-27T04:16:04.432586
TX-C00240EF,CUST-1055,8681.23,INR,NETBANKING,FAILED,CARD_DECLINED,CLEAR,False,False,0,2026-08-27T01:16:04.432586
TX-0B91ED8D,CUST-1273,681.23,INR,NACH,FAILED,CARD_DECLINED,CLEAR,False,False,0,2026-08-27T11:16:04.432586
TX-2E9FE0C4,CUST-1125,8681.23,INR,UPI,FAILED,CARD_DECLINED,CLEAR,False,False,0,2026-08-27T06:16:04.432586
TX-20EC28F1,CUST-1107,681.23,INR,NACH,FAILED,CARD_DECLINED,CLEAR,False,False,0,2026-08-27T09:16:04.432586
TX-55A6DA77,CUST-1121,4681.23,INR,UPI,FAILED,CARD_DECLINED,CLEAR,False,False,0,2026-08-26T18:16:04.432586
TX-7FF1DF15,CUST-1294,681.23,INR,NACH,FAILED,CARD_DECLINED,CLEAR,False,False,0,2026-08-28T05:16:04.432586
TX-A24405DB,CUST-1285,8681.23,INR,CARD,FAILED,CARD_DECLINED,CLEAR,False,False,0,2026-08-27T08:16:04.432586
TX-19070C65,CUST-1036,4681.23,INR,CARD,FAILED,CARD_DECLINED,CLEAR,False,False,0,2026-08-26T17:16:04.432586
TX-A8E671D9,CUST-1254,8681.23,INR,CARD,FAILED,CARD_DECLINED,CLEAR,False,False,0,2026-08-28T07:16:04.432586
TX-17A5C4EF,CUST-1001,1681.23,INR,UPI,FAILED,CARD_DECLINED,CLEAR,False,False,0,2026-08-26T18:16:04.432586
TX-B6DB4A4B,CUST-1150,8681.23,INR,NACH,FAILED,CARD_DECLINED,CLEAR,False,False,0,2026-08-26T21:16:04.432586
TX-59A3A276,CUST-1106,8681.23,INR,NETBANKING,FAILED,CARD_DECLINED,CLEAR,False,False,0,2026-08-27T17:16:04.432586
TX-381EA52D,CUST-1177,4681.23,INR,CARD,FAILED,CARD_DECLINED,CLEAR,False,False,0,2026-08-26T23:16:04.434100
TX-6AD55A50,CUST-1151,8681.23,INR,CARD,FAILED,CARD_DECLINED,CLEAR,False,False,0,2026-08-27T13:16:04.434100
TX-F79571CB,CUST-1287,681.23,INR,NETBANKING,FAILED,CARD_DECLINED,CLEAR,False,False,0,2026-08-28T05:16:04.435118
TX-CD00278B,CUST-1222,681.23,INR,NACH,FAILED,CARD_DECLINED,CLEAR,False,False,0,2026-08-26T20:16:04.435118
TX-2D58EFF6,CUST-1196,8681.23,INR,NACH,FAILED,CARD_DECLINED,CLEAR,False,False,0,2026-08-27T02:16:04.435118
TX-11C78474,CUST-1072,1681.23,INR,UPI,FAILED,CARD_DECLINED,CLEAR,False,False,0,2026-08-27T01:16:04.435118
TX-2E675810,CUST-1079,4681.23,INR,NETBANKING,FAILED,CARD_DECLINED,CLEAR,False,False,0,2026-08-26T18:16:04.435118
TX-C82B6BBF,CUST-1037,1681.23,INR,CARD,FAILED,CARD_DECLINED,CLEAR,False,False,0,2026-08-28T03:16:04.435118
TX-003705F9,CUST-1224,8681.23,INR,UPI,FAILED,CARD_DECLINED,CLEAR,False,False,0,2026-08-28T07:16:04.437172
TX-EA44DD1F,CUST-1218,8681.23,INR,UPI,FAILED,CARD_DECLINED,CLEAR,False,False,0,2026-08-27T07:16:04.437880
TX-C081FDA0,CUST-1231,8681.23,INR,NACH,FAILED,CARD_DECLINED,CLEAR,False,False,0,2026-08-27T14:16:04.437880
TX-4C11C3D2,CUST-1004,1681.23,INR,NACH,FAILED,CARD_DECLINED,CLEAR,False,False,0,2026-08-26T14:16:04.437880
TX-EF914E96,CUST-1280,4681.23,INR,NETBANKING,FAILED,CARD_DECLINED,CLEAR,False,False,0,2026-08-28T10:16:04.437880
TX-BEE2C5EA,CUST-1189,8681.23,INR,CARD,FAILED,CARD_DECLINED,CLEAR,False,False,0,2026-08-26T23:16:04.437880
TX-B7899FE6,CUST-1270,681.23,INR,NETBANKING,FAILED,CARD_DECLINED,CLEAR,False,False,0,2026-08-27T07:16:04.437880
TX-B6E2DE8B,CUST-1046,681.23,INR,UPI,FAILED,CARD_DECLINED,CLEAR,False,False,0,2026-08-27T06:16:04.439895
TX-71BDF412,CUST-1277,681.23,INR,NETBANKING,FAILED,CARD_DECLINED,CLEAR,False,False,0,2026-08-26T21:16:04.439895
TX-609B92EC,CUST-1006,4681.23,INR,NACH,FAILED,CARD_DECLINED,CLEAR,False,False,0,2026-08-27T07:16:04.439895
TX-10B054C2,CUST-1170,8681.23,INR,NACH,FAILED,CARD_DECLINED,CLEAR,False,False,0,2026-08-27T14:16:04.439895
TX-CAA8AC26,CUST-1019,4681.23,INR,NETBANKING,FAILED,CARD_DECLINED,CLEAR,False,False,0,2026-08-26T14:16:04.439895
TX-98156C3E,CUST-1243,4681.23,INR,UPI,FAILED,CARD_DECLINED,CLEAR,False,False,0,2026-08-27T00:16:04.439895
TX-EE0395F0,CUST-1014,4681.23,INR,NETBANKING,FAILED,CARD_DECLINED,CLEAR,False,False,0,2026-08-27T05:16:04.439895
TX-98CE9B4D,CUST-1040,1681.23,INR,NETBANKING,FAILED,CARD_DECLINED,CLEAR,False,False,0,2026-08-27T20:16:04.439895
TX-B161CA08,CUST-1132,4681.23,INR,CARD,FAILED,CARD_DECLINED,CLEAR,False,False,0,2026-08-26T13:16:04.439895
TX-C5753265,CUST-1078,1681.23,INR,NACH,FAILED,CARD_DECLINED,CLEAR,False,False,0,2026-08-27T13:16:04.441908
TX-97512769,CUST-1121,4681.23,INR,NACH,FAILED,CARD_DECLINED,CLEAR,False,False,0,2026-08-28T01:16:04.441908
TX-9F8A1863,CUST-1044,681.23,INR,UPI,FAILED,CARD_DECLINED,CLEAR,False,False,0,2026-08-26T22:16:04.441908
TX-D271A32D,CUST-1212,8681.23,INR,NACH,FAILED,CARD_DECLINED,CLEAR,False,False,0,2026-08-27T21:16:04.441908
TX-13CA8E0B,CUST-1086,8681.23,INR,UPI,FAILED,CARD_DECLINED,CLEAR,False,False,0,2026-08-27T00:16:04.441908
TX-76C33563,CUST-1136,4681.23,INR,CARD,FAILED,CARD_DECLINED,CLEAR,False,False,0,2026-08-28T09:16:04.441908
TX-7DAD14FE,CUST-1244,8681.23,INR,NETBANKING,FAILED,CARD_DECLINED,CLEAR,False,False,0,2026-08-27T06:16:04.441908
TX-A3DAF69F,CUST-1200,1681.23,INR,NACH,FAILED,CARD_DECLINED,CLEAR,False,False,0,2026-08-27T20:16:04.441908
TX-1B535594,CUST-1148,8681.23,INR,NACH,FAILED,CARD_DECLINED,CLEAR,False,False,0,2026-08-27T12:16:04.441908
TX-C0E4C3C9,CUST-1022,4681.23,INR,CARD,FAILED,CARD_DECLINED,CLEAR,False,False,0,2026-08-27T02:16:04.441908
TX-BB7813C6,CUST-1140,4681.23,INR,NETBANKING,FAILED,CARD_DECLINED,CLEAR,False,False,0,2026-08-27T19:16:04.441908
TX-E4925BBF,CUST-1300,681.23,INR,NACH,FAILED,CARD_DECLINED,CLEAR,False,False,0,2026-08-27T07:16:04.441908
TX-D611CF89,CUST-1100,1681.23,INR,NETBANKING,FAILED,CARD_DECLINED,CLEAR,False,False,0,2026-08-26T17:16:04.441908
TX-0CF9CA7F,CUST-1281,1681.23,INR,CARD,FAILED,CARD_DECLINED,CLEAR,False,False,0,2026-08-26T17:16:04.441908
TX-705116BF,CUST-1211,681.23,INR,CARD,FAILED,CARD_DECLINED,CLEAR,False,False,0,2026-08-27T03:16:04.445143
TX-F1444518,CUST-1113,8681.23,INR,NETBANKING,FAILED,CARD_DECLINED,CLEAR,False,False,0,2026-08-27T20:16:04.445143
TX-09C213C0,CUST-1048,681.23,INR,CARD,FAILED,CARD_DECLINED,CLEAR,False,False,0,2026-08-26T22:16:04.445143
TX-034CC6A9,CUST-1063,1681.23,INR,CARD,FAILED,CARD_DECLINED,CLEAR,False,False,0,2026-08-28T07:16:04.445143
TX-863D51A8,CUST-1290,1681.23,INR,UPI,FAILED,CARD_DECLINED,CLEAR,False,False,0,2026-08-28T05:16:04.445143
TX-A7B2257D,CUST-1151,1681.23,INR,NACH,FAILED,CARD_DECLINED,CLEAR,False,False,0,2026-08-26T18:16:04.445143
TX-2E623B37,CUST-1219,8681.23,INR,NETBANKING,FAILED,CARD_DECLINED,CLEAR,False,False,0,2026-08-27T20:16:04.445143
TX-841ED19A,CUST-1032,681.23,INR,NACH,FAILED,CARD_DECLINED,CLEAR,False,False,0,2026-08-27T12:16:04.446510
TX-D0A8402C,CUST-1136,681.23,INR,UPI,FAILED,CARD_DECLINED,CLEAR,False,False,0,2026-08-27T08:16:04.446510
TX-2882AB80,CUST-1202,8681.23,INR,UPI,FAILED,CARD_DECLINED,CLEAR,False,False,0,2026-08-26T19:16:04.446510
TX-942D093F,CUST-1277,681.23,INR,NACH,FAILED,CARD_DECLINED,CLEAR,False,False,0,2026-08-27T23:16:04.446510
TX-F4863057,CUST-1133,681.23,INR,CARD,FAILED,CARD_DECLINED,CLEAR,False,False,0,2026-08-28T10:16:04.446510
TX-69EADBC6,CUST-1129,681.23,INR,NACH,FAILED,CARD_DECLINED,CLEAR,False,False,0,2026-08-28T11:16:04.446510
TX-6BA5B59C,CUST-1001,1681.23,INR,CARD,FAILED,CARD_DECLINED,CLEAR,False,False,0,2026-08-26T18:16:04.448526
TX-D7074E54,CUST-1169,4681.23,INR,NACH,FAILED,CARD_DECLINED,CLEAR,False,False,0,2026-08-27T00:16:04.448526
TX-89F2A731,CUST-1224,8681.23,INR,NACH,FAILED,CARD_DECLINED,CLEAR,False,False,0,2026-08-26T14:16:04.448526
TX-E1C152CB,CUST-1197,1681.23,INR,NACH,FAILED,CARD_DECLINED,CLEAR,False,False,0,2026-08-28T05:16:04.448526
TX-D9C6CE30,CUST-1156,4681.23,INR,NACH,FAILED,CARD_DECLINED,CLEAR,False,False,0,2026-08-28T09:16:04.448526
TX-C6E0C720,CUST-1274,681.23,INR,NETBANKING,FAILED,CARD_DECLINED,CLEAR,False,False,0,2026-08-28T07:16:04.448526
TX-906E971F,CUST-1104,4681.23,INR,UPI,FAILED,CARD_DECLINED,CLEAR,False,False,0,2026-08-27T01:16:04.448526
TX-111FAB1D,CUST-1098,8681.23,INR,NETBANKING,FAILED,CARD_DECLINED,CLEAR,False,False,0,2026-08-26T16:16:04.448526
TX-B1368292,CUST-1184,681.23,INR,NACH,FAILED,CARD_DECLINED,CLEAR,False,False,0,2026-08-28T07:16:04.448526
TX-8D1E7538,CUST-1098,8681.23,INR,UPI,FAILED,CARD_DECLINED,CLEAR,False,False,0,2026-08-28T10:16:04.450075
TX-68F4C54A,CUST-1123,681.23,INR,NACH,FAILED,CARD_DECLINED,CLEAR,False,False,0,2026-08-27T12:16:04.450075
TX-E0B6A966,CUST-1274,4681.23,INR,NACH,FAILED,CARD_DECLINED,CLEAR,False,False,0,2026-08-28T11:16:04.450075
TX-7635A0F0,CUST-1173,4681.23,INR,CARD,FAILED,CARD_DECLINED,CLEAR,False,False,0,2026-08-27T11:16:04.450075
TX-5594A1A0,CUST-1268,1681.23,INR,NACH,FAILED,CARD_DECLINED,CLEAR,False,False,0,2026-08-26T17:16:04.450075
TX-58D14C71,CUST-1297,1681.23,INR,UPI,FAILED,CARD_DECLINED,CLEAR,False,False,0,2026-08-28T08:16:04.450075
TX-E484D3E3,CUST-1010,1681.23,INR,NACH,FAILED,CARD_DECLINED,CLEAR,False,False,0,2026-08-26T21:16:04.450075
TX-6CEEE53F,CUST-1067,1681.23,INR,CARD,FAILED,CARD_DECLINED,CLEAR,False,False,0,2026-08-28T01:16:04.451717
TX-F6D27CD3,CUST-1050,681.23,INR,NACH,FAILED,CARD_DECLINED,CLEAR,False,False,0,2026-08-26T21:16:04.452231
TX-CE8CB0CF,CUST-1059,681.23,INR,NACH,FAILED,CARD_DECLINED,CLEAR,False,False,0,2026-08-26T22:16:04.452231
TX-23480D36,CUST-1104,1681.23,INR,NACH,FAILED,CARD_DECLINED,CLEAR,False,False,0,2026-08-27T15:16:04.452773
TX-E68A1BE5,CUST-1062,8681.23,INR,UPI,FAILED,CARD_DECLINED,CLEAR,False,False,0,2026-08-27T16:16:04.452773
TX-FE254231,CUST-1089,681.23,INR,NETBANKING,FAILED,CARD_DECLINED,CLEAR,False,False,0,2026-08-28T08:16:04.452773
TX-DB0CA4DD,CUST-1213,4681.23,INR,UPI,FAILED,CARD_DECLINED,CLEAR,False,False,0,2026-08-26T16:16:04.452773
TX-539E8631,CUST-1125,1681.23,INR,CARD,FAILED,CARD_DECLINED,CLEAR,False,False,0,2026-08-28T04:16:04.452773
TX-3FEA5446,CUST-1009,8681.23,INR,NACH,FAILED,CARD_DECLINED,CLEAR,False,False,0,2026-08-28T07:16:04.452773
TX-192BF936,CUST-1046,681.23,INR,NETBANKING,FAILED,CARD_DECLINED,CLEAR,False,False,0,2026-08-27T10:16:04.452773
TX-AB56524F,CUST-1065,8681.23,INR,UPI,FAILED,CARD_DECLINED,CLEAR,False,False,0,2026-08-28T03:16:04.452773
TX-2DD02B8F,CUST-1231,4681.23,INR,NACH,FAILED,CARD_DECLINED,CLEAR,False,False,0,2026-08-27T21:16:04.452773
TX-263D6F2C,CUST-1093,681.23,INR,NACH,FAILED,CARD_DECLINED,CLEAR,False,False,0,2026-08-26T21:16:04.452773
TX-63A8411F,CUST-1215,4681.23,INR,CARD,FAILED,CARD_DECLINED,CLEAR,False,False,0,2026-08-27T01:16:04.452773
TX-927B3CF4,CUST-1272,1681.23,INR,CARD,FAILED,CARD_DECLINED,CLEAR,False,False,0,2026-08-26T21:16:04.452773
TX-BD1CD6A9,CUST-1107,1681.23,INR,NETBANKING,FAILED,CARD_DECLINED,CLEAR,False,False,0,2026-08-28T09:16:04.455294
TX-39F42029,CUST-1243,681.23,INR,NACH,FAILED,CARD_DECLINED,CLEAR,False,False,0,2026-08-28T01:16:04.455294
TX-62DC583E,CUST-1187,681.23,INR,NETBANKING,FAILED,CARD_DECLINED,CLEAR,False,False,0,2026-08-27T23:16:04.455294
TX-4CD04B3E,CUST-1233,4681.23,INR,CARD,FAILED,CARD_DECLINED,CLEAR,False,False,0,2026-08-28T06:16:04.455294
TX-B6AD7B5D,CUST-1091,681.23,INR,UPI,FAILED,CARD_DECLINED,CLEAR,False,False,0,2026-08-28T11:16:04.455294
TX-0E079F47,CUST-1121,681.23,INR,NACH,FAILED,CARD_DECLINED,CLEAR,False,False,0,2026-08-26T23:16:04.455294
TX-D855E34A,CUST-1102,4681.23,INR,NETBANKING,FAILED,CARD_DECLINED,CLEAR,False,False,0,2026-08-27T22:16:04.455294
TX-6BB80347,CUST-1051,4681.23,INR,UPI,FAILED,CARD_DECLINED,CLEAR,False,False,0,2026-08-26T13:16:04.455294
TX-5F49CB74,CUST-1113,1681.23,INR,CARD,FAILED,CARD_DECLINED,CLEAR,False,False,0,2026-08-27T06:16:04.455294
TX-432B30E0,CUST-1224,8681.23,INR,UPI,FAILED,CARD_DECLINED,CLEAR,False,False,0,2026-08-27T23:16:04.455294
TX-004B0E5C,CUST-1199,8681.23,INR,NETBANKING,FAILED,CARD_DECLINED,CLEAR,False,False,0,2026-08-28T04:16:04.455294
TX-1F28DE14,CUST-1184,1681.23,INR,NETBANKING,FAILED,CARD_DECLINED,CLEAR,False,False,0,2026-08-28T00:16:04.455294
TX-CBA84868,CUST-1292,1681.23,INR,CARD,FAILED,CARD_DECLINED,CLEAR,False,False,0,2026-08-27T19:16:04.455294
TX-A9DDB84B,CUST-1235,681.23,INR,NACH,FAILED,CARD_DECLINED,CLEAR,False,False,0,2026-08-28T02:16:04.455294
TX-EAE936BB,CUST-1081,1681.23,INR,UPI,FAILED,CARD_DECLINED,CLEAR,False,False,0,2026-08-27T00:16:04.455294
TX-746F9521,CUST-1211,1681.23,INR,NACH,FAILED,CARD_DECLINED,CLEAR,False,False,0,2026-08-27T23:16:04.455294
TX-396B6B48,CUST-1143,8681.23,INR,CARD,FAILED,CARD_DECLINED,CLEAR,False,False,0,2026-08-26T14:16:04.455294
TX-DE562918,CUST-1168,1681.23,INR,NACH,FAILED,CARD_DECLINED,CLEAR,False,False,0,2026-08-26T23:16:04.455294
TX-2ED9EAFB,CUST-1003,1681.23,INR,NACH,FAILED,CARD_DECLINED,CLEAR,False,False,0,2026-08-28T10:16:04.455294
TX-2170167F,CUST-1259,8681.23,INR,CARD,FAILED,CARD_DECLINED,CLEAR,False,False,0,2026-08-27T09:16:04.455294
TX-BBD88D0B,CUST-1051,8681.23,INR,NACH,FAILED,CARD_DECLINED,CLEAR,False,False,0,2026-08-27T05:16:04.455294
TX-D59AAD92,CUST-1007,681.23,INR,NACH,FAILED,CARD_DECLINED,CLEAR,False,False,0,2026-08-27T23:16:04.455294
TX-5E67E164,CUST-1123,4681.23,INR,CARD,FAILED,CARD_DECLINED,CLEAR,False,False,0,2026-08-28T11:16:04.455294
TX-04EDD3B9,CUST-1236,4681.23,INR,CARD,FAILED,CARD_DECLINED,CLEAR,False,False,0,2026-08-27T07:16:04.455294
TX-C0DF30DA,CUST-1208,1681.23,INR,UPI,FAILED,CARD_DECLINED,CLEAR,False,False,0,2026-08-27T13:16:04.455294
TX-F61E3902,CUST-1001,8681.23,INR,CARD,FAILED,CARD_DECLINED,CLEAR,False,False,0,2026-08-27T12:16:04.455294
TX-4205B682,CUST-1017,4681.23,INR,NETBANKING,FAILED,CARD_DECLINED,CLEAR,False,False,0,2026-08-27T09:16:04.455294
TX-69CFF1B4,CUST-1042,1681.23,INR,NETBANKING,FAILED,CARD_DECLINED,CLEAR,False,False,0,2026-08-26T13:16:04.455294
TX-89B8A913,CUST-1057,4681.23,INR,NACH,FAILED,CARD_DECLINED,CLEAR,False,False,0,2026-08-27T13:16:04.455294
TX-623341E8,CUST-1188,681.23,INR,UPI,FAILED,CARD_DECLINED,CLEAR,False,False,0,2026-08-26T19:16:04.455294
TX-59F897D5,CUST-1105,681.23,INR,UPI,FAILED,CARD_DECLINED,CLEAR,False,False,0,2026-08-27T15:16:04.455294
TX-63BD6834,CUST-1245,681.23,INR,UPI,FAILED,CARD_DECLINED,CLEAR,False,False,0,2026-08-26T13:16:04.455294
TX-C8316E2E,CUST-1137,4681.23,INR,NACH,FAILED,CARD_DECLINED,CLEAR,False,False,0,2026-08-27T19:16:04.455294
TX-F53943AE,CUST-1177,681.23,INR,NACH,FAILED,CARD_DECLINED,CLEAR,False,False,0,2026-08-27T05:16:04.455294
TX-ED743784,CUST-1273,681.23,INR,NETBANKING,FAILED,CARD_DECLINED,CLEAR,False,False,0,2026-08-27T08:16:04.455294
TX-C7A57100,CUST-1034,4681.23,INR,UPI,FAILED,CARD_DECLINED,CLEAR,False,False,0,2026-08-27T07:16:04.455294
TX-A9042331,CUST-1092,681.23,INR,NETBANKING,FAILED,CARD_DECLINED,CLEAR,False,False,0,2026-08-28T08:16:04.455294
TX-73E9CEEE,CUST-1058,1681.23,INR,UPI,FAILED,CARD_DECLINED,CLEAR,False,False,0,2026-08-27T05:16:04.455294
TX-2DAAD784,CUST-1012,1681.23,INR,NETBANKING,FAILED,CARD_DECLINED,CLEAR,False,False,0,2026-08-27T10:16:04.455294
TX-8033B6BB,CUST-1178,1681.23,INR,NACH,FAILED,CARD_DECLINED,CLEAR,False,False,0,2026-08-27T08:16:04.455294
TX-7EA82709,CUST-1097,681.23,INR,CARD,FAILED,CARD_DECLINED,CLEAR,False,False,0,2026-08-28T11:16:04.455294
TX-1FE648F2,CUST-1297,4681.23,INR,NETBANKING,FAILED,CARD_DECLINED,CLEAR,False,False,0,2026-08-26T19:16:04.455294
TX-241D8109,CUST-1272,4681.23,INR,NACH,FAILED,CARD_DECLINED,CLEAR,False,False,0,2026-08-27T07:16:04.455294
TX-D1079FB2,CUST-1088,1681.23,INR,NETBANKING,FAILED,CARD_DECLINED,CLEAR,False,False,0,2026-08-27T22:16:04.455294
TX-53696E72,CUST-1025,4681.23,INR,UPI,FAILED,CARD_DECLINED,CLEAR,False,False,0,2026-08-27T14:16:04.455294
TX-5DEBEB87,CUST-1083,8681.23,INR,NETBANKING,FAILED,CARD_DECLINED,CLEAR,False,False,0,2026-08-28T01:16:04.455294
TX-C8B1A255,CUST-1122,1681.23,INR,CARD,FAILED,CARD_DECLINED,CLEAR,False,False,0,2026-08-28T10:16:04.455294
TX-D17680AB,CUST-1134,1681.23,INR,NETBANKING,FAILED,CARD_DECLINED,CLEAR,False,False,0,2026-08-28T01:16:04.455294
TX-3C1CAF40,CUST-1163,681.23,INR,NETBANKING,FAILED,CARD_DECLINED,CLEAR,False,False,0,2026-08-28T03:16:04.455294
TX-84834191,CUST-1084,8681.23,INR,NETBANKING,FAILED,CARD_DECLINED,CLEAR,False,False,0,2026-08-28T05:16:04.455294
TX-A0BCC8EC,CUST-1075,8681.23,INR,NACH,FAILED,CARD_DECLINED,CLEAR,False,False,0,2026-08-27T16:16:04.455294
TX-AB59A8D1,CUST-1280,681.23,INR,NETBANKING,FAILED,CARD_DECLINED,CLEAR,False,False,0,2026-08-26T19:16:04.455294
TX-05A58D76,CUST-1149,4681.23,INR,UPI,FAILED,CARD_DECLINED,CLEAR,False,False,0,2026-08-27T00:16:04.455294
TX-E088C9D4,CUST-1058,8681.23,INR,NACH,FAILED,CARD_DECLINED,CLEAR,False,False,0,2026-08-28T10:16:04.455294
TX-6C0330C9,CUST-1013,681.23,INR,NACH,FAILED,CARD_DECLINED,CLEAR,False,False,0,2026-08-26T21:16:04.455294
TX-464F2DF6,CUST-1048,8681.23,INR,NETBANKING,FAILED,CARD_DECLINED,CLEAR,False,False,0,2026-08-28T09:16:04.455294
TX-F7D2201A,CUST-1270,1681.23,INR,UPI,FAILED,CARD_DECLINED,CLEAR,False,False,0,2026-08-27T19:16:04.455294
TX-9475B09D,CUST-1276,681.23,INR,NACH,FAILED,CARD_DECLINED,CLEAR,False,False,0,2026-08-26T17:16:04.455294
TX-53B4953B,CUST-1202,681.23,INR,UPI,FAILED,CARD_DECLINED,CLEAR,False,False,0,2026-08-27T05:16:04.455294
TX-43336E08,CUST-1185,681.23,INR,NACH,FAILED,CARD_DECLINED,CLEAR,False,False,0,2026-08-28T03:16:04.455294
TX-515E0EA3,CUST-1198,8681.23,INR,NETBANKING,FAILED,CARD_DECLINED,CLEAR,False,False,0,2026-08-28T12:16:04.455294
TX-55B02943,CUST-1158,4681.23,INR,NACH,FAILED,CARD_DECLINED,CLEAR,False,False,0,2026-08-27T01:16:04.455294
TX-35E9C25B,CUST-1228,1681.23,INR,NACH,FAILED,CARD_DECLINED,CLEAR,False,False,0,2026-08-27T08:16:04.455294
TX-0AC83F01,CUST-1218,1681.23,INR,NACH,FAILED,CARD_DECLINED,CLEAR,False,False,0,2026-08-28T04:16:04.455294
TX-56EFD1D3,CUST-1107,681.23,INR,NETBANKING,FAILED,CARD_DECLINED,CLEAR,False,False,0,2026-08-27T06:16:04.455294
TX-E2300E57,CUST-1193,4681.23,INR,CARD,FAILED,CARD_DECLINED,CLEAR,False,False,0,2026-08-28T12:16:04.455294
TX-0509FF65,CUST-1090,4681.23,INR,NACH,FAILED,CARD_DECLINED,CLEAR,False,False,0,2026-08-26T15:16:04.455294
TX-5A20F4A3,CUST-1096,1681.23,INR,NACH,FAILED,CARD_DECLINED,CLEAR,False,False,0,2026-08-27T18:16:04.455294
TX-853F1DD8,CUST-1155,8681.23,INR,NETBANKING,FAILED,CARD_DECLINED,CLEAR,False,False,0,2026-08-27T05:16:04.455294
TX-2C6335E7,CUST-1014,8681.23,INR,CARD,FAILED,CARD_DECLINED,CLEAR,False,False,0,2026-08-28T03:16:04.455294
TX-299054F8,CUST-1242,4681.23,INR,CARD,FAILED,CARD_DECLINED,CLEAR,False,False,0,2026-08-26T19:16:04.465304
TX-BBCFD3A6,CUST-1092,4681.23,INR,NACH,FAILED,CARD_DECLINED,CLEAR,False,False,0,2026-08-26T16:16:04.465304
TX-96A18172,CUST-1062,1681.23,INR,NETBANKING,FAILED,CARD_DECLINED,CLEAR,False,False,0,2026-08-27T05:16:04.465304
TX-DC606315,CUST-1247,4681.23,INR,NACH,FAILED,CARD_DECLINED,CLEAR,False,False,0,2026-08-27T20:16:04.465304
TX-D4A831B5,CUST-1062,11682.23,INR,NETBANKING,FAILED,OVERDUE_PAYMENT_PROMISE,CLEAR,False,False,0,2026-08-27T04:16:04.465304
TX-49131BE1,CUST-1084,3182.23,INR,CARD,FAILED,OVERDUE_PAYMENT_PROMISE,CLEAR,False,False,0,2026-08-28T03:16:04.465304
TX-AC716C4E,CUST-1070,11682.23,INR,NETBANKING,FAILED,OVERDUE_PAYMENT_PROMISE,CLEAR,False,False,0,2026-08-28T02:16:04.465304
TX-23C55A02,CUST-1215,6182.23,INR,NETBANKING,FAILED,OVERDUE_PAYMENT_PROMISE,CLEAR,False,False,0,2026-08-28T09:16:04.465304
TX-2623B4B8,CUST-1040,6182.23,INR,UPI,FAILED,OVERDUE_PAYMENT_PROMISE,CLEAR,False,False,0,2026-08-26T20:16:04.465304
TX-EB9D5BCE,CUST-1086,3182.23,INR,NETBANKING,FAILED,OVERDUE_PAYMENT_PROMISE,CLEAR,False,False,0,2026-08-27T16:16:04.465304
TX-B7C5EFE8,CUST-1186,6182.23,INR,CARD,FAILED,OVERDUE_PAYMENT_PROMISE,CLEAR,False,False,0,2026-08-27T02:16:04.465304
TX-03EFC436,CUST-1007,6182.23,INR,UPI,FAILED,OVERDUE_PAYMENT_PROMISE,CLEAR,False,False,0,2026-08-27T03:16:04.465304
TX-CD7B6894,CUST-1211,6182.23,INR,NETBANKING,FAILED,OVERDUE_PAYMENT_PROMISE,CLEAR,False,False,0,2026-08-28T02:16:04.465304
TX-4F5AEF23,CUST-1258,4482.23,INR,UPI,FAILED,OVERDUE_PAYMENT_PROMISE,CLEAR,False,False,0,2026-08-28T00:16:04.465304
TX-1B156755,CUST-1236,3182.23,INR,CARD,FAILED,OVERDUE_PAYMENT_PROMISE,CLEAR,False,False,0,2026-08-28T05:16:04.465304
TX-A5F00485,CUST-1179,3182.23,INR,NETBANKING,FAILED,OVERDUE_PAYMENT_PROMISE,CLEAR,False,False,0,2026-08-26T16:16:04.465304
TX-A8449C87,CUST-1268,4482.23,INR,NETBANKING,FAILED,OVERDUE_PAYMENT_PROMISE,CLEAR,False,False,0,2026-08-28T01:16:04.465304
TX-457F84B4,CUST-1061,6182.23,INR,UPI,FAILED,OVERDUE_PAYMENT_PROMISE,CLEAR,False,False,0,2026-08-28T04:16:04.465304
TX-67684B9A,CUST-1117,4482.23,INR,NETBANKING,FAILED,OVERDUE_PAYMENT_PROMISE,CLEAR,False,False,0,2026-08-28T04:16:04.465304
TX-6F2E29DF,CUST-1218,4482.23,INR,CARD,FAILED,OVERDUE_PAYMENT_PROMISE,CLEAR,False,False,0,2026-08-28T08:16:04.465304
TX-76677323,CUST-1022,11682.23,INR,UPI,FAILED,OVERDUE_PAYMENT_PROMISE,CLEAR,False,False,0,2026-08-28T06:16:04.465304
TX-D783EFAB,CUST-1061,3182.23,INR,NETBANKING,FAILED,OVERDUE_PAYMENT_PROMISE,CLEAR,False,False,0,2026-08-28T10:16:04.465304
TX-554068F8,CUST-1006,6182.23,INR,CARD,FAILED,OVERDUE_PAYMENT_PROMISE,CLEAR,False,False,0,2026-08-28T05:16:04.465304
TX-878FCA15,CUST-1103,4482.23,INR,UPI,FAILED,OVERDUE_PAYMENT_PROMISE,CLEAR,False,False,0,2026-08-26T18:16:04.465304
TX-F5431392,CUST-1075,3182.23,INR,NETBANKING,FAILED,OVERDUE_PAYMENT_PROMISE,CLEAR,False,False,0,2026-08-26T23:16:04.465304
TX-BDE52FA6,CUST-1257,6182.23,INR,UPI,FAILED,OVERDUE_PAYMENT_PROMISE,CLEAR,False,False,0,2026-08-27T04:16:04.465304
TX-A7739AF3,CUST-1297,3182.23,INR,CARD,FAILED,OVERDUE_PAYMENT_PROMISE,CLEAR,False,False,0,2026-08-27T03:16:04.465304
TX-07A3ED74,CUST-1088,4482.23,INR,CARD,FAILED,OVERDUE_PAYMENT_PROMISE,CLEAR,False,False,0,2026-08-26T14:16:04.465304
TX-196BB701,CUST-1244,4482.23,INR,NETBANKING,FAILED,OVERDUE_PAYMENT_PROMISE,CLEAR,False,False,0,2026-08-26T16:16:04.465304
TX-A5D3CCB4,CUST-1055,4482.23,INR,UPI,FAILED,OVERDUE_PAYMENT_PROMISE,CLEAR,False,False,0,2026-08-27T14:16:04.465304
TX-6A4834E6,CUST-1264,11682.23,INR,UPI,FAILED,OVERDUE_PAYMENT_PROMISE,CLEAR,False,False,0,2026-08-27T10:16:04.465304
TX-94352E1F,CUST-1239,6182.23,INR,CARD,FAILED,OVERDUE_PAYMENT_PROMISE,CLEAR,False,False,0,2026-08-27T03:16:04.465304
TX-A0FDD1A7,CUST-1148,11682.23,INR,CARD,FAILED,OVERDUE_PAYMENT_PROMISE,CLEAR,False,False,0,2026-08-28T07:16:04.465304
TX-87354AAE,CUST-1198,11682.23,INR,NETBANKING,FAILED,OVERDUE_PAYMENT_PROMISE,CLEAR,False,False,0,2026-08-27T07:16:04.465304
TX-B470ABFD,CUST-1228,6182.23,INR,UPI,FAILED,OVERDUE_PAYMENT_PROMISE,CLEAR,False,False,0,2026-08-27T01:16:04.470074
TX-4AACAA85,CUST-1097,6182.23,INR,CARD,FAILED,OVERDUE_PAYMENT_PROMISE,CLEAR,False,False,0,2026-08-27T06:16:04.470074
TX-6B38E50B,CUST-1007,6182.23,INR,NACH,FAILED,OVERDUE_PAYMENT_PROMISE,CLEAR,False,False,0,2026-08-26T17:16:04.470074
TX-D328A58C,CUST-1268,11682.23,INR,CARD,FAILED,OVERDUE_PAYMENT_PROMISE,CLEAR,False,False,0,2026-08-28T05:16:04.470074
TX-81E42AE7,CUST-1053,11682.23,INR,UPI,FAILED,OVERDUE_PAYMENT_PROMISE,CLEAR,False,False,0,2026-08-28T08:16:04.470074
TX-67A33411,CUST-1103,4482.23,INR,NACH,FAILED,OVERDUE_PAYMENT_PROMISE,CLEAR,False,False,0,2026-08-28T05:16:04.470074
TX-5737BE49,CUST-1143,11682.23,INR,NETBANKING,FAILED,OVERDUE_PAYMENT_PROMISE,CLEAR,False,False,0,2026-08-26T19:16:04.470074
TX-B162F6E8,CUST-1208,6182.23,INR,NACH,FAILED,OVERDUE_PAYMENT_PROMISE,CLEAR,False,False,0,2026-08-27T04:16:04.470074
TX-4BA4DDFF,CUST-1056,4482.23,INR,CARD,FAILED,OVERDUE_PAYMENT_PROMISE,CLEAR,False,False,0,2026-08-27T20:16:04.470074
TX-3C3D6EF1,CUST-1069,11682.23,INR,CARD,FAILED,OVERDUE_PAYMENT_PROMISE,CLEAR,False,False,0,2026-08-28T06:16:04.470074
TX-C1354CA9,CUST-1256,3182.23,INR,CARD,FAILED,OVERDUE_PAYMENT_PROMISE,CLEAR,False,False,0,2026-08-28T01:16:04.470074
TX-02D9F44D,CUST-1156,6182.23,INR,CARD,FAILED,OVERDUE_PAYMENT_PROMISE,CLEAR,False,False,0,2026-08-28T08:16:04.470074
TX-6F0893C6,CUST-1104,11682.23,INR,NETBANKING,FAILED,OVERDUE_PAYMENT_PROMISE,CLEAR,False,False,0,2026-08-26T18:16:04.470074
TX-02EDCE41,CUST-1134,11682.23,INR,NETBANKING,FAILED,OVERDUE_PAYMENT_PROMISE,CLEAR,False,False,0,2026-08-27T02:16:04.470074
TX-1B3AE039,CUST-1221,3182.23,INR,CARD,FAILED,OVERDUE_PAYMENT_PROMISE,CLEAR,False,False,0,2026-08-27T12:16:04.470074
TX-B43E00C9,CUST-1227,6182.23,INR,NACH,FAILED,OVERDUE_PAYMENT_PROMISE,CLEAR,False,False,0,2026-08-28T10:16:04.470074
TX-E2F91C72,CUST-1156,4482.23,INR,UPI,FAILED,OVERDUE_PAYMENT_PROMISE,CLEAR,False,False,0,2026-08-27T05:16:04.470074
TX-57426CDC,CUST-1200,4482.23,INR,NACH,FAILED,OVERDUE_PAYMENT_PROMISE,CLEAR,False,False,0,2026-08-28T05:16:04.470074
TX-CD0DF384,CUST-1284,11682.23,INR,NACH,FAILED,OVERDUE_PAYMENT_PROMISE,CLEAR,False,False,0,2026-08-27T06:16:04.470074
TX-387E70DC,CUST-1029,4482.23,INR,NACH,FAILED,OVERDUE_PAYMENT_PROMISE,CLEAR,False,False,0,2026-08-27T20:16:04.470074
TX-834208CC,CUST-1181,11682.23,INR,NETBANKING,FAILED,OVERDUE_PAYMENT_PROMISE,CLEAR,False,False,0,2026-08-27T16:16:04.470074
TX-ACDE53BC,CUST-1024,3182.23,INR,UPI,FAILED,OVERDUE_PAYMENT_PROMISE,CLEAR,False,False,0,2026-08-27T13:16:04.470074
TX-536F7875,CUST-1175,3182.23,INR,NACH,FAILED,OVERDUE_PAYMENT_PROMISE,CLEAR,False,False,0,2026-08-28T06:16:04.470074
TX-6F35ECDE,CUST-1211,6182.23,INR,NETBANKING,FAILED,OVERDUE_PAYMENT_PROMISE,CLEAR,False,False,0,2026-08-28T09:16:04.470074
TX-8747570D,CUST-1121,4482.23,INR,NETBANKING,FAILED,OVERDUE_PAYMENT_PROMISE,CLEAR,False,False,0,2026-08-26T23:16:04.470074
TX-2A5DE009,CUST-1059,3182.23,INR,NETBANKING,FAILED,OVERDUE_PAYMENT_PROMISE,CLEAR,False,False,0,2026-08-28T02:16:04.470074
TX-AB90DFB2,CUST-1236,6182.23,INR,NACH,FAILED,OVERDUE_PAYMENT_PROMISE,CLEAR,False,False,0,2026-08-27T00:16:04.470074
TX-B23BD787,CUST-1011,11682.23,INR,NACH,FAILED,OVERDUE_PAYMENT_PROMISE,CLEAR,False,False,0,2026-08-26T23:16:04.470074
TX-D63C17AE,CUST-1293,6182.23,INR,NACH,FAILED,OVERDUE_PAYMENT_PROMISE,CLEAR,False,False,0,2026-08-27T16:16:04.470074
TX-7670C48E,CUST-1052,3182.23,INR,UPI,FAILED,OVERDUE_PAYMENT_PROMISE,CLEAR,False,False,0,2026-08-27T15:16:04.470074
TX-868DCD84,CUST-1154,6182.23,INR,NETBANKING,FAILED,OVERDUE_PAYMENT_PROMISE,CLEAR,False,False,0,2026-08-27T09:16:04.470074
TX-43EB1092,CUST-1039,11682.23,INR,UPI,FAILED,OVERDUE_PAYMENT_PROMISE,CLEAR,False,False,0,2026-08-27T18:16:04.470074
TX-4644363B,CUST-1294,3182.23,INR,NACH,FAILED,OVERDUE_PAYMENT_PROMISE,CLEAR,False,False,0,2026-08-27T22:16:04.470074
TX-16291D99,CUST-1297,3182.23,INR,CARD,FAILED,OVERDUE_PAYMENT_PROMISE,CLEAR,False,False,0,2026-08-26T23:16:04.470074
TX-95AA0573,CUST-1291,6182.23,INR,NACH,FAILED,OVERDUE_PAYMENT_PROMISE,CLEAR,False,False,0,2026-08-27T09:16:04.470074
TX-56E14958,CUST-1155,6182.23,INR,NETBANKING,FAILED,OVERDUE_PAYMENT_PROMISE,CLEAR,False,False,0,2026-08-27T09:16:04.475342
TX-2411DDAA,CUST-1213,6182.23,INR,NACH,FAILED,OVERDUE_PAYMENT_PROMISE,CLEAR,False,False,0,2026-08-27T20:16:04.475342
TX-AE6C56CA,CUST-1281,11682.23,INR,UPI,FAILED,OVERDUE_PAYMENT_PROMISE,CLEAR,False,False,0,2026-08-28T11:16:04.475342
TX-77E341E1,CUST-1256,4482.23,INR,UPI,FAILED,OVERDUE_PAYMENT_PROMISE,CLEAR,False,False,0,2026-08-26T18:16:04.475342
TX-CBED8326,CUST-1273,11682.23,INR,NACH,FAILED,OVERDUE_PAYMENT_PROMISE,CLEAR,False,False,0,2026-08-27T00:16:04.475342
TX-04A5B851,CUST-1103,3182.23,INR,NETBANKING,FAILED,OVERDUE_PAYMENT_PROMISE,CLEAR,False,False,0,2026-08-27T07:16:04.475342
TX-42DB24BD,CUST-1154,4482.23,INR,NACH,FAILED,OVERDUE_PAYMENT_PROMISE,CLEAR,False,False,0,2026-08-27T10:16:04.475342
TX-E60116A5,CUST-1105,3182.23,INR,NACH,FAILED,OVERDUE_PAYMENT_PROMISE,CLEAR,False,False,0,2026-08-27T19:16:04.475342
TX-2495FF57,CUST-1121,4482.23,INR,NACH,FAILED,OVERDUE_PAYMENT_PROMISE,CLEAR,False,False,0,2026-08-27T21:16:04.475342
TX-A36A1A0A,CUST-1015,4482.23,INR,UPI,FAILED,OVERDUE_PAYMENT_PROMISE,CLEAR,False,False,0,2026-08-27T17:16:04.475342
TX-496A3BA8,CUST-1224,11682.23,INR,NACH,FAILED,OVERDUE_PAYMENT_PROMISE,CLEAR,False,False,0,2026-08-26T19:16:04.475342
TX-FAFF2912,CUST-1140,4482.23,INR,UPI,FAILED,OVERDUE_PAYMENT_PROMISE,CLEAR,False,False,0,2026-08-28T11:16:04.475342
TX-74FCA34E,CUST-1282,6182.23,INR,UPI,FAILED,OVERDUE_PAYMENT_PROMISE,CLEAR,False,False,0,2026-08-26T19:16:04.475342
TX-A9DF86DF,CUST-1029,11682.23,INR,CARD,FAILED,OVERDUE_PAYMENT_PROMISE,CLEAR,False,False,0,2026-08-27T16:16:04.477412
TX-BFC7B0C9,CUST-1209,6182.23,INR,NETBANKING,FAILED,OVERDUE_PAYMENT_PROMISE,CLEAR,False,False,0,2026-08-26T18:16:04.477412
TX-0DFE880E,CUST-1072,3182.23,INR,UPI,FAILED,OVERDUE_PAYMENT_PROMISE,CLEAR,False,False,0,2026-08-28T05:16:04.477412
TX-622842AA,CUST-1298,3182.23,INR,NETBANKING,FAILED,OVERDUE_PAYMENT_PROMISE,CLEAR,False,False,0,2026-08-27T05:16:04.477412
TX-2B436282,CUST-1063,4482.23,INR,NETBANKING,FAILED,OVERDUE_PAYMENT_PROMISE,CLEAR,False,False,0,2026-08-27T15:16:04.477412
TX-72BA77CA,CUST-1217,11682.23,INR,UPI,FAILED,OVERDUE_PAYMENT_PROMISE,CLEAR,False,False,0,2026-08-28T03:16:04.477412
TX-7B61797F,CUST-1141,4482.23,INR,NACH,FAILED,OVERDUE_PAYMENT_PROMISE,CLEAR,False,False,0,2026-08-27T10:16:04.477412
TX-289EA4FC,CUST-1274,3182.23,INR,NETBANKING,FAILED,OVERDUE_PAYMENT_PROMISE,CLEAR,False,False,0,2026-08-26T16:16:04.477412
TX-AFBEE813,CUST-1217,6182.23,INR,NACH,FAILED,OVERDUE_PAYMENT_PROMISE,CLEAR,False,False,0,2026-08-26T17:16:04.477412
TX-FD8CFA0D,CUST-1186,6182.23,INR,NACH,FAILED,OVERDUE_PAYMENT_PROMISE,CLEAR,False,False,0,2026-08-26T15:16:04.477412
TX-53625943,CUST-1018,6182.23,INR,CARD,FAILED,OVERDUE_PAYMENT_PROMISE,CLEAR,False,False,0,2026-08-26T16:16:04.477412
TX-405D1E46,CUST-1283,4482.23,INR,NACH,FAILED,OVERDUE_PAYMENT_PROMISE,CLEAR,False,False,0,2026-08-27T17:16:04.477412
TX-0C778AE3,CUST-1063,6182.23,INR,UPI,FAILED,OVERDUE_PAYMENT_PROMISE,CLEAR,False,False,0,2026-08-27T08:16:04.477412
TX-E4742FDC,CUST-1131,3182.23,INR,NETBANKING,FAILED,OVERDUE_PAYMENT_PROMISE,CLEAR,False,False,0,2026-08-28T07:16:04.477412
TX-AD2F2FEC,CUST-1083,6182.23,INR,NACH,FAILED,OVERDUE_PAYMENT_PROMISE,CLEAR,False,False,0,2026-08-26T20:16:04.477412
TX-E8CB4299,CUST-1141,11682.23,INR,CARD,FAILED,OVERDUE_PAYMENT_PROMISE,CLEAR,False,False,0,2026-08-27T05:16:04.477412
TX-17D6458E,CUST-1217,11682.23,INR,CARD,FAILED,OVERDUE_PAYMENT_PROMISE,CLEAR,False,False,0,2026-08-28T02:16:04.479425
TX-28BAE79E,CUST-1034,6182.23,INR,NETBANKING,FAILED,OVERDUE_PAYMENT_PROMISE,CLEAR,False,False,0,2026-08-27T10:16:04.479425
TX-8C58502D,CUST-1015,6182.23,INR,CARD,FAILED,OVERDUE_PAYMENT_PROMISE,CLEAR,False,False,0,2026-08-26T19:16:04.479425
TX-692FF4D9,CUST-1228,4482.23,INR,UPI,FAILED,OVERDUE_PAYMENT_PROMISE,CLEAR,False,False,0,2026-08-28T12:16:04.479425
TX-5C99F32E,CUST-1157,4482.23,INR,NETBANKING,FAILED,OVERDUE_PAYMENT_PROMISE,CLEAR,False,False,0,2026-08-27T00:16:04.479425
TX-6F722318,CUST-1128,3182.23,INR,UPI,FAILED,OVERDUE_PAYMENT_PROMISE,CLEAR,False,False,0,2026-08-26T22:16:04.479425
TX-5275ACD9,CUST-1232,11682.23,INR,NACH,FAILED,OVERDUE_PAYMENT_PROMISE,CLEAR,False,False,0,2026-08-26T13:16:04.479425
TX-59153ED2,CUST-1168,6182.23,INR,NETBANKING,FAILED,OVERDUE_PAYMENT_PROMISE,CLEAR,False,False,0,2026-08-28T00:16:04.479425
TX-BFD6BD17,CUST-1094,11682.23,INR,NACH,FAILED,OVERDUE_PAYMENT_PROMISE,CLEAR,False,False,0,2026-08-27T12:16:04.479425
TX-0706C217,CUST-1012,4482.23,INR,UPI,FAILED,OVERDUE_PAYMENT_PROMISE,CLEAR,False,False,0,2026-08-28T07:16:04.479425
TX-601E9F1E,CUST-1087,4482.23,INR,CARD,FAILED,OVERDUE_PAYMENT_PROMISE,CLEAR,False,False,0,2026-08-27T11:16:04.479425
TX-3219EBE6,CUST-1134,11682.23,INR,UPI,FAILED,OVERDUE_PAYMENT_PROMISE,CLEAR,False,False,0,2026-08-28T07:16:04.479425
TX-238C1705,CUST-1061,4482.23,INR,CARD,FAILED,OVERDUE_PAYMENT_PROMISE,CLEAR,False,False,0,2026-08-26T15:16:04.479425
TX-C92E12FA,CUST-1254,11682.23,INR,CARD,FAILED,OVERDUE_PAYMENT_PROMISE,CLEAR,False,False,0,2026-08-27T22:16:04.479425
TX-2FCC27AC,CUST-1137,4482.23,INR,NETBANKING,FAILED,OVERDUE_PAYMENT_PROMISE,CLEAR,False,False,0,2026-08-26T13:16:04.481182
TX-AB4EC615,CUST-1221,11682.23,INR,UPI,FAILED,OVERDUE_PAYMENT_PROMISE,CLEAR,False,False,0,2026-08-26T22:16:04.481182
TX-A2DD1725,CUST-1097,6182.23,INR,NACH,FAILED,OVERDUE_PAYMENT_PROMISE,CLEAR,False,False,0,2026-08-28T01:16:04.481182
TX-358ABAC0,CUST-1149,4482.23,INR,NETBANKING,FAILED,OVERDUE_PAYMENT_PROMISE,CLEAR,False,False,0,2026-08-27T21:16:04.481182
TX-327444E4,CUST-1190,11682.23,INR,NACH,FAILED,OVERDUE_PAYMENT_PROMISE,CLEAR,False,False,0,2026-08-28T07:16:04.481182
TX-ED01D60F,CUST-1166,11682.23,INR,NACH,FAILED,OVERDUE_PAYMENT_PROMISE,CLEAR,False,False,0,2026-08-26T17:16:04.481182
TX-656FD3E8,CUST-1217,11682.23,INR,NETBANKING,FAILED,OVERDUE_PAYMENT_PROMISE,CLEAR,False,False,0,2026-08-28T08:16:04.481182
TX-4B76D650,CUST-1171,3182.23,INR,UPI,FAILED,OVERDUE_PAYMENT_PROMISE,CLEAR,False,False,0,2026-08-27T06:16:04.481182
TX-C4C4D526,CUST-1130,3182.23,INR,NACH,FAILED,OVERDUE_PAYMENT_PROMISE,CLEAR,False,False,0,2026-08-27T17:16:04.483196
TX-8E53ADDA,CUST-1287,6182.23,INR,CARD,FAILED,OVERDUE_PAYMENT_PROMISE,CLEAR,False,False,0,2026-08-26T23:16:04.483196
TX-7E5C32F0,CUST-1258,6182.23,INR,NACH,FAILED,OVERDUE_PAYMENT_PROMISE,CLEAR,False,False,0,2026-08-27T15:16:04.483196
TX-AFC641CC,CUST-1163,4482.23,INR,NACH,FAILED,OVERDUE_PAYMENT_PROMISE,CLEAR,False,False,0,2026-08-28T03:16:04.483196
TX-E476D010,CUST-1023,3182.23,INR,UPI,FAILED,OVERDUE_PAYMENT_PROMISE,CLEAR,False,False,0,2026-08-27T05:16:04.483196
TX-57DB6A4B,CUST-1145,6182.23,INR,NETBANKING,FAILED,OVERDUE_PAYMENT_PROMISE,CLEAR,False,False,0,2026-08-26T21:16:04.483196
TX-BA5F001D,CUST-1085,6182.23,INR,NETBANKING,FAILED,OVERDUE_PAYMENT_PROMISE,CLEAR,False,False,0,2026-08-26T13:16:04.485209
TX-57D7D980,CUST-1226,4482.23,INR,CARD,FAILED,OVERDUE_PAYMENT_PROMISE,CLEAR,False,False,0,2026-08-28T00:16:04.485209
TX-15817946,CUST-1094,3182.23,INR,CARD,FAILED,OVERDUE_PAYMENT_PROMISE,CLEAR,False,False,0,2026-08-27T06:16:04.485209
TX-F262BF72,CUST-1240,4482.23,INR,NACH,FAILED,OVERDUE_PAYMENT_PROMISE,CLEAR,False,False,0,2026-08-28T05:16:04.485209
TX-73FA404A,CUST-1183,3182.23,INR,NACH,FAILED,OVERDUE_PAYMENT_PROMISE,CLEAR,False,False,0,2026-08-27T07:16:04.485209
TX-348BC7A7,CUST-1064,3182.23,INR,NETBANKING,FAILED,OVERDUE_PAYMENT_PROMISE,CLEAR,False,False,0,2026-08-28T07:16:04.485209
TX-983DF4EC,CUST-1087,6182.23,INR,NETBANKING,FAILED,OVERDUE_PAYMENT_PROMISE,CLEAR,False,False,0,2026-08-27T00:16:04.485209
TX-481EAF70,CUST-1003,4482.23,INR,UPI,FAILED,OVERDUE_PAYMENT_PROMISE,CLEAR,False,False,0,2026-08-27T10:16:04.488208
TX-843CAB61,CUST-1049,4482.23,INR,NETBANKING,FAILED,OVERDUE_PAYMENT_PROMISE,CLEAR,False,False,0,2026-08-28T11:16:04.488208
TX-B21E9E70,CUST-1192,3182.23,INR,CARD,FAILED,OVERDUE_PAYMENT_PROMISE,CLEAR,False,False,0,2026-08-27T16:16:04.488208
TX-DC3B12D7,CUST-1236,3182.23,INR,NACH,FAILED,OVERDUE_PAYMENT_PROMISE,CLEAR,False,False,0,2026-08-27T07:16:04.488208
TX-ED726A39,CUST-1003,6182.23,INR,NETBANKING,FAILED,OVERDUE_PAYMENT_PROMISE,CLEAR,False,False,0,2026-08-28T10:16:04.488208
TX-7604DD2E,CUST-1292,11682.23,INR,UPI,FAILED,OVERDUE_PAYMENT_PROMISE,CLEAR,False,False,0,2026-08-27T23:16:04.488208
TX-EF835D49,CUST-1029,6182.23,INR,CARD,FAILED,OVERDUE_PAYMENT_PROMISE,CLEAR,False,False,0,2026-08-27T01:16:04.488208
TX-E076ACAE,CUST-1205,11682.23,INR,NETBANKING,FAILED,OVERDUE_PAYMENT_PROMISE,CLEAR,False,False,0,2026-08-28T01:16:04.488208
TX-344E8FAE,CUST-1011,11682.23,INR,UPI,FAILED,OVERDUE_PAYMENT_PROMISE,CLEAR,False,False,0,2026-08-28T02:16:04.488208
TX-1C3591EA,CUST-1079,11682.23,INR,CARD,FAILED,OVERDUE_PAYMENT_PROMISE,CLEAR,False,False,0,2026-08-27T17:16:04.488208
TX-5596FBAB,CUST-1068,11682.23,INR,NETBANKING,FAILED,OVERDUE_PAYMENT_PROMISE,CLEAR,False,False,0,2026-08-26T18:16:04.488208
TX-C8125A07,CUST-1103,6182.23,INR,NACH,FAILED,OVERDUE_PAYMENT_PROMISE,CLEAR,False,False,0,2026-08-27T08:16:04.488208
TX-AFA30B54,CUST-1289,11682.23,INR,NACH,FAILED,OVERDUE_PAYMENT_PROMISE,CLEAR,False,False,0,2026-08-28T07:16:04.488208
TX-8DEB4D17,CUST-1096,6182.23,INR,NACH,FAILED,OVERDUE_PAYMENT_PROMISE,CLEAR,False,False,0,2026-08-26T20:16:04.488208
TX-D980C0CB,CUST-1263,3182.23,INR,NETBANKING,FAILED,OVERDUE_PAYMENT_PROMISE,CLEAR,False,False,0,2026-08-27T07:16:04.488208
TX-97E7B753,CUST-1080,4482.23,INR,NACH,FAILED,OVERDUE_PAYMENT_PROMISE,CLEAR,False,False,0,2026-08-27T03:16:04.488208
TX-FD63660A,CUST-1240,3182.23,INR,NACH,FAILED,OVERDUE_PAYMENT_PROMISE,CLEAR,False,False,0,2026-08-28T07:16:04.488208
TX-B4AE5CB6,CUST-1066,6182.23,INR,NETBANKING,FAILED,OVERDUE_PAYMENT_PROMISE,CLEAR,False,False,0,2026-08-27T21:16:04.488208
TX-9E1544D1,CUST-1292,11682.23,INR,CARD,FAILED,OVERDUE_PAYMENT_PROMISE,CLEAR,False,False,0,2026-08-27T01:16:04.488208
TX-44D579BB,CUST-1056,3182.23,INR,NACH,FAILED,OVERDUE_PAYMENT_PROMISE,CLEAR,False,False,0,2026-08-27T10:16:04.488208
TX-BD91983E,CUST-1292,11682.23,INR,NETBANKING,FAILED,OVERDUE_PAYMENT_PROMISE,CLEAR,False,False,0,2026-08-27T14:16:04.488208
TX-236C500D,CUST-1009,3182.38,INR,CARD,FAILED,OVERDUE_PAYMENT_PROMISE,CLEAR,False,False,0,2026-08-26T13:16:04.488208
