id,case_id,status,ai_recommendation,reason,created_at
APP-4118a9a3,CASE-1032,PENDING,"Recommend REMIND delay 30m. Amount ₹8,500.00 exceeds threshold.",Policy requires human sign-off for high value or medium risk cases.,2026-08-27T18:16:03.992776
APP-774ca626,CASE-1088,PENDING,"Recommend RETRY delay 30m. Amount ₹2,000.00 exceeds threshold.",Policy requires human sign-off for high value or medium risk cases.,2026-08-27T08:16:03.992776
APP-0e365b18,CASE-1102,PENDING,"Recommend ESCALATE delay 30m. Amount ₹75,000.00 exceeds threshold.",Policy requires human sign-off for high value or medium risk cases.,2026-08-26T17:16:03.995285
APP-25b03b11,CASE-2005,PENDING,"Recommend RETRY delay 30m. Amount ₹11,682.23 exceeds threshold.",Policy requires human sign-off for high value or medium risk cases.,2026-08-28T01:16:03.995285
APP-23c160f0,CASE-2006,PENDING,"Recommend RETRY delay 30m. Amount ₹7,182.23 exceeds threshold.",Policy requires human sign-off for high value or medium risk cases.,2026-08-27T22:16:03.995285
APP-bb062d1b,CASE-2008,PENDING,"Recommend RETRY delay 30m. Amount ₹7,182.23 exceeds threshold.",Policy requires human sign-off for high value or medium risk cases.,2026-08-27T21:16:03.995285
APP-067cfd60,CASE-2009,PENDING,"Recommend RETRY delay 30m. Amount ₹4,681.23 exceeds threshold.",Policy requires human sign-off for high value or medium risk cases.,2026-08-26T14:16:03.995285
APP-a1818274,CASE-2010,PENDING,"Recommend RETRY delay 30m. Amount ₹1,181.23 exceeds threshold.",Policy requires human sign-off for high value or medium risk cases.,2026-08-27T23:16:03.996318
APP-20a30c8e,CASE-2011,PENDING,"Recommend RETRY delay 30m. Amount ₹1,181.23 exceeds threshold.",Policy requires human sign-off for high value or medium risk cases.,2026-08-26T17:16:03.996318
APP-4f28b725,CASE-2012,PENDING,"Recommend RETRY delay 30m. Amount ₹11,682.23 exceeds threshold.",Policy requires human sign-off for high value or medium risk cases.,2026-08-27T08:16:03.996318
APP-74d400a7,CASE-2013,PENDING,"Recommend RETRY delay 30m. Amount ₹2,181.23 exceeds threshold.",Policy requires human sign-off for high value or medium risk cases.,2026-08-27T04:16:03.996318
APP-923fdc8d,CASE-2014,PENDING,"Recommend RETRY delay 30m. Amount ₹3,681.23 exceeds threshold.",Policy requires human sign-off for high value or medium risk cases.,2026-08-26T22:16:03.996318
APP-a288068f,CASE-2015,PENDING,"Recommend RETRY delay 30m. Amount ₹11,682.23 exceeds threshold.",Policy requires human sign-off for high value or medium risk cases.,2026-08-26T18:16:03.996318
APP-f25df10b,CASE-2016,PENDING,"Recommend RETRY delay 30m. Amount ₹7,182.23 exceeds threshold.",Policy requires human sign-off for high value or medium risk cases.,2026-08-28T09:16:03.996318
APP-8cb416e0,CASE-2017,PENDING,"Recommend RETRY delay 30m. Amount ₹7,182.23 exceeds threshold.",Policy requires human sign-off for high value or medium risk cases.,2026-08-27T05:16:03.996318
APP-6fa4f565,CASE-2018,PENDING,"Recommend RETRY delay 30m. Amount ₹1,181.23 exceeds threshold.",Policy requires human sign-off for high value or medium risk cases.,2026-08-27T10:16:03.996318
APP-32a464a9,CASE-2019,PENDING,"Recommend RETRY delay 30m. Amount ₹4,681.23 exceeds threshold.",Policy requires human sign-off for high value or medium risk cases.,2026-08-27T02:16:03.997328
APP-d9f00cd6,CASE-2020,PENDING,"Recommend RETRY delay 30m. Amount ₹4,681.23 exceeds threshold.",Policy requires human sign-off for high value or medium risk cases.,2026-08-28T03:16:03.997328
APP-0cde5d79,CASE-2021,PENDING,"Recommend RETRY delay 30m. Amount ₹4,681.23 exceeds threshold.",Policy requires human sign-off for high value or medium risk cases.,2026-08-27T01:16:03.997328
APP-d54052db,CASE-2022,PENDING,"Recommend RETRY delay 30m. Amount ₹7,182.23 exceeds threshold.",Policy requires human sign-off for high value or medium risk cases.,2026-08-27T23:16:03.997328
APP-b8a17ab9,CASE-2024,PENDING,"Recommend RETRY delay 30m. Amount ₹11,682.23 exceeds threshold.",Policy requires human sign-off for high value or medium risk cases.,2026-08-26T17:16:03.997328
APP-b59a6dbd,CASE-2025,PENDING,"Recommend RETRY delay 30m. Amount ₹7,182.23 exceeds threshold.",Policy requires human sign-off for high value or medium risk cases.,2026-08-26T23:16:03.998341
APP-368ef6e2,CASE-2026,PENDING,"Recommend RETRY delay 30m. Amount ₹11,682.23 exceeds threshold.",Policy requires human sign-off for high value or medium risk cases.,2026-08-27T23:16:03.998341
APP-a252e0ba,CASE-2027,PENDING,"Recommend RETRY delay 30m. Amount ₹3,681.23 exceeds threshold.",Policy requires human sign-off for high value or medium risk cases.,2026-08-26T13:16:03.998341
APP-28ad57e9,CASE-2029,PENDING,"Recommend RETRY delay 30m. Amount ₹11,682.23 exceeds threshold.",Policy requires human sign-off for high value or medium risk cases.,2026-08-27T16:16:03.998341
APP-dfad1d03,CASE-2030,PENDING,"Recommend RETRY delay 30m. Amount ₹3,681.23 exceeds threshold.",Policy requires human sign-off for high value or medium risk cases.,2026-08-27T20:16:03.998341
APP-c3b1237c,CASE-2031,PENDING,"Recommend RETRY delay 30m. Amount ₹3,681.23 exceeds threshold.",Policy requires human sign-off for high value or medium risk cases.,2026-08-26T14:16:03.998341
APP-5603b008,CASE-2034,PENDING,"Recommend RETRY delay 30m. Amount ₹7,182.23 exceeds threshold.",Policy requires human sign-off for high value or medium risk cases.,2026-08-28T00:16:03.998341
APP-616ac88b,CASE-2035,PENDING,"Recommend RETRY delay 30m. Amount ₹3,681.23 exceeds threshold.",Policy requires human sign-off for high value or medium risk cases.,2026-08-27T01:16:03.998341
APP-89e8ab78,CASE-2036,PENDING,"Recommend RETRY delay 30m. Amount ₹11,682.23 exceeds threshold.",Policy requires human sign-off for high value or medium risk cases.,2026-08-26T14:16:03.998341
APP-9d5cc57b,CASE-2037,PENDING,"Recommend RETRY delay 30m. Amount ₹11,682.23 exceeds threshold.",Policy requires human sign-off for high value or medium risk cases.,2026-08-26T14:16:03.998341
APP-a37351a8,CASE-2038,PENDING,"Recommend RETRY delay 30m. Amount ₹3,681.23 exceeds threshold.",Policy requires human sign-off for high value or medium risk cases.,2026-08-27T02:16:03.998341
APP-4044ba61,CASE-2039,PENDING,"Recommend RETRY delay 30m. Amount ₹11,682.23 exceeds threshold.",Policy requires human sign-off for high value or medium risk cases.,2026-08-26T18:16:03.998341
APP-db029586,CASE-2041,PENDING,"Recommend RETRY delay 30m. Amount ₹2,181.23 exceeds threshold.",Policy requires human sign-off for high value or medium risk cases.,2026-08-28T09:16:03.998341
APP-b8e23175,CASE-2042,PENDING,"Recommend RETRY delay 30m. Amount ₹7,182.23 exceeds threshold.",Policy requires human sign-off for high value or medium risk cases.,2026-08-28T12:16:03.998341
APP-4fafb2e8,CASE-2043,PENDING,"Recommend RETRY delay 30m. Amount ₹7,182.23 exceeds threshold.",Policy requires human sign-off for high value or medium risk cases.,2026-08-27T03:16:03.998341
APP-da0adc51,CASE-2044,PENDING,"Recommend RETRY delay 30m. Amount ₹11,682.23 exceeds threshold.",Policy requires human sign-off for high value or medium risk cases.,2026-08-27T04:16:03.998341
APP-c9b4bba0,CASE-2045,PENDING,"Recommend RETRY delay 30m. Amount ₹11,682.23 exceeds threshold.",Policy requires human sign-off for high value or medium risk cases.,2026-08-28T06:16:03.998341
APP-a2a0b2c5,CASE-2046,PENDING,"Recommend RETRY delay 30m. Amount ₹7,182.23 exceeds threshold.",Policy requires human sign-off for high value or medium risk cases.,2026-08-27T03:16:03.998341
APP-d34aeeb8,CASE-2047,PENDING,"Recommend RETRY delay 30m. Amount ₹3,681.23 exceeds threshold.",Policy requires human sign-off for high value or medium risk cases.,2026-08-27T13:16:03.998341
APP-60b41c66,CASE-2048,PENDING,"Recommend RETRY delay 30m. Amount ₹4,681.23 exceeds threshold.",Policy requires human sign-off for high value or medium risk cases.,2026-08-27T22:16:03.998341
APP-a725b1ee,CASE-2050,PENDING,"Recommend RETRY delay 30m. Amount ₹4,681.23 exceeds threshold.",Policy requires human sign-off for high value or medium risk cases.,2026-08-26T20:16:03.998341
APP-473f144f,CASE-2052,PENDING,"Recommend RETRY delay 30m. Amount ₹7,182.23 exceeds threshold.",Policy requires human sign-off for high value or medium risk cases.,2026-08-27T23:16:03.998341
APP-be6327e6,CASE-2053,PENDING,"Recommend RETRY delay 30m. Amount ₹11,682.23 exceeds threshold.",Policy requires human sign-off for high value or medium risk cases.,2026-08-28T08:16:03.998341
APP-db7ed431,CASE-2054,PENDING,"Recommend RETRY delay 30m. Amount ₹11,682.23 exceeds threshold.",Policy requires human sign-off for high value or medium risk cases.,2026-08-27T16:16:03.998341
APP-c1ff039a,CASE-2055,PENDING,"Recommend RETRY delay 30m. Amount ₹1,181.23 exceeds threshold.",Policy requires human sign-off for high value or medium risk cases.,2026-08-27T17:16:03.998341
APP-e3c8a24d,CASE-2058,PENDING,"Recommend RETRY delay 30m. Amount ₹4,681.23 exceeds threshold.",Policy requires human sign-off for high value or medium risk cases.,2026-08-26T21:16:03.998341
APP-80c1502d,CASE-2059,PENDING,"Recommend RETRY delay 30m. Amount ₹7,182.23 exceeds threshold.",Policy requires human sign-off for high value or medium risk cases.,2026-08-27T19:16:03.998341
APP-dbd2cc11,CASE-2060,PENDING,"Recommend RETRY delay 30m. Amount ₹4,681.23 exceeds threshold.",Policy requires human sign-off for high value or medium risk cases.,2026-08-27T12:16:03.998341
APP-be5b2dc0,CASE-2061,PENDING,"Recommend RETRY delay 30m. Amount ₹4,681.23 exceeds threshold.",Policy requires human sign-off for high value or medium risk cases.,2026-08-26T21:16:03.998341
APP-982cbb31,CASE-2062,PENDING,"Recommend RETRY delay 30m. Amount ₹3,681.23 exceeds threshold.",Policy requires human sign-off for high value or medium risk cases.,2026-08-28T03:16:03.998341
APP-e4360548,CASE-2064,PENDING,"Recommend RETRY delay 30m. Amount ₹1,181.23 exceeds threshold.",Policy requires human sign-off for high value or medium risk cases.,2026-08-27T13:16:04.003078
APP-06662821,CASE-2065,PENDING,"Recommend RETRY delay 30m. Amount ₹3,681.23 exceeds threshold.",Policy requires human sign-off for high value or medium risk cases.,2026-08-27T09:16:04.003078
APP-eb5ca777,CASE-2068,PENDING,"Recommend RETRY delay 30m. Amount ₹4,681.23 exceeds threshold.",Policy requires human sign-off for high value or medium risk cases.,2026-08-27T03:16:04.003078
APP-91c4c711,CASE-2070,PENDING,"Recommend RETRY delay 30m. Amount ₹4,681.23 exceeds threshold.",Policy requires human sign-off for high value or medium risk cases.,2026-08-27T19:16:04.003078
APP-0f5805aa,CASE-2071,PENDING,"Recommend RETRY delay 30m. Amount ₹4,681.23 exceeds threshold.",Policy requires human sign-off for high value or medium risk cases.,2026-08-27T20:16:04.003078
APP-dba36097,CASE-2073,PENDING,"Recommend RETRY delay 30m. Amount ₹3,681.23 exceeds threshold.",Policy requires human sign-off for high value or medium risk cases.,2026-08-27T12:16:04.003078
APP-a26020c5,CASE-2074,PENDING,"Recommend RETRY delay 30m. Amount ₹3,681.23 exceeds threshold.",Policy requires human sign-off for high value or medium risk cases.,2026-08-26T22:16:04.003078
APP-919f0d3f,CASE-2075,PENDING,"Recommend RETRY delay 30m. Amount ₹2,181.23 exceeds threshold.",Policy requires human sign-off for high value or medium risk cases.,2026-08-27T16:16:04.003078
APP-fb7a3618,CASE-2076,PENDING,"Recommend RETRY delay 30m. Amount ₹2,181.23 exceeds threshold.",Policy requires human sign-off for high value or medium risk cases.,2026-08-26T16:16:04.003078
APP-bd21d71b,CASE-2077,PENDING,"Recommend RETRY delay 30m. Amount ₹11,682.23 exceeds threshold.",Policy requires human sign-off for high value or medium risk cases.,2026-08-27T12:16:04.005117
APP-5ae60114,CASE-2080,PENDING,"Recommend RETRY delay 30m. Amount ₹4,681.23 exceeds threshold.",Policy requires human sign-off for high value or medium risk cases.,2026-08-27T05:16:04.005117
APP-670e1506,CASE-2082,PENDING,"Recommend RETRY delay 30m. Amount ₹4,681.23 exceeds threshold.",Policy requires human sign-off for high value or medium risk cases.,2026-08-27T11:16:04.005117
APP-fafa8eb5,CASE-2083,PENDING,"Recommend RETRY delay 30m. Amount ₹7,182.23 exceeds threshold.",Policy requires human sign-off for high value or medium risk cases.,2026-08-26T16:16:04.005117
APP-47cbbd0a,CASE-2084,PENDING,"Recommend RETRY delay 30m. Amount ₹7,182.23 exceeds threshold.",Policy requires human sign-off for high value or medium risk cases.,2026-08-26T18:16:04.005117
APP-ca097e80,CASE-2085,PENDING,"Recommend RETRY delay 30m. Amount ₹11,682.23 exceeds threshold.",Policy requires human sign-off for high value or medium risk cases.,2026-08-26T19:16:04.005117
APP-e4948411,CASE-2086,PENDING,"Recommend RETRY delay 30m. Amount ₹11,682.23 exceeds threshold.",Policy requires human sign-off for high value or medium risk cases.,2026-08-28T06:16:04.005117
APP-57424d61,CASE-2087,PENDING,"Recommend RETRY delay 30m. Amount ₹1,181.23 exceeds threshold.",Policy requires human sign-off for high value or medium risk cases.,2026-08-26T13:16:04.005117
APP-60097f07,CASE-2088,PENDING,"Recommend RETRY delay 30m. Amount ₹7,182.23 exceeds threshold.",Policy requires human sign-off for high value or medium risk cases.,2026-08-27T13:16:04.005117
APP-137ee4aa,CASE-2089,PENDING,"Recommend RETRY delay 30m. Amount ₹4,681.23 exceeds threshold.",Policy requires human sign-off for high value or medium risk cases.,2026-08-28T11:16:04.005117
APP-ddee977c,CASE-2090,PENDING,"Recommend RETRY delay 30m. Amount ₹4,681.23 exceeds threshold.",Policy requires human sign-off for high value or medium risk cases.,2026-08-28T05:16:04.005117
APP-395e801f,CASE-2091,PENDING,"Recommend RETRY delay 30m. Amount ₹11,682.23 exceeds threshold.",Policy requires human sign-off for high value or medium risk cases.,2026-08-27T07:16:04.005117
APP-6fb4a608,CASE-2092,PENDING,"Recommend RETRY delay 30m. Amount ₹2,181.23 exceeds threshold.",Policy requires human sign-off for high value or medium risk cases.,2026-08-28T06:16:04.005117
APP-f6a09129,CASE-2094,PENDING,"Recommend RETRY delay 30m. Amount ₹11,682.23 exceeds threshold.",Policy requires human sign-off for high value or medium risk cases.,2026-08-28T06:16:04.005117
APP-71112e34,CASE-2095,PENDING,"Recommend RETRY delay 30m. Amount ₹11,682.23 exceeds threshold.",Policy requires human sign-off for high value or medium risk cases.,2026-08-28T02:16:04.005117
APP-bfc88884,CASE-2097,PENDING,"Recommend RETRY delay 30m. Amount ₹2,181.23 exceeds threshold.",Policy requires human sign-off for high value or medium risk cases.,2026-08-26T13:16:04.007252
APP-e61c4477,CASE-2098,PENDING,"Recommend RETRY delay 30m. Amount ₹7,182.23 exceeds threshold.",Policy requires human sign-off for high value or medium risk cases.,2026-08-28T12:16:04.007252
APP-019a22a4,CASE-2099,PENDING,"Recommend RETRY delay 30m. Amount ₹11,682.23 exceeds threshold.",Policy requires human sign-off for high value or medium risk cases.,2026-08-28T08:16:04.007252
APP-c1ef711b,CASE-2100,PENDING,"Recommend RETRY delay 30m. Amount ₹7,182.23 exceeds threshold.",Policy requires human sign-off for high value or medium risk cases.,2026-08-27T16:16:04.007252
APP-d7e92a9c,CASE-2101,PENDING,"Recommend RETRY delay 30m. Amount ₹2,181.23 exceeds threshold.",Policy requires human sign-off for high value or medium risk cases.,2026-08-27T05:16:04.007252
APP-9f58e963,CASE-2102,PENDING,"Recommend RETRY delay 30m. Amount ₹7,182.23 exceeds threshold.",Policy requires human sign-off for high value or medium risk cases.,2026-08-27T11:16:04.007252
APP-c63344f4,CASE-2103,PENDING,"Recommend RETRY delay 30m. Amount ₹7,182.23 exceeds threshold.",Policy requires human sign-off for high value or medium risk cases.,2026-08-26T21:16:04.007252
APP-db7eade0,CASE-2105,PENDING,"Recommend RETRY delay 30m. Amount ₹3,681.23 exceeds threshold.",Policy requires human sign-off for high value or medium risk cases.,2026-08-28T01:16:04.009263
APP-fda3a36c,CASE-2107,PENDING,"Recommend RETRY delay 30m. Amount ₹7,182.23 exceeds threshold.",Policy requires human sign-off for high value or medium risk cases.,2026-08-26T20:16:04.009263
APP-923bf8b6,CASE-2108,PENDING,"Recommend RETRY delay 30m. Amount ₹7,182.23 exceeds threshold.",Policy requires human sign-off for high value or medium risk cases.,2026-08-27T18:16:04.009263
APP-e6ef03a1,CASE-2109,PENDING,"Recommend RETRY delay 30m. Amount ₹2,181.23 exceeds threshold.",Policy requires human sign-off for high value or medium risk cases.,2026-08-28T09:16:04.009263
APP-ef60b38d,CASE-2110,PENDING,"Recommend RETRY delay 30m. Amount ₹3,681.23 exceeds threshold.",Policy requires human sign-off for high value or medium risk cases.,2026-08-27T12:16:04.009263
APP-297926b8,CASE-2111,PENDING,"Recommend RETRY delay 30m. Amount ₹7,182.23 exceeds threshold.",Policy requires human sign-off for high value or medium risk cases.,2026-08-27T05:16:04.009263
APP-857118c2,CASE-2114,PENDING,"Recommend RETRY delay 30m. Amount ₹7,182.23 exceeds threshold.",Policy requires human sign-off for high value or medium risk cases.,2026-08-26T13:16:04.009263
APP-5078ca88,CASE-2116,PENDING,"Recommend RETRY delay 30m. Amount ₹3,681.23 exceeds threshold.",Policy requires human sign-off for high value or medium risk cases.,2026-08-27T23:16:04.011272
APP-98ecfb9a,CASE-2117,PENDING,"Recommend RETRY delay 30m. Amount ₹4,681.23 exceeds threshold.",Policy requires human sign-off for high value or medium risk cases.,2026-08-27T08:16:04.011272
APP-95ba980c,CASE-2118,PENDING,"Recommend RETRY delay 30m. Amount ₹3,681.23 exceeds threshold.",Policy requires human sign-off for high value or medium risk cases.,2026-08-27T21:16:04.011272
APP-2b673ec9,CASE-2121,PENDING,"Recommend RETRY delay 30m. Amount ₹7,182.23 exceeds threshold.",Policy requires human sign-off for high value or medium risk cases.,2026-08-26T15:16:04.011272
APP-6573b069,CASE-2122,PENDING,"Recommend RETRY delay 30m. Amount ₹3,681.23 exceeds threshold.",Policy requires human sign-off for high value or medium risk cases.,2026-08-26T17:16:04.011272
APP-5314cb62,CASE-2123,PENDING,"Recommend RETRY delay 30m. Amount ₹1,181.23 exceeds threshold.",Policy requires human sign-off for high value or medium risk cases.,2026-08-26T19:16:04.011272
APP-8922dc26,CASE-2126,PENDING,"Recommend RETRY delay 30m. Amount ₹11,682.23 exceeds threshold.",Policy requires human sign-off for high value or medium risk cases.,2026-08-28T08:16:04.013021
APP-a7f22908,CASE-2127,PENDING,"Recommend RETRY delay 30m. Amount ₹11,682.23 exceeds threshold.",Policy requires human sign-off for high value or medium risk cases.,2026-08-26T13:16:04.013021
APP-d05d7327,CASE-2129,PENDING,"Recommend RETRY delay 30m. Amount ₹7,182.23 exceeds threshold.",Policy requires human sign-off for high value or medium risk cases.,2026-08-26T18:16:04.013021
APP-526b0a4b,CASE-2130,PENDING,"Recommend RETRY delay 30m. Amount ₹11,682.23 exceeds threshold.",Policy requires human sign-off for high value or medium risk cases.,2026-08-27T09:16:04.013021
APP-705ec87d,CASE-2131,PENDING,"Recommend RETRY delay 30m. Amount ₹2,181.23 exceeds threshold.",Policy requires human sign-off for high value or medium risk cases.,2026-08-27T15:16:04.013021
APP-657491bf,CASE-2132,PENDING,"Recommend RETRY delay 30m. Amount ₹7,182.23 exceeds threshold.",Policy requires human sign-off for high value or medium risk cases.,2026-08-26T17:16:04.013021
APP-645d4044,CASE-2133,PENDING,"Recommend RETRY delay 30m. Amount ₹1,181.23 exceeds threshold.",Policy requires human sign-off for high value or medium risk cases.,2026-08-28T05:16:04.014538
APP-2bd8aa06,CASE-2134,PENDING,"Recommend RETRY delay 30m. Amount ₹2,181.23 exceeds threshold.",Policy requires human sign-off for high value or medium risk cases.,2026-08-28T00:16:04.014538
APP-0139b4d2,CASE-2135,PENDING,"Recommend RETRY delay 30m. Amount ₹11,682.23 exceeds threshold.",Policy requires human sign-off for high value or medium risk cases.,2026-08-28T07:16:04.014538
APP-15c437a8,CASE-2136,PENDING,"Recommend RETRY delay 30m. Amount ₹11,682.23 exceeds threshold.",Policy requires human sign-off for high value or medium risk cases.,2026-08-26T18:16:04.015101
APP-5e1ce803,CASE-2137,PENDING,"Recommend RETRY delay 30m. Amount ₹11,682.23 exceeds threshold.",Policy requires human sign-off for high value or medium risk cases.,2026-08-27T17:16:04.015101
APP-3b409265,CASE-2138,PENDING,"Recommend RETRY delay 30m. Amount ₹11,682.23 exceeds threshold.",Policy requires human sign-off for high value or medium risk cases.,2026-08-28T07:16:04.015101
APP-373fe306,CASE-2139,PENDING,"Recommend RETRY delay 30m. Amount ₹11,682.23 exceeds threshold.",Policy requires human sign-off for high value or medium risk cases.,2026-08-28T08:16:04.015101
APP-2b8a590e,CASE-2141,PENDING,"Recommend RETRY delay 30m. Amount ₹3,681.23 exceeds threshold.",Policy requires human sign-off for high value or medium risk cases.,2026-08-28T08:16:04.015101
APP-96aff3cf,CASE-2142,PENDING,"Recommend RETRY delay 30m. Amount ₹2,181.23 exceeds threshold.",Policy requires human sign-off for high value or medium risk cases.,2026-08-27T16:16:04.015101
APP-4741d358,CASE-2143,PENDING,"Recommend RETRY delay 30m. Amount ₹3,681.23 exceeds threshold.",Policy requires human sign-off for high value or medium risk cases.,2026-08-26T19:16:04.015101
APP-122e9ccd,CASE-2144,PENDING,"Recommend RETRY delay 30m. Amount ₹11,682.23 exceeds threshold.",Policy requires human sign-off for high value or medium risk cases.,2026-08-26T19:16:04.015101
APP-5fe1990a,CASE-2145,PENDING,"Recommend RETRY delay 30m. Amount ₹2,181.23 exceeds threshold.",Policy requires human sign-off for high value or medium risk cases.,2026-08-26T13:16:04.016420
APP-1ef9797f,CASE-2146,PENDING,"Recommend RETRY delay 30m. Amount ₹2,181.23 exceeds threshold.",Policy requires human sign-off for high value or medium risk cases.,2026-08-28T06:16:04.016420
APP-6c7328b4,CASE-2148,PENDING,"Recommend RETRY delay 30m. Amount ₹2,181.23 exceeds threshold.",Policy requires human sign-off for high value or medium risk cases.,2026-08-27T01:16:04.016420
APP-715406c4,CASE-2149,PENDING,"Recommend RETRY delay 30m. Amount ₹7,182.23 exceeds threshold.",Policy requires human sign-off for high value or medium risk cases.,2026-08-27T17:16:04.016420
APP-38b7bce2,CASE-2150,PENDING,"Recommend RETRY delay 30m. Amount ₹2,181.23 exceeds threshold.",Policy requires human sign-off for high value or medium risk cases.,2026-08-27T11:16:04.016420
APP-9a40bc4b,CASE-2152,PENDING,"Recommend RETRY delay 30m. Amount ₹2,181.23 exceeds threshold.",Policy requires human sign-off for high value or medium risk cases.,2026-08-27T16:16:04.016420
APP-7febfe4d,CASE-2153,PENDING,"Recommend RETRY delay 30m. Amount ₹2,181.23 exceeds threshold.",Policy requires human sign-off for high value or medium risk cases.,2026-08-27T02:16:04.016420
APP-5107bffa,CASE-2154,PENDING,"Recommend RETRY delay 30m. Amount ₹11,682.23 exceeds threshold.",Policy requires human sign-off for high value or medium risk cases.,2026-08-26T23:16:04.016420
APP-3234697c,CASE-2155,PENDING,"Recommend RETRY delay 30m. Amount ₹1,181.23 exceeds threshold.",Policy requires human sign-off for high value or medium risk cases.,2026-08-28T09:16:04.016420
APP-1e6035fe,CASE-2156,PENDING,"Recommend RETRY delay 30m. Amount ₹4,681.23 exceeds threshold.",Policy requires human sign-off for high value or medium risk cases.,2026-08-26T16:16:04.016420
APP-ac12cb9d,CASE-2157,PENDING,"Recommend RETRY delay 30m. Amount ₹4,681.23 exceeds threshold.",Policy requires human sign-off for high value or medium risk cases.,2026-08-28T07:16:04.016420
APP-7343d30f,CASE-2158,PENDING,"Recommend RETRY delay 30m. Amount ₹3,681.23 exceeds threshold.",Policy requires human sign-off for high value or medium risk cases.,2026-08-27T02:16:04.016420
APP-9f09e24b,CASE-2159,PENDING,"Recommend RETRY delay 30m. Amount ₹3,681.23 exceeds threshold.",Policy requires human sign-off for high value or medium risk cases.,2026-08-27T09:16:04.016420
APP-22190a3d,CASE-2160,PENDING,"Recommend RETRY delay 30m. Amount ₹11,682.23 exceeds threshold.",Policy requires human sign-off for high value or medium risk cases.,2026-08-27T09:16:04.016420
APP-499e4009,CASE-2161,PENDING,"Recommend RETRY delay 30m. Amount ₹1,181.23 exceeds threshold.",Policy requires human sign-off for high value or medium risk cases.,2026-08-26T13:16:04.016420
APP-8519c7b6,CASE-2162,PENDING,"Recommend RETRY delay 30m. Amount ₹11,682.23 exceeds threshold.",Policy requires human sign-off for high value or medium risk cases.,2026-08-26T15:16:04.018430
APP-099ba627,CASE-2164,PENDING,"Recommend RETRY delay 30m. Amount ₹11,682.23 exceeds threshold.",Policy requires human sign-off for high value or medium risk cases.,2026-08-26T13:16:04.018430
APP-600723d8,CASE-2166,PENDING,"Recommend RETRY delay 30m. Amount ₹7,182.23 exceeds threshold.",Policy requires human sign-off for high value or medium risk cases.,2026-08-27T07:16:04.018430
APP-18944d9f,CASE-2167,PENDING,"Recommend RETRY delay 30m. Amount ₹7,182.23 exceeds threshold.",Policy requires human sign-off for high value or medium risk cases.,2026-08-28T02:16:04.018430
APP-44420332,CASE-2168,PENDING,"Recommend RETRY delay 30m. Amount ₹3,681.23 exceeds threshold.",Policy requires human sign-off for high value or medium risk cases.,2026-08-26T17:16:04.018430
APP-69b2d3a7,CASE-2169,PENDING,"Recommend RETRY delay 30m. Amount ₹11,682.23 exceeds threshold.",Policy requires human sign-off for high value or medium risk cases.,2026-08-28T12:16:04.019894
APP-c404a1b8,CASE-2170,PENDING,"Recommend RETRY delay 30m. Amount ₹2,181.23 exceeds threshold.",Policy requires human sign-off for high value or medium risk cases.,2026-08-28T03:16:04.019894
APP-ef2f0d2b,CASE-2171,PENDING,"Recommend RETRY delay 30m. Amount ₹2,181.23 exceeds threshold.",Policy requires human sign-off for high value or medium risk cases.,2026-08-27T16:16:04.019894
APP-31c98b77,CASE-2172,PENDING,"Recommend RETRY delay 30m. Amount ₹2,181.23 exceeds threshold.",Policy requires human sign-off for high value or medium risk cases.,2026-08-27T00:16:04.019894
APP-6e0c1241,CASE-2173,PENDING,"Recommend RETRY delay 30m. Amount ₹3,681.23 exceeds threshold.",Policy requires human sign-off for high value or medium risk cases.,2026-08-27T22:16:04.019894
APP-8023424a,CASE-2174,PENDING,"Recommend RETRY delay 30m. Amount ₹7,182.23 exceeds threshold.",Policy requires human sign-off for high value or medium risk cases.,2026-08-27T18:16:04.019894
APP-5d4a53f9,CASE-2175,PENDING,"Recommend RETRY delay 30m. Amount ₹3,681.23 exceeds threshold.",Policy requires human sign-off for high value or medium risk cases.,2026-08-27T13:16:04.019894
APP-721aff8b,CASE-2176,PENDING,"Recommend RETRY delay 30m. Amount ₹2,181.23 exceeds threshold.",Policy requires human sign-off for high value or medium risk cases.,2026-08-26T21:16:04.019894
APP-8db9b2a4,CASE-2177,PENDING,"Recommend RETRY delay 30m. Amount ₹2,181.23 exceeds threshold.",Policy requires human sign-off for high value or medium risk cases.,2026-08-26T14:16:04.019894
APP-b6fac3f7,CASE-2178,PENDING,"Recommend RETRY delay 30m. Amount ₹7,182.23 exceeds threshold.",Policy requires human sign-off for high value or medium risk cases.,2026-08-27T10:16:04.019894
APP-c3f6bd8e,CASE-2179,PENDING,"Recommend RETRY delay 30m. Amount ₹1,181.23 exceeds threshold.",Policy requires human sign-off for high value or medium risk cases.,2026-08-26T16:16:04.019894
APP-a155e3d5,CASE-2180,PENDING,"Recommend RETRY delay 30m. Amount ₹1,181.23 exceeds threshold.",Policy requires human sign-off for high value or medium risk cases.,2026-08-26T14:16:04.019894
APP-928173ec,CASE-2181,PENDING,"Recommend RETRY delay 30m. Amount ₹3,681.23 exceeds threshold.",Policy requires human sign-off for high value or medium risk cases.,2026-08-27T05:16:04.019894
APP-6f7dc8ff,CASE-2182,PENDING,"Recommend RETRY delay 30m. Amount ₹1,181.23 exceeds threshold.",Policy requires human sign-off for high value or medium risk cases.,2026-08-27T22:16:04.019894
APP-c504250c,CASE-2183,PENDING,"Recommend RETRY delay 30m. Amount ₹7,182.23 exceeds threshold.",Policy requires human sign-off for high value or medium risk cases.,2026-08-28T07:16:04.019894
APP-afa8d71b,CASE-2184,PENDING,"Recommend RETRY delay 30m. Amount ₹7,182.23 exceeds threshold.",Policy requires human sign-off for high value or medium risk cases.,2026-08-27T11:16:04.019894
APP-23f47d88,CASE-2186,PENDING,"Recommend RETRY delay 30m. Amount ₹3,681.23 exceeds threshold.",Policy requires human sign-off for high value or medium risk cases.,2026-08-27T08:16:04.019894
APP-e7426bcb,CASE-2187,PENDING,"Recommend RETRY delay 30m. Amount ₹3,681.23 exceeds threshold.",Policy requires human sign-off for high value or medium risk cases.,2026-08-26T23:16:04.019894
APP-172f57e1,CASE-2188,PENDING,"Recommend RETRY delay 30m. Amount ₹1,181.23 exceeds threshold.",Policy requires human sign-off for high value or medium risk cases.,2026-08-27T07:16:04.036549
APP-2fdc13b0,CASE-2189,PENDING,"Recommend RETRY delay 30m. Amount ₹3,681.23 exceeds threshold.",Policy requires human sign-off for high value or medium risk cases.,2026-08-27T08:16:04.036549
APP-7c7ac4d7,CASE-2190,PENDING,"Recommend RETRY delay 30m. Amount ₹3,681.23 exceeds threshold.",Policy requires human sign-off for high value or medium risk cases.,2026-08-28T02:16:04.036549
APP-e62ebdb8,CASE-2191,PENDING,"Recommend RETRY delay 30m. Amount ₹11,682.23 exceeds threshold.",Policy requires human sign-off for high value or medium risk cases.,2026-08-28T03:16:04.036549
APP-a63ae9f7,CASE-2193,PENDING,"Recommend RETRY delay 30m. Amount ₹11,682.23 exceeds threshold.",Policy requires human sign-off for high value or medium risk cases.,2026-08-27T11:16:04.036549
APP-175772b2,CASE-2195,PENDING,"Recommend RETRY delay 30m. Amount ₹2,181.23 exceeds threshold.",Policy requires human sign-off for high value or medium risk cases.,2026-08-28T04:16:04.036549
APP-75049579,CASE-2196,PENDING,"Recommend RETRY delay 30m. Amount ₹2,181.23 exceeds threshold.",Policy requires human sign-off for high value or medium risk cases.,2026-08-26T23:16:04.036549
APP-2f2d78af,CASE-2197,PENDING,"Recommend RETRY delay 30m. Amount ₹3,681.23 exceeds threshold.",Policy requires human sign-off for high value or medium risk cases.,2026-08-26T19:16:04.036549
APP-84215873,CASE-2198,PENDING,"Recommend RETRY delay 30m. Amount ₹4,681.23 exceeds threshold.",Policy requires human sign-off for high value or medium risk cases.,2026-08-28T10:16:04.036549
APP-76a8f166,CASE-2199,PENDING,"Recommend RETRY delay 30m. Amount ₹4,681.23 exceeds threshold.",Policy requires human sign-off for high value or medium risk cases.,2026-08-27T11:16:04.036549
APP-33525e0e,CASE-2200,PENDING,"Recommend RETRY delay 30m. Amount ₹4,681.23 exceeds threshold.",Policy requires human sign-off for high value or medium risk cases.,2026-08-27T14:16:04.036549
APP-faeda515,CASE-2201,PENDING,"Recommend RETRY delay 30m. Amount ₹2,181.23 exceeds threshold.",Policy requires human sign-off for high value or medium risk cases.,2026-08-28T03:16:04.036549
APP-d54ca2d3,CASE-2203,PENDING,"Recommend RETRY delay 30m. Amount ₹7,182.23 exceeds threshold.",Policy requires human sign-off for high value or medium risk cases.,2026-08-27T12:16:04.036549
APP-19b52c30,CASE-2204,PENDING,"Recommend RETRY delay 30m. Amount ₹2,181.23 exceeds threshold.",Policy requires human sign-off for high value or medium risk cases.,2026-08-27T02:16:04.045029
APP-f7076533,CASE-2205,PENDING,"Recommend RETRY delay 30m. Amount ₹1,181.23 exceeds threshold.",Policy requires human sign-off for high value or medium risk cases.,2026-08-27T05:16:04.045029
APP-ad52214d,CASE-2209,PENDING,"Recommend RETRY delay 30m. Amount ₹11,682.23 exceeds threshold.",Policy requires human sign-off for high value or medium risk cases.,2026-08-27T00:16:04.045029
APP-0dddfd94,CASE-2210,PENDING,"Recommend RETRY delay 30m. Amount ₹4,681.23 exceeds threshold.",Policy requires human sign-off for high value or medium risk cases.,2026-08-26T23:16:04.045029
APP-9a270552,CASE-2213,PENDING,"Recommend RETRY delay 30m. Amount ₹1,181.23 exceeds threshold.",Policy requires human sign-off for high value or medium risk cases.,2026-08-27T22:16:04.045029
APP-eacac20c,CASE-2214,PENDING,"Recommend RETRY delay 30m. Amount ₹1,181.23 exceeds threshold.",Policy requires human sign-off for high value or medium risk cases.,2026-08-26T21:16:04.045029
APP-cc7c9db4,CASE-2215,PENDING,"Recommend RETRY delay 30m. Amount ₹2,181.23 exceeds threshold.",Policy requires human sign-off for high value or medium risk cases.,2026-08-28T09:16:04.045029
APP-41ec01f9,CASE-2216,PENDING,"Recommend RETRY delay 30m. Amount ₹1,181.23 exceeds threshold.",Policy requires human sign-off for high value or medium risk cases.,2026-08-27T13:16:04.045029
APP-a03ed6f6,CASE-2217,PENDING,"Recommend RETRY delay 30m. Amount ₹1,181.23 exceeds threshold.",Policy requires human sign-off for high value or medium risk cases.,2026-08-27T17:16:04.045029
APP-fe69bbec,CASE-2218,PENDING,"Recommend RETRY delay 30m. Amount ₹3,681.23 exceeds threshold.",Policy requires human sign-off for high value or medium risk cases.,2026-08-27T05:16:04.045029
APP-a0bbec8c,CASE-2219,PENDING,"Recommend RETRY delay 30m. Amount ₹11,682.23 exceeds threshold.",Policy requires human sign-off for high value or medium risk cases.,2026-08-26T18:16:04.045029
APP-50842918,CASE-2220,PENDING,"Recommend RETRY delay 30m. Amount ₹7,182.23 exceeds threshold.",Policy requires human sign-off for high value or medium risk cases.,2026-08-26T16:16:04.045029
APP-60f9f34c,CASE-2221,PENDING,"Recommend RETRY delay 30m. Amount ₹3,681.23 exceeds threshold.",Policy requires human sign-off for high value or medium risk cases.,2026-08-27T00:16:04.045029
APP-ec4cb9ab,CASE-2223,PENDING,"Recommend RETRY delay 30m. Amount ₹7,182.23 exceeds threshold.",Policy requires human sign-off for high value or medium risk cases.,2026-08-28T03:16:04.045029
APP-6be4d58a,CASE-2226,PENDING,"Recommend RETRY delay 30m. Amount ₹2,181.23 exceeds threshold.",Policy requires human sign-off for high value or medium risk cases.,2026-08-28T06:16:04.045029
APP-94da5aff,CASE-2227,PENDING,"Recommend RETRY delay 30m. Amount ₹11,682.23 exceeds threshold.",Policy requires human sign-off for high value or medium risk cases.,2026-08-26T14:16:04.045029
APP-021f60c9,CASE-2228,PENDING,"Recommend RETRY delay 30m. Amount ₹4,681.23 exceeds threshold.",Policy requires human sign-off for high value or medium risk cases.,2026-08-27T14:16:04.045029
APP-e7da5bb2,CASE-2229,PENDING,"Recommend RETRY delay 30m. Amount ₹7,182.23 exceeds threshold.",Policy requires human sign-off for high value or medium risk cases.,2026-08-26T19:16:04.045029
APP-1315e6d4,CASE-2230,PENDING,"Recommend RETRY delay 30m. Amount ₹11,682.23 exceeds threshold.",Policy requires human sign-off for high value or medium risk cases.,2026-08-28T10:16:04.045029
APP-7d5c5795,CASE-2231,PENDING,"Recommend RETRY delay 30m. Amount ₹3,681.23 exceeds threshold.",Policy requires human sign-off for high value or medium risk cases.,2026-08-28T08:16:04.045029
APP-9910bd8e,CASE-2232,PENDING,"Recommend RETRY delay 30m. Amount ₹3,681.23 exceeds threshold.",Policy requires human sign-off for high value or medium risk cases.,2026-08-28T08:16:04.045029
APP-7d3a657a,CASE-2233,PENDING,"Recommend RETRY delay 30m. Amount ₹7,182.23 exceeds threshold.",Policy requires human sign-off for high value or medium risk cases.,2026-08-28T11:16:04.045029
APP-6d4be41d,CASE-2235,PENDING,"Recommend RETRY delay 30m. Amount ₹3,681.23 exceeds threshold.",Policy requires human sign-off for high value or medium risk cases.,2026-08-27T01:16:04.045029
APP-16a716a2,CASE-2236,PENDING,"Recommend RETRY delay 30m. Amount ₹11,682.23 exceeds threshold.",Policy requires human sign-off for high value or medium risk cases.,2026-08-27T18:16:04.045029
APP-ea25c7be,CASE-2237,PENDING,"Recommend RETRY delay 30m. Amount ₹3,681.23 exceeds threshold.",Policy requires human sign-off for high value or medium risk cases.,2026-08-27T00:16:04.045029
APP-80c600f1,CASE-2238,PENDING,"Recommend RETRY delay 30m. Amount ₹7,182.23 exceeds threshold.",Policy requires human sign-off for high value or medium risk cases.,2026-08-28T12:16:04.045029
APP-ff72f403,CASE-2239,PENDING,"Recommend RETRY delay 30m. Amount ₹4,681.23 exceeds threshold.",Policy requires human sign-off for high value or medium risk cases.,2026-08-28T06:16:04.045029
APP-6dea0a5c,CASE-2240,PENDING,"Recommend RETRY delay 30m. Amount ₹1,181.23 exceeds threshold.",Policy requires human sign-off for high value or medium risk cases.,2026-08-27T06:16:04.045029
APP-07c29c57,CASE-2241,PENDING,"Recommend RETRY delay 30m. Amount ₹1,181.23 exceeds threshold.",Policy requires human sign-off for high value or medium risk cases.,2026-08-26T18:16:04.045029
APP-41ab6a9d,CASE-2242,PENDING,"Recommend RETRY delay 30m. Amount ₹3,681.23 exceeds threshold.",Policy requires human sign-off for high value or medium risk cases.,2026-08-27T13:16:04.045029
APP-54821ee3,CASE-2243,PENDING,"Recommend RETRY delay 30m. Amount ₹4,681.23 exceeds threshold.",Policy requires human sign-off for high value or medium risk cases.,2026-08-27T20:16:04.045029
APP-1844168b,CASE-2244,PENDING,"Recommend RETRY delay 30m. Amount ₹4,681.23 exceeds threshold.",Policy requires human sign-off for high value or medium risk cases.,2026-08-27T00:16:04.045029
APP-f6de99ad,CASE-2245,PENDING,"Recommend RETRY delay 30m. Amount ₹1,181.23 exceeds threshold.",Policy requires human sign-off for high value or medium risk cases.,2026-08-27T14:16:04.045029
APP-4dd48621,CASE-2246,PENDING,"Recommend RETRY delay 30m. Amount ₹7,182.23 exceeds threshold.",Policy requires human sign-off for high value or medium risk cases.,2026-08-27T03:16:04.045029
APP-0f4147d9,CASE-2247,PENDING,"Recommend RETRY delay 30m. Amount ₹4,681.23 exceeds threshold.",Policy requires human sign-off for high value or medium risk cases.,2026-08-27T17:16:04.045029
APP-b18de367,CASE-2248,PENDING,"Recommend RETRY delay 30m. Amount ₹1,181.23 exceeds threshold.",Policy requires human sign-off for high value or medium risk cases.,2026-08-27T08:16:04.045029
APP-7679993a,CASE-2249,PENDING,"Recommend RETRY delay 30m. Amount ₹2,181.23 exceeds threshold.",Policy requires human sign-off for high value or medium risk cases.,2026-08-28T10:16:04.045029
APP-49b0edb3,CASE-2250,PENDING,"Recommend RETRY delay 30m. Amount ₹4,681.23 exceeds threshold.",Policy requires human sign-off for high value or medium risk cases.,2026-08-28T03:16:04.045029
APP-386c67cb,CASE-2251,PENDING,"Recommend RETRY delay 30m. Amount ₹7,182.23 exceeds threshold.",Policy requires human sign-off for high value or medium risk cases.,2026-08-27T12:16:04.045029
APP-51af7af2,CASE-2252,PENDING,"Recommend RETRY delay 30m. Amount ₹7,182.23 exceeds threshold.",Policy requires human sign-off for high value or medium risk cases.,2026-08-27T03:16:04.050380
APP-33fc501a,CASE-2253,PENDING,"Recommend RETRY delay 30m. Amount ₹4,681.23 exceeds threshold.",Policy requires human sign-off for high value or medium risk cases.,2026-08-27T10:16:04.050380
APP-01d877be,CASE-2254,PENDING,"Recommend RETRY delay 30m. Amount ₹2,181.23 exceeds threshold.",Policy requires human sign-off for high value or medium risk cases.,2026-08-27T00:16:04.050380
APP-741226c9,CASE-2257,PENDING,"Recommend RETRY delay 30m. Amount ₹4,681.23 exceeds threshold.",Policy requires human sign-off for high value or medium risk cases.,2026-08-27T15:16:04.050380
APP-0a1e1dbe,CASE-2258,PENDING,"Recommend RETRY delay 30m. Amount ₹11,682.23 exceeds threshold.",Policy requires human sign-off for high value or medium risk cases.,2026-08-27T13:16:04.050380
APP-7192820f,CASE-2259,PENDING,"Recommend RETRY delay 30m. Amount ₹1,181.23 exceeds threshold.",Policy requires human sign-off for high value or medium risk cases.,2026-08-27T05:16:04.050380
APP-be74f58d,CASE-2260,PENDING,"Recommend RETRY delay 30m. Amount ₹11,682.23 exceeds threshold.",Policy requires human sign-off for high value or medium risk cases.,2026-08-27T17:16:04.050380
APP-30d569f0,CASE-2261,PENDING,"Recommend RETRY delay 30m. Amount ₹11,682.23 exceeds threshold.",Policy requires human sign-off for high value or medium risk cases.,2026-08-27T10:16:04.050380
APP-92db613b,CASE-2262,PENDING,"Recommend RETRY delay 30m. Amount ₹7,182.23 exceeds threshold.",Policy requires human sign-off for high value or medium risk cases.,2026-08-27T23:16:04.050380
APP-acc0b347,CASE-2264,PENDING,"Recommend RETRY delay 30m. Amount ₹2,181.23 exceeds threshold.",Policy requires human sign-off for high value or medium risk cases.,2026-08-27T03:16:04.050380
APP-3eaa4335,CASE-2265,PENDING,"Recommend RETRY delay 30m. Amount ₹7,182.23 exceeds threshold.",Policy requires human sign-off for high value or medium risk cases.,2026-08-28T09:16:04.050380
APP-c9eb82a8,CASE-2266,PENDING,"Recommend RETRY delay 30m. Amount ₹2,181.23 exceeds threshold.",Policy requires human sign-off for high value or medium risk cases.,2026-08-26T15:16:04.050380
APP-81a3851e,CASE-2267,PENDING,"Recommend RETRY delay 30m. Amount ₹2,181.23 exceeds threshold.",Policy requires human sign-off for high value or medium risk cases.,2026-08-27T11:16:04.050380
APP-c6802c97,CASE-2268,PENDING,"Recommend RETRY delay 30m. Amount ₹11,682.23 exceeds threshold.",Policy requires human sign-off for high value or medium risk cases.,2026-08-27T05:16:04.050380
APP-2ea7ddfb,CASE-2269,PENDING,"Recommend RETRY delay 30m. Amount ₹7,182.23 exceeds threshold.",Policy requires human sign-off for high value or medium risk cases.,2026-08-27T01:16:04.050380
APP-227c5511,CASE-2270,PENDING,"Recommend RETRY delay 30m. Amount ₹3,681.23 exceeds threshold.",Policy requires human sign-off for high value or medium risk cases.,2026-08-26T16:16:04.050380
APP-0a9baa2b,CASE-2271,PENDING,"Recommend RETRY delay 30m. Amount ₹1,181.23 exceeds threshold.",Policy requires human sign-off for high value or medium risk cases.,2026-08-28T02:16:04.050380
APP-8f73e552,CASE-2272,PENDING,"Recommend RETRY delay 30m. Amount ₹7,182.23 exceeds threshold.",Policy requires human sign-off for high value or medium risk cases.,2026-08-27T22:16:04.052420
APP-8240abee,CASE-2273,PENDING,"Recommend RETRY delay 30m. Amount ₹11,682.23 exceeds threshold.",Policy requires human sign-off for high value or medium risk cases.,2026-08-28T11:16:04.052420
APP-fa1da45a,CASE-2274,PENDING,"Recommend RETRY delay 30m. Amount ₹11,682.23 exceeds threshold.",Policy requires human sign-off for high value or medium risk cases.,2026-08-28T01:16:04.052420
APP-f8d975ca,CASE-2275,PENDING,"Recommend RETRY delay 30m. Amount ₹7,182.23 exceeds threshold.",Policy requires human sign-off for high value or medium risk cases.,2026-08-27T17:16:04.052420
APP-d936936e,CASE-2276,PENDING,"Recommend RETRY delay 30m. Amount ₹11,682.23 exceeds threshold.",Policy requires human sign-off for high value or medium risk cases.,2026-08-27T14:16:04.052420
APP-be8e4770,CASE-2277,PENDING,"Recommend RETRY delay 30m. Amount ₹4,681.23 exceeds threshold.",Policy requires human sign-off for high value or medium risk cases.,2026-08-26T17:16:04.053260
APP-9212b9dd,CASE-2278,PENDING,"Recommend RETRY delay 30m. Amount ₹7,182.23 exceeds threshold.",Policy requires human sign-off for high value or medium risk cases.,2026-08-27T04:16:04.053260
APP-89b92471,CASE-2279,PENDING,"Recommend RETRY delay 30m. Amount ₹11,682.23 exceeds threshold.",Policy requires human sign-off for high value or medium risk cases.,2026-08-26T17:16:04.053260
APP-05f4d305,CASE-2280,PENDING,"Recommend RETRY delay 30m. Amount ₹1,181.23 exceeds threshold.",Policy requires human sign-off for high value or medium risk cases.,2026-08-26T20:16:04.053260
APP-61937ef2,CASE-2281,PENDING,"Recommend RETRY delay 30m. Amount ₹3,681.23 exceeds threshold.",Policy requires human sign-off for high value or medium risk cases.,2026-08-28T03:16:04.053260
APP-7459bf4b,CASE-2282,PENDING,"Recommend RETRY delay 30m. Amount ₹7,182.23 exceeds threshold.",Policy requires human sign-off for high value or medium risk cases.,2026-08-27T11:16:04.053260
APP-3a4d2ed4,CASE-2283,PENDING,"Recommend RETRY delay 30m. Amount ₹11,682.23 exceeds threshold.",Policy requires human sign-off for high value or medium risk cases.,2026-08-27T05:16:04.053260
APP-b6d1a056,CASE-2284,PENDING,"Recommend RETRY delay 30m. Amount ₹3,681.23 exceeds threshold.",Policy requires human sign-off for high value or medium risk cases.,2026-08-26T13:16:04.053260
APP-9e6c0a25,CASE-2286,PENDING,"Recommend RETRY delay 30m. Amount ₹11,682.23 exceeds threshold.",Policy requires human sign-off for high value or medium risk cases.,2026-08-27T14:16:04.053260
APP-2066ce24,CASE-2287,PENDING,"Recommend RETRY delay 30m. Amount ₹7,182.23 exceeds threshold.",Policy requires human sign-off for high value or medium risk cases.,2026-08-28T06:16:04.053260
APP-5699a0b6,CASE-2288,PENDING,"Recommend RETRY delay 30m. Amount ₹4,681.23 exceeds threshold.",Policy requires human sign-off for high value or medium risk cases.,2026-08-27T15:16:04.053260
APP-de1a7ab8,CASE-2289,PENDING,"Recommend RETRY delay 30m. Amount ₹11,682.23 exceeds threshold.",Policy requires human sign-off for high value or medium risk cases.,2026-08-26T13:16:04.053260
APP-e565faa0,CASE-2290,PENDING,"Recommend RETRY delay 30m. Amount ₹3,681.23 exceeds threshold.",Policy requires human sign-off for high value or medium risk cases.,2026-08-26T23:16:04.055408
APP-8132457a,CASE-2291,PENDING,"Recommend RETRY delay 30m. Amount ₹3,681.23 exceeds threshold.",Policy requires human sign-off for high value or medium risk cases.,2026-08-26T20:16:04.055408
APP-363b33ec,CASE-2292,PENDING,"Recommend RETRY delay 30m. Amount ₹7,182.23 exceeds threshold.",Policy requires human sign-off for high value or medium risk cases.,2026-08-27T04:16:04.055408
APP-475b89c6,CASE-2294,PENDING,"Recommend RETRY delay 30m. Amount ₹2,181.23 exceeds threshold.",Policy requires human sign-off for high value or medium risk cases.,2026-08-27T07:16:04.055408
APP-a1236319,CASE-2295,PENDING,"Recommend RETRY delay 30m. Amount ₹2,181.23 exceeds threshold.",Policy requires human sign-off for high value or medium risk cases.,2026-08-27T15:16:04.055408
APP-4f3d142d,CASE-2296,PENDING,"Recommend RETRY delay 30m. Amount ₹11,682.23 exceeds threshold.",Policy requires human sign-off for high value or medium risk cases.,2026-08-27T08:16:04.055408
APP-c30bb10a,CASE-2297,PENDING,"Recommend RETRY delay 30m. Amount ₹3,681.23 exceeds threshold.",Policy requires human sign-off for high value or medium risk cases.,2026-08-28T07:16:04.055408
APP-89ea2d9d,CASE-2299,PENDING,"Recommend RETRY delay 30m. Amount ₹4,681.23 exceeds threshold.",Policy requires human sign-off for high value or medium risk cases.,2026-08-27T13:16:04.055408
APP-c8383beb,CASE-2300,PENDING,"Recommend RETRY delay 30m. Amount ₹1,181.23 exceeds threshold.",Policy requires human sign-off for high value or medium risk cases.,2026-08-26T17:16:04.055408
APP-2dcb0adf,CASE-2302,PENDING,"Recommend RETRY delay 30m. Amount ₹1,181.23 exceeds threshold.",Policy requires human sign-off for high value or medium risk cases.,2026-08-28T08:16:04.055408
APP-cfffd1ac,CASE-2303,PENDING,"Recommend RETRY delay 30m. Amount ₹1,181.23 exceeds threshold.",Policy requires human sign-off for high value or medium risk cases.,2026-08-27T03:16:04.055408
APP-4c633ae0,CASE-2304,PENDING,"Recommend RETRY delay 30m. Amount ₹7,182.23 exceeds threshold.",Policy requires human sign-off for high value or medium risk cases.,2026-08-28T04:16:04.055408
APP-67701b3b,CASE-2305,PENDING,"Recommend RETRY delay 30m. Amount ₹3,681.23 exceeds threshold.",Policy requires human sign-off for high value or medium risk cases.,2026-08-27T11:16:04.055408
APP-c2a4d749,CASE-2306,PENDING,"Recommend RETRY delay 30m. Amount ₹1,181.23 exceeds threshold.",Policy requires human sign-off for high value or medium risk cases.,2026-08-26T14:16:04.055408
APP-3f76fd65,CASE-2308,PENDING,"Recommend RETRY delay 30m. Amount ₹1,181.23 exceeds threshold.",Policy requires human sign-off for high value or medium risk cases.,2026-08-28T09:16:04.055408
APP-1c12ccc9,CASE-2309,PENDING,"Recommend RETRY delay 30m. Amount ₹11,682.23 exceeds threshold.",Policy requires human sign-off for high value or medium risk cases.,2026-08-28T05:16:04.055408
APP-0b44d61c,CASE-2310,PENDING,"Recommend RETRY delay 30m. Amount ₹4,681.23 exceeds threshold.",Policy requires human sign-off for high value or medium risk cases.,2026-08-27T20:16:04.055408
APP-56067efd,CASE-2313,PENDING,"Recommend RETRY delay 30m. Amount ₹11,682.23 exceeds threshold.",Policy requires human sign-off for high value or medium risk cases.,2026-08-28T06:16:04.055408
APP-70e73ab7,CASE-2314,PENDING,"Recommend RETRY delay 30m. Amount ₹4,681.23 exceeds threshold.",Policy requires human sign-off for high value or medium risk cases.,2026-08-28T00:16:04.055408
APP-9e04764d,CASE-2317,PENDING,"Recommend RETRY delay 30m. Amount ₹11,682.23 exceeds threshold.",Policy requires human sign-off for high value or medium risk cases.,2026-08-28T07:16:04.055408
APP-80812f14,CASE-2318,PENDING,"Recommend RETRY delay 30m. Amount ₹7,182.23 exceeds threshold.",Policy requires human sign-off for high value or medium risk cases.,2026-08-27T22:16:04.055408
APP-6ee083db,CASE-2319,PENDING,"Recommend RETRY delay 30m. Amount ₹4,681.23 exceeds threshold.",Policy requires human sign-off for high value or medium risk cases.,2026-08-28T06:16:04.055408
APP-a92a4a21,CASE-2320,PENDING,"Recommend RETRY delay 30m. Amount ₹2,181.23 exceeds threshold.",Policy requires human sign-off for high value or medium risk cases.,2026-08-27T16:16:04.055408
APP-e88e63f9,CASE-2322,PENDING,"Recommend RETRY delay 30m. Amount ₹11,682.23 exceeds threshold.",Policy requires human sign-off for high value or medium risk cases.,2026-08-26T21:16:04.055408
APP-deda16a4,CASE-2324,PENDING,"Recommend RETRY delay 30m. Amount ₹4,681.23 exceeds threshold.",Policy requires human sign-off for high value or medium risk cases.,2026-08-27T06:16:04.055408
APP-c780ade2,CASE-2326,PENDING,"Recommend RETRY delay 30m. Amount ₹11,682.23 exceeds threshold.",Policy requires human sign-off for high value or medium risk cases.,2026-08-26T23:16:04.055408
APP-311a735b,CASE-2329,PENDING,"Recommend RETRY delay 30m. Amount ₹4,681.23 exceeds threshold.",Policy requires human sign-off for high value or medium risk cases.,2026-08-26T19:16:04.055408
APP-38f80fb8,CASE-2330,PENDING,"Recommend RETRY delay 30m. Amount ₹3,681.23 exceeds threshold.",Policy requires human sign-off for high value or medium risk cases.,2026-08-27T15:16:04.055408
APP-37925099,CASE-2331,PENDING,"Recommend RETRY delay 30m. Amount ₹7,182.23 exceeds threshold.",Policy requires human sign-off for high value or medium risk cases.,2026-08-26T14:16:04.055408
APP-f2e4b2e6,CASE-2332,PENDING,"Recommend RETRY delay 30m. Amount ₹2,181.23 exceeds threshold.",Policy requires human sign-off for high value or medium risk cases.,2026-08-27T01:16:04.055408
APP-dec12b1a,CASE-2333,PENDING,"Recommend RETRY delay 30m. Amount ₹7,182.23 exceeds threshold.",Policy requires human sign-off for high value or medium risk cases.,2026-08-27T06:16:04.055408
APP-394bcfff,CASE-2334,PENDING,"Recommend RETRY delay 30m. Amount ₹4,681.23 exceeds threshold.",Policy requires human sign-off for high value or medium risk cases.,2026-08-27T21:16:04.055408
APP-999e8514,CASE-2335,PENDING,"Recommend RETRY delay 30m. Amount ₹3,681.23 exceeds threshold.",Policy requires human sign-off for high value or medium risk cases.,2026-08-26T19:16:04.055408
APP-288b4412,CASE-2336,PENDING,"Recommend RETRY delay 30m. Amount ₹4,681.23 exceeds threshold.",Policy requires human sign-off for high value or medium risk cases.,2026-08-27T08:16:04.055408
APP-95ec31fa,CASE-2337,PENDING,"Recommend RETRY delay 30m. Amount ₹7,182.23 exceeds threshold.",Policy requires human sign-off for high value or medium risk cases.,2026-08-27T16:16:04.055408
APP-1a9cb017,CASE-2338,PENDING,"Recommend RETRY delay 30m. Amount ₹1,181.23 exceeds threshold.",Policy requires human sign-off for high value or medium risk cases.,2026-08-27T10:16:04.055408
APP-b6abcb43,CASE-2341,PENDING,"Recommend RETRY delay 30m. Amount ₹4,681.23 exceeds threshold.",Policy requires human sign-off for high value or medium risk cases.,2026-08-26T18:16:04.055408
APP-24ed6e07,CASE-2344,PENDING,"Recommend RETRY delay 30m. Amount ₹1,181.23 exceeds threshold.",Policy requires human sign-off for high value or medium risk cases.,2026-08-26T13:16:04.055408
APP-d1cb45c8,CASE-2345,PENDING,"Recommend RETRY delay 30m. Amount ₹11,682.23 exceeds threshold.",Policy requires human sign-off for high value or medium risk cases.,2026-08-28T00:16:04.055408
APP-fdb4d18e,CASE-2346,PENDING,"Recommend RETRY delay 30m. Amount ₹2,181.23 exceeds threshold.",Policy requires human sign-off for high value or medium risk cases.,2026-08-28T00:16:04.055408
APP-255a965e,CASE-2347,PENDING,"Recommend RETRY delay 30m. Amount ₹11,682.23 exceeds threshold.",Policy requires human sign-off for high value or medium risk cases.,2026-08-26T20:16:04.055408
APP-f1145973,CASE-2348,PENDING,"Recommend RETRY delay 30m. Amount ₹11,682.23 exceeds threshold.",Policy requires human sign-off for high value or medium risk cases.,2026-08-26T18:16:04.055408
APP-9f8abbc6,CASE-2349,PENDING,"Recommend RETRY delay 30m. Amount ₹7,182.23 exceeds threshold.",Policy requires human sign-off for high value or medium risk cases.,2026-08-27T03:16:04.055408
APP-f7923142,CASE-2350,PENDING,"Recommend RETRY delay 30m. Amount ₹11,682.23 exceeds threshold.",Policy requires human sign-off for high value or medium risk cases.,2026-08-27T06:16:04.055408
APP-767009e6,CASE-2351,PENDING,"Recommend RETRY delay 30m. Amount ₹7,182.23 exceeds threshold.",Policy requires human sign-off for high value or medium risk cases.,2026-08-28T04:16:04.055408
APP-3e27adc3,CASE-2352,PENDING,"Recommend RETRY delay 30m. Amount ₹1,181.23 exceeds threshold.",Policy requires human sign-off for high value or medium risk cases.,2026-08-26T22:16:04.055408
APP-bb722786,CASE-2353,PENDING,"Recommend RETRY delay 30m. Amount ₹11,682.23 exceeds threshold.",Policy requires human sign-off for high value or medium risk cases.,2026-08-27T15:16:04.055408
APP-7a4496a1,CASE-2354,PENDING,"Recommend RETRY delay 30m. Amount ₹3,681.23 exceeds threshold.",Policy requires human sign-off for high value or medium risk cases.,2026-08-26T22:16:04.055408
APP-d16418f7,CASE-2355,PENDING,"Recommend RETRY delay 30m. Amount ₹11,682.23 exceeds threshold.",Policy requires human sign-off for high value or medium risk cases.,2026-08-27T01:16:04.055408
APP-412d3300,CASE-2357,PENDING,"Recommend RETRY delay 30m. Amount ₹7,182.23 exceeds threshold.",Policy requires human sign-off for high value or medium risk cases.,2026-08-28T04:16:04.055408
APP-45dde40a,CASE-2358,PENDING,"Recommend RETRY delay 30m. Amount ₹11,682.23 exceeds threshold.",Policy requires human sign-off for high value or medium risk cases.,2026-08-28T05:16:04.055408
APP-7176a48e,CASE-2360,PENDING,"Recommend RETRY delay 30m. Amount ₹7,182.23 exceeds threshold.",Policy requires human sign-off for high value or medium risk cases.,2026-08-28T06:16:04.055408
APP-ff192134,CASE-2361,PENDING,"Recommend RETRY delay 30m. Amount ₹1,181.23 exceeds threshold.",Policy requires human sign-off for high value or medium risk cases.,2026-08-28T09:16:04.055408
APP-1ef33979,CASE-2362,PENDING,"Recommend RETRY delay 30m. Amount ₹2,181.23 exceeds threshold.",Policy requires human sign-off for high value or medium risk cases.,2026-08-27T20:16:04.055408
APP-50237c0b,CASE-2363,PENDING,"Recommend RETRY delay 30m. Amount ₹2,181.23 exceeds threshold.",Policy requires human sign-off for high value or medium risk cases.,2026-08-28T10:16:04.055408
APP-6f444b8d,CASE-2364,PENDING,"Recommend RETRY delay 30m. Amount ₹3,681.23 exceeds threshold.",Policy requires human sign-off for high value or medium risk cases.,2026-08-26T19:16:04.055408
APP-4820d867,CASE-2365,PENDING,"Recommend RETRY delay 30m. Amount ₹7,182.23 exceeds threshold.",Policy requires human sign-off for high value or medium risk cases.,2026-08-26T18:16:04.055408
APP-ead26119,CASE-2366,PENDING,"Recommend RETRY delay 30m. Amount ₹1,181.23 exceeds threshold.",Policy requires human sign-off for high value or medium risk cases.,2026-08-27T16:16:04.055408
APP-dca54ed2,CASE-2367,PENDING,"Recommend RETRY delay 30m. Amount ₹7,182.23 exceeds threshold.",Policy requires human sign-off for high value or medium risk cases.,2026-08-26T21:16:04.055408
APP-c794514e,CASE-2368,PENDING,"Recommend RETRY delay 30m. Amount ₹4,681.23 exceeds threshold.",Policy requires human sign-off for high value or medium risk cases.,2026-08-28T00:16:04.065175
APP-ff3a733e,CASE-2369,PENDING,"Recommend RETRY delay 30m. Amount ₹3,681.23 exceeds threshold.",Policy requires human sign-off for high value or medium risk cases.,2026-08-28T01:16:04.065175
APP-03018c09,CASE-2370,PENDING,"Recommend RETRY delay 30m. Amount ₹11,682.23 exceeds threshold.",Policy requires human sign-off for high value or medium risk cases.,2026-08-27T09:16:04.065175
APP-2db6db4c,CASE-2374,PENDING,"Recommend RETRY delay 30m. Amount ₹3,681.23 exceeds threshold.",Policy requires human sign-off for high value or medium risk cases.,2026-08-27T03:16:04.065175
APP-cbfdb84a,CASE-2376,PENDING,"Recommend RETRY delay 30m. Amount ₹2,181.23 exceeds threshold.",Policy requires human sign-off for high value or medium risk cases.,2026-08-27T18:16:04.065175
APP-79bfa935,CASE-2378,PENDING,"Recommend RETRY delay 30m. Amount ₹3,681.23 exceeds threshold.",Policy requires human sign-off for high value or medium risk cases.,2026-08-26T17:16:04.065175
APP-ed7de5f4,CASE-2379,PENDING,"Recommend RETRY delay 30m. Amount ₹3,681.23 exceeds threshold.",Policy requires human sign-off for high value or medium risk cases.,2026-08-27T02:16:04.065175
APP-98d16a39,CASE-2380,PENDING,"Recommend RETRY delay 30m. Amount ₹11,682.23 exceeds threshold.",Policy requires human sign-off for high value or medium risk cases.,2026-08-27T04:16:04.065175
APP-a653882c,CASE-2381,PENDING,"Recommend RETRY delay 30m. Amount ₹4,681.23 exceeds threshold.",Policy requires human sign-off for high value or medium risk cases.,2026-08-28T00:16:04.066571
APP-0de13a6f,CASE-2382,PENDING,"Recommend RETRY delay 30m. Amount ₹3,681.23 exceeds threshold.",Policy requires human sign-off for high value or medium risk cases.,2026-08-27T02:16:04.066571
APP-e831cf4a,CASE-2383,PENDING,"Recommend RETRY delay 30m. Amount ₹7,182.23 exceeds threshold.",Policy requires human sign-off for high value or medium risk cases.,2026-08-26T20:16:04.066571
APP-c641f514,CASE-2385,PENDING,"Recommend RETRY delay 30m. Amount ₹11,682.23 exceeds threshold.",Policy requires human sign-off for high value or medium risk cases.,2026-08-26T17:16:04.066571
APP-70e1d55f,CASE-2386,PENDING,"Recommend RETRY delay 30m. Amount ₹2,181.23 exceeds threshold.",Policy requires human sign-off for high value or medium risk cases.,2026-08-28T07:16:04.066571
APP-5b3c748f,CASE-2387,PENDING,"Recommend RETRY delay 30m. Amount ₹1,181.23 exceeds threshold.",Policy requires human sign-off for high value or medium risk cases.,2026-08-28T08:16:04.066571
APP-c68a03cb,CASE-2388,PENDING,"Recommend RETRY delay 30m. Amount ₹7,182.23 exceeds threshold.",Policy requires human sign-off for high value or medium risk cases.,2026-08-27T08:16:04.066571
APP-51b71075,CASE-2389,PENDING,"Recommend RETRY delay 30m. Amount ₹11,682.23 exceeds threshold.",Policy requires human sign-off for high value or medium risk cases.,2026-08-27T12:16:04.066571
APP-a7a9036a,CASE-2390,PENDING,"Recommend RETRY delay 30m. Amount ₹11,682.23 exceeds threshold.",Policy requires human sign-off for high value or medium risk cases.,2026-08-26T14:16:04.066571
APP-fa2fb284,CASE-2391,PENDING,"Recommend RETRY delay 30m. Amount ₹7,182.23 exceeds threshold.",Policy requires human sign-off for high value or medium risk cases.,2026-08-28T08:16:04.066571
APP-eb131c74,CASE-2392,PENDING,"Recommend RETRY delay 30m. Amount ₹3,681.23 exceeds threshold.",Policy requires human sign-off for high value or medium risk cases.,2026-08-27T17:16:04.066571
APP-db637e5b,CASE-2393,PENDING,"Recommend RETRY delay 30m. Amount ₹7,182.23 exceeds threshold.",Policy requires human sign-off for high value or medium risk cases.,2026-08-27T11:16:04.066571
APP-29e112d5,CASE-2394,PENDING,"Recommend RETRY delay 30m. Amount ₹11,682.23 exceeds threshold.",Policy requires human sign-off for high value or medium risk cases.,2026-08-27T22:16:04.066571
APP-6d545e13,CASE-2397,PENDING,"Recommend RETRY delay 30m. Amount ₹2,181.23 exceeds threshold.",Policy requires human sign-off for high value or medium risk cases.,2026-08-26T22:16:04.066571
APP-13f0c9cb,CASE-2398,PENDING,"Recommend RETRY delay 30m. Amount ₹4,681.23 exceeds threshold.",Policy requires human sign-off for high value or medium risk cases.,2026-08-27T23:16:04.068385
APP-dcf136ec,CASE-2399,PENDING,"Recommend RETRY delay 30m. Amount ₹11,682.23 exceeds threshold.",Policy requires human sign-off for high value or medium risk cases.,2026-08-26T19:16:04.068385
APP-1021b9c4,CASE-2403,PENDING,"Recommend REMIND delay 30m. Amount ₹8,182.23 exceeds threshold.",Policy requires human sign-off for high value or medium risk cases.,2026-08-26T19:16:04.068927
APP-2fd17b3a,CASE-2405,PENDING,"Recommend REMIND delay 30m. Amount ₹8,182.23 exceeds threshold.",Policy requires human sign-off for high value or medium risk cases.,2026-08-26T23:16:04.068927
APP-536b5e8e,CASE-2408,PENDING,"Recommend REMIND delay 30m. Amount ₹8,182.23 exceeds threshold.",Policy requires human sign-off for high value or medium risk cases.,2026-08-26T14:16:04.068927
APP-faca2fd1,CASE-2410,PENDING,"Recommend REMIND delay 30m. Amount ₹8,182.23 exceeds threshold.",Policy requires human sign-off for high value or medium risk cases.,2026-08-26T22:16:04.068927
APP-83cc8ef4,CASE-2413,PENDING,"Recommend REMIND delay 30m. Amount ₹8,182.23 exceeds threshold.",Policy requires human sign-off for high value or medium risk cases.,2026-08-27T20:16:04.069938
APP-20816913,CASE-2414,PENDING,"Recommend REMIND delay 30m. Amount ₹8,182.23 exceeds threshold.",Policy requires human sign-off for high value or medium risk cases.,2026-08-26T23:16:04.069938
APP-ae9ddb6b,CASE-2418,PENDING,"Recommend REMIND delay 30m. Amount ₹8,182.23 exceeds threshold.",Policy requires human sign-off for high value or medium risk cases.,2026-08-27T22:16:04.072015
APP-09a28646,CASE-2423,PENDING,"Recommend REMIND delay 30m. Amount ₹8,182.23 exceeds threshold.",Policy requires human sign-off for high value or medium risk cases.,2026-08-27T22:16:04.072015
APP-9a733577,CASE-2424,PENDING,"Recommend REMIND delay 30m. Amount ₹8,182.23 exceeds threshold.",Policy requires human sign-off for high value or medium risk cases.,2026-08-26T22:16:04.072015
APP-522d775d,CASE-2433,PENDING,"Recommend REMIND delay 30m. Amount ₹8,182.23 exceeds threshold.",Policy requires human sign-off for high value or medium risk cases.,2026-08-26T22:16:04.075035
APP-5c4992ed,CASE-2437,PENDING,"Recommend REMIND delay 30m. Amount ₹8,182.23 exceeds threshold.",Policy requires human sign-off for high value or medium risk cases.,2026-08-26T21:16:04.077129
APP-b8a9e0c4,CASE-2440,PENDING,"Recommend REMIND delay 30m. Amount ₹8,182.23 exceeds threshold.",Policy requires human sign-off for high value or medium risk cases.,2026-08-26T16:16:04.077129
APP-cc714187,CASE-2441,PENDING,"Recommend REMIND delay 30m. Amount ₹8,182.23 exceeds threshold.",Policy requires human sign-off for high value or medium risk cases.,2026-08-26T23:16:04.077129
APP-0bd3ed69,CASE-2445,PENDING,"Recommend REMIND delay 30m. Amount ₹8,182.23 exceeds threshold.",Policy requires human sign-off for high value or medium risk cases.,2026-08-28T06:16:04.079134
APP-ee2c8bb8,CASE-2447,PENDING,"Recommend REMIND delay 30m. Amount ₹8,182.23 exceeds threshold.",Policy requires human sign-off for high value or medium risk cases.,2026-08-27T11:16:04.079134
APP-bb0fbcce,CASE-2449,PENDING,"Recommend REMIND delay 30m. Amount ₹8,182.23 exceeds threshold.",Policy requires human sign-off for high value or medium risk cases.,2026-08-27T11:16:04.079134
APP-d73c514a,CASE-2453,PENDING,"Recommend REMIND delay 30m. Amount ₹8,182.23 exceeds threshold.",Policy requires human sign-off for high value or medium risk cases.,2026-08-27T20:16:04.079134
APP-12d3ceca,CASE-2455,PENDING,"Recommend REMIND delay 30m. Amount ₹8,182.23 exceeds threshold.",Policy requires human sign-off for high value or medium risk cases.,2026-08-26T22:16:04.079134
APP-9b51d18c,CASE-2466,PENDING,"Recommend REMIND delay 30m. Amount ₹8,182.23 exceeds threshold.",Policy requires human sign-off for high value or medium risk cases.,2026-08-27T07:16:04.081145
APP-3360b0e8,CASE-2467,PENDING,"Recommend REMIND delay 30m. Amount ₹8,182.23 exceeds threshold.",Policy requires human sign-off for high value or medium risk cases.,2026-08-27T20:16:04.081145
APP-751dc89d,CASE-2476,PENDING,"Recommend REMIND delay 30m. Amount ₹8,182.23 exceeds threshold.",Policy requires human sign-off for high value or medium risk cases.,2026-08-27T13:16:04.081145
APP-eead9f0e,CASE-2479,PENDING,"Recommend REMIND delay 30m. Amount ₹8,182.23 exceeds threshold.",Policy requires human sign-off for high value or medium risk cases.,2026-08-27T14:16:04.083152
APP-12c384d1,CASE-2480,PENDING,"Recommend REMIND delay 30m. Amount ₹8,182.23 exceeds threshold.",Policy requires human sign-off for high value or medium risk cases.,2026-08-27T03:16:04.083152
APP-d8348088,CASE-2481,PENDING,"Recommend REMIND delay 30m. Amount ₹8,182.23 exceeds threshold.",Policy requires human sign-off for high value or medium risk cases.,2026-08-27T23:16:04.083152
APP-df5b034f,CASE-2482,PENDING,"Recommend REMIND delay 30m. Amount ₹8,182.23 exceeds threshold.",Policy requires human sign-off for high value or medium risk cases.,2026-08-26T21:16:04.083152
APP-bcd338da,CASE-2484,PENDING,"Recommend REMIND delay 30m. Amount ₹8,182.23 exceeds threshold.",Policy requires human sign-off for high value or medium risk cases.,2026-08-27T05:16:04.083152
APP-70fe03d8,CASE-2485,PENDING,"Recommend REMIND delay 30m. Amount ₹8,182.23 exceeds threshold.",Policy requires human sign-off for high value or medium risk cases.,2026-08-27T11:16:04.083152
APP-8c401e1d,CASE-2488,PENDING,"Recommend REMIND delay 30m. Amount ₹8,182.23 exceeds threshold.",Policy requires human sign-off for high value or medium risk cases.,2026-08-28T12:16:04.084160
APP-805781b6,CASE-2494,PENDING,"Recommend REMIND delay 30m. Amount ₹8,182.23 exceeds threshold.",Policy requires human sign-off for high value or medium risk cases.,2026-08-27T00:16:04.085166
APP-2a3a1a3c,CASE-2496,PENDING,"Recommend REMIND delay 30m. Amount ₹8,182.23 exceeds threshold.",Policy requires human sign-off for high value or medium risk cases.,2026-08-27T18:16:04.085166
APP-beaa8a8c,CASE-2497,PENDING,"Recommend REMIND delay 30m. Amount ₹8,182.23 exceeds threshold.",Policy requires human sign-off for high value or medium risk cases.,2026-08-27T15:16:04.085166
APP-d0858dfa,CASE-2498,PENDING,"Recommend REMIND delay 30m. Amount ₹8,182.23 exceeds threshold.",Policy requires human sign-off for high value or medium risk cases.,2026-08-28T07:16:04.085166
APP-d0379ae2,CASE-2501,PENDING,"Recommend REMIND delay 30m. Amount ₹8,182.23 exceeds threshold.",Policy requires human sign-off for high value or medium risk cases.,2026-08-28T04:16:04.086554
APP-5e5d8850,CASE-2513,PENDING,"Recommend REMIND delay 30m. Amount ₹8,182.23 exceeds threshold.",Policy requires human sign-off for high value or medium risk cases.,2026-08-27T17:16:04.086554
APP-be5a2ed1,CASE-2517,PENDING,"Recommend REMIND delay 30m. Amount ₹8,182.23 exceeds threshold.",Policy requires human sign-off for high value or medium risk cases.,2026-08-26T19:16:04.089060
APP-615741a8,CASE-2520,PENDING,"Recommend REMIND delay 30m. Amount ₹8,182.23 exceeds threshold.",Policy requires human sign-off for high value or medium risk cases.,2026-08-28T09:16:04.089060
APP-5a8362ec,CASE-2522,PENDING,"Recommend REMIND delay 30m. Amount ₹8,182.23 exceeds threshold.",Policy requires human sign-off for high value or medium risk cases.,2026-08-28T12:16:04.089060
APP-f9f9f5ce,CASE-2523,PENDING,"Recommend REMIND delay 30m. Amount ₹8,182.23 exceeds threshold.",Policy requires human sign-off for high value or medium risk cases.,2026-08-27T05:16:04.089060
APP-3ab229c0,CASE-2533,PENDING,"Recommend REMIND delay 30m. Amount ₹8,182.23 exceeds threshold.",Policy requires human sign-off for high value or medium risk cases.,2026-08-26T16:16:04.091096
APP-ba7f13a6,CASE-2534,PENDING,"Recommend REMIND delay 30m. Amount ₹8,182.23 exceeds threshold.",Policy requires human sign-off for high value or medium risk cases.,2026-08-27T21:16:04.091096
APP-51f287c9,CASE-2540,PENDING,"Recommend REMIND delay 30m. Amount ₹8,182.23 exceeds threshold.",Policy requires human sign-off for high value or medium risk cases.,2026-08-27T14:16:04.093106
APP-9ae1986d,CASE-2543,PENDING,"Recommend REMIND delay 30m. Amount ₹8,182.23 exceeds threshold.",Policy requires human sign-off for high value or medium risk cases.,2026-08-28T01:16:04.093106
APP-6ab3cd24,CASE-2546,PENDING,"Recommend REMIND delay 30m. Amount ₹8,182.23 exceeds threshold.",Policy requires human sign-off for high value or medium risk cases.,2026-08-27T10:16:04.093106
APP-ad09b5e3,CASE-2558,PENDING,"Recommend REMIND delay 30m. Amount ₹8,182.23 exceeds threshold.",Policy requires human sign-off for high value or medium risk cases.,2026-08-26T22:16:04.095114
APP-695a51e1,CASE-2559,PENDING,"Recommend REMIND delay 30m. Amount ₹8,182.23 exceeds threshold.",Policy requires human sign-off for high value or medium risk cases.,2026-08-27T10:16:04.095114
APP-a298f0bd,CASE-2560,PENDING,"Recommend REMIND delay 30m. Amount ₹8,182.23 exceeds threshold.",Policy requires human sign-off for high value or medium risk cases.,2026-08-27T01:16:04.095114
APP-6ad7fb81,CASE-2565,PENDING,"Recommend REMIND delay 30m. Amount ₹8,182.23 exceeds threshold.",Policy requires human sign-off for high value or medium risk cases.,2026-08-27T13:16:04.097232
APP-ac38b604,CASE-2567,PENDING,"Recommend REMIND delay 30m. Amount ₹8,182.23 exceeds threshold.",Policy requires human sign-off for high value or medium risk cases.,2026-08-27T16:16:04.097232
APP-35cfc692,CASE-2568,PENDING,"Recommend REMIND delay 30m. Amount ₹8,182.23 exceeds threshold.",Policy requires human sign-off for high value or medium risk cases.,2026-08-26T19:16:04.097232
APP-f7bc0101,CASE-2577,PENDING,"Recommend REMIND delay 30m. Amount ₹8,182.23 exceeds threshold.",Policy requires human sign-off for high value or medium risk cases.,2026-08-28T00:16:04.100266
APP-91d9bb7b,CASE-2578,PENDING,"Recommend REMIND delay 30m. Amount ₹8,182.23 exceeds threshold.",Policy requires human sign-off for high value or medium risk cases.,2026-08-26T21:16:04.100266
APP-5d26322d,CASE-2595,PENDING,"Recommend REMIND delay 30m. Amount ₹8,182.23 exceeds threshold.",Policy requires human sign-off for high value or medium risk cases.,2026-08-27T14:16:04.100266
APP-0ee065f5,CASE-2609,PENDING,"Recommend REMIND delay 30m. Amount ₹8,182.23 exceeds threshold.",Policy requires human sign-off for high value or medium risk cases.,2026-08-27T22:16:04.103769
APP-5ce31404,CASE-2612,PENDING,"Recommend REMIND delay 30m. Amount ₹8,182.23 exceeds threshold.",Policy requires human sign-off for high value or medium risk cases.,2026-08-27T11:16:04.103769
APP-03f3e454,CASE-2616,PENDING,"Recommend REMIND delay 30m. Amount ₹8,182.23 exceeds threshold.",Policy requires human sign-off for high value or medium risk cases.,2026-08-27T08:16:04.105293
APP-7224693b,CASE-2617,PENDING,"Recommend REMIND delay 30m. Amount ₹8,182.23 exceeds threshold.",Policy requires human sign-off for high value or medium risk cases.,2026-08-27T09:16:04.105293
APP-b8ae3e2b,CASE-2619,PENDING,"Recommend REMIND delay 30m. Amount ₹8,182.23 exceeds threshold.",Policy requires human sign-off for high value or medium risk cases.,2026-08-26T23:16:04.105293
APP-1a23a437,CASE-2623,PENDING,"Recommend REMIND delay 30m. Amount ₹8,182.23 exceeds threshold.",Policy requires human sign-off for high value or medium risk cases.,2026-08-26T15:16:04.106484
APP-e76ec1e8,CASE-2624,PENDING,"Recommend REMIND delay 30m. Amount ₹8,182.23 exceeds threshold.",Policy requires human sign-off for high value or medium risk cases.,2026-08-27T12:16:04.106484
APP-06a8be4f,CASE-2627,PENDING,"Recommend REMIND delay 30m. Amount ₹8,182.23 exceeds threshold.",Policy requires human sign-off for high value or medium risk cases.,2026-08-28T00:16:04.106484
APP-631167fa,CASE-2629,PENDING,"Recommend REMIND delay 30m. Amount ₹8,182.23 exceeds threshold.",Policy requires human sign-off for high value or medium risk cases.,2026-08-27T23:16:04.106484
APP-dde8f864,CASE-2630,PENDING,"Recommend REMIND delay 30m. Amount ₹8,182.23 exceeds threshold.",Policy requires human sign-off for high value or medium risk cases.,2026-08-26T22:16:04.106484
APP-b44f75fb,CASE-2637,PENDING,"Recommend REMIND delay 30m. Amount ₹8,182.23 exceeds threshold.",Policy requires human sign-off for high value or medium risk cases.,2026-08-27T06:16:04.106484
APP-a6381d58,CASE-2642,PENDING,"Recommend REMIND delay 30m. Amount ₹8,182.23 exceeds threshold.",Policy requires human sign-off for high value or medium risk cases.,2026-08-26T21:16:04.108495
APP-371e225c,CASE-2644,PENDING,"Recommend REMIND delay 30m. Amount ₹8,182.23 exceeds threshold.",Policy requires human sign-off for high value or medium risk cases.,2026-08-27T10:16:04.108495
APP-106d793a,CASE-2645,PENDING,"Recommend REMIND delay 30m. Amount ₹8,182.23 exceeds threshold.",Policy requires human sign-off for high value or medium risk cases.,2026-08-26T20:16:04.108495
APP-409375c6,CASE-2650,PENDING,"Recommend RETRY delay 30m. Amount ₹1,681.23 exceeds threshold.",Policy requires human sign-off for high value or medium risk cases.,2026-08-27T15:16:04.108495
APP-d0ff5bf3,CASE-2651,PENDING,"Recommend RETRY delay 30m. Amount ₹8,681.23 exceeds threshold.",Policy requires human sign-off for high value or medium risk cases.,2026-08-26T14:16:04.108495
APP-715cfea3,CASE-2652,PENDING,"Recommend RETRY delay 30m. Amount ₹4,681.23 exceeds threshold.",Policy requires human sign-off for high value or medium risk cases.,2026-08-27T00:16:04.108495
APP-b138206b,CASE-2653,PENDING,"Recommend RETRY delay 30m. Amount ₹4,681.23 exceeds threshold.",Policy requires human sign-off for high value or medium risk cases.,2026-08-28T11:16:04.108495
APP-eb3e46c8,CASE-2654,PENDING,"Recommend RETRY delay 30m. Amount ₹4,681.23 exceeds threshold.",Policy requires human sign-off for high value or medium risk cases.,2026-08-26T22:16:04.108495
APP-b99846dd,CASE-2655,PENDING,"Recommend RETRY delay 30m. Amount ₹8,681.23 exceeds threshold.",Policy requires human sign-off for high value or medium risk cases.,2026-08-27T16:16:04.108495
APP-a31e2991,CASE-2656,PENDING,Recommend RETRY delay 30m. Amount ₹681.23 exceeds threshold.,Policy requires human sign-off for high value or medium risk cases.,2026-08-27T21:16:04.108495
APP-4c0180e9,CASE-2657,PENDING,"Recommend RETRY delay 30m. Amount ₹4,681.23 exceeds threshold.",Policy requires human sign-off for high value or medium risk cases.,2026-08-27T17:16:04.108495
APP-9f9e33f1,CASE-2658,PENDING,"Recommend RETRY delay 30m. Amount ₹1,681.23 exceeds threshold.",Policy requires human sign-off for high value or medium risk cases.,2026-08-28T07:16:04.108495
APP-12301aed,CASE-2659,PENDING,"Recommend RETRY delay 30m. Amount ₹8,681.23 exceeds threshold.",Policy requires human sign-off for high value or medium risk cases.,2026-08-28T03:16:04.108495
APP-a09b2536,CASE-2660,PENDING,"Recommend RETRY delay 30m. Amount ₹1,681.23 exceeds threshold.",Policy requires human sign-off for high value or medium risk cases.,2026-08-28T03:16:04.108495
APP-55973a88,CASE-2661,PENDING,Recommend RETRY delay 30m. Amount ₹681.23 exceeds threshold.,Policy requires human sign-off for high value or medium risk cases.,2026-08-28T10:16:04.108495
APP-a6f44f2f,CASE-2662,PENDING,"Recommend RETRY delay 30m. Amount ₹8,681.23 exceeds threshold.",Policy requires human sign-off for high value or medium risk cases.,2026-08-27T17:16:04.108495
APP-ab65db74,CASE-2664,PENDING,Recommend RETRY delay 30m. Amount ₹681.23 exceeds threshold.,Policy requires human sign-off for high value or medium risk cases.,2026-08-27T17:16:04.108495
APP-c3e6a751,CASE-2665,PENDING,"Recommend RETRY delay 30m. Amount ₹1,681.23 exceeds threshold.",Policy requires human sign-off for high value or medium risk cases.,2026-08-27T19:16:04.108495
APP-4e623053,CASE-2666,PENDING,"Recommend RETRY delay 30m. Amount ₹4,681.23 exceeds threshold.",Policy requires human sign-off for high value or medium risk cases.,2026-08-28T02:16:04.108495
APP-3ea84444,CASE-2667,PENDING,"Recommend RETRY delay 30m. Amount ₹4,681.23 exceeds threshold.",Policy requires human sign-off for high value or medium risk cases.,2026-08-27T02:16:04.108495
APP-7e51237a,CASE-2668,PENDING,"Recommend RETRY delay 30m. Amount ₹4,681.23 exceeds threshold.",Policy requires human sign-off for high value or medium risk cases.,2026-08-26T15:16:04.108495
APP-623ba0bc,CASE-2669,PENDING,"Recommend RETRY delay 30m. Amount ₹4,681.23 exceeds threshold.",Policy requires human sign-off for high value or medium risk cases.,2026-08-27T17:16:04.108495
APP-8830d1bd,CASE-2670,PENDING,"Recommend RETRY delay 30m. Amount ₹4,681.23 exceeds threshold.",Policy requires human sign-off for high value or medium risk cases.,2026-08-28T11:16:04.108495
APP-1f656906,CASE-2671,PENDING,"Recommend RETRY delay 30m. Amount ₹8,681.23 exceeds threshold.",Policy requires human sign-off for high value or medium risk cases.,2026-08-28T09:16:04.108495
APP-7d38a4dd,CASE-2672,PENDING,Recommend RETRY delay 30m. Amount ₹681.23 exceeds threshold.,Policy requires human sign-off for high value or medium risk cases.,2026-08-26T22:16:04.108495
APP-86684ec5,CASE-2673,PENDING,"Recommend RETRY delay 30m. Amount ₹8,681.23 exceeds threshold.",Policy requires human sign-off for high value or medium risk cases.,2026-08-28T00:16:04.108495
APP-6ecb6229,CASE-2675,PENDING,"Recommend RETRY delay 30m. Amount ₹8,681.23 exceeds threshold.",Policy requires human sign-off for high value or medium risk cases.,2026-08-26T19:16:04.108495
APP-e534a609,CASE-2676,PENDING,"Recommend RETRY delay 30m. Amount ₹8,681.23 exceeds threshold.",Policy requires human sign-off for high value or medium risk cases.,2026-08-26T21:16:04.108495
APP-6a6ba0e7,CASE-2677,PENDING,"Recommend RETRY delay 30m. Amount ₹4,681.23 exceeds threshold.",Policy requires human sign-off for high value or medium risk cases.,2026-08-26T18:16:04.108495
APP-e693fe5d,CASE-2678,PENDING,"Recommend RETRY delay 30m. Amount ₹4,681.23 exceeds threshold.",Policy requires human sign-off for high value or medium risk cases.,2026-08-28T08:16:04.108495
APP-8d8daeaf,CASE-2679,PENDING,"Recommend RETRY delay 30m. Amount ₹8,681.23 exceeds threshold.",Policy requires human sign-off for high value or medium risk cases.,2026-08-28T02:16:04.108495
APP-04c99164,CASE-2680,PENDING,"Recommend RETRY delay 30m. Amount ₹4,681.23 exceeds threshold.",Policy requires human sign-off for high value or medium risk cases.,2026-08-28T06:16:04.108495
APP-837b5493,CASE-2681,PENDING,"Recommend RETRY delay 30m. Amount ₹8,681.23 exceeds threshold.",Policy requires human sign-off for high value or medium risk cases.,2026-08-26T19:16:04.108495
APP-b7dc1348,CASE-2682,PENDING,Recommend RETRY delay 30m. Amount ₹681.23 exceeds threshold.,Policy requires human sign-off for high value or medium risk cases.,2026-08-26T23:16:04.108495
APP-3416c704,CASE-2683,PENDING,"Recommend RETRY delay 30m. Amount ₹8,681.23 exceeds threshold.",Policy requires human sign-off for high value or medium risk cases.,2026-08-27T12:16:04.108495
APP-f060178e,CASE-2684,PENDING,Recommend RETRY delay 30m. Amount ₹681.23 exceeds threshold.,Policy requires human sign-off for high value or medium risk cases.,2026-08-27T00:16:04.108495
APP-c53fbfcb,CASE-2685,PENDING,"Recommend RETRY delay 30m. Amount ₹4,681.23 exceeds threshold.",Policy requires human sign-off for high value or medium risk cases.,2026-08-26T18:16:04.108495
APP-e866615d,CASE-2687,PENDING,"Recommend RETRY delay 30m. Amount ₹8,681.23 exceeds threshold.",Policy requires human sign-off for high value or medium risk cases.,2026-08-28T01:16:04.108495
APP-1989f317,CASE-2688,PENDING,"Recommend RETRY delay 30m. Amount ₹4,681.23 exceeds threshold.",Policy requires human sign-off for high value or medium risk cases.,2026-08-26T22:16:04.108495
APP-4698598c,CASE-2689,PENDING,"Recommend RETRY delay 30m. Amount ₹8,681.23 exceeds threshold.",Policy requires human sign-off for high value or medium risk cases.,2026-08-27T23:16:04.114846
APP-8b734b4c,CASE-2690,PENDING,"Recommend RETRY delay 30m. Amount ₹1,681.23 exceeds threshold.",Policy requires human sign-off for high value or medium risk cases.,2026-08-28T03:16:04.114846
APP-0bbc8ace,CASE-2691,PENDING,"Recommend RETRY delay 30m. Amount ₹8,681.23 exceeds threshold.",Policy requires human sign-off for high value or medium risk cases.,2026-08-27T00:16:04.115460
APP-5c369157,CASE-2692,PENDING,"Recommend RETRY delay 30m. Amount ₹8,681.23 exceeds threshold.",Policy requires human sign-off for high value or medium risk cases.,2026-08-27T00:16:04.115460
APP-218d6236,CASE-2693,PENDING,"Recommend RETRY delay 30m. Amount ₹4,681.23 exceeds threshold.",Policy requires human sign-off for high value or medium risk cases.,2026-08-28T12:16:04.115460
APP-743b5722,CASE-2694,PENDING,"Recommend RETRY delay 30m. Amount ₹8,681.23 exceeds threshold.",Policy requires human sign-off for high value or medium risk cases.,2026-08-27T01:16:04.115460
APP-85ce6690,CASE-2695,PENDING,Recommend RETRY delay 30m. Amount ₹681.23 exceeds threshold.,Policy requires human sign-off for high value or medium risk cases.,2026-08-27T18:16:04.115460
APP-cbbf4a4b,CASE-2696,PENDING,Recommend RETRY delay 30m. Amount ₹681.23 exceeds threshold.,Policy requires human sign-off for high value or medium risk cases.,2026-08-27T16:16:04.115460
APP-c782d9f2,CASE-2697,PENDING,"Recommend RETRY delay 30m. Amount ₹8,681.23 exceeds threshold.",Policy requires human sign-off for high value or medium risk cases.,2026-08-27T23:16:04.115460
APP-7acb257a,CASE-2698,PENDING,"Recommend RETRY delay 30m. Amount ₹1,681.23 exceeds threshold.",Policy requires human sign-off for high value or medium risk cases.,2026-08-27T12:16:04.115460
APP-548f37ed,CASE-2699,PENDING,"Recommend RETRY delay 30m. Amount ₹4,681.23 exceeds threshold.",Policy requires human sign-off for high value or medium risk cases.,2026-08-28T04:16:04.115460
APP-5b62ef1a,CASE-2700,PENDING,"Recommend RETRY delay 30m. Amount ₹1,681.23 exceeds threshold.",Policy requires human sign-off for high value or medium risk cases.,2026-08-26T14:16:04.115460
APP-4209c6a2,CASE-2701,PENDING,"Recommend RETRY delay 30m. Amount ₹8,681.23 exceeds threshold.",Policy requires human sign-off for high value or medium risk cases.,2026-08-28T04:16:04.115460
APP-cb17c8c4,CASE-2702,PENDING,"Recommend RETRY delay 30m. Amount ₹8,681.23 exceeds threshold.",Policy requires human sign-off for high value or medium risk cases.,2026-08-27T04:16:04.115460
APP-ddef2ce9,CASE-2703,PENDING,"Recommend RETRY delay 30m. Amount ₹8,681.23 exceeds threshold.",Policy requires human sign-off for high value or medium risk cases.,2026-08-27T22:16:04.115460
APP-a6b45b38,CASE-2704,PENDING,"Recommend RETRY delay 30m. Amount ₹1,681.23 exceeds threshold.",Policy requires human sign-off for high value or medium risk cases.,2026-08-27T21:16:04.115460
APP-041a3a07,CASE-2705,PENDING,"Recommend RETRY delay 30m. Amount ₹4,681.23 exceeds threshold.",Policy requires human sign-off for high value or medium risk cases.,2026-08-28T10:16:04.115460
APP-fa0b0da9,CASE-2706,PENDING,"Recommend RETRY delay 30m. Amount ₹8,681.23 exceeds threshold.",Policy requires human sign-off for high value or medium risk cases.,2026-08-27T06:16:04.115460
APP-13cf31cb,CASE-2707,PENDING,Recommend RETRY delay 30m. Amount ₹681.23 exceeds threshold.,Policy requires human sign-off for high value or medium risk cases.,2026-08-27T03:16:04.115460
APP-28abd1fc,CASE-2708,PENDING,Recommend RETRY delay 30m. Amount ₹681.23 exceeds threshold.,Policy requires human sign-off for high value or medium risk cases.,2026-08-26T20:16:04.115460
APP-42dacacb,CASE-2710,PENDING,"Recommend RETRY delay 30m. Amount ₹4,681.23 exceeds threshold.",Policy requires human sign-off for high value or medium risk cases.,2026-08-27T04:16:04.115460
APP-1ab52854,CASE-2711,PENDING,"Recommend RETRY delay 30m. Amount ₹8,681.23 exceeds threshold.",Policy requires human sign-off for high value or medium risk cases.,2026-08-27T18:16:04.115460
APP-6d0e0890,CASE-2712,PENDING,"Recommend RETRY delay 30m. Amount ₹4,681.23 exceeds threshold.",Policy requires human sign-off for high value or medium risk cases.,2026-08-27T00:16:04.115460
APP-54eb2498,CASE-2713,PENDING,"Recommend RETRY delay 30m. Amount ₹4,681.23 exceeds threshold.",Policy requires human sign-off for high value or medium risk cases.,2026-08-28T09:16:04.115460
APP-98e98a44,CASE-2715,PENDING,"Recommend RETRY delay 30m. Amount ₹1,681.23 exceeds threshold.",Policy requires human sign-off for high value or medium risk cases.,2026-08-28T04:16:04.115460
APP-d25ba796,CASE-2716,PENDING,"Recommend RETRY delay 30m. Amount ₹4,681.23 exceeds threshold.",Policy requires human sign-off for high value or medium risk cases.,2026-08-28T05:16:04.115460
APP-405ea385,CASE-2717,PENDING,"Recommend RETRY delay 30m. Amount ₹1,681.23 exceeds threshold.",Policy requires human sign-off for high value or medium risk cases.,2026-08-28T01:16:04.115460
APP-95eab698,CASE-2719,PENDING,Recommend RETRY delay 30m. Amount ₹681.23 exceeds threshold.,Policy requires human sign-off for high value or medium risk cases.,2026-08-28T03:16:04.115460
APP-d379c49f,CASE-2720,PENDING,"Recommend RETRY delay 30m. Amount ₹8,681.23 exceeds threshold.",Policy requires human sign-off for high value or medium risk cases.,2026-08-26T18:16:04.115460
APP-19b99c63,CASE-2721,PENDING,"Recommend RETRY delay 30m. Amount ₹8,681.23 exceeds threshold.",Policy requires human sign-off for high value or medium risk cases.,2026-08-26T14:16:04.115460
APP-62a51579,CASE-2722,PENDING,"Recommend RETRY delay 30m. Amount ₹4,681.23 exceeds threshold.",Policy requires human sign-off for high value or medium risk cases.,2026-08-28T02:16:04.115460
APP-e59fd9f4,CASE-2723,PENDING,"Recommend RETRY delay 30m. Amount ₹8,681.23 exceeds threshold.",Policy requires human sign-off for high value or medium risk cases.,2026-08-26T13:16:04.115460
APP-10e053d9,CASE-2724,PENDING,"Recommend RETRY delay 30m. Amount ₹1,681.23 exceeds threshold.",Policy requires human sign-off for high value or medium risk cases.,2026-08-28T03:16:04.115460
APP-b0090d25,CASE-2725,PENDING,"Recommend RETRY delay 30m. Amount ₹8,681.23 exceeds threshold.",Policy requires human sign-off for high value or medium risk cases.,2026-08-26T17:16:04.115460
APP-d0971747,CASE-2726,PENDING,"Recommend RETRY delay 30m. Amount ₹4,681.23 exceeds threshold.",Policy requires human sign-off for high value or medium risk cases.,2026-08-26T20:16:04.115460
APP-d1c47448,CASE-2727,PENDING,"Recommend RETRY delay 30m. Amount ₹4,681.23 exceeds threshold.",Policy requires human sign-off for high value or medium risk cases.,2026-08-27T19:16:04.115460
APP-2d3c7ca7,CASE-2728,PENDING,Recommend RETRY delay 30m. Amount ₹681.23 exceeds threshold.,Policy requires human sign-off for high value or medium risk cases.,2026-08-26T17:16:04.115460
APP-7eeca172,CASE-2730,PENDING,"Recommend RETRY delay 30m. Amount ₹1,681.23 exceeds threshold.",Policy requires human sign-off for high value or medium risk cases.,2026-08-28T12:16:04.115460
APP-4b57b894,CASE-2731,PENDING,Recommend RETRY delay 30m. Amount ₹681.23 exceeds threshold.,Policy requires human sign-off for high value or medium risk cases.,2026-08-28T06:16:04.115460
APP-a35b2b1a,CASE-2732,PENDING,"Recommend RETRY delay 30m. Amount ₹8,681.23 exceeds threshold.",Policy requires human sign-off for high value or medium risk cases.,2026-08-28T00:16:04.115460
APP-a22d7d14,CASE-2733,PENDING,Recommend RETRY delay 30m. Amount ₹681.23 exceeds threshold.,Policy requires human sign-off for high value or medium risk cases.,2026-08-26T18:16:04.115460
APP-dafbd161,CASE-2734,PENDING,"Recommend RETRY delay 30m. Amount ₹1,681.23 exceeds threshold.",Policy requires human sign-off for high value or medium risk cases.,2026-08-26T22:16:04.115460
APP-010bcad9,CASE-2735,PENDING,"Recommend RETRY delay 30m. Amount ₹1,681.23 exceeds threshold.",Policy requires human sign-off for high value or medium risk cases.,2026-08-26T16:16:04.115460
APP-4c48fadd,CASE-2736,PENDING,"Recommend RETRY delay 30m. Amount ₹1,681.23 exceeds threshold.",Policy requires human sign-off for high value or medium risk cases.,2026-08-28T08:16:04.115460
APP-adde68c9,CASE-2737,PENDING,"Recommend RETRY delay 30m. Amount ₹8,681.23 exceeds threshold.",Policy requires human sign-off for high value or medium risk cases.,2026-08-28T02:16:04.115460
APP-ca65499a,CASE-2738,PENDING,Recommend RETRY delay 30m. Amount ₹681.23 exceeds threshold.,Policy requires human sign-off for high value or medium risk cases.,2026-08-27T15:16:04.115460
APP-9552de13,CASE-2739,PENDING,Recommend RETRY delay 30m. Amount ₹681.23 exceeds threshold.,Policy requires human sign-off for high value or medium risk cases.,2026-08-28T08:16:04.125265
APP-65d03060,CASE-2740,PENDING,"Recommend RETRY delay 30m. Amount ₹8,681.23 exceeds threshold.",Policy requires human sign-off for high value or medium risk cases.,2026-08-27T05:16:04.125265
APP-539793d5,CASE-2741,PENDING,Recommend RETRY delay 30m. Amount ₹681.23 exceeds threshold.,Policy requires human sign-off for high value or medium risk cases.,2026-08-26T21:16:04.125265
APP-1a981706,CASE-2742,PENDING,Recommend RETRY delay 30m. Amount ₹681.23 exceeds threshold.,Policy requires human sign-off for high value or medium risk cases.,2026-08-28T08:16:04.125265
APP-65459bd1,CASE-2743,PENDING,Recommend RETRY delay 30m. Amount ₹681.23 exceeds threshold.,Policy requires human sign-off for high value or medium risk cases.,2026-08-27T05:16:04.125265
APP-27cbeda6,CASE-2745,PENDING,"Recommend RETRY delay 30m. Amount ₹4,681.23 exceeds threshold.",Policy requires human sign-off for high value or medium risk cases.,2026-08-28T12:16:04.125265
APP-a609fa76,CASE-2746,PENDING,"Recommend RETRY delay 30m. Amount ₹8,681.23 exceeds threshold.",Policy requires human sign-off for high value or medium risk cases.,2026-08-28T08:16:04.125265
APP-5b35bd50,CASE-2747,PENDING,"Recommend RETRY delay 30m. Amount ₹1,681.23 exceeds threshold.",Policy requires human sign-off for high value or medium risk cases.,2026-08-27T00:16:04.125265
APP-19121482,CASE-2748,PENDING,"Recommend RETRY delay 30m. Amount ₹4,681.23 exceeds threshold.",Policy requires human sign-off for high value or medium risk cases.,2026-08-26T20:16:04.125265
APP-0d0771fb,CASE-2749,PENDING,Recommend RETRY delay 30m. Amount ₹681.23 exceeds threshold.,Policy requires human sign-off for high value or medium risk cases.,2026-08-27T07:16:04.126426
APP-f5e227f5,CASE-2751,PENDING,"Recommend RETRY delay 30m. Amount ₹8,681.23 exceeds threshold.",Policy requires human sign-off for high value or medium risk cases.,2026-08-27T12:16:04.126426
APP-08838ff8,CASE-2753,PENDING,"Recommend RETRY delay 30m. Amount ₹8,681.23 exceeds threshold.",Policy requires human sign-off for high value or medium risk cases.,2026-08-28T00:16:04.126426
APP-1c3f9bbe,CASE-2755,PENDING,"Recommend RETRY delay 30m. Amount ₹4,681.23 exceeds threshold.",Policy requires human sign-off for high value or medium risk cases.,2026-08-28T10:16:04.126426
APP-15ffb8f8,CASE-2756,PENDING,"Recommend RETRY delay 30m. Amount ₹4,681.23 exceeds threshold.",Policy requires human sign-off for high value or medium risk cases.,2026-08-28T05:16:04.126426
APP-14b117b1,CASE-2759,PENDING,"Recommend RETRY delay 30m. Amount ₹1,681.23 exceeds threshold.",Policy requires human sign-off for high value or medium risk cases.,2026-08-28T10:16:04.126426
APP-6d6ca305,CASE-2761,PENDING,Recommend RETRY delay 30m. Amount ₹681.23 exceeds threshold.,Policy requires human sign-off for high value or medium risk cases.,2026-08-28T02:16:04.126426
APP-48599d19,CASE-2762,PENDING,Recommend RETRY delay 30m. Amount ₹681.23 exceeds threshold.,Policy requires human sign-off for high value or medium risk cases.,2026-08-26T21:16:04.126426
APP-ccd93df9,CASE-2763,PENDING,"Recommend RETRY delay 30m. Amount ₹1,681.23 exceeds threshold.",Policy requires human sign-off for high value or medium risk cases.,2026-08-26T13:16:04.126426
APP-5ce6ddce,CASE-2764,PENDING,"Recommend RETRY delay 30m. Amount ₹8,681.23 exceeds threshold.",Policy requires human sign-off for high value or medium risk cases.,2026-08-27T23:16:04.128436
APP-ca1bb698,CASE-2765,PENDING,Recommend RETRY delay 30m. Amount ₹681.23 exceeds threshold.,Policy requires human sign-off for high value or medium risk cases.,2026-08-28T05:16:04.128436
APP-0b837ed5,CASE-2766,PENDING,"Recommend RETRY delay 30m. Amount ₹4,681.23 exceeds threshold.",Policy requires human sign-off for high value or medium risk cases.,2026-08-27T13:16:04.128436
APP-8e8eb7c2,CASE-2767,PENDING,"Recommend RETRY delay 30m. Amount ₹1,681.23 exceeds threshold.",Policy requires human sign-off for high value or medium risk cases.,2026-08-28T06:16:04.128436
APP-acdf27ee,CASE-2768,PENDING,"Recommend RETRY delay 30m. Amount ₹8,681.23 exceeds threshold.",Policy requires human sign-off for high value or medium risk cases.,2026-08-28T12:16:04.128436
APP-4c0d7e7e,CASE-2769,PENDING,Recommend RETRY delay 30m. Amount ₹681.23 exceeds threshold.,Policy requires human sign-off for high value or medium risk cases.,2026-08-26T16:16:04.128436
APP-e8df063d,CASE-2770,PENDING,"Recommend RETRY delay 30m. Amount ₹8,681.23 exceeds threshold.",Policy requires human sign-off for high value or medium risk cases.,2026-08-26T20:16:04.128436
APP-adbe50c4,CASE-2771,PENDING,"Recommend RETRY delay 30m. Amount ₹4,681.23 exceeds threshold.",Policy requires human sign-off for high value or medium risk cases.,2026-08-28T01:16:04.128436
APP-4bf80b81,CASE-2772,PENDING,Recommend RETRY delay 30m. Amount ₹681.23 exceeds threshold.,Policy requires human sign-off for high value or medium risk cases.,2026-08-28T07:16:04.128436
APP-a9010973,CASE-2773,PENDING,"Recommend RETRY delay 30m. Amount ₹4,681.23 exceeds threshold.",Policy requires human sign-off for high value or medium risk cases.,2026-08-27T21:16:04.128436
APP-625fd8dc,CASE-2774,PENDING,"Recommend RETRY delay 30m. Amount ₹1,681.23 exceeds threshold.",Policy requires human sign-off for high value or medium risk cases.,2026-08-27T13:16:04.128436
APP-542857fb,CASE-2775,PENDING,"Recommend RETRY delay 30m. Amount ₹1,681.23 exceeds threshold.",Policy requires human sign-off for high value or medium risk cases.,2026-08-28T00:16:04.128436
APP-d8c948a0,CASE-2776,PENDING,Recommend RETRY delay 30m. Amount ₹681.23 exceeds threshold.,Policy requires human sign-off for high value or medium risk cases.,2026-08-28T02:16:04.128436
APP-cebb007c,CASE-2777,PENDING,Recommend RETRY delay 30m. Amount ₹681.23 exceeds threshold.,Policy requires human sign-off for high value or medium risk cases.,2026-08-27T09:16:04.128436
APP-f20e3421,CASE-2778,PENDING,"Recommend RETRY delay 30m. Amount ₹4,681.23 exceeds threshold.",Policy requires human sign-off for high value or medium risk cases.,2026-08-26T13:16:04.128436
APP-3446eb98,CASE-2779,PENDING,Recommend RETRY delay 30m. Amount ₹681.23 exceeds threshold.,Policy requires human sign-off for high value or medium risk cases.,2026-08-27T05:16:04.128436
APP-16a95afc,CASE-2780,PENDING,Recommend RETRY delay 30m. Amount ₹681.23 exceeds threshold.,Policy requires human sign-off for high value or medium risk cases.,2026-08-26T23:16:04.128436
APP-8cfa99e9,CASE-2781,PENDING,"Recommend RETRY delay 30m. Amount ₹4,681.23 exceeds threshold.",Policy requires human sign-off for high value or medium risk cases.,2026-08-28T05:16:04.130466
APP-6e4a18f9,CASE-2782,PENDING,"Recommend RETRY delay 30m. Amount ₹4,681.23 exceeds threshold.",Policy requires human sign-off for high value or medium risk cases.,2026-08-27T10:16:04.130466
APP-d4caf6b5,CASE-2783,PENDING,"Recommend RETRY delay 30m. Amount ₹1,681.23 exceeds threshold.",Policy requires human sign-off for high value or medium risk cases.,2026-08-26T23:16:04.130466
APP-ad7cb5f0,CASE-2784,PENDING,"Recommend RETRY delay 30m. Amount ₹8,681.23 exceeds threshold.",Policy requires human sign-off for high value or medium risk cases.,2026-08-26T21:16:04.130466
APP-e4fe6562,CASE-2785,PENDING,"Recommend RETRY delay 30m. Amount ₹8,681.23 exceeds threshold.",Policy requires human sign-off for high value or medium risk cases.,2026-08-27T07:16:04.130466
APP-cd67d093,CASE-2787,PENDING,"Recommend RETRY delay 30m. Amount ₹1,681.23 exceeds threshold.",Policy requires human sign-off for high value or medium risk cases.,2026-08-28T04:16:04.130466
APP-a9f2f32a,CASE-2788,PENDING,Recommend RETRY delay 30m. Amount ₹681.23 exceeds threshold.,Policy requires human sign-off for high value or medium risk cases.,2026-08-27T15:16:04.130466
APP-2072aa46,CASE-2789,PENDING,"Recommend RETRY delay 30m. Amount ₹1,681.23 exceeds threshold.",Policy requires human sign-off for high value or medium risk cases.,2026-08-27T01:16:04.130466
APP-1c37816a,CASE-2790,PENDING,"Recommend RETRY delay 30m. Amount ₹1,681.23 exceeds threshold.",Policy requires human sign-off for high value or medium risk cases.,2026-08-26T23:16:04.131474
APP-14270674,CASE-2791,PENDING,"Recommend RETRY delay 30m. Amount ₹8,681.23 exceeds threshold.",Policy requires human sign-off for high value or medium risk cases.,2026-08-27T09:16:04.131474
APP-02460b75,CASE-2792,PENDING,"Recommend RETRY delay 30m. Amount ₹1,681.23 exceeds threshold.",Policy requires human sign-off for high value or medium risk cases.,2026-08-27T22:16:04.131474
APP-85bd99f7,CASE-2793,PENDING,"Recommend RETRY delay 30m. Amount ₹1,681.23 exceeds threshold.",Policy requires human sign-off for high value or medium risk cases.,2026-08-28T10:16:04.131474
APP-af641964,CASE-2794,PENDING,"Recommend RETRY delay 30m. Amount ₹8,681.23 exceeds threshold.",Policy requires human sign-off for high value or medium risk cases.,2026-08-27T03:16:04.131474
APP-ff6d3044,CASE-2795,PENDING,"Recommend RETRY delay 30m. Amount ₹8,681.23 exceeds threshold.",Policy requires human sign-off for high value or medium risk cases.,2026-08-27T21:16:04.131474
APP-4c10edf8,CASE-2796,PENDING,Recommend RETRY delay 30m. Amount ₹681.23 exceeds threshold.,Policy requires human sign-off for high value or medium risk cases.,2026-08-28T04:16:04.131474
APP-dc93d8ab,CASE-2797,PENDING,"Recommend RETRY delay 30m. Amount ₹4,681.23 exceeds threshold.",Policy requires human sign-off for high value or medium risk cases.,2026-08-27T06:16:04.131474
APP-02bd09f8,CASE-2798,PENDING,"Recommend RETRY delay 30m. Amount ₹4,681.23 exceeds threshold.",Policy requires human sign-off for high value or medium risk cases.,2026-08-27T07:16:04.131474
APP-f05bc248,CASE-2800,PENDING,"Recommend RETRY delay 30m. Amount ₹8,681.23 exceeds threshold.",Policy requires human sign-off for high value or medium risk cases.,2026-08-26T16:16:04.131474
APP-272f186c,CASE-2801,PENDING,"Recommend RETRY delay 30m. Amount ₹4,681.23 exceeds threshold.",Policy requires human sign-off for high value or medium risk cases.,2026-08-27T19:16:04.131474
APP-c3e79cbd,CASE-2803,PENDING,"Recommend RETRY delay 30m. Amount ₹4,681.23 exceeds threshold.",Policy requires human sign-off for high value or medium risk cases.,2026-08-27T07:16:04.131474
APP-ff8fa2d5,CASE-2804,PENDING,Recommend RETRY delay 30m. Amount ₹681.23 exceeds threshold.,Policy requires human sign-off for high value or medium risk cases.,2026-08-27T01:16:04.131474
APP-f60ca9bf,CASE-2805,PENDING,Recommend RETRY delay 30m. Amount ₹681.23 exceeds threshold.,Policy requires human sign-off for high value or medium risk cases.,2026-08-27T21:16:04.131474
APP-6d9289db,CASE-2807,PENDING,"Recommend RETRY delay 30m. Amount ₹4,681.23 exceeds threshold.",Policy requires human sign-off for high value or medium risk cases.,2026-08-28T09:16:04.131474
APP-8255d168,CASE-2808,PENDING,Recommend RETRY delay 30m. Amount ₹681.23 exceeds threshold.,Policy requires human sign-off for high value or medium risk cases.,2026-08-27T04:16:04.131474
APP-6c2c418e,CASE-2809,PENDING,Recommend RETRY delay 30m. Amount ₹681.23 exceeds threshold.,Policy requires human sign-off for high value or medium risk cases.,2026-08-26T21:16:04.131474
APP-262dcfdd,CASE-2811,PENDING,Recommend RETRY delay 30m. Amount ₹681.23 exceeds threshold.,Policy requires human sign-off for high value or medium risk cases.,2026-08-28T06:16:04.131474
APP-772f8fe6,CASE-2812,PENDING,"Recommend RETRY delay 30m. Amount ₹1,681.23 exceeds threshold.",Policy requires human sign-off for high value or medium risk cases.,2026-08-28T03:16:04.131474
APP-20079b5e,CASE-2813,PENDING,"Recommend RETRY delay 30m. Amount ₹1,681.23 exceeds threshold.",Policy requires human sign-off for high value or medium risk cases.,2026-08-26T17:16:04.131474
APP-765f3266,CASE-2814,PENDING,"Recommend RETRY delay 30m. Amount ₹1,681.23 exceeds threshold.",Policy requires human sign-off for high value or medium risk cases.,2026-08-26T13:16:04.131474
APP-28fc305c,CASE-2815,PENDING,Recommend RETRY delay 30m. Amount ₹681.23 exceeds threshold.,Policy requires human sign-off for high value or medium risk cases.,2026-08-27T22:16:04.131474
APP-fc021c83,CASE-2816,PENDING,"Recommend RETRY delay 30m. Amount ₹4,681.23 exceeds threshold.",Policy requires human sign-off for high value or medium risk cases.,2026-08-26T19:16:04.131474
APP-fc3a06b1,CASE-2817,PENDING,"Recommend RETRY delay 30m. Amount ₹4,681.23 exceeds threshold.",Policy requires human sign-off for high value or medium risk cases.,2026-08-27T17:16:04.131474
APP-52a352b7,CASE-2818,PENDING,"Recommend RETRY delay 30m. Amount ₹1,681.23 exceeds threshold.",Policy requires human sign-off for high value or medium risk cases.,2026-08-27T06:16:04.131474
APP-bbc68b05,CASE-2819,PENDING,"Recommend RETRY delay 30m. Amount ₹4,681.23 exceeds threshold.",Policy requires human sign-off for high value or medium risk cases.,2026-08-27T18:16:04.131474
APP-398ea0be,CASE-2820,PENDING,"Recommend RETRY delay 30m. Amount ₹8,681.23 exceeds threshold.",Policy requires human sign-off for high value or medium risk cases.,2026-08-28T01:16:04.135327
APP-9ee59c7d,CASE-2821,PENDING,"Recommend RETRY delay 30m. Amount ₹1,681.23 exceeds threshold.",Policy requires human sign-off for high value or medium risk cases.,2026-08-27T16:16:04.135327
APP-bc5a40e7,CASE-2822,PENDING,"Recommend RETRY delay 30m. Amount ₹1,681.23 exceeds threshold.",Policy requires human sign-off for high value or medium risk cases.,2026-08-27T23:16:04.135327
APP-09466369,CASE-2824,PENDING,"Recommend RETRY delay 30m. Amount ₹8,681.23 exceeds threshold.",Policy requires human sign-off for high value or medium risk cases.,2026-08-28T11:16:04.135327
APP-98fa8bdc,CASE-2825,PENDING,"Recommend RETRY delay 30m. Amount ₹8,681.23 exceeds threshold.",Policy requires human sign-off for high value or medium risk cases.,2026-08-28T03:16:04.135327
APP-2758d76b,CASE-2827,PENDING,"Recommend RETRY delay 30m. Amount ₹4,681.23 exceeds threshold.",Policy requires human sign-off for high value or medium risk cases.,2026-08-26T14:16:04.135327
APP-63b24ff5,CASE-2828,PENDING,"Recommend RETRY delay 30m. Amount ₹8,681.23 exceeds threshold.",Policy requires human sign-off for high value or medium risk cases.,2026-08-28T04:16:04.135327
APP-0ac465f6,CASE-2829,PENDING,Recommend RETRY delay 30m. Amount ₹681.23 exceeds threshold.,Policy requires human sign-off for high value or medium risk cases.,2026-08-27T22:16:04.135327
APP-8b9f353c,CASE-2830,PENDING,"Recommend RETRY delay 30m. Amount ₹8,681.23 exceeds threshold.",Policy requires human sign-off for high value or medium risk cases.,2026-08-26T22:16:04.135327
APP-71841875,CASE-2831,PENDING,"Recommend RETRY delay 30m. Amount ₹1,681.23 exceeds threshold.",Policy requires human sign-off for high value or medium risk cases.,2026-08-28T00:16:04.135327
APP-ecc74dde,CASE-2832,PENDING,Recommend RETRY delay 30m. Amount ₹681.23 exceeds threshold.,Policy requires human sign-off for high value or medium risk cases.,2026-08-26T18:16:04.135327
APP-96fab6e9,CASE-2833,PENDING,Recommend RETRY delay 30m. Amount ₹681.23 exceeds threshold.,Policy requires human sign-off for high value or medium risk cases.,2026-08-27T16:16:04.135327
APP-33b03dda,CASE-2835,PENDING,"Recommend RETRY delay 30m. Amount ₹8,681.23 exceeds threshold.",Policy requires human sign-off for high value or medium risk cases.,2026-08-27T18:16:04.135327
APP-ed4a165e,CASE-2836,PENDING,"Recommend RETRY delay 30m. Amount ₹4,681.23 exceeds threshold.",Policy requires human sign-off for high value or medium risk cases.,2026-08-28T07:16:04.135327
APP-3fbd8eb4,CASE-2839,PENDING,Recommend RETRY delay 30m. Amount ₹681.23 exceeds threshold.,Policy requires human sign-off for high value or medium risk cases.,2026-08-27T03:16:04.135327
APP-f156614a,CASE-2840,PENDING,"Recommend RETRY delay 30m. Amount ₹4,681.23 exceeds threshold.",Policy requires human sign-off for high value or medium risk cases.,2026-08-27T10:16:04.135327
APP-da007d26,CASE-2841,PENDING,"Recommend RETRY delay 30m. Amount ₹4,681.23 exceeds threshold.",Policy requires human sign-off for high value or medium risk cases.,2026-08-27T00:16:04.135327
APP-24904958,CASE-2842,PENDING,"Recommend RETRY delay 30m. Amount ₹1,681.23 exceeds threshold.",Policy requires human sign-off for high value or medium risk cases.,2026-08-27T01:16:04.135327
APP-a9dfea1a,CASE-2843,PENDING,"Recommend RETRY delay 30m. Amount ₹8,681.23 exceeds threshold.",Policy requires human sign-off for high value or medium risk cases.,2026-08-27T01:16:04.135327
APP-e47b630a,CASE-2844,PENDING,"Recommend RETRY delay 30m. Amount ₹8,681.23 exceeds threshold.",Policy requires human sign-off for high value or medium risk cases.,2026-08-27T20:16:04.135327
APP-a6bf6a13,CASE-2846,PENDING,"Recommend RETRY delay 30m. Amount ₹4,681.23 exceeds threshold.",Policy requires human sign-off for high value or medium risk cases.,2026-08-26T19:16:04.135327
APP-6f2be8a2,CASE-2847,PENDING,"Recommend RETRY delay 30m. Amount ₹1,681.23 exceeds threshold.",Policy requires human sign-off for high value or medium risk cases.,2026-08-28T08:16:04.135327
APP-807f36c5,CASE-2848,PENDING,"Recommend RETRY delay 30m. Amount ₹4,681.23 exceeds threshold.",Policy requires human sign-off for high value or medium risk cases.,2026-08-26T20:16:04.135327
APP-c0270f32,CASE-2849,PENDING,"Recommend ESCALATE delay 30m. Amount ₹11,682.23 exceeds threshold.",Policy requires human sign-off for high value or medium risk cases.,2026-08-26T14:16:04.135327
APP-71356750,CASE-2850,PENDING,"Recommend ESCALATE delay 30m. Amount ₹3,182.23 exceeds threshold.",Policy requires human sign-off for high value or medium risk cases.,2026-08-27T16:16:04.135327
APP-db4e1e96,CASE-2851,PENDING,"Recommend ESCALATE delay 30m. Amount ₹11,682.23 exceeds threshold.",Policy requires human sign-off for high value or medium risk cases.,2026-08-28T09:16:04.135327
APP-985246b1,CASE-2852,PENDING,"Recommend ESCALATE delay 30m. Amount ₹6,182.23 exceeds threshold.",Policy requires human sign-off for high value or medium risk cases.,2026-08-27T18:16:04.135327
APP-bb68d49a,CASE-2853,PENDING,"Recommend ESCALATE delay 30m. Amount ₹6,182.23 exceeds threshold.",Policy requires human sign-off for high value or medium risk cases.,2026-08-28T01:16:04.135327
APP-47784fbc,CASE-2854,PENDING,"Recommend ESCALATE delay 30m. Amount ₹3,182.23 exceeds threshold.",Policy requires human sign-off for high value or medium risk cases.,2026-08-26T17:16:04.140441
APP-34caeb1c,CASE-2855,PENDING,"Recommend ESCALATE delay 30m. Amount ₹6,182.23 exceeds threshold.",Policy requires human sign-off for high value or medium risk cases.,2026-08-26T23:16:04.140441
APP-95474e0b,CASE-2856,PENDING,"Recommend ESCALATE delay 30m. Amount ₹6,182.23 exceeds threshold.",Policy requires human sign-off for high value or medium risk cases.,2026-08-27T18:16:04.140441
APP-e4770b09,CASE-2857,PENDING,"Recommend ESCALATE delay 30m. Amount ₹6,182.23 exceeds threshold.",Policy requires human sign-off for high value or medium risk cases.,2026-08-28T06:16:04.140441
APP-e26373fc,CASE-2858,PENDING,"Recommend ESCALATE delay 30m. Amount ₹4,482.23 exceeds threshold.",Policy requires human sign-off for high value or medium risk cases.,2026-08-27T01:16:04.140441
APP-c9eb59f1,CASE-2859,PENDING,"Recommend ESCALATE delay 30m. Amount ₹3,182.23 exceeds threshold.",Policy requires human sign-off for high value or medium risk cases.,2026-08-28T04:16:04.140441
APP-24cc2ac9,CASE-2860,PENDING,"Recommend ESCALATE delay 30m. Amount ₹3,182.23 exceeds threshold.",Policy requires human sign-off for high value or medium risk cases.,2026-08-27T13:16:04.140441
APP-e5546516,CASE-2861,PENDING,"Recommend ESCALATE delay 30m. Amount ₹4,482.23 exceeds threshold.",Policy requires human sign-off for high value or medium risk cases.,2026-08-26T15:16:04.140441
APP-42529644,CASE-2862,PENDING,"Recommend ESCALATE delay 30m. Amount ₹6,182.23 exceeds threshold.",Policy requires human sign-off for high value or medium risk cases.,2026-08-26T16:16:04.140441
APP-10a18f80,CASE-2863,PENDING,"Recommend ESCALATE delay 30m. Amount ₹4,482.23 exceeds threshold.",Policy requires human sign-off for high value or medium risk cases.,2026-08-27T23:16:04.140441
APP-23bb0d82,CASE-2864,PENDING,"Recommend ESCALATE delay 30m. Amount ₹4,482.23 exceeds threshold.",Policy requires human sign-off for high value or medium risk cases.,2026-08-28T11:16:04.140441
APP-d96a60e3,CASE-2865,PENDING,"Recommend ESCALATE delay 30m. Amount ₹11,682.23 exceeds threshold.",Policy requires human sign-off for high value or medium risk cases.,2026-08-28T10:16:04.140441
APP-8991a2cb,CASE-2866,PENDING,"Recommend ESCALATE delay 30m. Amount ₹3,182.23 exceeds threshold.",Policy requires human sign-off for high value or medium risk cases.,2026-08-28T08:16:04.140441
APP-36df3805,CASE-2867,PENDING,"Recommend ESCALATE delay 30m. Amount ₹6,182.23 exceeds threshold.",Policy requires human sign-off for high value or medium risk cases.,2026-08-26T22:16:04.140441
APP-9a5be5a0,CASE-2868,PENDING,"Recommend ESCALATE delay 30m. Amount ₹4,482.23 exceeds threshold.",Policy requires human sign-off for high value or medium risk cases.,2026-08-27T14:16:04.140441
APP-aa7353ad,CASE-2869,PENDING,"Recommend ESCALATE delay 30m. Amount ₹3,182.23 exceeds threshold.",Policy requires human sign-off for high value or medium risk cases.,2026-08-27T14:16:04.140441
APP-a9282317,CASE-2870,PENDING,"Recommend ESCALATE delay 30m. Amount ₹6,182.23 exceeds threshold.",Policy requires human sign-off for high value or medium risk cases.,2026-08-27T00:16:04.140441
APP-6de77142,CASE-2871,PENDING,"Recommend ESCALATE delay 30m. Amount ₹3,182.23 exceeds threshold.",Policy requires human sign-off for high value or medium risk cases.,2026-08-27T23:16:04.140441
APP-754b8d0d,CASE-2872,PENDING,"Recommend ESCALATE delay 30m. Amount ₹4,482.23 exceeds threshold.",Policy requires human sign-off for high value or medium risk cases.,2026-08-28T06:16:04.140441
APP-e55bc32f,CASE-2873,PENDING,"Recommend ESCALATE delay 30m. Amount ₹4,482.23 exceeds threshold.",Policy requires human sign-off for high value or medium risk cases.,2026-08-26T23:16:04.140441
APP-b732cc06,CASE-2874,PENDING,"Recommend ESCALATE delay 30m. Amount ₹4,482.23 exceeds threshold.",Policy requires human sign-off for high value or medium risk cases.,2026-08-27T12:16:04.140441
APP-f930fb68,CASE-2875,PENDING,"Recommend ESCALATE delay 30m. Amount ₹11,682.23 exceeds threshold.",Policy requires human sign-off for high value or medium risk cases.,2026-08-28T05:16:04.140441
APP-6c9c9b74,CASE-2876,PENDING,"Recommend ESCALATE delay 30m. Amount ₹6,182.23 exceeds threshold.",Policy requires human sign-off for high value or medium risk cases.,2026-08-28T04:16:04.140441
APP-1850cf8c,CASE-2877,PENDING,"Recommend ESCALATE delay 30m. Amount ₹11,682.23 exceeds threshold.",Policy requires human sign-off for high value or medium risk cases.,2026-08-27T16:16:04.140441
APP-4440d3dd,CASE-2878,PENDING,"Recommend ESCALATE delay 30m. Amount ₹11,682.23 exceeds threshold.",Policy requires human sign-off for high value or medium risk cases.,2026-08-26T22:16:04.140441
APP-bf8e4acf,CASE-2879,PENDING,"Recommend ESCALATE delay 30m. Amount ₹6,182.23 exceeds threshold.",Policy requires human sign-off for high value or medium risk cases.,2026-08-27T10:16:04.140441
APP-c763d58d,CASE-2880,PENDING,"Recommend ESCALATE delay 30m. Amount ₹6,182.23 exceeds threshold.",Policy requires human sign-off for high value or medium risk cases.,2026-08-26T17:16:04.140441
APP-37c5c308,CASE-2881,PENDING,"Recommend ESCALATE delay 30m. Amount ₹6,182.23 exceeds threshold.",Policy requires human sign-off for high value or medium risk cases.,2026-08-28T06:16:04.140441
APP-b142f293,CASE-2882,PENDING,"Recommend ESCALATE delay 30m. Amount ₹11,682.23 exceeds threshold.",Policy requires human sign-off for high value or medium risk cases.,2026-08-28T03:16:04.140441
APP-0a882cad,CASE-2883,PENDING,"Recommend ESCALATE delay 30m. Amount ₹11,682.23 exceeds threshold.",Policy requires human sign-off for high value or medium risk cases.,2026-08-27T13:16:04.140441
APP-3c4c68b6,CASE-2884,PENDING,"Recommend ESCALATE delay 30m. Amount ₹4,482.23 exceeds threshold.",Policy requires human sign-off for high value or medium risk cases.,2026-08-27T22:16:04.140441
APP-4aaf0e77,CASE-2885,PENDING,"Recommend ESCALATE delay 30m. Amount ₹11,682.23 exceeds threshold.",Policy requires human sign-off for high value or medium risk cases.,2026-08-27T11:16:04.140441
APP-52636006,CASE-2886,PENDING,"Recommend ESCALATE delay 30m. Amount ₹6,182.23 exceeds threshold.",Policy requires human sign-off for high value or medium risk cases.,2026-08-27T19:16:04.140441
APP-5eb1f696,CASE-2887,PENDING,"Recommend ESCALATE delay 30m. Amount ₹4,482.23 exceeds threshold.",Policy requires human sign-off for high value or medium risk cases.,2026-08-27T05:16:04.140441
APP-a2ad4090,CASE-2888,PENDING,"Recommend ESCALATE delay 30m. Amount ₹11,682.23 exceeds threshold.",Policy requires human sign-off for high value or medium risk cases.,2026-08-26T13:16:04.140441
APP-9ba99340,CASE-2889,PENDING,"Recommend ESCALATE delay 30m. Amount ₹3,182.23 exceeds threshold.",Policy requires human sign-off for high value or medium risk cases.,2026-08-27T12:16:04.144967
APP-ae5a8bae,CASE-2890,PENDING,"Recommend ESCALATE delay 30m. Amount ₹6,182.23 exceeds threshold.",Policy requires human sign-off for high value or medium risk cases.,2026-08-26T18:16:04.144967
APP-03aebe08,CASE-2891,PENDING,"Recommend ESCALATE delay 30m. Amount ₹11,682.23 exceeds threshold.",Policy requires human sign-off for high value or medium risk cases.,2026-08-27T05:16:04.144967
APP-aee6f71e,CASE-2892,PENDING,"Recommend ESCALATE delay 30m. Amount ₹11,682.23 exceeds threshold.",Policy requires human sign-off for high value or medium risk cases.,2026-08-27T02:16:04.144967
APP-dc37c965,CASE-2893,PENDING,"Recommend ESCALATE delay 30m. Amount ₹3,182.23 exceeds threshold.",Policy requires human sign-off for high value or medium risk cases.,2026-08-27T08:16:04.144967
APP-669eef93,CASE-2894,PENDING,"Recommend ESCALATE delay 30m. Amount ₹6,182.23 exceeds threshold.",Policy requires human sign-off for high value or medium risk cases.,2026-08-28T10:16:04.144967
APP-8692b80e,CASE-2895,PENDING,"Recommend ESCALATE delay 30m. Amount ₹4,482.23 exceeds threshold.",Policy requires human sign-off for high value or medium risk cases.,2026-08-27T09:16:04.144967
APP-be9c99f2,CASE-2896,PENDING,"Recommend ESCALATE delay 30m. Amount ₹4,482.23 exceeds threshold.",Policy requires human sign-off for high value or medium risk cases.,2026-08-27T00:16:04.144967
APP-95334c86,CASE-2897,PENDING,"Recommend ESCALATE delay 30m. Amount ₹11,682.23 exceeds threshold.",Policy requires human sign-off for high value or medium risk cases.,2026-08-27T01:16:04.144967
APP-2733ac0c,CASE-2898,PENDING,"Recommend ESCALATE delay 30m. Amount ₹4,482.23 exceeds threshold.",Policy requires human sign-off for high value or medium risk cases.,2026-08-27T05:16:04.146521
APP-5b05a69d,CASE-2899,PENDING,"Recommend ESCALATE delay 30m. Amount ₹11,682.23 exceeds threshold.",Policy requires human sign-off for high value or medium risk cases.,2026-08-28T09:16:04.146521
APP-5083232f,CASE-2900,PENDING,"Recommend ESCALATE delay 30m. Amount ₹3,182.23 exceeds threshold.",Policy requires human sign-off for high value or medium risk cases.,2026-08-27T14:16:04.146521
APP-4e9f1c93,CASE-2901,PENDING,"Recommend ESCALATE delay 30m. Amount ₹3,182.23 exceeds threshold.",Policy requires human sign-off for high value or medium risk cases.,2026-08-27T09:16:04.146521
APP-66b9c735,CASE-2902,PENDING,"Recommend ESCALATE delay 30m. Amount ₹6,182.23 exceeds threshold.",Policy requires human sign-off for high value or medium risk cases.,2026-08-26T18:16:04.146521
APP-201d8e50,CASE-2903,PENDING,"Recommend ESCALATE delay 30m. Amount ₹4,482.23 exceeds threshold.",Policy requires human sign-off for high value or medium risk cases.,2026-08-28T07:16:04.146521
APP-f9e3bd31,CASE-2904,PENDING,"Recommend ESCALATE delay 30m. Amount ₹3,182.23 exceeds threshold.",Policy requires human sign-off for high value or medium risk cases.,2026-08-28T11:16:04.146521
APP-c4904a5b,CASE-2905,PENDING,"Recommend ESCALATE delay 30m. Amount ₹6,182.23 exceeds threshold.",Policy requires human sign-off for high value or medium risk cases.,2026-08-27T04:16:04.146521
APP-3cdb38e7,CASE-2906,PENDING,"Recommend ESCALATE delay 30m. Amount ₹11,682.23 exceeds threshold.",Policy requires human sign-off for high value or medium risk cases.,2026-08-28T11:16:04.147539
APP-f2e411bd,CASE-2907,PENDING,"Recommend ESCALATE delay 30m. Amount ₹6,182.23 exceeds threshold.",Policy requires human sign-off for high value or medium risk cases.,2026-08-27T00:16:04.147539
APP-6a221290,CASE-2908,PENDING,"Recommend ESCALATE delay 30m. Amount ₹3,182.23 exceeds threshold.",Policy requires human sign-off for high value or medium risk cases.,2026-08-27T05:16:04.148558
APP-b21f5ead,CASE-2909,PENDING,"Recommend ESCALATE delay 30m. Amount ₹6,182.23 exceeds threshold.",Policy requires human sign-off for high value or medium risk cases.,2026-08-28T00:16:04.148558
APP-51ef1988,CASE-2910,PENDING,"Recommend ESCALATE delay 30m. Amount ₹11,682.23 exceeds threshold.",Policy requires human sign-off for high value or medium risk cases.,2026-08-27T20:16:04.148558
APP-bbf0989d,CASE-2911,PENDING,"Recommend ESCALATE delay 30m. Amount ₹3,182.23 exceeds threshold.",Policy requires human sign-off for high value or medium risk cases.,2026-08-26T21:16:04.148558
APP-4767a9b5,CASE-2912,PENDING,"Recommend ESCALATE delay 30m. Amount ₹3,182.23 exceeds threshold.",Policy requires human sign-off for high value or medium risk cases.,2026-08-27T15:16:04.148558
APP-acaa7975,CASE-2913,PENDING,"Recommend ESCALATE delay 30m. Amount ₹6,182.23 exceeds threshold.",Policy requires human sign-off for high value or medium risk cases.,2026-08-27T23:16:04.148558
APP-1fb0bd7b,CASE-2914,PENDING,"Recommend ESCALATE delay 30m. Amount ₹6,182.23 exceeds threshold.",Policy requires human sign-off for high value or medium risk cases.,2026-08-26T18:16:04.148558
APP-74adb914,CASE-2915,PENDING,"Recommend ESCALATE delay 30m. Amount ₹6,182.23 exceeds threshold.",Policy requires human sign-off for high value or medium risk cases.,2026-08-26T21:16:04.148558
APP-083a4ffb,CASE-2916,PENDING,"Recommend ESCALATE delay 30m. Amount ₹11,682.23 exceeds threshold.",Policy requires human sign-off for high value or medium risk cases.,2026-08-26T20:16:04.148558
APP-2733db2a,CASE-2917,PENDING,"Recommend ESCALATE delay 30m. Amount ₹4,482.23 exceeds threshold.",Policy requires human sign-off for high value or medium risk cases.,2026-08-26T13:16:04.148558
APP-9d59fb43,CASE-2918,PENDING,"Recommend ESCALATE delay 30m. Amount ₹11,682.23 exceeds threshold.",Policy requires human sign-off for high value or medium risk cases.,2026-08-26T14:16:04.148558
APP-ca223cc4,CASE-2919,PENDING,"Recommend ESCALATE delay 30m. Amount ₹3,182.23 exceeds threshold.",Policy requires human sign-off for high value or medium risk cases.,2026-08-28T03:16:04.148558
APP-52e0fe6a,CASE-2920,PENDING,"Recommend ESCALATE delay 30m. Amount ₹4,482.23 exceeds threshold.",Policy requires human sign-off for high value or medium risk cases.,2026-08-27T16:16:04.148558
APP-ecbf6d36,CASE-2921,PENDING,"Recommend ESCALATE delay 30m. Amount ₹3,182.23 exceeds threshold.",Policy requires human sign-off for high value or medium risk cases.,2026-08-27T18:16:04.148558
APP-a34afd19,CASE-2922,PENDING,"Recommend ESCALATE delay 30m. Amount ₹4,482.23 exceeds threshold.",Policy requires human sign-off for high value or medium risk cases.,2026-08-28T05:16:04.148558
APP-3297fbaf,CASE-2923,PENDING,"Recommend ESCALATE delay 30m. Amount ₹4,482.23 exceeds threshold.",Policy requires human sign-off for high value or medium risk cases.,2026-08-27T07:16:04.148558
APP-010bbb88,CASE-2924,PENDING,"Recommend ESCALATE delay 30m. Amount ₹11,682.23 exceeds threshold.",Policy requires human sign-off for high value or medium risk cases.,2026-08-28T10:16:04.148558
APP-19f3bd5e,CASE-2925,PENDING,"Recommend ESCALATE delay 30m. Amount ₹4,482.23 exceeds threshold.",Policy requires human sign-off for high value or medium risk cases.,2026-08-27T20:16:04.148558
APP-14e86024,CASE-2926,PENDING,"Recommend ESCALATE delay 30m. Amount ₹6,182.23 exceeds threshold.",Policy requires human sign-off for high value or medium risk cases.,2026-08-28T10:16:04.148558
APP-c87c87a2,CASE-2927,PENDING,"Recommend ESCALATE delay 30m. Amount ₹11,682.23 exceeds threshold.",Policy requires human sign-off for high value or medium risk cases.,2026-08-26T22:16:04.148558
APP-9aa37e47,CASE-2928,PENDING,"Recommend ESCALATE delay 30m. Amount ₹6,182.23 exceeds threshold.",Policy requires human sign-off for high value or medium risk cases.,2026-08-26T18:16:04.148558
APP-8e1b7c94,CASE-2929,PENDING,"Recommend ESCALATE delay 30m. Amount ₹3,182.23 exceeds threshold.",Policy requires human sign-off for high value or medium risk cases.,2026-08-27T00:16:04.148558
APP-628df48d,CASE-2930,PENDING,"Recommend ESCALATE delay 30m. Amount ₹3,182.23 exceeds threshold.",Policy requires human sign-off for high value or medium risk cases.,2026-08-28T07:16:04.148558
APP-cbb42f72,CASE-2931,PENDING,"Recommend ESCALATE delay 30m. Amount ₹4,482.23 exceeds threshold.",Policy requires human sign-off for high value or medium risk cases.,2026-08-26T23:16:04.148558
APP-f82c556a,CASE-2932,PENDING,"Recommend ESCALATE delay 30m. Amount ₹11,682.23 exceeds threshold.",Policy requires human sign-off for high value or medium risk cases.,2026-08-28T06:16:04.148558
APP-65f69386,CASE-2933,PENDING,"Recommend ESCALATE delay 30m. Amount ₹4,482.23 exceeds threshold.",Policy requires human sign-off for high value or medium risk cases.,2026-08-27T20:16:04.148558
APP-b6d794cf,CASE-2934,PENDING,"Recommend ESCALATE delay 30m. Amount ₹3,182.23 exceeds threshold.",Policy requires human sign-off for high value or medium risk cases.,2026-08-28T05:16:04.148558
APP-a46f5bc8,CASE-2935,PENDING,"Recommend ESCALATE delay 30m. Amount ₹6,182.23 exceeds threshold.",Policy requires human sign-off for high value or medium risk cases.,2026-08-27T21:16:04.148558
APP-09527048,CASE-2936,PENDING,"Recommend ESCALATE delay 30m. Amount ₹6,182.23 exceeds threshold.",Policy requires human sign-off for high value or medium risk cases.,2026-08-27T13:16:04.148558
APP-8ad74a15,CASE-2937,PENDING,"Recommend ESCALATE delay 30m. Amount ₹6,182.23 exceeds threshold.",Policy requires human sign-off for high value or medium risk cases.,2026-08-26T18:16:04.148558
APP-7d14d00a,CASE-2938,PENDING,"Recommend ESCALATE delay 30m. Amount ₹4,482.23 exceeds threshold.",Policy requires human sign-off for high value or medium risk cases.,2026-08-26T20:16:04.148558
APP-393310a5,CASE-2939,PENDING,"Recommend ESCALATE delay 30m. Amount ₹6,182.23 exceeds threshold.",Policy requires human sign-off for high value or medium risk cases.,2026-08-27T12:16:04.148558
APP-b0134b7a,CASE-2940,PENDING,"Recommend ESCALATE delay 30m. Amount ₹3,182.23 exceeds threshold.",Policy requires human sign-off for high value or medium risk cases.,2026-08-27T21:16:04.148558
APP-71f9e554,CASE-2941,PENDING,"Recommend ESCALATE delay 30m. Amount ₹6,182.23 exceeds threshold.",Policy requires human sign-off for high value or medium risk cases.,2026-08-27T16:16:04.148558
APP-9c2bddaf,CASE-2942,PENDING,"Recommend ESCALATE delay 30m. Amount ₹11,682.23 exceeds threshold.",Policy requires human sign-off for high value or medium risk cases.,2026-08-27T06:16:04.148558
APP-c8e7d409,CASE-2943,PENDING,"Recommend ESCALATE delay 30m. Amount ₹11,682.23 exceeds threshold.",Policy requires human sign-off for high value or medium risk cases.,2026-08-26T16:16:04.153348
APP-4c290076,CASE-2944,PENDING,"Recommend ESCALATE delay 30m. Amount ₹6,182.23 exceeds threshold.",Policy requires human sign-off for high value or medium risk cases.,2026-08-26T22:16:04.153348
APP-ed656fb4,CASE-2945,PENDING,"Recommend ESCALATE delay 30m. Amount ₹6,182.23 exceeds threshold.",Policy requires human sign-off for high value or medium risk cases.,2026-08-26T19:16:04.153348
APP-185fd51e,CASE-2946,PENDING,"Recommend ESCALATE delay 30m. Amount ₹4,482.23 exceeds threshold.",Policy requires human sign-off for high value or medium risk cases.,2026-08-27T11:16:04.153348
APP-fc3a19b7,CASE-2947,PENDING,"Recommend ESCALATE delay 30m. Amount ₹4,482.23 exceeds threshold.",Policy requires human sign-off for high value or medium risk cases.,2026-08-28T07:16:04.154416
APP-dbf61090,CASE-2948,PENDING,"Recommend ESCALATE delay 30m. Amount ₹3,182.23 exceeds threshold.",Policy requires human sign-off for high value or medium risk cases.,2026-08-26T17:16:04.154949
APP-1ccef607,CASE-2949,PENDING,"Recommend ESCALATE delay 30m. Amount ₹11,682.23 exceeds threshold.",Policy requires human sign-off for high value or medium risk cases.,2026-08-28T04:16:04.154949
APP-8e7f61de,CASE-2950,PENDING,"Recommend ESCALATE delay 30m. Amount ₹6,182.23 exceeds threshold.",Policy requires human sign-off for high value or medium risk cases.,2026-08-28T07:16:04.154949
APP-56c5baff,CASE-2951,PENDING,"Recommend ESCALATE delay 30m. Amount ₹11,682.23 exceeds threshold.",Policy requires human sign-off for high value or medium risk cases.,2026-08-27T00:16:04.154949
APP-5e51b78a,CASE-2952,PENDING,"Recommend ESCALATE delay 30m. Amount ₹4,482.23 exceeds threshold.",Policy requires human sign-off for high value or medium risk cases.,2026-08-27T07:16:04.154949
APP-d9b0919b,CASE-2953,PENDING,"Recommend ESCALATE delay 30m. Amount ₹4,482.23 exceeds threshold.",Policy requires human sign-off for high value or medium risk cases.,2026-08-26T21:16:04.154949
APP-d5bf41c3,CASE-2954,PENDING,"Recommend ESCALATE delay 30m. Amount ₹11,682.23 exceeds threshold.",Policy requires human sign-off for high value or medium risk cases.,2026-08-27T13:16:04.154949
APP-979752ba,CASE-2955,PENDING,"Recommend ESCALATE delay 30m. Amount ₹4,482.23 exceeds threshold.",Policy requires human sign-off for high value or medium risk cases.,2026-08-27T03:16:04.154949
APP-1660e6f4,CASE-2956,PENDING,"Recommend ESCALATE delay 30m. Amount ₹11,682.23 exceeds threshold.",Policy requires human sign-off for high value or medium risk cases.,2026-08-26T15:16:04.154949
APP-f22bcdd1,CASE-2957,PENDING,"Recommend ESCALATE delay 30m. Amount ₹4,482.23 exceeds threshold.",Policy requires human sign-off for high value or medium risk cases.,2026-08-27T05:16:04.154949
APP-9d3613aa,CASE-2958,PENDING,"Recommend ESCALATE delay 30m. Amount ₹11,682.23 exceeds threshold.",Policy requires human sign-off for high value or medium risk cases.,2026-08-27T23:16:04.154949
APP-488ddb44,CASE-2959,PENDING,"Recommend ESCALATE delay 30m. Amount ₹6,182.23 exceeds threshold.",Policy requires human sign-off for high value or medium risk cases.,2026-08-27T10:16:04.154949
APP-fd18936e,CASE-2960,PENDING,"Recommend ESCALATE delay 30m. Amount ₹4,482.23 exceeds threshold.",Policy requires human sign-off for high value or medium risk cases.,2026-08-26T21:16:04.154949
APP-7e6c1cfb,CASE-2961,PENDING,"Recommend ESCALATE delay 30m. Amount ₹11,682.23 exceeds threshold.",Policy requires human sign-off for high value or medium risk cases.,2026-08-28T12:16:04.157121
APP-1ca682fe,CASE-2962,PENDING,"Recommend ESCALATE delay 30m. Amount ₹11,682.23 exceeds threshold.",Policy requires human sign-off for high value or medium risk cases.,2026-08-27T23:16:04.157121
APP-f87fc9e1,CASE-2963,PENDING,"Recommend ESCALATE delay 30m. Amount ₹11,682.23 exceeds threshold.",Policy requires human sign-off for high value or medium risk cases.,2026-08-28T06:16:04.157121
APP-00ff6e40,CASE-2964,PENDING,"Recommend ESCALATE delay 30m. Amount ₹3,182.23 exceeds threshold.",Policy requires human sign-off for high value or medium risk cases.,2026-08-27T14:16:04.157121
APP-658e1691,CASE-2965,PENDING,"Recommend ESCALATE delay 30m. Amount ₹3,182.23 exceeds threshold.",Policy requires human sign-off for high value or medium risk cases.,2026-08-27T11:16:04.157121
APP-ac742028,CASE-2966,PENDING,"Recommend ESCALATE delay 30m. Amount ₹6,182.23 exceeds threshold.",Policy requires human sign-off for high value or medium risk cases.,2026-08-28T01:16:04.157121
APP-289add42,CASE-2967,PENDING,"Recommend ESCALATE delay 30m. Amount ₹6,182.23 exceeds threshold.",Policy requires human sign-off for high value or medium risk cases.,2026-08-27T07:16:04.157121
APP-a7fafaf8,CASE-2968,PENDING,"Recommend ESCALATE delay 30m. Amount ₹4,482.23 exceeds threshold.",Policy requires human sign-off for high value or medium risk cases.,2026-08-27T20:16:04.157121
APP-c1724c3d,CASE-2969,PENDING,"Recommend ESCALATE delay 30m. Amount ₹3,182.23 exceeds threshold.",Policy requires human sign-off for high value or medium risk cases.,2026-08-27T19:16:04.157121
APP-3aa2fa22,CASE-2970,PENDING,"Recommend ESCALATE delay 30m. Amount ₹6,182.23 exceeds threshold.",Policy requires human sign-off for high value or medium risk cases.,2026-08-27T20:16:04.157121
APP-91715bbb,CASE-2971,PENDING,"Recommend ESCALATE delay 30m. Amount ₹6,182.23 exceeds threshold.",Policy requires human sign-off for high value or medium risk cases.,2026-08-27T05:16:04.157121
APP-f8ea7e9a,CASE-2972,PENDING,"Recommend ESCALATE delay 30m. Amount ₹4,482.23 exceeds threshold.",Policy requires human sign-off for high value or medium risk cases.,2026-08-28T03:16:04.157121
APP-66d49ff2,CASE-2973,PENDING,"Recommend ESCALATE delay 30m. Amount ₹3,182.23 exceeds threshold.",Policy requires human sign-off for high value or medium risk cases.,2026-08-27T20:16:04.157121
APP-3f46bf59,CASE-2974,PENDING,"Recommend ESCALATE delay 30m. Amount ₹4,482.23 exceeds threshold.",Policy requires human sign-off for high value or medium risk cases.,2026-08-27T05:16:04.157121
APP-a9e0911a,CASE-2975,PENDING,"Recommend ESCALATE delay 30m. Amount ₹3,182.23 exceeds threshold.",Policy requires human sign-off for high value or medium risk cases.,2026-08-27T05:16:04.157121
APP-4ac07e55,CASE-2976,PENDING,"Recommend ESCALATE delay 30m. Amount ₹3,182.23 exceeds threshold.",Policy requires human sign-off for high value or medium risk cases.,2026-08-27T23:16:04.157121
APP-370516f3,CASE-2977,PENDING,"Recommend ESCALATE delay 30m. Amount ₹6,182.23 exceeds threshold.",Policy requires human sign-off for high value or medium risk cases.,2026-08-26T18:16:04.157121
APP-31633f60,CASE-2978,PENDING,"Recommend ESCALATE delay 30m. Amount ₹4,482.23 exceeds threshold.",Policy requires human sign-off for high value or medium risk cases.,2026-08-28T08:16:04.157121
APP-69de43e5,CASE-2979,PENDING,"Recommend ESCALATE delay 30m. Amount ₹4,482.23 exceeds threshold.",Policy requires human sign-off for high value or medium risk cases.,2026-08-27T18:16:04.157121
APP-15eda985,CASE-2980,PENDING,"Recommend ESCALATE delay 30m. Amount ₹3,182.23 exceeds threshold.",Policy requires human sign-off for high value or medium risk cases.,2026-08-28T03:16:04.157121
APP-a92722d9,CASE-2981,PENDING,"Recommend ESCALATE delay 30m. Amount ₹3,182.23 exceeds threshold.",Policy requires human sign-off for high value or medium risk cases.,2026-08-26T20:16:04.157121
APP-1e4435fb,CASE-2982,PENDING,"Recommend ESCALATE delay 30m. Amount ₹6,182.23 exceeds threshold.",Policy requires human sign-off for high value or medium risk cases.,2026-08-26T19:16:04.157121
APP-fb2916d4,CASE-2983,PENDING,"Recommend ESCALATE delay 30m. Amount ₹11,682.23 exceeds threshold.",Policy requires human sign-off for high value or medium risk cases.,2026-08-28T09:16:04.157121
APP-e2752416,CASE-2984,PENDING,"Recommend ESCALATE delay 30m. Amount ₹6,182.23 exceeds threshold.",Policy requires human sign-off for high value or medium risk cases.,2026-08-26T22:16:04.160473
APP-965d9ea0,CASE-2985,PENDING,"Recommend ESCALATE delay 30m. Amount ₹11,682.23 exceeds threshold.",Policy requires human sign-off for high value or medium risk cases.,2026-08-27T21:16:04.160473
APP-e735121d,CASE-2986,PENDING,"Recommend ESCALATE delay 30m. Amount ₹11,682.23 exceeds threshold.",Policy requires human sign-off for high value or medium risk cases.,2026-08-27T12:16:04.160473
APP-eff191f3,CASE-2987,PENDING,"Recommend ESCALATE delay 30m. Amount ₹11,682.23 exceeds threshold.",Policy requires human sign-off for high value or medium risk cases.,2026-08-27T05:16:04.160473
APP-a167bb22,CASE-2988,PENDING,"Recommend ESCALATE delay 30m. Amount ₹11,682.23 exceeds threshold.",Policy requires human sign-off for high value or medium risk cases.,2026-08-28T06:16:04.160473
APP-747d92a2,CASE-2989,PENDING,"Recommend ESCALATE delay 30m. Amount ₹6,182.23 exceeds threshold.",Policy requires human sign-off for high value or medium risk cases.,2026-08-27T12:16:04.160473
APP-70b29e8b,CASE-2990,PENDING,"Recommend ESCALATE delay 30m. Amount ₹11,682.23 exceeds threshold.",Policy requires human sign-off for high value or medium risk cases.,2026-08-27T09:16:04.160473
APP-6c9c36c0,CASE-2991,PENDING,"Recommend ESCALATE delay 30m. Amount ₹6,182.23 exceeds threshold.",Policy requires human sign-off for high value or medium risk cases.,2026-08-27T09:16:04.160473
APP-c38f5454,CASE-2992,PENDING,"Recommend ESCALATE delay 30m. Amount ₹3,182.23 exceeds threshold.",Policy requires human sign-off for high value or medium risk cases.,2026-08-26T17:16:04.160473
APP-861d3aa5,CASE-2993,PENDING,"Recommend ESCALATE delay 30m. Amount ₹4,482.23 exceeds threshold.",Policy requires human sign-off for high value or medium risk cases.,2026-08-26T20:16:04.160473
APP-eb522043,CASE-2994,PENDING,"Recommend ESCALATE delay 30m. Amount ₹3,182.23 exceeds threshold.",Policy requires human sign-off for high value or medium risk cases.,2026-08-27T06:16:04.160473
APP-7fbb3e33,CASE-2995,PENDING,"Recommend ESCALATE delay 30m. Amount ₹6,182.23 exceeds threshold.",Policy requires human sign-off for high value or medium risk cases.,2026-08-27T03:16:04.160473
APP-5f67ec6b,CASE-2996,PENDING,"Recommend ESCALATE delay 30m. Amount ₹11,682.23 exceeds threshold.",Policy requires human sign-off for high value or medium risk cases.,2026-08-28T08:16:04.160473
APP-a1d07633,CASE-2997,PENDING,"Recommend ESCALATE delay 30m. Amount ₹3,182.23 exceeds threshold.",Policy requires human sign-off for high value or medium risk cases.,2026-08-28T06:16:04.160473
APP-e65aa2b1,CASE-2998,PENDING,"Recommend ESCALATE delay 30m. Amount ₹11,682.23 exceeds threshold.",Policy requires human sign-off for high value or medium risk cases.,2026-08-27T20:16:04.160473
APP-86c1cb78,CASE-2999,PENDING,"Recommend ESCALATE delay 30m. Amount ₹3,500.00 exceeds threshold.",Policy requires human sign-off for high value or medium risk cases.,2026-08-26T18:16:04.160473
