id,case_id,event_type,actor_type,actor_id,reason,metadata_json,timestamp
AUD-0fa6a0d7,CASE-1021,CASE_CREATED,SYSTEM,SYSTEM,"Case initialized for FAILED_PAYMENT amount ₹2,000.00","{""amount_at_risk"": 2000.0, ""score"": 87, ""policy"": ""AUTO""}",2026-08-28T09:16:03.992776
AUD-7aedf91e,CASE-1032,CASE_CREATED,SYSTEM,SYSTEM,"Case initialized for CHECKOUT_ABANDONMENT amount ₹8,500.00","{""amount_at_risk"": 8500.0, ""score"": 75, ""policy"": ""HUMAN""}",2026-08-27T18:16:03.992776
AUD-99c77154,CASE-1048,CASE_CREATED,SYSTEM,SYSTEM,"Case initialized for FAILED_PAYMENT amount ₹25,000.00","{""amount_at_risk"": 25000.0, ""score"": 10, ""policy"": ""BLOCK""}",2026-08-26T19:16:03.992776
AUD-3a19b5b9,CASE-1088,CASE_CREATED,SYSTEM,SYSTEM,"Case initialized for SUBSCRIPTION_FAILURE amount ₹2,000.00","{""amount_at_risk"": 2000.0, ""score"": 65, ""policy"": ""HUMAN""}",2026-08-27T08:16:03.992776
AUD-f628fa50,CASE-1102,CASE_CREATED,SYSTEM,SYSTEM,"Case initialized for OVERDUE_INVOICE amount ₹75,000.00","{""amount_at_risk"": 75000.0, ""score"": 55, ""policy"": ""HUMAN""}",2026-08-26T17:16:03.995285
AUD-7088b177,CASE-2005,CASE_CREATED,SYSTEM,SYSTEM,"Case initialized for FAILED_PAYMENT amount ₹12,000.00","{""amount_at_risk"": 12000.0, ""score"": 79, ""policy"": ""HUMAN""}",2026-08-28T01:16:03.995285
AUD-c7612d06,CASE-2006,CASE_CREATED,SYSTEM,SYSTEM,"Case initialized for FAILED_PAYMENT amount ₹7,500.00","{""amount_at_risk"": 7500.0, ""score"": 70, ""policy"": ""HUMAN""}",2026-08-27T22:16:03.995285
AUD-8da7345f,CASE-2007,CASE_CREATED,SYSTEM,SYSTEM,"Case initialized for FAILED_PAYMENT amount ₹1,499.00","{""amount_at_risk"": 1499.0, ""score"": 93, ""policy"": ""AUTO""}",2026-08-26T14:16:03.995285
AUD-fc939515,CASE-2008,CASE_CREATED,SYSTEM,SYSTEM,"Case initialized for FAILED_PAYMENT amount ₹7,500.00","{""amount_at_risk"": 7500.0, ""score"": 72, ""policy"": ""HUMAN""}",2026-08-27T21:16:03.995285
AUD-4427db15,CASE-2009,CASE_CREATED,SYSTEM,SYSTEM,"Case initialized for FAILED_PAYMENT amount ₹4,999.00","{""amount_at_risk"": 4999.0, ""score"": 67, ""policy"": ""HUMAN""}",2026-08-26T14:16:03.995285
AUD-8a900870,CASE-2010,CASE_CREATED,SYSTEM,SYSTEM,"Case initialized for FAILED_PAYMENT amount ₹1,499.00","{""amount_at_risk"": 1499.0, ""score"": 47, ""policy"": ""HUMAN""}",2026-08-27T23:16:03.996318
AUD-f86ac0c3,CASE-2011,CASE_CREATED,SYSTEM,SYSTEM,"Case initialized for FAILED_PAYMENT amount ₹1,499.00","{""amount_at_risk"": 1499.0, ""score"": 51, ""policy"": ""HUMAN""}",2026-08-26T17:16:03.996318
AUD-bd49e69e,CASE-2012,CASE_CREATED,SYSTEM,SYSTEM,"Case initialized for FAILED_PAYMENT amount ₹12,000.00","{""amount_at_risk"": 12000.0, ""score"": 48, ""policy"": ""HUMAN""}",2026-08-27T08:16:03.996318
AUD-7dd4b038,CASE-2013,CASE_CREATED,SYSTEM,SYSTEM,"Case initialized for FAILED_PAYMENT amount ₹2,499.00","{""amount_at_risk"": 2499.0, ""score"": 79, ""policy"": ""HUMAN""}",2026-08-27T04:16:03.996318
AUD-3ad21530,CASE-2014,CASE_CREATED,SYSTEM,SYSTEM,"Case initialized for FAILED_PAYMENT amount ₹3,999.00","{""amount_at_risk"": 3999.0, ""score"": 59, ""policy"": ""HUMAN""}",2026-08-26T22:16:03.996318
AUD-9d561be4,CASE-2015,CASE_CREATED,SYSTEM,SYSTEM,"Case initialized for FAILED_PAYMENT amount ₹12,000.00","{""amount_at_risk"": 12000.0, ""score"": 65, ""policy"": ""HUMAN""}",2026-08-26T18:16:03.996318
AUD-7051fb57,CASE-2016,CASE_CREATED,SYSTEM,SYSTEM,"Case initialized for FAILED_PAYMENT amount ₹7,500.00","{""amount_at_risk"": 7500.0, ""score"": 59, ""policy"": ""HUMAN""}",2026-08-28T09:16:03.996318
AUD-b48a49ec,CASE-2017,CASE_CREATED,SYSTEM,SYSTEM,"Case initialized for FAILED_PAYMENT amount ₹7,500.00","{""amount_at_risk"": 7500.0, ""score"": 82, ""policy"": ""HUMAN""}",2026-08-27T05:16:03.996318
AUD-7e1e5755,CASE-2018,CASE_CREATED,SYSTEM,SYSTEM,"Case initialized for FAILED_PAYMENT amount ₹1,499.00","{""amount_at_risk"": 1499.0, ""score"": 67, ""policy"": ""HUMAN""}",2026-08-27T10:16:03.996318
AUD-b5c4a990,CASE-2019,CASE_CREATED,SYSTEM,SYSTEM,"Case initialized for FAILED_PAYMENT amount ₹4,999.00","{""amount_at_risk"": 4999.0, ""score"": 54, ""policy"": ""HUMAN""}",2026-08-27T02:16:03.997328
AUD-aa09cab5,CASE-2020,CASE_CREATED,SYSTEM,SYSTEM,"Case initialized for FAILED_PAYMENT amount ₹4,999.00","{""amount_at_risk"": 4999.0, ""score"": 60, ""policy"": ""HUMAN""}",2026-08-28T03:16:03.997328
AUD-7cba4fd1,CASE-2021,CASE_CREATED,SYSTEM,SYSTEM,"Case initialized for FAILED_PAYMENT amount ₹4,999.00","{""amount_at_risk"": 4999.0, ""score"": 48, ""policy"": ""HUMAN""}",2026-08-27T01:16:03.997328
AUD-5197ae5a,CASE-2022,CASE_CREATED,SYSTEM,SYSTEM,"Case initialized for FAILED_PAYMENT amount ₹7,500.00","{""amount_at_risk"": 7500.0, ""score"": 53, ""policy"": ""HUMAN""}",2026-08-27T23:16:03.997328
AUD-173be561,CASE-2023,CASE_CREATED,SYSTEM,SYSTEM,"Case initialized for FAILED_PAYMENT amount ₹3,999.00","{""amount_at_risk"": 3999.0, ""score"": 86, ""policy"": ""AUTO""}",2026-08-27T02:16:03.997328
AUD-27de63c7,CASE-2024,CASE_CREATED,SYSTEM,SYSTEM,"Case initialized for FAILED_PAYMENT amount ₹12,000.00","{""amount_at_risk"": 12000.0, ""score"": 57, ""policy"": ""HUMAN""}",2026-08-26T17:16:03.997328
AUD-2d030bd6,CASE-2025,CASE_CREATED,SYSTEM,SYSTEM,"Case initialized for FAILED_PAYMENT amount ₹7,500.00","{""amount_at_risk"": 7500.0, ""score"": 83, ""policy"": ""HUMAN""}",2026-08-26T23:16:03.998341
AUD-5be37933,CASE-2026,CASE_CREATED,SYSTEM,SYSTEM,"Case initialized for FAILED_PAYMENT amount ₹12,000.00","{""amount_at_risk"": 12000.0, ""score"": 87, ""policy"": ""HUMAN""}",2026-08-27T23:16:03.998341
AUD-6c64025f,CASE-2027,CASE_CREATED,SYSTEM,SYSTEM,"Case initialized for FAILED_PAYMENT amount ₹3,999.00","{""amount_at_risk"": 3999.0, ""score"": 64, ""policy"": ""HUMAN""}",2026-08-26T13:16:03.998341
AUD-07783194,CASE-2028,CASE_CREATED,SYSTEM,SYSTEM,"Case initialized for FAILED_PAYMENT amount ₹1,499.00","{""amount_at_risk"": 1499.0, ""score"": 92, ""policy"": ""AUTO""}",2026-08-26T22:16:03.998341
AUD-b5df4896,CASE-2029,CASE_CREATED,SYSTEM,SYSTEM,"Case initialized for FAILED_PAYMENT amount ₹12,000.00","{""amount_at_risk"": 12000.0, ""score"": 58, ""policy"": ""HUMAN""}",2026-08-27T16:16:03.998341
AUD-4a7bc3be,CASE-2030,CASE_CREATED,SYSTEM,SYSTEM,"Case initialized for FAILED_PAYMENT amount ₹3,999.00","{""amount_at_risk"": 3999.0, ""score"": 69, ""policy"": ""HUMAN""}",2026-08-27T20:16:03.998341
AUD-3c406d5d,CASE-2031,CASE_CREATED,SYSTEM,SYSTEM,"Case initialized for FAILED_PAYMENT amount ₹3,999.00","{""amount_at_risk"": 3999.0, ""score"": 77, ""policy"": ""HUMAN""}",2026-08-26T14:16:03.998341
AUD-87958a2f,CASE-2032,CASE_CREATED,SYSTEM,SYSTEM,"Case initialized for FAILED_PAYMENT amount ₹4,999.00","{""amount_at_risk"": 4999.0, ""score"": 93, ""policy"": ""AUTO""}",2026-08-27T10:16:03.998341
AUD-7855ef1b,CASE-2033,CASE_CREATED,SYSTEM,SYSTEM,"Case initialized for FAILED_PAYMENT amount ₹1,499.00","{""amount_at_risk"": 1499.0, ""score"": 81, ""policy"": ""AUTO""}",2026-08-27T01:16:03.998341
AUD-a0126e55,CASE-2034,CASE_CREATED,SYSTEM,SYSTEM,"Case initialized for FAILED_PAYMENT amount ₹7,500.00","{""amount_at_risk"": 7500.0, ""score"": 82, ""policy"": ""HUMAN""}",2026-08-28T00:16:03.998341
AUD-4897ef77,CASE-2035,CASE_CREATED,SYSTEM,SYSTEM,"Case initialized for FAILED_PAYMENT amount ₹3,999.00","{""amount_at_risk"": 3999.0, ""score"": 59, ""policy"": ""HUMAN""}",2026-08-27T01:16:03.998341
AUD-d6b786df,CASE-2036,CASE_CREATED,SYSTEM,SYSTEM,"Case initialized for FAILED_PAYMENT amount ₹12,000.00","{""amount_at_risk"": 12000.0, ""score"": 88, ""policy"": ""HUMAN""}",2026-08-26T14:16:03.998341
AUD-c349628f,CASE-2037,CASE_CREATED,SYSTEM,SYSTEM,"Case initialized for FAILED_PAYMENT amount ₹12,000.00","{""amount_at_risk"": 12000.0, ""score"": 92, ""policy"": ""HUMAN""}",2026-08-26T14:16:03.998341
AUD-d8dae9b3,CASE-2038,CASE_CREATED,SYSTEM,SYSTEM,"Case initialized for FAILED_PAYMENT amount ₹3,999.00","{""amount_at_risk"": 3999.0, ""score"": 55, ""policy"": ""HUMAN""}",2026-08-27T02:16:03.998341
AUD-fafb9de2,CASE-2039,CASE_CREATED,SYSTEM,SYSTEM,"Case initialized for FAILED_PAYMENT amount ₹12,000.00","{""amount_at_risk"": 12000.0, ""score"": 48, ""policy"": ""HUMAN""}",2026-08-26T18:16:03.998341
AUD-2bd78e5e,CASE-2040,CASE_CREATED,SYSTEM,SYSTEM,"Case initialized for FAILED_PAYMENT amount ₹1,499.00","{""amount_at_risk"": 1499.0, ""score"": 93, ""policy"": ""AUTO""}",2026-08-26T15:16:03.998341
AUD-eae013fb,CASE-2041,CASE_CREATED,SYSTEM,SYSTEM,"Case initialized for FAILED_PAYMENT amount ₹2,499.00","{""amount_at_risk"": 2499.0, ""score"": 45, ""policy"": ""HUMAN""}",2026-08-28T09:16:03.998341
AUD-68fcbc8a,CASE-2042,CASE_CREATED,SYSTEM,SYSTEM,"Case initialized for FAILED_PAYMENT amount ₹7,500.00","{""amount_at_risk"": 7500.0, ""score"": 85, ""policy"": ""HUMAN""}",2026-08-28T12:16:03.998341
AUD-07c8a980,CASE-2043,CASE_CREATED,SYSTEM,SYSTEM,"Case initialized for FAILED_PAYMENT amount ₹7,500.00","{""amount_at_risk"": 7500.0, ""score"": 80, ""policy"": ""HUMAN""}",2026-08-27T03:16:03.998341
AUD-ad602cb3,CASE-2044,CASE_CREATED,SYSTEM,SYSTEM,"Case initialized for FAILED_PAYMENT amount ₹12,000.00","{""amount_at_risk"": 12000.0, ""score"": 62, ""policy"": ""HUMAN""}",2026-08-27T04:16:03.998341
AUD-223e86fb,CASE-2045,CASE_CREATED,SYSTEM,SYSTEM,"Case initialized for FAILED_PAYMENT amount ₹12,000.00","{""amount_at_risk"": 12000.0, ""score"": 88, ""policy"": ""HUMAN""}",2026-08-28T06:16:03.998341
AUD-764ab0dc,CASE-2046,CASE_CREATED,SYSTEM,SYSTEM,"Case initialized for FAILED_PAYMENT amount ₹7,500.00","{""amount_at_risk"": 7500.0, ""score"": 54, ""policy"": ""HUMAN""}",2026-08-27T03:16:03.998341
AUD-f72a881f,CASE-2047,CASE_CREATED,SYSTEM,SYSTEM,"Case initialized for FAILED_PAYMENT amount ₹3,999.00","{""amount_at_risk"": 3999.0, ""score"": 67, ""policy"": ""HUMAN""}",2026-08-27T13:16:03.998341
AUD-8cb62fe0,CASE-2048,CASE_CREATED,SYSTEM,SYSTEM,"Case initialized for FAILED_PAYMENT amount ₹4,999.00","{""amount_at_risk"": 4999.0, ""score"": 74, ""policy"": ""HUMAN""}",2026-08-27T22:16:03.998341
AUD-1fe263d6,CASE-2049,CASE_CREATED,SYSTEM,SYSTEM,"Case initialized for FAILED_PAYMENT amount ₹3,999.00","{""amount_at_risk"": 3999.0, ""score"": 88, ""policy"": ""AUTO""}",2026-08-27T11:16:03.998341
AUD-ca28475f,CASE-2050,CASE_CREATED,SYSTEM,SYSTEM,"Case initialized for FAILED_PAYMENT amount ₹4,999.00","{""amount_at_risk"": 4999.0, ""score"": 69, ""policy"": ""HUMAN""}",2026-08-26T20:16:03.998341
AUD-5c69332d,CASE-2051,CASE_CREATED,SYSTEM,SYSTEM,"Case initialized for FAILED_PAYMENT amount ₹1,499.00","{""amount_at_risk"": 1499.0, ""score"": 89, ""policy"": ""AUTO""}",2026-08-27T15:16:03.998341
AUD-05f34455,CASE-2052,CASE_CREATED,SYSTEM,SYSTEM,"Case initialized for FAILED_PAYMENT amount ₹7,500.00","{""amount_at_risk"": 7500.0, ""score"": 51, ""policy"": ""HUMAN""}",2026-08-27T23:16:03.998341
AUD-e1bd81a9,CASE-2053,CASE_CREATED,SYSTEM,SYSTEM,"Case initialized for FAILED_PAYMENT amount ₹12,000.00","{""amount_at_risk"": 12000.0, ""score"": 81, ""policy"": ""HUMAN""}",2026-08-28T08:16:03.998341
AUD-04dbc0cc,CASE-2054,CASE_CREATED,SYSTEM,SYSTEM,"Case initialized for FAILED_PAYMENT amount ₹12,000.00","{""amount_at_risk"": 12000.0, ""score"": 62, ""policy"": ""HUMAN""}",2026-08-27T16:16:03.998341
AUD-6d10922d,CASE-2055,CASE_CREATED,SYSTEM,SYSTEM,"Case initialized for FAILED_PAYMENT amount ₹1,499.00","{""amount_at_risk"": 1499.0, ""score"": 58, ""policy"": ""HUMAN""}",2026-08-27T17:16:03.998341
AUD-500bb03c,CASE-2056,CASE_CREATED,SYSTEM,SYSTEM,"Case initialized for FAILED_PAYMENT amount ₹2,499.00","{""amount_at_risk"": 2499.0, ""score"": 81, ""policy"": ""AUTO""}",2026-08-26T13:16:03.998341
AUD-9e67893a,CASE-2057,CASE_CREATED,SYSTEM,SYSTEM,"Case initialized for FAILED_PAYMENT amount ₹2,499.00","{""amount_at_risk"": 2499.0, ""score"": 95, ""policy"": ""AUTO""}",2026-08-28T06:16:03.998341
AUD-d0dcc1f6,CASE-2058,CASE_CREATED,SYSTEM,SYSTEM,"Case initialized for FAILED_PAYMENT amount ₹4,999.00","{""amount_at_risk"": 4999.0, ""score"": 59, ""policy"": ""HUMAN""}",2026-08-26T21:16:03.998341
AUD-3a7bbec9,CASE-2059,CASE_CREATED,SYSTEM,SYSTEM,"Case initialized for FAILED_PAYMENT amount ₹7,500.00","{""amount_at_risk"": 7500.0, ""score"": 70, ""policy"": ""HUMAN""}",2026-08-27T19:16:03.998341
AUD-880e6fa5,CASE-2060,CASE_CREATED,SYSTEM,SYSTEM,"Case initialized for FAILED_PAYMENT amount ₹4,999.00","{""amount_at_risk"": 4999.0, ""score"": 76, ""policy"": ""HUMAN""}",2026-08-27T12:16:03.998341
AUD-6d2a8cd6,CASE-2061,CASE_CREATED,SYSTEM,SYSTEM,"Case initialized for FAILED_PAYMENT amount ₹4,999.00","{""amount_at_risk"": 4999.0, ""score"": 56, ""policy"": ""HUMAN""}",2026-08-26T21:16:03.998341
AUD-a97b26d9,CASE-2062,CASE_CREATED,SYSTEM,SYSTEM,"Case initialized for FAILED_PAYMENT amount ₹3,999.00","{""amount_at_risk"": 3999.0, ""score"": 60, ""policy"": ""HUMAN""}",2026-08-28T03:16:03.998341
AUD-57d6056d,CASE-2063,CASE_CREATED,SYSTEM,SYSTEM,"Case initialized for FAILED_PAYMENT amount ₹4,999.00","{""amount_at_risk"": 4999.0, ""score"": 90, ""policy"": ""AUTO""}",2026-08-27T13:16:04.003078
AUD-7ad4b217,CASE-2064,CASE_CREATED,SYSTEM,SYSTEM,"Case initialized for FAILED_PAYMENT amount ₹1,499.00","{""amount_at_risk"": 1499.0, ""score"": 50, ""policy"": ""HUMAN""}",2026-08-27T13:16:04.003078
AUD-143addb8,CASE-2065,CASE_CREATED,SYSTEM,SYSTEM,"Case initialized for FAILED_PAYMENT amount ₹3,999.00","{""amount_at_risk"": 3999.0, ""score"": 51, ""policy"": ""HUMAN""}",2026-08-27T09:16:04.003078
AUD-12a56a4b,CASE-2066,CASE_CREATED,SYSTEM,SYSTEM,"Case initialized for FAILED_PAYMENT amount ₹4,999.00","{""amount_at_risk"": 4999.0, ""score"": 80, ""policy"": ""AUTO""}",2026-08-28T07:16:04.003078
AUD-1769ecdc,CASE-2067,CASE_CREATED,SYSTEM,SYSTEM,"Case initialized for FAILED_PAYMENT amount ₹3,999.00","{""amount_at_risk"": 3999.0, ""score"": 80, ""policy"": ""AUTO""}",2026-08-27T18:16:04.003078
AUD-79750203,CASE-2068,CASE_CREATED,SYSTEM,SYSTEM,"Case initialized for FAILED_PAYMENT amount ₹4,999.00","{""amount_at_risk"": 4999.0, ""score"": 69, ""policy"": ""HUMAN""}",2026-08-27T03:16:04.003078
AUD-c3cb81b0,CASE-2069,CASE_CREATED,SYSTEM,SYSTEM,"Case initialized for FAILED_PAYMENT amount ₹2,499.00","{""amount_at_risk"": 2499.0, ""score"": 88, ""policy"": ""AUTO""}",2026-08-27T19:16:04.003078
AUD-1a0b39d9,CASE-2070,CASE_CREATED,SYSTEM,SYSTEM,"Case initialized for FAILED_PAYMENT amount ₹4,999.00","{""amount_at_risk"": 4999.0, ""score"": 54, ""policy"": ""HUMAN""}",2026-08-27T19:16:04.003078
AUD-f26c0a36,CASE-2071,CASE_CREATED,SYSTEM,SYSTEM,"Case initialized for FAILED_PAYMENT amount ₹4,999.00","{""amount_at_risk"": 4999.0, ""score"": 64, ""policy"": ""HUMAN""}",2026-08-27T20:16:04.003078
AUD-8688bb23,CASE-2072,CASE_CREATED,SYSTEM,SYSTEM,"Case initialized for FAILED_PAYMENT amount ₹2,499.00","{""amount_at_risk"": 2499.0, ""score"": 91, ""policy"": ""AUTO""}",2026-08-28T04:16:04.003078
AUD-791833ad,CASE-2073,CASE_CREATED,SYSTEM,SYSTEM,"Case initialized for FAILED_PAYMENT amount ₹3,999.00","{""amount_at_risk"": 3999.0, ""score"": 45, ""policy"": ""HUMAN""}",2026-08-27T12:16:04.003078
AUD-001b753f,CASE-2074,CASE_CREATED,SYSTEM,SYSTEM,"Case initialized for FAILED_PAYMENT amount ₹3,999.00","{""amount_at_risk"": 3999.0, ""score"": 73, ""policy"": ""HUMAN""}",2026-08-26T22:16:04.003078
AUD-5d37e54c,CASE-2075,CASE_CREATED,SYSTEM,SYSTEM,"Case initialized for FAILED_PAYMENT amount ₹2,499.00","{""amount_at_risk"": 2499.0, ""score"": 64, ""policy"": ""HUMAN""}",2026-08-27T16:16:04.003078
AUD-7e690c6c,CASE-2076,CASE_CREATED,SYSTEM,SYSTEM,"Case initialized for FAILED_PAYMENT amount ₹2,499.00","{""amount_at_risk"": 2499.0, ""score"": 70, ""policy"": ""HUMAN""}",2026-08-26T16:16:04.003078
AUD-fde50f3b,CASE-2077,CASE_CREATED,SYSTEM,SYSTEM,"Case initialized for FAILED_PAYMENT amount ₹12,000.00","{""amount_at_risk"": 12000.0, ""score"": 76, ""policy"": ""HUMAN""}",2026-08-27T12:16:04.005117
AUD-27029a7a,CASE-2078,CASE_CREATED,SYSTEM,SYSTEM,"Case initialized for FAILED_PAYMENT amount ₹3,999.00","{""amount_at_risk"": 3999.0, ""score"": 95, ""policy"": ""AUTO""}",2026-08-27T02:16:04.005117
AUD-f2d5018b,CASE-2079,CASE_CREATED,SYSTEM,SYSTEM,"Case initialized for FAILED_PAYMENT amount ₹2,499.00","{""amount_at_risk"": 2499.0, ""score"": 88, ""policy"": ""AUTO""}",2026-08-27T23:16:04.005117
AUD-b32a63f8,CASE-2080,CASE_CREATED,SYSTEM,SYSTEM,"Case initialized for FAILED_PAYMENT amount ₹4,999.00","{""amount_at_risk"": 4999.0, ""score"": 63, ""policy"": ""HUMAN""}",2026-08-27T05:16:04.005117
AUD-085eb9d3,CASE-2081,CASE_CREATED,SYSTEM,SYSTEM,"Case initialized for FAILED_PAYMENT amount ₹2,499.00","{""amount_at_risk"": 2499.0, ""score"": 85, ""policy"": ""AUTO""}",2026-08-27T09:16:04.005117
AUD-1240ebe6,CASE-2082,CASE_CREATED,SYSTEM,SYSTEM,"Case initialized for FAILED_PAYMENT amount ₹4,999.00","{""amount_at_risk"": 4999.0, ""score"": 49, ""policy"": ""HUMAN""}",2026-08-27T11:16:04.005117
AUD-a0fc95ff,CASE-2083,CASE_CREATED,SYSTEM,SYSTEM,"Case initialized for FAILED_PAYMENT amount ₹7,500.00","{""amount_at_risk"": 7500.0, ""score"": 77, ""policy"": ""HUMAN""}",2026-08-26T16:16:04.005117
AUD-c8326745,CASE-2084,CASE_CREATED,SYSTEM,SYSTEM,"Case initialized for FAILED_PAYMENT amount ₹7,500.00","{""amount_at_risk"": 7500.0, ""score"": 83, ""policy"": ""HUMAN""}",2026-08-26T18:16:04.005117
AUD-d42291a2,CASE-2085,CASE_CREATED,SYSTEM,SYSTEM,"Case initialized for FAILED_PAYMENT amount ₹12,000.00","{""amount_at_risk"": 12000.0, ""score"": 67, ""policy"": ""HUMAN""}",2026-08-26T19:16:04.005117
AUD-9a38f443,CASE-2086,CASE_CREATED,SYSTEM,SYSTEM,"Case initialized for FAILED_PAYMENT amount ₹12,000.00","{""amount_at_risk"": 12000.0, ""score"": 86, ""policy"": ""HUMAN""}",2026-08-28T06:16:04.005117
AUD-27be46bc,CASE-2087,CASE_CREATED,SYSTEM,SYSTEM,"Case initialized for FAILED_PAYMENT amount ₹1,499.00","{""amount_at_risk"": 1499.0, ""score"": 51, ""policy"": ""HUMAN""}",2026-08-26T13:16:04.005117
AUD-7c5ec03d,CASE-2088,CASE_CREATED,SYSTEM,SYSTEM,"Case initialized for FAILED_PAYMENT amount ₹7,500.00","{""amount_at_risk"": 7500.0, ""score"": 80, ""policy"": ""HUMAN""}",2026-08-27T13:16:04.005117
AUD-e1c405d0,CASE-2089,CASE_CREATED,SYSTEM,SYSTEM,"Case initialized for FAILED_PAYMENT amount ₹4,999.00","{""amount_at_risk"": 4999.0, ""score"": 74, ""policy"": ""HUMAN""}",2026-08-28T11:16:04.005117
AUD-3d9a71ed,CASE-2090,CASE_CREATED,SYSTEM,SYSTEM,"Case initialized for FAILED_PAYMENT amount ₹4,999.00","{""amount_at_risk"": 4999.0, ""score"": 51, ""policy"": ""HUMAN""}",2026-08-28T05:16:04.005117
AUD-ee3dbd8e,CASE-2091,CASE_CREATED,SYSTEM,SYSTEM,"Case initialized for FAILED_PAYMENT amount ₹12,000.00","{""amount_at_risk"": 12000.0, ""score"": 54, ""policy"": ""HUMAN""}",2026-08-27T07:16:04.005117
AUD-29930d69,CASE-2092,CASE_CREATED,SYSTEM,SYSTEM,"Case initialized for FAILED_PAYMENT amount ₹2,499.00","{""amount_at_risk"": 2499.0, ""score"": 78, ""policy"": ""HUMAN""}",2026-08-28T06:16:04.005117
AUD-7bc0cd2c,CASE-2093,CASE_CREATED,SYSTEM,SYSTEM,"Case initialized for FAILED_PAYMENT amount ₹4,999.00","{""amount_at_risk"": 4999.0, ""score"": 91, ""policy"": ""AUTO""}",2026-08-28T10:16:04.005117
AUD-fc531fe6,CASE-2094,CASE_CREATED,SYSTEM,SYSTEM,"Case initialized for FAILED_PAYMENT amount ₹12,000.00","{""amount_at_risk"": 12000.0, ""score"": 52, ""policy"": ""HUMAN""}",2026-08-28T06:16:04.005117
AUD-d78d34cd,CASE-2095,CASE_CREATED,SYSTEM,SYSTEM,"Case initialized for FAILED_PAYMENT amount ₹12,000.00","{""amount_at_risk"": 12000.0, ""score"": 55, ""policy"": ""HUMAN""}",2026-08-28T02:16:04.005117
AUD-52f8bb42,CASE-2096,CASE_CREATED,SYSTEM,SYSTEM,"Case initialized for FAILED_PAYMENT amount ₹3,999.00","{""amount_at_risk"": 3999.0, ""score"": 80, ""policy"": ""AUTO""}",2026-08-26T20:16:04.007252
AUD-bdb53236,CASE-2097,CASE_CREATED,SYSTEM,SYSTEM,"Case initialized for FAILED_PAYMENT amount ₹2,499.00","{""amount_at_risk"": 2499.0, ""score"": 56, ""policy"": ""HUMAN""}",2026-08-26T13:16:04.007252
AUD-d46bc51b,CASE-2098,CASE_CREATED,SYSTEM,SYSTEM,"Case initialized for FAILED_PAYMENT amount ₹7,500.00","{""amount_at_risk"": 7500.0, ""score"": 57, ""policy"": ""HUMAN""}",2026-08-28T12:16:04.007252
AUD-09890bd3,CASE-2099,CASE_CREATED,SYSTEM,SYSTEM,"Case initialized for FAILED_PAYMENT amount ₹12,000.00","{""amount_at_risk"": 12000.0, ""score"": 58, ""policy"": ""HUMAN""}",2026-08-28T08:16:04.007252
AUD-8c332cf4,CASE-2100,CASE_CREATED,SYSTEM,SYSTEM,"Case initialized for FAILED_PAYMENT amount ₹7,500.00","{""amount_at_risk"": 7500.0, ""score"": 51, ""policy"": ""HUMAN""}",2026-08-27T16:16:04.007252
AUD-ca27d42d,CASE-2101,CASE_CREATED,SYSTEM,SYSTEM,"Case initialized for FAILED_PAYMENT amount ₹2,499.00","{""amount_at_risk"": 2499.0, ""score"": 74, ""policy"": ""HUMAN""}",2026-08-27T05:16:04.007252
AUD-ca9973e2,CASE-2102,CASE_CREATED,SYSTEM,SYSTEM,"Case initialized for FAILED_PAYMENT amount ₹7,500.00","{""amount_at_risk"": 7500.0, ""score"": 85, ""policy"": ""HUMAN""}",2026-08-27T11:16:04.007252
AUD-8e38c83a,CASE-2103,CASE_CREATED,SYSTEM,SYSTEM,"Case initialized for FAILED_PAYMENT amount ₹7,500.00","{""amount_at_risk"": 7500.0, ""score"": 52, ""policy"": ""HUMAN""}",2026-08-26T21:16:04.007252
AUD-c1b75fc7,CASE-2104,CASE_CREATED,SYSTEM,SYSTEM,"Case initialized for FAILED_PAYMENT amount ₹2,499.00","{""amount_at_risk"": 2499.0, ""score"": 88, ""policy"": ""AUTO""}",2026-08-28T04:16:04.007252
AUD-aa2b54e6,CASE-2105,CASE_CREATED,SYSTEM,SYSTEM,"Case initialized for FAILED_PAYMENT amount ₹3,999.00","{""amount_at_risk"": 3999.0, ""score"": 52, ""policy"": ""HUMAN""}",2026-08-28T01:16:04.009263
AUD-410ed20f,CASE-2106,CASE_CREATED,SYSTEM,SYSTEM,"Case initialized for FAILED_PAYMENT amount ₹3,999.00","{""amount_at_risk"": 3999.0, ""score"": 89, ""policy"": ""AUTO""}",2026-08-28T04:16:04.009263
AUD-9c8f1269,CASE-2107,CASE_CREATED,SYSTEM,SYSTEM,"Case initialized for FAILED_PAYMENT amount ₹7,500.00","{""amount_at_risk"": 7500.0, ""score"": 69, ""policy"": ""HUMAN""}",2026-08-26T20:16:04.009263
AUD-94c9d572,CASE-2108,CASE_CREATED,SYSTEM,SYSTEM,"Case initialized for FAILED_PAYMENT amount ₹7,500.00","{""amount_at_risk"": 7500.0, ""score"": 89, ""policy"": ""HUMAN""}",2026-08-27T18:16:04.009263
AUD-b6fd7f02,CASE-2109,CASE_CREATED,SYSTEM,SYSTEM,"Case initialized for FAILED_PAYMENT amount ₹2,499.00","{""amount_at_risk"": 2499.0, ""score"": 56, ""policy"": ""HUMAN""}",2026-08-28T09:16:04.009263
AUD-6c8bd30d,CASE-2110,CASE_CREATED,SYSTEM,SYSTEM,"Case initialized for FAILED_PAYMENT amount ₹3,999.00","{""amount_at_risk"": 3999.0, ""score"": 45, ""policy"": ""HUMAN""}",2026-08-27T12:16:04.009263
AUD-80b35194,CASE-2111,CASE_CREATED,SYSTEM,SYSTEM,"Case initialized for FAILED_PAYMENT amount ₹7,500.00","{""amount_at_risk"": 7500.0, ""score"": 77, ""policy"": ""HUMAN""}",2026-08-27T05:16:04.009263
AUD-ec046431,CASE-2112,CASE_CREATED,SYSTEM,SYSTEM,"Case initialized for FAILED_PAYMENT amount ₹4,999.00","{""amount_at_risk"": 4999.0, ""score"": 90, ""policy"": ""AUTO""}",2026-08-27T00:16:04.009263
AUD-da93a613,CASE-2113,CASE_CREATED,SYSTEM,SYSTEM,"Case initialized for FAILED_PAYMENT amount ₹1,499.00","{""amount_at_risk"": 1499.0, ""score"": 95, ""policy"": ""AUTO""}",2026-08-27T22:16:04.009263
AUD-ca28659c,CASE-2114,CASE_CREATED,SYSTEM,SYSTEM,"Case initialized for FAILED_PAYMENT amount ₹7,500.00","{""amount_at_risk"": 7500.0, ""score"": 63, ""policy"": ""HUMAN""}",2026-08-26T13:16:04.009263
AUD-0ee43803,CASE-2115,CASE_CREATED,SYSTEM,SYSTEM,"Case initialized for FAILED_PAYMENT amount ₹4,999.00","{""amount_at_risk"": 4999.0, ""score"": 80, ""policy"": ""AUTO""}",2026-08-27T02:16:04.011272
AUD-2f9097a2,CASE-2116,CASE_CREATED,SYSTEM,SYSTEM,"Case initialized for FAILED_PAYMENT amount ₹3,999.00","{""amount_at_risk"": 3999.0, ""score"": 79, ""policy"": ""HUMAN""}",2026-08-27T23:16:04.011272
AUD-78869c54,CASE-2117,CASE_CREATED,SYSTEM,SYSTEM,"Case initialized for FAILED_PAYMENT amount ₹4,999.00","{""amount_at_risk"": 4999.0, ""score"": 51, ""policy"": ""HUMAN""}",2026-08-27T08:16:04.011272
AUD-bd31203d,CASE-2118,CASE_CREATED,SYSTEM,SYSTEM,"Case initialized for FAILED_PAYMENT amount ₹3,999.00","{""amount_at_risk"": 3999.0, ""score"": 67, ""policy"": ""HUMAN""}",2026-08-27T21:16:04.011272
AUD-80871be7,CASE-2119,CASE_CREATED,SYSTEM,SYSTEM,"Case initialized for FAILED_PAYMENT amount ₹2,499.00","{""amount_at_risk"": 2499.0, ""score"": 92, ""policy"": ""AUTO""}",2026-08-26T21:16:04.011272
AUD-1b4f3aa6,CASE-2120,CASE_CREATED,SYSTEM,SYSTEM,"Case initialized for FAILED_PAYMENT amount ₹2,499.00","{""amount_at_risk"": 2499.0, ""score"": 95, ""policy"": ""AUTO""}",2026-08-27T14:16:04.011272
AUD-690c812f,CASE-2121,CASE_CREATED,SYSTEM,SYSTEM,"Case initialized for FAILED_PAYMENT amount ₹7,500.00","{""amount_at_risk"": 7500.0, ""score"": 62, ""policy"": ""HUMAN""}",2026-08-26T15:16:04.011272
AUD-8f226d25,CASE-2122,CASE_CREATED,SYSTEM,SYSTEM,"Case initialized for FAILED_PAYMENT amount ₹3,999.00","{""amount_at_risk"": 3999.0, ""score"": 63, ""policy"": ""HUMAN""}",2026-08-26T17:16:04.011272
AUD-4f2d0b9b,CASE-2123,CASE_CREATED,SYSTEM,SYSTEM,"Case initialized for FAILED_PAYMENT amount ₹1,499.00","{""amount_at_risk"": 1499.0, ""score"": 53, ""policy"": ""HUMAN""}",2026-08-26T19:16:04.011272
AUD-bfa617d7,CASE-2124,CASE_CREATED,SYSTEM,SYSTEM,"Case initialized for FAILED_PAYMENT amount ₹2,499.00","{""amount_at_risk"": 2499.0, ""score"": 89, ""policy"": ""AUTO""}",2026-08-27T16:16:04.013021
AUD-89de55f7,CASE-2125,CASE_CREATED,SYSTEM,SYSTEM,"Case initialized for FAILED_PAYMENT amount ₹2,499.00","{""amount_at_risk"": 2499.0, ""score"": 93, ""policy"": ""AUTO""}",2026-08-27T00:16:04.013021
AUD-41e44a05,CASE-2126,CASE_CREATED,SYSTEM,SYSTEM,"Case initialized for FAILED_PAYMENT amount ₹12,000.00","{""amount_at_risk"": 12000.0, ""score"": 62, ""policy"": ""HUMAN""}",2026-08-28T08:16:04.013021
AUD-edc8b926,CASE-2127,CASE_CREATED,SYSTEM,SYSTEM,"Case initialized for FAILED_PAYMENT amount ₹12,000.00","{""amount_at_risk"": 12000.0, ""score"": 95, ""policy"": ""HUMAN""}",2026-08-26T13:16:04.013021
AUD-9f79c2a1,CASE-2128,CASE_CREATED,SYSTEM,SYSTEM,"Case initialized for FAILED_PAYMENT amount ₹3,999.00","{""amount_at_risk"": 3999.0, ""score"": 89, ""policy"": ""AUTO""}",2026-08-27T16:16:04.013021
AUD-0e301cf9,CASE-2129,CASE_CREATED,SYSTEM,SYSTEM,"Case initialized for FAILED_PAYMENT amount ₹7,500.00","{""amount_at_risk"": 7500.0, ""score"": 45, ""policy"": ""HUMAN""}",2026-08-26T18:16:04.013021
AUD-c293f11b,CASE-2130,CASE_CREATED,SYSTEM,SYSTEM,"Case initialized for FAILED_PAYMENT amount ₹12,000.00","{""amount_at_risk"": 12000.0, ""score"": 67, ""policy"": ""HUMAN""}",2026-08-27T09:16:04.013021
AUD-03a4ad28,CASE-2131,CASE_CREATED,SYSTEM,SYSTEM,"Case initialized for FAILED_PAYMENT amount ₹2,499.00","{""amount_at_risk"": 2499.0, ""score"": 76, ""policy"": ""HUMAN""}",2026-08-27T15:16:04.013021
AUD-57c85458,CASE-2132,CASE_CREATED,SYSTEM,SYSTEM,"Case initialized for FAILED_PAYMENT amount ₹7,500.00","{""amount_at_risk"": 7500.0, ""score"": 81, ""policy"": ""HUMAN""}",2026-08-26T17:16:04.013021
AUD-2ae22913,CASE-2133,CASE_CREATED,SYSTEM,SYSTEM,"Case initialized for FAILED_PAYMENT amount ₹1,499.00","{""amount_at_risk"": 1499.0, ""score"": 47, ""policy"": ""HUMAN""}",2026-08-28T05:16:04.014538
AUD-e2b270e8,CASE-2134,CASE_CREATED,SYSTEM,SYSTEM,"Case initialized for FAILED_PAYMENT amount ₹2,499.00","{""amount_at_risk"": 2499.0, ""score"": 73, ""policy"": ""HUMAN""}",2026-08-28T00:16:04.014538
AUD-da01dcc3,CASE-2135,CASE_CREATED,SYSTEM,SYSTEM,"Case initialized for FAILED_PAYMENT amount ₹12,000.00","{""amount_at_risk"": 12000.0, ""score"": 53, ""policy"": ""HUMAN""}",2026-08-28T07:16:04.014538
AUD-88b7ac86,CASE-2136,CASE_CREATED,SYSTEM,SYSTEM,"Case initialized for FAILED_PAYMENT amount ₹12,000.00","{""amount_at_risk"": 12000.0, ""score"": 68, ""policy"": ""HUMAN""}",2026-08-26T18:16:04.015101
AUD-d14fc4b0,CASE-2137,CASE_CREATED,SYSTEM,SYSTEM,"Case initialized for FAILED_PAYMENT amount ₹12,000.00","{""amount_at_risk"": 12000.0, ""score"": 55, ""policy"": ""HUMAN""}",2026-08-27T17:16:04.015101
AUD-7e6e4c44,CASE-2138,CASE_CREATED,SYSTEM,SYSTEM,"Case initialized for FAILED_PAYMENT amount ₹12,000.00","{""amount_at_risk"": 12000.0, ""score"": 89, ""policy"": ""HUMAN""}",2026-08-28T07:16:04.015101
AUD-cfa7e8e2,CASE-2139,CASE_CREATED,SYSTEM,SYSTEM,"Case initialized for FAILED_PAYMENT amount ₹12,000.00","{""amount_at_risk"": 12000.0, ""score"": 51, ""policy"": ""HUMAN""}",2026-08-28T08:16:04.015101
AUD-b790d6de,CASE-2140,CASE_CREATED,SYSTEM,SYSTEM,"Case initialized for FAILED_PAYMENT amount ₹2,499.00","{""amount_at_risk"": 2499.0, ""score"": 82, ""policy"": ""AUTO""}",2026-08-26T16:16:04.015101
AUD-035b361e,CASE-2141,CASE_CREATED,SYSTEM,SYSTEM,"Case initialized for FAILED_PAYMENT amount ₹3,999.00","{""amount_at_risk"": 3999.0, ""score"": 52, ""policy"": ""HUMAN""}",2026-08-28T08:16:04.015101
AUD-1d1ff0f1,CASE-2142,CASE_CREATED,SYSTEM,SYSTEM,"Case initialized for FAILED_PAYMENT amount ₹2,499.00","{""amount_at_risk"": 2499.0, ""score"": 69, ""policy"": ""HUMAN""}",2026-08-27T16:16:04.015101
AUD-6a909260,CASE-2143,CASE_CREATED,SYSTEM,SYSTEM,"Case initialized for FAILED_PAYMENT amount ₹3,999.00","{""amount_at_risk"": 3999.0, ""score"": 64, ""policy"": ""HUMAN""}",2026-08-26T19:16:04.015101
AUD-e7713da2,CASE-2144,CASE_CREATED,SYSTEM,SYSTEM,"Case initialized for FAILED_PAYMENT amount ₹12,000.00","{""amount_at_risk"": 12000.0, ""score"": 54, ""policy"": ""HUMAN""}",2026-08-26T19:16:04.015101
AUD-208be315,CASE-2145,CASE_CREATED,SYSTEM,SYSTEM,"Case initialized for FAILED_PAYMENT amount ₹2,499.00","{""amount_at_risk"": 2499.0, ""score"": 73, ""policy"": ""HUMAN""}",2026-08-26T13:16:04.016420
AUD-9646fa70,CASE-2146,CASE_CREATED,SYSTEM,SYSTEM,"Case initialized for FAILED_PAYMENT amount ₹2,499.00","{""amount_at_risk"": 2499.0, ""score"": 71, ""policy"": ""HUMAN""}",2026-08-28T06:16:04.016420
AUD-63005b10,CASE-2147,CASE_CREATED,SYSTEM,SYSTEM,"Case initialized for FAILED_PAYMENT amount ₹2,499.00","{""amount_at_risk"": 2499.0, ""score"": 93, ""policy"": ""AUTO""}",2026-08-27T16:16:04.016420
AUD-5e821f73,CASE-2148,CASE_CREATED,SYSTEM,SYSTEM,"Case initialized for FAILED_PAYMENT amount ₹2,499.00","{""amount_at_risk"": 2499.0, ""score"": 60, ""policy"": ""HUMAN""}",2026-08-27T01:16:04.016420
AUD-955e4ed4,CASE-2149,CASE_CREATED,SYSTEM,SYSTEM,"Case initialized for FAILED_PAYMENT amount ₹7,500.00","{""amount_at_risk"": 7500.0, ""score"": 83, ""policy"": ""HUMAN""}",2026-08-27T17:16:04.016420
AUD-abea2f6e,CASE-2150,CASE_CREATED,SYSTEM,SYSTEM,"Case initialized for FAILED_PAYMENT amount ₹2,499.00","{""amount_at_risk"": 2499.0, ""score"": 78, ""policy"": ""HUMAN""}",2026-08-27T11:16:04.016420
AUD-2604daa7,CASE-2151,CASE_CREATED,SYSTEM,SYSTEM,"Case initialized for FAILED_PAYMENT amount ₹3,999.00","{""amount_at_risk"": 3999.0, ""score"": 86, ""policy"": ""AUTO""}",2026-08-28T05:16:04.016420
AUD-11b3206d,CASE-2152,CASE_CREATED,SYSTEM,SYSTEM,"Case initialized for FAILED_PAYMENT amount ₹2,499.00","{""amount_at_risk"": 2499.0, ""score"": 76, ""policy"": ""HUMAN""}",2026-08-27T16:16:04.016420
AUD-be513cf8,CASE-2153,CASE_CREATED,SYSTEM,SYSTEM,"Case initialized for FAILED_PAYMENT amount ₹2,499.00","{""amount_at_risk"": 2499.0, ""score"": 69, ""policy"": ""HUMAN""}",2026-08-27T02:16:04.016420
AUD-b4643a69,CASE-2154,CASE_CREATED,SYSTEM,SYSTEM,"Case initialized for FAILED_PAYMENT amount ₹12,000.00","{""amount_at_risk"": 12000.0, ""score"": 56, ""policy"": ""HUMAN""}",2026-08-26T23:16:04.016420
AUD-7a156839,CASE-2155,CASE_CREATED,SYSTEM,SYSTEM,"Case initialized for FAILED_PAYMENT amount ₹1,499.00","{""amount_at_risk"": 1499.0, ""score"": 45, ""policy"": ""HUMAN""}",2026-08-28T09:16:04.016420
AUD-f01e5ee4,CASE-2156,CASE_CREATED,SYSTEM,SYSTEM,"Case initialized for FAILED_PAYMENT amount ₹4,999.00","{""amount_at_risk"": 4999.0, ""score"": 77, ""policy"": ""HUMAN""}",2026-08-26T16:16:04.016420
AUD-5b850649,CASE-2157,CASE_CREATED,SYSTEM,SYSTEM,"Case initialized for FAILED_PAYMENT amount ₹4,999.00","{""amount_at_risk"": 4999.0, ""score"": 50, ""policy"": ""HUMAN""}",2026-08-28T07:16:04.016420
AUD-7920b045,CASE-2158,CASE_CREATED,SYSTEM,SYSTEM,"Case initialized for FAILED_PAYMENT amount ₹3,999.00","{""amount_at_risk"": 3999.0, ""score"": 50, ""policy"": ""HUMAN""}",2026-08-27T02:16:04.016420
AUD-a3f5acbb,CASE-2159,CASE_CREATED,SYSTEM,SYSTEM,"Case initialized for FAILED_PAYMENT amount ₹3,999.00","{""amount_at_risk"": 3999.0, ""score"": 70, ""policy"": ""HUMAN""}",2026-08-27T09:16:04.016420
AUD-734fd9ec,CASE-2160,CASE_CREATED,SYSTEM,SYSTEM,"Case initialized for FAILED_PAYMENT amount ₹12,000.00","{""amount_at_risk"": 12000.0, ""score"": 60, ""policy"": ""HUMAN""}",2026-08-27T09:16:04.016420
AUD-2a434bf6,CASE-2161,CASE_CREATED,SYSTEM,SYSTEM,"Case initialized for FAILED_PAYMENT amount ₹1,499.00","{""amount_at_risk"": 1499.0, ""score"": 74, ""policy"": ""HUMAN""}",2026-08-26T13:16:04.016420
AUD-7b7588ae,CASE-2162,CASE_CREATED,SYSTEM,SYSTEM,"Case initialized for FAILED_PAYMENT amount ₹12,000.00","{""amount_at_risk"": 12000.0, ""score"": 92, ""policy"": ""HUMAN""}",2026-08-26T15:16:04.018430
AUD-090813d8,CASE-2163,CASE_CREATED,SYSTEM,SYSTEM,"Case initialized for FAILED_PAYMENT amount ₹2,499.00","{""amount_at_risk"": 2499.0, ""score"": 89, ""policy"": ""AUTO""}",2026-08-27T03:16:04.018430
AUD-16df0a1e,CASE-2164,CASE_CREATED,SYSTEM,SYSTEM,"Case initialized for FAILED_PAYMENT amount ₹12,000.00","{""amount_at_risk"": 12000.0, ""score"": 61, ""policy"": ""HUMAN""}",2026-08-26T13:16:04.018430
AUD-475a0610,CASE-2165,CASE_CREATED,SYSTEM,SYSTEM,"Case initialized for FAILED_PAYMENT amount ₹3,999.00","{""amount_at_risk"": 3999.0, ""score"": 91, ""policy"": ""AUTO""}",2026-08-27T19:16:04.018430
AUD-68c0f460,CASE-2166,CASE_CREATED,SYSTEM,SYSTEM,"Case initialized for FAILED_PAYMENT amount ₹7,500.00","{""amount_at_risk"": 7500.0, ""score"": 49, ""policy"": ""HUMAN""}",2026-08-27T07:16:04.018430
AUD-324a32a4,CASE-2167,CASE_CREATED,SYSTEM,SYSTEM,"Case initialized for FAILED_PAYMENT amount ₹7,500.00","{""amount_at_risk"": 7500.0, ""score"": 68, ""policy"": ""HUMAN""}",2026-08-28T02:16:04.018430
AUD-1b3b048d,CASE-2168,CASE_CREATED,SYSTEM,SYSTEM,"Case initialized for FAILED_PAYMENT amount ₹3,999.00","{""amount_at_risk"": 3999.0, ""score"": 55, ""policy"": ""HUMAN""}",2026-08-26T17:16:04.018430
AUD-4be9d30d,CASE-2169,CASE_CREATED,SYSTEM,SYSTEM,"Case initialized for FAILED_PAYMENT amount ₹12,000.00","{""amount_at_risk"": 12000.0, ""score"": 52, ""policy"": ""HUMAN""}",2026-08-28T12:16:04.019894
AUD-aea97cd3,CASE-2170,CASE_CREATED,SYSTEM,SYSTEM,"Case initialized for FAILED_PAYMENT amount ₹2,499.00","{""amount_at_risk"": 2499.0, ""score"": 47, ""policy"": ""HUMAN""}",2026-08-28T03:16:04.019894
AUD-ef8ee074,CASE-2171,CASE_CREATED,SYSTEM,SYSTEM,"Case initialized for FAILED_PAYMENT amount ₹2,499.00","{""amount_at_risk"": 2499.0, ""score"": 47, ""policy"": ""HUMAN""}",2026-08-27T16:16:04.019894
AUD-8f89d2c1,CASE-2172,CASE_CREATED,SYSTEM,SYSTEM,"Case initialized for FAILED_PAYMENT amount ₹2,499.00","{""amount_at_risk"": 2499.0, ""score"": 71, ""policy"": ""HUMAN""}",2026-08-27T00:16:04.019894
AUD-5b9567e7,CASE-2173,CASE_CREATED,SYSTEM,SYSTEM,"Case initialized for FAILED_PAYMENT amount ₹3,999.00","{""amount_at_risk"": 3999.0, ""score"": 52, ""policy"": ""HUMAN""}",2026-08-27T22:16:04.019894
AUD-8bff39b2,CASE-2174,CASE_CREATED,SYSTEM,SYSTEM,"Case initialized for FAILED_PAYMENT amount ₹7,500.00","{""amount_at_risk"": 7500.0, ""score"": 47, ""policy"": ""HUMAN""}",2026-08-27T18:16:04.019894
AUD-ec9a7405,CASE-2175,CASE_CREATED,SYSTEM,SYSTEM,"Case initialized for FAILED_PAYMENT amount ₹3,999.00","{""amount_at_risk"": 3999.0, ""score"": 65, ""policy"": ""HUMAN""}",2026-08-27T13:16:04.019894
AUD-d5c7d01a,CASE-2176,CASE_CREATED,SYSTEM,SYSTEM,"Case initialized for FAILED_PAYMENT amount ₹2,499.00","{""amount_at_risk"": 2499.0, ""score"": 63, ""policy"": ""HUMAN""}",2026-08-26T21:16:04.019894
AUD-0d67f599,CASE-2177,CASE_CREATED,SYSTEM,SYSTEM,"Case initialized for FAILED_PAYMENT amount ₹2,499.00","{""amount_at_risk"": 2499.0, ""score"": 74, ""policy"": ""HUMAN""}",2026-08-26T14:16:04.019894
AUD-3089aaea,CASE-2178,CASE_CREATED,SYSTEM,SYSTEM,"Case initialized for FAILED_PAYMENT amount ₹7,500.00","{""amount_at_risk"": 7500.0, ""score"": 93, ""policy"": ""HUMAN""}",2026-08-27T10:16:04.019894
AUD-45b5bd00,CASE-2179,CASE_CREATED,SYSTEM,SYSTEM,"Case initialized for FAILED_PAYMENT amount ₹1,499.00","{""amount_at_risk"": 1499.0, ""score"": 59, ""policy"": ""HUMAN""}",2026-08-26T16:16:04.019894
AUD-818cacd4,CASE-2180,CASE_CREATED,SYSTEM,SYSTEM,"Case initialized for FAILED_PAYMENT amount ₹1,499.00","{""amount_at_risk"": 1499.0, ""score"": 66, ""policy"": ""HUMAN""}",2026-08-26T14:16:04.019894
AUD-daa0c198,CASE-2181,CASE_CREATED,SYSTEM,SYSTEM,"Case initialized for FAILED_PAYMENT amount ₹3,999.00","{""amount_at_risk"": 3999.0, ""score"": 51, ""policy"": ""HUMAN""}",2026-08-27T05:16:04.019894
AUD-7369aae0,CASE-2182,CASE_CREATED,SYSTEM,SYSTEM,"Case initialized for FAILED_PAYMENT amount ₹1,499.00","{""amount_at_risk"": 1499.0, ""score"": 54, ""policy"": ""HUMAN""}",2026-08-27T22:16:04.019894
AUD-051ce39c,CASE-2183,CASE_CREATED,SYSTEM,SYSTEM,"Case initialized for FAILED_PAYMENT amount ₹7,500.00","{""amount_at_risk"": 7500.0, ""score"": 71, ""policy"": ""HUMAN""}",2026-08-28T07:16:04.019894
AUD-13806592,CASE-2184,CASE_CREATED,SYSTEM,SYSTEM,"Case initialized for FAILED_PAYMENT amount ₹7,500.00","{""amount_at_risk"": 7500.0, ""score"": 51, ""policy"": ""HUMAN""}",2026-08-27T11:16:04.019894
AUD-dcd5ad70,CASE-2185,CASE_CREATED,SYSTEM,SYSTEM,"Case initialized for FAILED_PAYMENT amount ₹1,499.00","{""amount_at_risk"": 1499.0, ""score"": 82, ""policy"": ""AUTO""}",2026-08-27T18:16:04.019894
AUD-5be2b6f3,CASE-2186,CASE_CREATED,SYSTEM,SYSTEM,"Case initialized for FAILED_PAYMENT amount ₹3,999.00","{""amount_at_risk"": 3999.0, ""score"": 65, ""policy"": ""HUMAN""}",2026-08-27T08:16:04.019894
AUD-7baf81b0,CASE-2187,CASE_CREATED,SYSTEM,SYSTEM,"Case initialized for FAILED_PAYMENT amount ₹3,999.00","{""amount_at_risk"": 3999.0, ""score"": 59, ""policy"": ""HUMAN""}",2026-08-26T23:16:04.019894
AUD-7c777ac7,CASE-2188,CASE_CREATED,SYSTEM,SYSTEM,"Case initialized for FAILED_PAYMENT amount ₹1,499.00","{""amount_at_risk"": 1499.0, ""score"": 54, ""policy"": ""HUMAN""}",2026-08-27T07:16:04.036549
AUD-8ef53ce8,CASE-2189,CASE_CREATED,SYSTEM,SYSTEM,"Case initialized for FAILED_PAYMENT amount ₹3,999.00","{""amount_at_risk"": 3999.0, ""score"": 71, ""policy"": ""HUMAN""}",2026-08-27T08:16:04.036549
AUD-77fb435d,CASE-2190,CASE_CREATED,SYSTEM,SYSTEM,"Case initialized for FAILED_PAYMENT amount ₹3,999.00","{""amount_at_risk"": 3999.0, ""score"": 74, ""policy"": ""HUMAN""}",2026-08-28T02:16:04.036549
AUD-b3c6b0f3,CASE-2191,CASE_CREATED,SYSTEM,SYSTEM,"Case initialized for FAILED_PAYMENT amount ₹12,000.00","{""amount_at_risk"": 12000.0, ""score"": 64, ""policy"": ""HUMAN""}",2026-08-28T03:16:04.036549
AUD-a3f1197d,CASE-2192,CASE_CREATED,SYSTEM,SYSTEM,"Case initialized for FAILED_PAYMENT amount ₹1,499.00","{""amount_at_risk"": 1499.0, ""score"": 90, ""policy"": ""AUTO""}",2026-08-28T09:16:04.036549
AUD-e09ba973,CASE-2193,CASE_CREATED,SYSTEM,SYSTEM,"Case initialized for FAILED_PAYMENT amount ₹12,000.00","{""amount_at_risk"": 12000.0, ""score"": 64, ""policy"": ""HUMAN""}",2026-08-27T11:16:04.036549
AUD-dd953931,CASE-2194,CASE_CREATED,SYSTEM,SYSTEM,"Case initialized for FAILED_PAYMENT amount ₹4,999.00","{""amount_at_risk"": 4999.0, ""score"": 80, ""policy"": ""AUTO""}",2026-08-28T06:16:04.036549
AUD-b9acc5d1,CASE-2195,CASE_CREATED,SYSTEM,SYSTEM,"Case initialized for FAILED_PAYMENT amount ₹2,499.00","{""amount_at_risk"": 2499.0, ""score"": 52, ""policy"": ""HUMAN""}",2026-08-28T04:16:04.036549
AUD-fd05e7c8,CASE-2196,CASE_CREATED,SYSTEM,SYSTEM,"Case initialized for FAILED_PAYMENT amount ₹2,499.00","{""amount_at_risk"": 2499.0, ""score"": 70, ""policy"": ""HUMAN""}",2026-08-26T23:16:04.036549
AUD-07293860,CASE-2197,CASE_CREATED,SYSTEM,SYSTEM,"Case initialized for FAILED_PAYMENT amount ₹3,999.00","{""amount_at_risk"": 3999.0, ""score"": 49, ""policy"": ""HUMAN""}",2026-08-26T19:16:04.036549
AUD-47861ad3,CASE-2198,CASE_CREATED,SYSTEM,SYSTEM,"Case initialized for FAILED_PAYMENT amount ₹4,999.00","{""amount_at_risk"": 4999.0, ""score"": 53, ""policy"": ""HUMAN""}",2026-08-28T10:16:04.036549
AUD-642df7f7,CASE-2199,CASE_CREATED,SYSTEM,SYSTEM,"Case initialized for FAILED_PAYMENT amount ₹4,999.00","{""amount_at_risk"": 4999.0, ""score"": 48, ""policy"": ""HUMAN""}",2026-08-27T11:16:04.036549
AUD-5d52fc40,CASE-2200,CASE_CREATED,SYSTEM,SYSTEM,"Case initialized for FAILED_PAYMENT amount ₹4,999.00","{""amount_at_risk"": 4999.0, ""score"": 46, ""policy"": ""HUMAN""}",2026-08-27T14:16:04.036549
AUD-527ac505,CASE-2201,CASE_CREATED,SYSTEM,SYSTEM,"Case initialized for FAILED_PAYMENT amount ₹2,499.00","{""amount_at_risk"": 2499.0, ""score"": 56, ""policy"": ""HUMAN""}",2026-08-28T03:16:04.036549
AUD-ed0be3bf,CASE-2202,CASE_CREATED,SYSTEM,SYSTEM,"Case initialized for FAILED_PAYMENT amount ₹1,499.00","{""amount_at_risk"": 1499.0, ""score"": 84, ""policy"": ""AUTO""}",2026-08-27T10:16:04.036549
AUD-116ec83a,CASE-2203,CASE_CREATED,SYSTEM,SYSTEM,"Case initialized for FAILED_PAYMENT amount ₹7,500.00","{""amount_at_risk"": 7500.0, ""score"": 75, ""policy"": ""HUMAN""}",2026-08-27T12:16:04.036549
AUD-5506c6c4,CASE-2204,CASE_CREATED,SYSTEM,SYSTEM,"Case initialized for FAILED_PAYMENT amount ₹2,499.00","{""amount_at_risk"": 2499.0, ""score"": 71, ""policy"": ""HUMAN""}",2026-08-27T02:16:04.045029
AUD-120b5ba0,CASE-2205,CASE_CREATED,SYSTEM,SYSTEM,"Case initialized for FAILED_PAYMENT amount ₹1,499.00","{""amount_at_risk"": 1499.0, ""score"": 69, ""policy"": ""HUMAN""}",2026-08-27T05:16:04.045029
AUD-21ce645a,CASE-2206,CASE_CREATED,SYSTEM,SYSTEM,"Case initialized for FAILED_PAYMENT amount ₹3,999.00","{""amount_at_risk"": 3999.0, ""score"": 81, ""policy"": ""AUTO""}",2026-08-28T11:16:04.045029
AUD-f834dda6,CASE-2207,CASE_CREATED,SYSTEM,SYSTEM,"Case initialized for FAILED_PAYMENT amount ₹3,999.00","{""amount_at_risk"": 3999.0, ""score"": 83, ""policy"": ""AUTO""}",2026-08-27T03:16:04.045029
AUD-6d2844d5,CASE-2208,CASE_CREATED,SYSTEM,SYSTEM,"Case initialized for FAILED_PAYMENT amount ₹3,999.00","{""amount_at_risk"": 3999.0, ""score"": 94, ""policy"": ""AUTO""}",2026-08-27T21:16:04.045029
AUD-b82e187a,CASE-2209,CASE_CREATED,SYSTEM,SYSTEM,"Case initialized for FAILED_PAYMENT amount ₹12,000.00","{""amount_at_risk"": 12000.0, ""score"": 60, ""policy"": ""HUMAN""}",2026-08-27T00:16:04.045029
AUD-0a853ba0,CASE-2210,CASE_CREATED,SYSTEM,SYSTEM,"Case initialized for FAILED_PAYMENT amount ₹4,999.00","{""amount_at_risk"": 4999.0, ""score"": 67, ""policy"": ""HUMAN""}",2026-08-26T23:16:04.045029
AUD-8e2b2dc6,CASE-2211,CASE_CREATED,SYSTEM,SYSTEM,"Case initialized for FAILED_PAYMENT amount ₹3,999.00","{""amount_at_risk"": 3999.0, ""score"": 92, ""policy"": ""AUTO""}",2026-08-27T00:16:04.045029
AUD-6f729283,CASE-2212,CASE_CREATED,SYSTEM,SYSTEM,"Case initialized for FAILED_PAYMENT amount ₹2,499.00","{""amount_at_risk"": 2499.0, ""score"": 81, ""policy"": ""AUTO""}",2026-08-27T05:16:04.045029
AUD-c30730b6,CASE-2213,CASE_CREATED,SYSTEM,SYSTEM,"Case initialized for FAILED_PAYMENT amount ₹1,499.00","{""amount_at_risk"": 1499.0, ""score"": 50, ""policy"": ""HUMAN""}",2026-08-27T22:16:04.045029
AUD-2cec5600,CASE-2214,CASE_CREATED,SYSTEM,SYSTEM,"Case initialized for FAILED_PAYMENT amount ₹1,499.00","{""amount_at_risk"": 1499.0, ""score"": 78, ""policy"": ""HUMAN""}",2026-08-26T21:16:04.045029
AUD-88fad163,CASE-2215,CASE_CREATED,SYSTEM,SYSTEM,"Case initialized for FAILED_PAYMENT amount ₹2,499.00","{""amount_at_risk"": 2499.0, ""score"": 53, ""policy"": ""HUMAN""}",2026-08-28T09:16:04.045029
AUD-fe80eb12,CASE-2216,CASE_CREATED,SYSTEM,SYSTEM,"Case initialized for FAILED_PAYMENT amount ₹1,499.00","{""amount_at_risk"": 1499.0, ""score"": 54, ""policy"": ""HUMAN""}",2026-08-27T13:16:04.045029
AUD-50bd4e35,CASE-2217,CASE_CREATED,SYSTEM,SYSTEM,"Case initialized for FAILED_PAYMENT amount ₹1,499.00","{""amount_at_risk"": 1499.0, ""score"": 68, ""policy"": ""HUMAN""}",2026-08-27T17:16:04.045029
AUD-aa93bda2,CASE-2218,CASE_CREATED,SYSTEM,SYSTEM,"Case initialized for FAILED_PAYMENT amount ₹3,999.00","{""amount_at_risk"": 3999.0, ""score"": 53, ""policy"": ""HUMAN""}",2026-08-27T05:16:04.045029
AUD-520c3cb6,CASE-2219,CASE_CREATED,SYSTEM,SYSTEM,"Case initialized for FAILED_PAYMENT amount ₹12,000.00","{""amount_at_risk"": 12000.0, ""score"": 65, ""policy"": ""HUMAN""}",2026-08-26T18:16:04.045029
AUD-0fc4b4e5,CASE-2220,CASE_CREATED,SYSTEM,SYSTEM,"Case initialized for FAILED_PAYMENT amount ₹7,500.00","{""amount_at_risk"": 7500.0, ""score"": 56, ""policy"": ""HUMAN""}",2026-08-26T16:16:04.045029
AUD-7e8dd623,CASE-2221,CASE_CREATED,SYSTEM,SYSTEM,"Case initialized for FAILED_PAYMENT amount ₹3,999.00","{""amount_at_risk"": 3999.0, ""score"": 53, ""policy"": ""HUMAN""}",2026-08-27T00:16:04.045029
AUD-ad099609,CASE-2222,CASE_CREATED,SYSTEM,SYSTEM,"Case initialized for FAILED_PAYMENT amount ₹4,999.00","{""amount_at_risk"": 4999.0, ""score"": 94, ""policy"": ""AUTO""}",2026-08-27T16:16:04.045029
AUD-f799ed34,CASE-2223,CASE_CREATED,SYSTEM,SYSTEM,"Case initialized for FAILED_PAYMENT amount ₹7,500.00","{""amount_at_risk"": 7500.0, ""score"": 59, ""policy"": ""HUMAN""}",2026-08-28T03:16:04.045029
AUD-9b4012fd,CASE-2224,CASE_CREATED,SYSTEM,SYSTEM,"Case initialized for FAILED_PAYMENT amount ₹3,999.00","{""amount_at_risk"": 3999.0, ""score"": 92, ""policy"": ""AUTO""}",2026-08-26T20:16:04.045029
AUD-c6a8e110,CASE-2225,CASE_CREATED,SYSTEM,SYSTEM,"Case initialized for FAILED_PAYMENT amount ₹1,499.00","{""amount_at_risk"": 1499.0, ""score"": 90, ""policy"": ""AUTO""}",2026-08-27T20:16:04.045029
AUD-3dfe4ea8,CASE-2226,CASE_CREATED,SYSTEM,SYSTEM,"Case initialized for FAILED_PAYMENT amount ₹2,499.00","{""amount_at_risk"": 2499.0, ""score"": 60, ""policy"": ""HUMAN""}",2026-08-28T06:16:04.045029
AUD-d0211cf9,CASE-2227,CASE_CREATED,SYSTEM,SYSTEM,"Case initialized for FAILED_PAYMENT amount ₹12,000.00","{""amount_at_risk"": 12000.0, ""score"": 45, ""policy"": ""HUMAN""}",2026-08-26T14:16:04.045029
AUD-6a35ff83,CASE-2228,CASE_CREATED,SYSTEM,SYSTEM,"Case initialized for FAILED_PAYMENT amount ₹4,999.00","{""amount_at_risk"": 4999.0, ""score"": 55, ""policy"": ""HUMAN""}",2026-08-27T14:16:04.045029
AUD-1daa0ae9,CASE-2229,CASE_CREATED,SYSTEM,SYSTEM,"Case initialized for FAILED_PAYMENT amount ₹7,500.00","{""amount_at_risk"": 7500.0, ""score"": 69, ""policy"": ""HUMAN""}",2026-08-26T19:16:04.045029
AUD-36b6f0be,CASE-2230,CASE_CREATED,SYSTEM,SYSTEM,"Case initialized for FAILED_PAYMENT amount ₹12,000.00","{""amount_at_risk"": 12000.0, ""score"": 59, ""policy"": ""HUMAN""}",2026-08-28T10:16:04.045029
AUD-5a85ca7f,CASE-2231,CASE_CREATED,SYSTEM,SYSTEM,"Case initialized for FAILED_PAYMENT amount ₹3,999.00","{""amount_at_risk"": 3999.0, ""score"": 46, ""policy"": ""HUMAN""}",2026-08-28T08:16:04.045029
AUD-303fc5b1,CASE-2232,CASE_CREATED,SYSTEM,SYSTEM,"Case initialized for FAILED_PAYMENT amount ₹3,999.00","{""amount_at_risk"": 3999.0, ""score"": 55, ""policy"": ""HUMAN""}",2026-08-28T08:16:04.045029
AUD-b9cfabb5,CASE-2233,CASE_CREATED,SYSTEM,SYSTEM,"Case initialized for FAILED_PAYMENT amount ₹7,500.00","{""amount_at_risk"": 7500.0, ""score"": 50, ""policy"": ""HUMAN""}",2026-08-28T11:16:04.045029
AUD-055bb3b2,CASE-2234,CASE_CREATED,SYSTEM,SYSTEM,"Case initialized for FAILED_PAYMENT amount ₹4,999.00","{""amount_at_risk"": 4999.0, ""score"": 86, ""policy"": ""AUTO""}",2026-08-28T06:16:04.045029
AUD-ace151eb,CASE-2235,CASE_CREATED,SYSTEM,SYSTEM,"Case initialized for FAILED_PAYMENT amount ₹3,999.00","{""amount_at_risk"": 3999.0, ""score"": 58, ""policy"": ""HUMAN""}",2026-08-27T01:16:04.045029
AUD-d6f80bdc,CASE-2236,CASE_CREATED,SYSTEM,SYSTEM,"Case initialized for FAILED_PAYMENT amount ₹12,000.00","{""amount_at_risk"": 12000.0, ""score"": 91, ""policy"": ""HUMAN""}",2026-08-27T18:16:04.045029
AUD-82f6e284,CASE-2237,CASE_CREATED,SYSTEM,SYSTEM,"Case initialized for FAILED_PAYMENT amount ₹3,999.00","{""amount_at_risk"": 3999.0, ""score"": 60, ""policy"": ""HUMAN""}",2026-08-27T00:16:04.045029
AUD-360e01b4,CASE-2238,CASE_CREATED,SYSTEM,SYSTEM,"Case initialized for FAILED_PAYMENT amount ₹7,500.00","{""amount_at_risk"": 7500.0, ""score"": 76, ""policy"": ""HUMAN""}",2026-08-28T12:16:04.045029
AUD-e53d8052,CASE-2239,CASE_CREATED,SYSTEM,SYSTEM,"Case initialized for FAILED_PAYMENT amount ₹4,999.00","{""amount_at_risk"": 4999.0, ""score"": 50, ""policy"": ""HUMAN""}",2026-08-28T06:16:04.045029
AUD-f7d5b6ec,CASE-2240,CASE_CREATED,SYSTEM,SYSTEM,"Case initialized for FAILED_PAYMENT amount ₹1,499.00","{""amount_at_risk"": 1499.0, ""score"": 58, ""policy"": ""HUMAN""}",2026-08-27T06:16:04.045029
AUD-55f79897,CASE-2241,CASE_CREATED,SYSTEM,SYSTEM,"Case initialized for FAILED_PAYMENT amount ₹1,499.00","{""amount_at_risk"": 1499.0, ""score"": 64, ""policy"": ""HUMAN""}",2026-08-26T18:16:04.045029
AUD-da69d715,CASE-2242,CASE_CREATED,SYSTEM,SYSTEM,"Case initialized for FAILED_PAYMENT amount ₹3,999.00","{""amount_at_risk"": 3999.0, ""score"": 50, ""policy"": ""HUMAN""}",2026-08-27T13:16:04.045029
AUD-45cb007c,CASE-2243,CASE_CREATED,SYSTEM,SYSTEM,"Case initialized for FAILED_PAYMENT amount ₹4,999.00","{""amount_at_risk"": 4999.0, ""score"": 68, ""policy"": ""HUMAN""}",2026-08-27T20:16:04.045029
AUD-d14ac628,CASE-2244,CASE_CREATED,SYSTEM,SYSTEM,"Case initialized for FAILED_PAYMENT amount ₹4,999.00","{""amount_at_risk"": 4999.0, ""score"": 74, ""policy"": ""HUMAN""}",2026-08-27T00:16:04.045029
AUD-18676bbe,CASE-2245,CASE_CREATED,SYSTEM,SYSTEM,"Case initialized for FAILED_PAYMENT amount ₹1,499.00","{""amount_at_risk"": 1499.0, ""score"": 54, ""policy"": ""HUMAN""}",2026-08-27T14:16:04.045029
AUD-a69d4350,CASE-2246,CASE_CREATED,SYSTEM,SYSTEM,"Case initialized for FAILED_PAYMENT amount ₹7,500.00","{""amount_at_risk"": 7500.0, ""score"": 71, ""policy"": ""HUMAN""}",2026-08-27T03:16:04.045029
AUD-24b06a4b,CASE-2247,CASE_CREATED,SYSTEM,SYSTEM,"Case initialized for FAILED_PAYMENT amount ₹4,999.00","{""amount_at_risk"": 4999.0, ""score"": 79, ""policy"": ""HUMAN""}",2026-08-27T17:16:04.045029
AUD-715c1291,CASE-2248,CASE_CREATED,SYSTEM,SYSTEM,"Case initialized for FAILED_PAYMENT amount ₹1,499.00","{""amount_at_risk"": 1499.0, ""score"": 70, ""policy"": ""HUMAN""}",2026-08-27T08:16:04.045029
AUD-c3d4d698,CASE-2249,CASE_CREATED,SYSTEM,SYSTEM,"Case initialized for FAILED_PAYMENT amount ₹2,499.00","{""amount_at_risk"": 2499.0, ""score"": 55, ""policy"": ""HUMAN""}",2026-08-28T10:16:04.045029
AUD-c65b44d0,CASE-2250,CASE_CREATED,SYSTEM,SYSTEM,"Case initialized for FAILED_PAYMENT amount ₹4,999.00","{""amount_at_risk"": 4999.0, ""score"": 50, ""policy"": ""HUMAN""}",2026-08-28T03:16:04.045029
AUD-bb7d35ad,CASE-2251,CASE_CREATED,SYSTEM,SYSTEM,"Case initialized for FAILED_PAYMENT amount ₹7,500.00","{""amount_at_risk"": 7500.0, ""score"": 61, ""policy"": ""HUMAN""}",2026-08-27T12:16:04.045029
AUD-0713a1ab,CASE-2252,CASE_CREATED,SYSTEM,SYSTEM,"Case initialized for FAILED_PAYMENT amount ₹7,500.00","{""amount_at_risk"": 7500.0, ""score"": 70, ""policy"": ""HUMAN""}",2026-08-27T03:16:04.050380
AUD-eecf0d1c,CASE-2253,CASE_CREATED,SYSTEM,SYSTEM,"Case initialized for FAILED_PAYMENT amount ₹4,999.00","{""amount_at_risk"": 4999.0, ""score"": 45, ""policy"": ""HUMAN""}",2026-08-27T10:16:04.050380
AUD-6e053b39,CASE-2254,CASE_CREATED,SYSTEM,SYSTEM,"Case initialized for FAILED_PAYMENT amount ₹2,499.00","{""amount_at_risk"": 2499.0, ""score"": 54, ""policy"": ""HUMAN""}",2026-08-27T00:16:04.050380
AUD-459b9dae,CASE-2255,CASE_CREATED,SYSTEM,SYSTEM,"Case initialized for FAILED_PAYMENT amount ₹1,499.00","{""amount_at_risk"": 1499.0, ""score"": 95, ""policy"": ""AUTO""}",2026-08-27T20:16:04.050380
AUD-32e4e461,CASE-2256,CASE_CREATED,SYSTEM,SYSTEM,"Case initialized for FAILED_PAYMENT amount ₹4,999.00","{""amount_at_risk"": 4999.0, ""score"": 86, ""policy"": ""AUTO""}",2026-08-27T19:16:04.050380
AUD-5b20a5f9,CASE-2257,CASE_CREATED,SYSTEM,SYSTEM,"Case initialized for FAILED_PAYMENT amount ₹4,999.00","{""amount_at_risk"": 4999.0, ""score"": 54, ""policy"": ""HUMAN""}",2026-08-27T15:16:04.050380
AUD-e8173198,CASE-2258,CASE_CREATED,SYSTEM,SYSTEM,"Case initialized for FAILED_PAYMENT amount ₹12,000.00","{""amount_at_risk"": 12000.0, ""score"": 60, ""policy"": ""HUMAN""}",2026-08-27T13:16:04.050380
AUD-ce0bd25e,CASE-2259,CASE_CREATED,SYSTEM,SYSTEM,"Case initialized for FAILED_PAYMENT amount ₹1,499.00","{""amount_at_risk"": 1499.0, ""score"": 66, ""policy"": ""HUMAN""}",2026-08-27T05:16:04.050380
AUD-c0855ad9,CASE-2260,CASE_CREATED,SYSTEM,SYSTEM,"Case initialized for FAILED_PAYMENT amount ₹12,000.00","{""amount_at_risk"": 12000.0, ""score"": 88, ""policy"": ""HUMAN""}",2026-08-27T17:16:04.050380
AUD-4ef12150,CASE-2261,CASE_CREATED,SYSTEM,SYSTEM,"Case initialized for FAILED_PAYMENT amount ₹12,000.00","{""amount_at_risk"": 12000.0, ""score"": 73, ""policy"": ""HUMAN""}",2026-08-27T10:16:04.050380
AUD-dfaa3904,CASE-2262,CASE_CREATED,SYSTEM,SYSTEM,"Case initialized for FAILED_PAYMENT amount ₹7,500.00","{""amount_at_risk"": 7500.0, ""score"": 86, ""policy"": ""HUMAN""}",2026-08-27T23:16:04.050380
AUD-da45e9c3,CASE-2263,CASE_CREATED,SYSTEM,SYSTEM,"Case initialized for FAILED_PAYMENT amount ₹4,999.00","{""amount_at_risk"": 4999.0, ""score"": 92, ""policy"": ""AUTO""}",2026-08-27T04:16:04.050380
AUD-976c2068,CASE-2264,CASE_CREATED,SYSTEM,SYSTEM,"Case initialized for FAILED_PAYMENT amount ₹2,499.00","{""amount_at_risk"": 2499.0, ""score"": 49, ""policy"": ""HUMAN""}",2026-08-27T03:16:04.050380
AUD-de12de80,CASE-2265,CASE_CREATED,SYSTEM,SYSTEM,"Case initialized for FAILED_PAYMENT amount ₹7,500.00","{""amount_at_risk"": 7500.0, ""score"": 46, ""policy"": ""HUMAN""}",2026-08-28T09:16:04.050380
AUD-02c0aed9,CASE-2266,CASE_CREATED,SYSTEM,SYSTEM,"Case initialized for FAILED_PAYMENT amount ₹2,499.00","{""amount_at_risk"": 2499.0, ""score"": 47, ""policy"": ""HUMAN""}",2026-08-26T15:16:04.050380
AUD-843dc11e,CASE-2267,CASE_CREATED,SYSTEM,SYSTEM,"Case initialized for FAILED_PAYMENT amount ₹2,499.00","{""amount_at_risk"": 2499.0, ""score"": 62, ""policy"": ""HUMAN""}",2026-08-27T11:16:04.050380
AUD-4f97d82c,CASE-2268,CASE_CREATED,SYSTEM,SYSTEM,"Case initialized for FAILED_PAYMENT amount ₹12,000.00","{""amount_at_risk"": 12000.0, ""score"": 52, ""policy"": ""HUMAN""}",2026-08-27T05:16:04.050380
AUD-1ae3af6d,CASE-2269,CASE_CREATED,SYSTEM,SYSTEM,"Case initialized for FAILED_PAYMENT amount ₹7,500.00","{""amount_at_risk"": 7500.0, ""score"": 73, ""policy"": ""HUMAN""}",2026-08-27T01:16:04.050380
AUD-6572b7cd,CASE-2270,CASE_CREATED,SYSTEM,SYSTEM,"Case initialized for FAILED_PAYMENT amount ₹3,999.00","{""amount_at_risk"": 3999.0, ""score"": 67, ""policy"": ""HUMAN""}",2026-08-26T16:16:04.050380
AUD-97f59ad7,CASE-2271,CASE_CREATED,SYSTEM,SYSTEM,"Case initialized for FAILED_PAYMENT amount ₹1,499.00","{""amount_at_risk"": 1499.0, ""score"": 63, ""policy"": ""HUMAN""}",2026-08-28T02:16:04.050380
AUD-1d42e734,CASE-2272,CASE_CREATED,SYSTEM,SYSTEM,"Case initialized for FAILED_PAYMENT amount ₹7,500.00","{""amount_at_risk"": 7500.0, ""score"": 94, ""policy"": ""HUMAN""}",2026-08-27T22:16:04.052420
AUD-483efac7,CASE-2273,CASE_CREATED,SYSTEM,SYSTEM,"Case initialized for FAILED_PAYMENT amount ₹12,000.00","{""amount_at_risk"": 12000.0, ""score"": 58, ""policy"": ""HUMAN""}",2026-08-28T11:16:04.052420
AUD-4e8c5d43,CASE-2274,CASE_CREATED,SYSTEM,SYSTEM,"Case initialized for FAILED_PAYMENT amount ₹12,000.00","{""amount_at_risk"": 12000.0, ""score"": 45, ""policy"": ""HUMAN""}",2026-08-28T01:16:04.052420
AUD-abaf5a22,CASE-2275,CASE_CREATED,SYSTEM,SYSTEM,"Case initialized for FAILED_PAYMENT amount ₹7,500.00","{""amount_at_risk"": 7500.0, ""score"": 45, ""policy"": ""HUMAN""}",2026-08-27T17:16:04.052420
AUD-0b386f4d,CASE-2276,CASE_CREATED,SYSTEM,SYSTEM,"Case initialized for FAILED_PAYMENT amount ₹12,000.00","{""amount_at_risk"": 12000.0, ""score"": 90, ""policy"": ""HUMAN""}",2026-08-27T14:16:04.052420
AUD-52de47a4,CASE-2277,CASE_CREATED,SYSTEM,SYSTEM,"Case initialized for FAILED_PAYMENT amount ₹4,999.00","{""amount_at_risk"": 4999.0, ""score"": 61, ""policy"": ""HUMAN""}",2026-08-26T17:16:04.053260
AUD-8e1b8ceb,CASE-2278,CASE_CREATED,SYSTEM,SYSTEM,"Case initialized for FAILED_PAYMENT amount ₹7,500.00","{""amount_at_risk"": 7500.0, ""score"": 84, ""policy"": ""HUMAN""}",2026-08-27T04:16:04.053260
AUD-2e3aab75,CASE-2279,CASE_CREATED,SYSTEM,SYSTEM,"Case initialized for FAILED_PAYMENT amount ₹12,000.00","{""amount_at_risk"": 12000.0, ""score"": 68, ""policy"": ""HUMAN""}",2026-08-26T17:16:04.053260
AUD-70467c99,CASE-2280,CASE_CREATED,SYSTEM,SYSTEM,"Case initialized for FAILED_PAYMENT amount ₹1,499.00","{""amount_at_risk"": 1499.0, ""score"": 75, ""policy"": ""HUMAN""}",2026-08-26T20:16:04.053260
AUD-6d02dfb4,CASE-2281,CASE_CREATED,SYSTEM,SYSTEM,"Case initialized for FAILED_PAYMENT amount ₹3,999.00","{""amount_at_risk"": 3999.0, ""score"": 62, ""policy"": ""HUMAN""}",2026-08-28T03:16:04.053260
AUD-e8c72f18,CASE-2282,CASE_CREATED,SYSTEM,SYSTEM,"Case initialized for FAILED_PAYMENT amount ₹7,500.00","{""amount_at_risk"": 7500.0, ""score"": 93, ""policy"": ""HUMAN""}",2026-08-27T11:16:04.053260
AUD-64e0cc9a,CASE-2283,CASE_CREATED,SYSTEM,SYSTEM,"Case initialized for FAILED_PAYMENT amount ₹12,000.00","{""amount_at_risk"": 12000.0, ""score"": 65, ""policy"": ""HUMAN""}",2026-08-27T05:16:04.053260
AUD-2b1bcef5,CASE-2284,CASE_CREATED,SYSTEM,SYSTEM,"Case initialized for FAILED_PAYMENT amount ₹3,999.00","{""amount_at_risk"": 3999.0, ""score"": 61, ""policy"": ""HUMAN""}",2026-08-26T13:16:04.053260
AUD-fbabe8c9,CASE-2285,CASE_CREATED,SYSTEM,SYSTEM,"Case initialized for FAILED_PAYMENT amount ₹1,499.00","{""amount_at_risk"": 1499.0, ""score"": 82, ""policy"": ""AUTO""}",2026-08-26T14:16:04.053260
AUD-512d0a94,CASE-2286,CASE_CREATED,SYSTEM,SYSTEM,"Case initialized for FAILED_PAYMENT amount ₹12,000.00","{""amount_at_risk"": 12000.0, ""score"": 59, ""policy"": ""HUMAN""}",2026-08-27T14:16:04.053260
AUD-3be6eb6b,CASE-2287,CASE_CREATED,SYSTEM,SYSTEM,"Case initialized for FAILED_PAYMENT amount ₹7,500.00","{""amount_at_risk"": 7500.0, ""score"": 64, ""policy"": ""HUMAN""}",2026-08-28T06:16:04.053260
AUD-71d1eb01,CASE-2288,CASE_CREATED,SYSTEM,SYSTEM,"Case initialized for FAILED_PAYMENT amount ₹4,999.00","{""amount_at_risk"": 4999.0, ""score"": 53, ""policy"": ""HUMAN""}",2026-08-27T15:16:04.053260
AUD-f79f9e6b,CASE-2289,CASE_CREATED,SYSTEM,SYSTEM,"Case initialized for FAILED_PAYMENT amount ₹12,000.00","{""amount_at_risk"": 12000.0, ""score"": 50, ""policy"": ""HUMAN""}",2026-08-26T13:16:04.053260
AUD-2339d1f2,CASE-2290,CASE_CREATED,SYSTEM,SYSTEM,"Case initialized for FAILED_PAYMENT amount ₹3,999.00","{""amount_at_risk"": 3999.0, ""score"": 71, ""policy"": ""HUMAN""}",2026-08-26T23:16:04.055408
AUD-76d0c48a,CASE-2291,CASE_CREATED,SYSTEM,SYSTEM,"Case initialized for FAILED_PAYMENT amount ₹3,999.00","{""amount_at_risk"": 3999.0, ""score"": 74, ""policy"": ""HUMAN""}",2026-08-26T20:16:04.055408
AUD-39184012,CASE-2292,CASE_CREATED,SYSTEM,SYSTEM,"Case initialized for FAILED_PAYMENT amount ₹7,500.00","{""amount_at_risk"": 7500.0, ""score"": 82, ""policy"": ""HUMAN""}",2026-08-27T04:16:04.055408
AUD-f0016945,CASE-2293,CASE_CREATED,SYSTEM,SYSTEM,"Case initialized for FAILED_PAYMENT amount ₹1,499.00","{""amount_at_risk"": 1499.0, ""score"": 88, ""policy"": ""AUTO""}",2026-08-28T03:16:04.055408
AUD-845e2fb0,CASE-2294,CASE_CREATED,SYSTEM,SYSTEM,"Case initialized for FAILED_PAYMENT amount ₹2,499.00","{""amount_at_risk"": 2499.0, ""score"": 57, ""policy"": ""HUMAN""}",2026-08-27T07:16:04.055408
AUD-35635452,CASE-2295,CASE_CREATED,SYSTEM,SYSTEM,"Case initialized for FAILED_PAYMENT amount ₹2,499.00","{""amount_at_risk"": 2499.0, ""score"": 65, ""policy"": ""HUMAN""}",2026-08-27T15:16:04.055408
AUD-4488ea70,CASE-2296,CASE_CREATED,SYSTEM,SYSTEM,"Case initialized for FAILED_PAYMENT amount ₹12,000.00","{""amount_at_risk"": 12000.0, ""score"": 56, ""policy"": ""HUMAN""}",2026-08-27T08:16:04.055408
AUD-474231aa,CASE-2297,CASE_CREATED,SYSTEM,SYSTEM,"Case initialized for FAILED_PAYMENT amount ₹3,999.00","{""amount_at_risk"": 3999.0, ""score"": 58, ""policy"": ""HUMAN""}",2026-08-28T07:16:04.055408
AUD-1beac7dd,CASE-2298,CASE_CREATED,SYSTEM,SYSTEM,"Case initialized for FAILED_PAYMENT amount ₹2,499.00","{""amount_at_risk"": 2499.0, ""score"": 84, ""policy"": ""AUTO""}",2026-08-27T06:16:04.055408
AUD-c06d9b00,CASE-2299,CASE_CREATED,SYSTEM,SYSTEM,"Case initialized for FAILED_PAYMENT amount ₹4,999.00","{""amount_at_risk"": 4999.0, ""score"": 45, ""policy"": ""HUMAN""}",2026-08-27T13:16:04.055408
AUD-e00abf3c,CASE-2300,CASE_CREATED,SYSTEM,SYSTEM,"Case initialized for FAILED_PAYMENT amount ₹1,499.00","{""amount_at_risk"": 1499.0, ""score"": 65, ""policy"": ""HUMAN""}",2026-08-26T17:16:04.055408
AUD-f76e8473,CASE-2301,CASE_CREATED,SYSTEM,SYSTEM,"Case initialized for FAILED_PAYMENT amount ₹1,499.00","{""amount_at_risk"": 1499.0, ""score"": 85, ""policy"": ""AUTO""}",2026-08-28T04:16:04.055408
AUD-84d4fdbb,CASE-2302,CASE_CREATED,SYSTEM,SYSTEM,"Case initialized for FAILED_PAYMENT amount ₹1,499.00","{""amount_at_risk"": 1499.0, ""score"": 69, ""policy"": ""HUMAN""}",2026-08-28T08:16:04.055408
AUD-fa30dff5,CASE-2303,CASE_CREATED,SYSTEM,SYSTEM,"Case initialized for FAILED_PAYMENT amount ₹1,499.00","{""amount_at_risk"": 1499.0, ""score"": 64, ""policy"": ""HUMAN""}",2026-08-27T03:16:04.055408
AUD-7849216e,CASE-2304,CASE_CREATED,SYSTEM,SYSTEM,"Case initialized for FAILED_PAYMENT amount ₹7,500.00","{""amount_at_risk"": 7500.0, ""score"": 78, ""policy"": ""HUMAN""}",2026-08-28T04:16:04.055408
AUD-790bf8e6,CASE-2305,CASE_CREATED,SYSTEM,SYSTEM,"Case initialized for FAILED_PAYMENT amount ₹3,999.00","{""amount_at_risk"": 3999.0, ""score"": 76, ""policy"": ""HUMAN""}",2026-08-27T11:16:04.055408
AUD-a39b4f80,CASE-2306,CASE_CREATED,SYSTEM,SYSTEM,"Case initialized for FAILED_PAYMENT amount ₹1,499.00","{""amount_at_risk"": 1499.0, ""score"": 59, ""policy"": ""HUMAN""}",2026-08-26T14:16:04.055408
AUD-6ebcbba3,CASE-2307,CASE_CREATED,SYSTEM,SYSTEM,"Case initialized for FAILED_PAYMENT amount ₹1,499.00","{""amount_at_risk"": 1499.0, ""score"": 82, ""policy"": ""AUTO""}",2026-08-26T19:16:04.055408
AUD-a075e247,CASE-2308,CASE_CREATED,SYSTEM,SYSTEM,"Case initialized for FAILED_PAYMENT amount ₹1,499.00","{""amount_at_risk"": 1499.0, ""score"": 69, ""policy"": ""HUMAN""}",2026-08-28T09:16:04.055408
AUD-c79d5f8a,CASE-2309,CASE_CREATED,SYSTEM,SYSTEM,"Case initialized for FAILED_PAYMENT amount ₹12,000.00","{""amount_at_risk"": 12000.0, ""score"": 51, ""policy"": ""HUMAN""}",2026-08-28T05:16:04.055408
AUD-780f4a3b,CASE-2310,CASE_CREATED,SYSTEM,SYSTEM,"Case initialized for FAILED_PAYMENT amount ₹4,999.00","{""amount_at_risk"": 4999.0, ""score"": 73, ""policy"": ""HUMAN""}",2026-08-27T20:16:04.055408
AUD-f9f4c464,CASE-2311,CASE_CREATED,SYSTEM,SYSTEM,"Case initialized for FAILED_PAYMENT amount ₹4,999.00","{""amount_at_risk"": 4999.0, ""score"": 89, ""policy"": ""AUTO""}",2026-08-26T18:16:04.055408
AUD-b3f6640f,CASE-2312,CASE_CREATED,SYSTEM,SYSTEM,"Case initialized for FAILED_PAYMENT amount ₹1,499.00","{""amount_at_risk"": 1499.0, ""score"": 87, ""policy"": ""AUTO""}",2026-08-27T04:16:04.055408
AUD-c3670ae0,CASE-2313,CASE_CREATED,SYSTEM,SYSTEM,"Case initialized for FAILED_PAYMENT amount ₹12,000.00","{""amount_at_risk"": 12000.0, ""score"": 84, ""policy"": ""HUMAN""}",2026-08-28T06:16:04.055408
AUD-8911026b,CASE-2314,CASE_CREATED,SYSTEM,SYSTEM,"Case initialized for FAILED_PAYMENT amount ₹4,999.00","{""amount_at_risk"": 4999.0, ""score"": 57, ""policy"": ""HUMAN""}",2026-08-28T00:16:04.055408
AUD-d9fdcaf1,CASE-2315,CASE_CREATED,SYSTEM,SYSTEM,"Case initialized for FAILED_PAYMENT amount ₹3,999.00","{""amount_at_risk"": 3999.0, ""score"": 90, ""policy"": ""AUTO""}",2026-08-27T05:16:04.055408
AUD-6583cd9b,CASE-2316,CASE_CREATED,SYSTEM,SYSTEM,"Case initialized for FAILED_PAYMENT amount ₹2,499.00","{""amount_at_risk"": 2499.0, ""score"": 89, ""policy"": ""AUTO""}",2026-08-28T12:16:04.055408
AUD-9cb00a3b,CASE-2317,CASE_CREATED,SYSTEM,SYSTEM,"Case initialized for FAILED_PAYMENT amount ₹12,000.00","{""amount_at_risk"": 12000.0, ""score"": 50, ""policy"": ""HUMAN""}",2026-08-28T07:16:04.055408
AUD-4f9aa1b6,CASE-2318,CASE_CREATED,SYSTEM,SYSTEM,"Case initialized for FAILED_PAYMENT amount ₹7,500.00","{""amount_at_risk"": 7500.0, ""score"": 49, ""policy"": ""HUMAN""}",2026-08-27T22:16:04.055408
AUD-5216ea95,CASE-2319,CASE_CREATED,SYSTEM,SYSTEM,"Case initialized for FAILED_PAYMENT amount ₹4,999.00","{""amount_at_risk"": 4999.0, ""score"": 63, ""policy"": ""HUMAN""}",2026-08-28T06:16:04.055408
AUD-3e227a0a,CASE-2320,CASE_CREATED,SYSTEM,SYSTEM,"Case initialized for FAILED_PAYMENT amount ₹2,499.00","{""amount_at_risk"": 2499.0, ""score"": 47, ""policy"": ""HUMAN""}",2026-08-27T16:16:04.055408
AUD-9a903130,CASE-2321,CASE_CREATED,SYSTEM,SYSTEM,"Case initialized for FAILED_PAYMENT amount ₹4,999.00","{""amount_at_risk"": 4999.0, ""score"": 92, ""policy"": ""AUTO""}",2026-08-26T18:16:04.055408
AUD-5b805929,CASE-2322,CASE_CREATED,SYSTEM,SYSTEM,"Case initialized for FAILED_PAYMENT amount ₹12,000.00","{""amount_at_risk"": 12000.0, ""score"": 55, ""policy"": ""HUMAN""}",2026-08-26T21:16:04.055408
AUD-01347e0a,CASE-2323,CASE_CREATED,SYSTEM,SYSTEM,"Case initialized for FAILED_PAYMENT amount ₹3,999.00","{""amount_at_risk"": 3999.0, ""score"": 91, ""policy"": ""AUTO""}",2026-08-27T11:16:04.055408
AUD-7cc000f0,CASE-2324,CASE_CREATED,SYSTEM,SYSTEM,"Case initialized for FAILED_PAYMENT amount ₹4,999.00","{""amount_at_risk"": 4999.0, ""score"": 74, ""policy"": ""HUMAN""}",2026-08-27T06:16:04.055408
AUD-c40f55d3,CASE-2325,CASE_CREATED,SYSTEM,SYSTEM,"Case initialized for FAILED_PAYMENT amount ₹4,999.00","{""amount_at_risk"": 4999.0, ""score"": 86, ""policy"": ""AUTO""}",2026-08-26T16:16:04.055408
AUD-5fe67079,CASE-2326,CASE_CREATED,SYSTEM,SYSTEM,"Case initialized for FAILED_PAYMENT amount ₹12,000.00","{""amount_at_risk"": 12000.0, ""score"": 48, ""policy"": ""HUMAN""}",2026-08-26T23:16:04.055408
AUD-c04f4763,CASE-2327,CASE_CREATED,SYSTEM,SYSTEM,"Case initialized for FAILED_PAYMENT amount ₹4,999.00","{""amount_at_risk"": 4999.0, ""score"": 81, ""policy"": ""AUTO""}",2026-08-26T21:16:04.055408
AUD-34e693f8,CASE-2328,CASE_CREATED,SYSTEM,SYSTEM,"Case initialized for FAILED_PAYMENT amount ₹1,499.00","{""amount_at_risk"": 1499.0, ""score"": 88, ""policy"": ""AUTO""}",2026-08-28T05:16:04.055408
AUD-5ba7c4b2,CASE-2329,CASE_CREATED,SYSTEM,SYSTEM,"Case initialized for FAILED_PAYMENT amount ₹4,999.00","{""amount_at_risk"": 4999.0, ""score"": 73, ""policy"": ""HUMAN""}",2026-08-26T19:16:04.055408
AUD-502eca3c,CASE-2330,CASE_CREATED,SYSTEM,SYSTEM,"Case initialized for FAILED_PAYMENT amount ₹3,999.00","{""amount_at_risk"": 3999.0, ""score"": 45, ""policy"": ""HUMAN""}",2026-08-27T15:16:04.055408
AUD-e4472077,CASE-2331,CASE_CREATED,SYSTEM,SYSTEM,"Case initialized for FAILED_PAYMENT amount ₹7,500.00","{""amount_at_risk"": 7500.0, ""score"": 78, ""policy"": ""HUMAN""}",2026-08-26T14:16:04.055408
AUD-cc5598b9,CASE-2332,CASE_CREATED,SYSTEM,SYSTEM,"Case initialized for FAILED_PAYMENT amount ₹2,499.00","{""amount_at_risk"": 2499.0, ""score"": 75, ""policy"": ""HUMAN""}",2026-08-27T01:16:04.055408
AUD-18a11292,CASE-2333,CASE_CREATED,SYSTEM,SYSTEM,"Case initialized for FAILED_PAYMENT amount ₹7,500.00","{""amount_at_risk"": 7500.0, ""score"": 48, ""policy"": ""HUMAN""}",2026-08-27T06:16:04.055408
AUD-bcfca49a,CASE-2334,CASE_CREATED,SYSTEM,SYSTEM,"Case initialized for FAILED_PAYMENT amount ₹4,999.00","{""amount_at_risk"": 4999.0, ""score"": 55, ""policy"": ""HUMAN""}",2026-08-27T21:16:04.055408
AUD-b31fb8d0,CASE-2335,CASE_CREATED,SYSTEM,SYSTEM,"Case initialized for FAILED_PAYMENT amount ₹3,999.00","{""amount_at_risk"": 3999.0, ""score"": 62, ""policy"": ""HUMAN""}",2026-08-26T19:16:04.055408
AUD-cf0cec69,CASE-2336,CASE_CREATED,SYSTEM,SYSTEM,"Case initialized for FAILED_PAYMENT amount ₹4,999.00","{""amount_at_risk"": 4999.0, ""score"": 70, ""policy"": ""HUMAN""}",2026-08-27T08:16:04.055408
AUD-ec41b53e,CASE-2337,CASE_CREATED,SYSTEM,SYSTEM,"Case initialized for FAILED_PAYMENT amount ₹7,500.00","{""amount_at_risk"": 7500.0, ""score"": 73, ""policy"": ""HUMAN""}",2026-08-27T16:16:04.055408
AUD-0d929562,CASE-2338,CASE_CREATED,SYSTEM,SYSTEM,"Case initialized for FAILED_PAYMENT amount ₹1,499.00","{""amount_at_risk"": 1499.0, ""score"": 76, ""policy"": ""HUMAN""}",2026-08-27T10:16:04.055408
AUD-120ec2b5,CASE-2339,CASE_CREATED,SYSTEM,SYSTEM,"Case initialized for FAILED_PAYMENT amount ₹1,499.00","{""amount_at_risk"": 1499.0, ""score"": 80, ""policy"": ""AUTO""}",2026-08-27T01:16:04.055408
AUD-faf81688,CASE-2340,CASE_CREATED,SYSTEM,SYSTEM,"Case initialized for FAILED_PAYMENT amount ₹2,499.00","{""amount_at_risk"": 2499.0, ""score"": 86, ""policy"": ""AUTO""}",2026-08-27T22:16:04.055408
AUD-189e1589,CASE-2341,CASE_CREATED,SYSTEM,SYSTEM,"Case initialized for FAILED_PAYMENT amount ₹4,999.00","{""amount_at_risk"": 4999.0, ""score"": 66, ""policy"": ""HUMAN""}",2026-08-26T18:16:04.055408
AUD-17516ea7,CASE-2342,CASE_CREATED,SYSTEM,SYSTEM,"Case initialized for FAILED_PAYMENT amount ₹3,999.00","{""amount_at_risk"": 3999.0, ""score"": 90, ""policy"": ""AUTO""}",2026-08-27T15:16:04.055408
AUD-a788fbee,CASE-2343,CASE_CREATED,SYSTEM,SYSTEM,"Case initialized for FAILED_PAYMENT amount ₹3,999.00","{""amount_at_risk"": 3999.0, ""score"": 85, ""policy"": ""AUTO""}",2026-08-28T06:16:04.055408
AUD-e982023b,CASE-2344,CASE_CREATED,SYSTEM,SYSTEM,"Case initialized for FAILED_PAYMENT amount ₹1,499.00","{""amount_at_risk"": 1499.0, ""score"": 55, ""policy"": ""HUMAN""}",2026-08-26T13:16:04.055408
AUD-03505cec,CASE-2345,CASE_CREATED,SYSTEM,SYSTEM,"Case initialized for FAILED_PAYMENT amount ₹12,000.00","{""amount_at_risk"": 12000.0, ""score"": 71, ""policy"": ""HUMAN""}",2026-08-28T00:16:04.055408
AUD-5405b9d3,CASE-2346,CASE_CREATED,SYSTEM,SYSTEM,"Case initialized for FAILED_PAYMENT amount ₹2,499.00","{""amount_at_risk"": 2499.0, ""score"": 52, ""policy"": ""HUMAN""}",2026-08-28T00:16:04.055408
AUD-20c2a44a,CASE-2347,CASE_CREATED,SYSTEM,SYSTEM,"Case initialized for FAILED_PAYMENT amount ₹12,000.00","{""amount_at_risk"": 12000.0, ""score"": 66, ""policy"": ""HUMAN""}",2026-08-26T20:16:04.055408
AUD-f0ac9e87,CASE-2348,CASE_CREATED,SYSTEM,SYSTEM,"Case initialized for FAILED_PAYMENT amount ₹12,000.00","{""amount_at_risk"": 12000.0, ""score"": 82, ""policy"": ""HUMAN""}",2026-08-26T18:16:04.055408
AUD-c2c9757b,CASE-2349,CASE_CREATED,SYSTEM,SYSTEM,"Case initialized for FAILED_PAYMENT amount ₹7,500.00","{""amount_at_risk"": 7500.0, ""score"": 77, ""policy"": ""HUMAN""}",2026-08-27T03:16:04.055408
AUD-36d9bdee,CASE-2350,CASE_CREATED,SYSTEM,SYSTEM,"Case initialized for FAILED_PAYMENT amount ₹12,000.00","{""amount_at_risk"": 12000.0, ""score"": 48, ""policy"": ""HUMAN""}",2026-08-27T06:16:04.055408
AUD-506da652,CASE-2351,CASE_CREATED,SYSTEM,SYSTEM,"Case initialized for FAILED_PAYMENT amount ₹7,500.00","{""amount_at_risk"": 7500.0, ""score"": 94, ""policy"": ""HUMAN""}",2026-08-28T04:16:04.055408
AUD-3516ea99,CASE-2352,CASE_CREATED,SYSTEM,SYSTEM,"Case initialized for FAILED_PAYMENT amount ₹1,499.00","{""amount_at_risk"": 1499.0, ""score"": 69, ""policy"": ""HUMAN""}",2026-08-26T22:16:04.055408
AUD-2e3f07b0,CASE-2353,CASE_CREATED,SYSTEM,SYSTEM,"Case initialized for FAILED_PAYMENT amount ₹12,000.00","{""amount_at_risk"": 12000.0, ""score"": 93, ""policy"": ""HUMAN""}",2026-08-27T15:16:04.055408
AUD-9de287f8,CASE-2354,CASE_CREATED,SYSTEM,SYSTEM,"Case initialized for FAILED_PAYMENT amount ₹3,999.00","{""amount_at_risk"": 3999.0, ""score"": 73, ""policy"": ""HUMAN""}",2026-08-26T22:16:04.055408
AUD-571f1cfc,CASE-2355,CASE_CREATED,SYSTEM,SYSTEM,"Case initialized for FAILED_PAYMENT amount ₹12,000.00","{""amount_at_risk"": 12000.0, ""score"": 92, ""policy"": ""HUMAN""}",2026-08-27T01:16:04.055408
AUD-2e7f08a3,CASE-2356,CASE_CREATED,SYSTEM,SYSTEM,"Case initialized for FAILED_PAYMENT amount ₹3,999.00","{""amount_at_risk"": 3999.0, ""score"": 90, ""policy"": ""AUTO""}",2026-08-27T23:16:04.055408
AUD-5e12c305,CASE-2357,CASE_CREATED,SYSTEM,SYSTEM,"Case initialized for FAILED_PAYMENT amount ₹7,500.00","{""amount_at_risk"": 7500.0, ""score"": 90, ""policy"": ""HUMAN""}",2026-08-28T04:16:04.055408
AUD-348ea8bd,CASE-2358,CASE_CREATED,SYSTEM,SYSTEM,"Case initialized for FAILED_PAYMENT amount ₹12,000.00","{""amount_at_risk"": 12000.0, ""score"": 86, ""policy"": ""HUMAN""}",2026-08-28T05:16:04.055408
AUD-4ac4f552,CASE-2359,CASE_CREATED,SYSTEM,SYSTEM,"Case initialized for FAILED_PAYMENT amount ₹3,999.00","{""amount_at_risk"": 3999.0, ""score"": 80, ""policy"": ""AUTO""}",2026-08-26T13:16:04.055408
AUD-0ba6bcff,CASE-2360,CASE_CREATED,SYSTEM,SYSTEM,"Case initialized for FAILED_PAYMENT amount ₹7,500.00","{""amount_at_risk"": 7500.0, ""score"": 63, ""policy"": ""HUMAN""}",2026-08-28T06:16:04.055408
AUD-856f0fdb,CASE-2361,CASE_CREATED,SYSTEM,SYSTEM,"Case initialized for FAILED_PAYMENT amount ₹1,499.00","{""amount_at_risk"": 1499.0, ""score"": 69, ""policy"": ""HUMAN""}",2026-08-28T09:16:04.055408
AUD-18264dca,CASE-2362,CASE_CREATED,SYSTEM,SYSTEM,"Case initialized for FAILED_PAYMENT amount ₹2,499.00","{""amount_at_risk"": 2499.0, ""score"": 62, ""policy"": ""HUMAN""}",2026-08-27T20:16:04.055408
AUD-d1227635,CASE-2363,CASE_CREATED,SYSTEM,SYSTEM,"Case initialized for FAILED_PAYMENT amount ₹2,499.00","{""amount_at_risk"": 2499.0, ""score"": 48, ""policy"": ""HUMAN""}",2026-08-28T10:16:04.055408
AUD-8182bab5,CASE-2364,CASE_CREATED,SYSTEM,SYSTEM,"Case initialized for FAILED_PAYMENT amount ₹3,999.00","{""amount_at_risk"": 3999.0, ""score"": 73, ""policy"": ""HUMAN""}",2026-08-26T19:16:04.055408
AUD-e98f96bd,CASE-2365,CASE_CREATED,SYSTEM,SYSTEM,"Case initialized for FAILED_PAYMENT amount ₹7,500.00","{""amount_at_risk"": 7500.0, ""score"": 69, ""policy"": ""HUMAN""}",2026-08-26T18:16:04.055408
AUD-f58f155e,CASE-2366,CASE_CREATED,SYSTEM,SYSTEM,"Case initialized for FAILED_PAYMENT amount ₹1,499.00","{""amount_at_risk"": 1499.0, ""score"": 69, ""policy"": ""HUMAN""}",2026-08-27T16:16:04.055408
AUD-6476ca64,CASE-2367,CASE_CREATED,SYSTEM,SYSTEM,"Case initialized for FAILED_PAYMENT amount ₹7,500.00","{""amount_at_risk"": 7500.0, ""score"": 48, ""policy"": ""HUMAN""}",2026-08-26T21:16:04.055408
AUD-45f7fa95,CASE-2368,CASE_CREATED,SYSTEM,SYSTEM,"Case initialized for FAILED_PAYMENT amount ₹4,999.00","{""amount_at_risk"": 4999.0, ""score"": 59, ""policy"": ""HUMAN""}",2026-08-28T00:16:04.065175
AUD-0f809773,CASE-2369,CASE_CREATED,SYSTEM,SYSTEM,"Case initialized for FAILED_PAYMENT amount ₹3,999.00","{""amount_at_risk"": 3999.0, ""score"": 73, ""policy"": ""HUMAN""}",2026-08-28T01:16:04.065175
AUD-8edbd9eb,CASE-2370,CASE_CREATED,SYSTEM,SYSTEM,"Case initialized for FAILED_PAYMENT amount ₹12,000.00","{""amount_at_risk"": 12000.0, ""score"": 77, ""policy"": ""HUMAN""}",2026-08-27T09:16:04.065175
AUD-7b1c1fb3,CASE-2371,CASE_CREATED,SYSTEM,SYSTEM,"Case initialized for FAILED_PAYMENT amount ₹3,999.00","{""amount_at_risk"": 3999.0, ""score"": 80, ""policy"": ""AUTO""}",2026-08-27T15:16:04.065175
AUD-43838685,CASE-2372,CASE_CREATED,SYSTEM,SYSTEM,"Case initialized for FAILED_PAYMENT amount ₹4,999.00","{""amount_at_risk"": 4999.0, ""score"": 90, ""policy"": ""AUTO""}",2026-08-26T22:16:04.065175
AUD-34909271,CASE-2373,CASE_CREATED,SYSTEM,SYSTEM,"Case initialized for FAILED_PAYMENT amount ₹1,499.00","{""amount_at_risk"": 1499.0, ""score"": 94, ""policy"": ""AUTO""}",2026-08-27T01:16:04.065175
AUD-8853d44d,CASE-2374,CASE_CREATED,SYSTEM,SYSTEM,"Case initialized for FAILED_PAYMENT amount ₹3,999.00","{""amount_at_risk"": 3999.0, ""score"": 49, ""policy"": ""HUMAN""}",2026-08-27T03:16:04.065175
AUD-bdb0533e,CASE-2375,CASE_CREATED,SYSTEM,SYSTEM,"Case initialized for FAILED_PAYMENT amount ₹1,499.00","{""amount_at_risk"": 1499.0, ""score"": 95, ""policy"": ""AUTO""}",2026-08-27T14:16:04.065175
AUD-96ed1d65,CASE-2376,CASE_CREATED,SYSTEM,SYSTEM,"Case initialized for FAILED_PAYMENT amount ₹2,499.00","{""amount_at_risk"": 2499.0, ""score"": 58, ""policy"": ""HUMAN""}",2026-08-27T18:16:04.065175
AUD-3ab4cf13,CASE-2377,CASE_CREATED,SYSTEM,SYSTEM,"Case initialized for FAILED_PAYMENT amount ₹2,499.00","{""amount_at_risk"": 2499.0, ""score"": 93, ""policy"": ""AUTO""}",2026-08-26T18:16:04.065175
AUD-cfdadb30,CASE-2378,CASE_CREATED,SYSTEM,SYSTEM,"Case initialized for FAILED_PAYMENT amount ₹3,999.00","{""amount_at_risk"": 3999.0, ""score"": 73, ""policy"": ""HUMAN""}",2026-08-26T17:16:04.065175
AUD-a982c1b8,CASE-2379,CASE_CREATED,SYSTEM,SYSTEM,"Case initialized for FAILED_PAYMENT amount ₹3,999.00","{""amount_at_risk"": 3999.0, ""score"": 69, ""policy"": ""HUMAN""}",2026-08-27T02:16:04.065175
AUD-8e8bb110,CASE-2380,CASE_CREATED,SYSTEM,SYSTEM,"Case initialized for FAILED_PAYMENT amount ₹12,000.00","{""amount_at_risk"": 12000.0, ""score"": 63, ""policy"": ""HUMAN""}",2026-08-27T04:16:04.065175
AUD-226fd2a1,CASE-2381,CASE_CREATED,SYSTEM,SYSTEM,"Case initialized for FAILED_PAYMENT amount ₹4,999.00","{""amount_at_risk"": 4999.0, ""score"": 76, ""policy"": ""HUMAN""}",2026-08-28T00:16:04.066571
AUD-5a821146,CASE-2382,CASE_CREATED,SYSTEM,SYSTEM,"Case initialized for FAILED_PAYMENT amount ₹3,999.00","{""amount_at_risk"": 3999.0, ""score"": 77, ""policy"": ""HUMAN""}",2026-08-27T02:16:04.066571
AUD-eac6f825,CASE-2383,CASE_CREATED,SYSTEM,SYSTEM,"Case initialized for FAILED_PAYMENT amount ₹7,500.00","{""amount_at_risk"": 7500.0, ""score"": 45, ""policy"": ""HUMAN""}",2026-08-26T20:16:04.066571
AUD-4f1e16db,CASE-2384,CASE_CREATED,SYSTEM,SYSTEM,"Case initialized for FAILED_PAYMENT amount ₹2,499.00","{""amount_at_risk"": 2499.0, ""score"": 88, ""policy"": ""AUTO""}",2026-08-26T16:16:04.066571
AUD-49cdbc03,CASE-2385,CASE_CREATED,SYSTEM,SYSTEM,"Case initialized for FAILED_PAYMENT amount ₹12,000.00","{""amount_at_risk"": 12000.0, ""score"": 94, ""policy"": ""HUMAN""}",2026-08-26T17:16:04.066571
AUD-e793a6bc,CASE-2386,CASE_CREATED,SYSTEM,SYSTEM,"Case initialized for FAILED_PAYMENT amount ₹2,499.00","{""amount_at_risk"": 2499.0, ""score"": 46, ""policy"": ""HUMAN""}",2026-08-28T07:16:04.066571
AUD-db08017b,CASE-2387,CASE_CREATED,SYSTEM,SYSTEM,"Case initialized for FAILED_PAYMENT amount ₹1,499.00","{""amount_at_risk"": 1499.0, ""score"": 48, ""policy"": ""HUMAN""}",2026-08-28T08:16:04.066571
AUD-6cc35fb8,CASE-2388,CASE_CREATED,SYSTEM,SYSTEM,"Case initialized for FAILED_PAYMENT amount ₹7,500.00","{""amount_at_risk"": 7500.0, ""score"": 59, ""policy"": ""HUMAN""}",2026-08-27T08:16:04.066571
AUD-533a8657,CASE-2389,CASE_CREATED,SYSTEM,SYSTEM,"Case initialized for FAILED_PAYMENT amount ₹12,000.00","{""amount_at_risk"": 12000.0, ""score"": 70, ""policy"": ""HUMAN""}",2026-08-27T12:16:04.066571
AUD-561bb421,CASE-2390,CASE_CREATED,SYSTEM,SYSTEM,"Case initialized for FAILED_PAYMENT amount ₹12,000.00","{""amount_at_risk"": 12000.0, ""score"": 52, ""policy"": ""HUMAN""}",2026-08-26T14:16:04.066571
AUD-554955ca,CASE-2391,CASE_CREATED,SYSTEM,SYSTEM,"Case initialized for FAILED_PAYMENT amount ₹7,500.00","{""amount_at_risk"": 7500.0, ""score"": 49, ""policy"": ""HUMAN""}",2026-08-28T08:16:04.066571
AUD-20cde31e,CASE-2392,CASE_CREATED,SYSTEM,SYSTEM,"Case initialized for FAILED_PAYMENT amount ₹3,999.00","{""amount_at_risk"": 3999.0, ""score"": 77, ""policy"": ""HUMAN""}",2026-08-27T17:16:04.066571
AUD-da7bc5be,CASE-2393,CASE_CREATED,SYSTEM,SYSTEM,"Case initialized for FAILED_PAYMENT amount ₹7,500.00","{""amount_at_risk"": 7500.0, ""score"": 50, ""policy"": ""HUMAN""}",2026-08-27T11:16:04.066571
AUD-3be12d18,CASE-2394,CASE_CREATED,SYSTEM,SYSTEM,"Case initialized for FAILED_PAYMENT amount ₹12,000.00","{""amount_at_risk"": 12000.0, ""score"": 46, ""policy"": ""HUMAN""}",2026-08-27T22:16:04.066571
AUD-380f7e9e,CASE-2395,CASE_CREATED,SYSTEM,SYSTEM,"Case initialized for FAILED_PAYMENT amount ₹2,499.00","{""amount_at_risk"": 2499.0, ""score"": 92, ""policy"": ""AUTO""}",2026-08-28T03:16:04.066571
AUD-23e81b7f,CASE-2396,CASE_CREATED,SYSTEM,SYSTEM,"Case initialized for FAILED_PAYMENT amount ₹3,999.00","{""amount_at_risk"": 3999.0, ""score"": 88, ""policy"": ""AUTO""}",2026-08-27T01:16:04.066571
AUD-150dae07,CASE-2397,CASE_CREATED,SYSTEM,SYSTEM,"Case initialized for FAILED_PAYMENT amount ₹2,499.00","{""amount_at_risk"": 2499.0, ""score"": 52, ""policy"": ""HUMAN""}",2026-08-26T22:16:04.066571
AUD-0ac53822,CASE-2398,CASE_CREATED,SYSTEM,SYSTEM,"Case initialized for FAILED_PAYMENT amount ₹4,999.00","{""amount_at_risk"": 4999.0, ""score"": 79, ""policy"": ""HUMAN""}",2026-08-27T23:16:04.068385
AUD-7999b39c,CASE-2399,CASE_CREATED,SYSTEM,SYSTEM,"Case initialized for FAILED_PAYMENT amount ₹12,000.00","{""amount_at_risk"": 12000.0, ""score"": 92, ""policy"": ""HUMAN""}",2026-08-26T19:16:04.068385
AUD-29c96aa1,CASE-2400,CASE_CREATED,SYSTEM,SYSTEM,"Case initialized for CHECKOUT_ABANDONMENT amount ₹2,999.00","{""amount_at_risk"": 2999.0, ""score"": 60, ""policy"": ""AUTO""}",2026-08-27T20:16:04.068385
AUD-ec946b15,CASE-2401,CASE_CREATED,SYSTEM,SYSTEM,"Case initialized for CHECKOUT_ABANDONMENT amount ₹2,999.00","{""amount_at_risk"": 2999.0, ""score"": 57, ""policy"": ""AUTO""}",2026-08-27T07:16:04.068385
AUD-99ef01da,CASE-2402,CASE_CREATED,SYSTEM,SYSTEM,"Case initialized for CHECKOUT_ABANDONMENT amount ₹1,200.00","{""amount_at_risk"": 1200.0, ""score"": 68, ""policy"": ""AUTO""}",2026-08-28T00:16:04.068927
AUD-4c3e5c55,CASE-2403,CASE_CREATED,SYSTEM,SYSTEM,"Case initialized for CHECKOUT_ABANDONMENT amount ₹8,500.00","{""amount_at_risk"": 8500.0, ""score"": 71, ""policy"": ""HUMAN""}",2026-08-26T19:16:04.068927
AUD-5e5a34f2,CASE-2404,CASE_CREATED,SYSTEM,SYSTEM,"Case initialized for CHECKOUT_ABANDONMENT amount ₹2,999.00","{""amount_at_risk"": 2999.0, ""score"": 56, ""policy"": ""AUTO""}",2026-08-27T16:16:04.068927
AUD-c016a9e7,CASE-2405,CASE_CREATED,SYSTEM,SYSTEM,"Case initialized for CHECKOUT_ABANDONMENT amount ₹8,500.00","{""amount_at_risk"": 8500.0, ""score"": 78, ""policy"": ""HUMAN""}",2026-08-26T23:16:04.068927
AUD-c2ebe046,CASE-2406,CASE_CREATED,SYSTEM,SYSTEM,"Case initialized for CHECKOUT_ABANDONMENT amount ₹2,999.00","{""amount_at_risk"": 2999.0, ""score"": 86, ""policy"": ""AUTO""}",2026-08-27T09:16:04.068927
AUD-023b30ba,CASE-2407,CASE_CREATED,SYSTEM,SYSTEM,"Case initialized for CHECKOUT_ABANDONMENT amount ₹2,999.00","{""amount_at_risk"": 2999.0, ""score"": 50, ""policy"": ""AUTO""}",2026-08-26T15:16:04.068927
AUD-474c3cf6,CASE-2408,CASE_CREATED,SYSTEM,SYSTEM,"Case initialized for CHECKOUT_ABANDONMENT amount ₹8,500.00","{""amount_at_risk"": 8500.0, ""score"": 67, ""policy"": ""HUMAN""}",2026-08-26T14:16:04.068927
AUD-f3c40d12,CASE-2409,CASE_CREATED,SYSTEM,SYSTEM,"Case initialized for CHECKOUT_ABANDONMENT amount ₹4,800.00","{""amount_at_risk"": 4800.0, ""score"": 80, ""policy"": ""AUTO""}",2026-08-27T17:16:04.068927
AUD-eb36d625,CASE-2410,CASE_CREATED,SYSTEM,SYSTEM,"Case initialized for CHECKOUT_ABANDONMENT amount ₹8,500.00","{""amount_at_risk"": 8500.0, ""score"": 85, ""policy"": ""HUMAN""}",2026-08-26T22:16:04.068927
AUD-f02e8e1d,CASE-2411,CASE_CREATED,SYSTEM,SYSTEM,"Case initialized for CHECKOUT_ABANDONMENT amount ₹1,200.00","{""amount_at_risk"": 1200.0, ""score"": 67, ""policy"": ""AUTO""}",2026-08-26T14:16:04.069938
AUD-c00cab51,CASE-2412,CASE_CREATED,SYSTEM,SYSTEM,"Case initialized for CHECKOUT_ABANDONMENT amount ₹1,200.00","{""amount_at_risk"": 1200.0, ""score"": 54, ""policy"": ""AUTO""}",2026-08-26T23:16:04.069938
AUD-54a5b94e,CASE-2413,CASE_CREATED,SYSTEM,SYSTEM,"Case initialized for CHECKOUT_ABANDONMENT amount ₹8,500.00","{""amount_at_risk"": 8500.0, ""score"": 87, ""policy"": ""HUMAN""}",2026-08-27T20:16:04.069938
AUD-167f730f,CASE-2414,CASE_CREATED,SYSTEM,SYSTEM,"Case initialized for CHECKOUT_ABANDONMENT amount ₹8,500.00","{""amount_at_risk"": 8500.0, ""score"": 59, ""policy"": ""HUMAN""}",2026-08-26T23:16:04.069938
AUD-0c435d1d,CASE-2415,CASE_CREATED,SYSTEM,SYSTEM,"Case initialized for CHECKOUT_ABANDONMENT amount ₹4,800.00","{""amount_at_risk"": 4800.0, ""score"": 58, ""policy"": ""AUTO""}",2026-08-27T13:16:04.069938
AUD-23327803,CASE-2416,CASE_CREATED,SYSTEM,SYSTEM,"Case initialized for CHECKOUT_ABANDONMENT amount ₹1,200.00","{""amount_at_risk"": 1200.0, ""score"": 65, ""policy"": ""AUTO""}",2026-08-28T02:16:04.069938
AUD-5885d5a7,CASE-2417,CASE_CREATED,SYSTEM,SYSTEM,"Case initialized for CHECKOUT_ABANDONMENT amount ₹2,999.00","{""amount_at_risk"": 2999.0, ""score"": 86, ""policy"": ""AUTO""}",2026-08-26T14:16:04.072015
AUD-35f04500,CASE-2418,CASE_CREATED,SYSTEM,SYSTEM,"Case initialized for CHECKOUT_ABANDONMENT amount ₹8,500.00","{""amount_at_risk"": 8500.0, ""score"": 72, ""policy"": ""HUMAN""}",2026-08-27T22:16:04.072015
AUD-b2dee65d,CASE-2419,CASE_CREATED,SYSTEM,SYSTEM,"Case initialized for CHECKOUT_ABANDONMENT amount ₹1,200.00","{""amount_at_risk"": 1200.0, ""score"": 66, ""policy"": ""AUTO""}",2026-08-26T18:16:04.072015
AUD-33fd2139,CASE-2420,CASE_CREATED,SYSTEM,SYSTEM,"Case initialized for CHECKOUT_ABANDONMENT amount ₹2,999.00","{""amount_at_risk"": 2999.0, ""score"": 83, ""policy"": ""AUTO""}",2026-08-27T07:16:04.072015
AUD-30f6d96f,CASE-2421,CASE_CREATED,SYSTEM,SYSTEM,"Case initialized for CHECKOUT_ABANDONMENT amount ₹1,200.00","{""amount_at_risk"": 1200.0, ""score"": 52, ""policy"": ""AUTO""}",2026-08-27T03:16:04.072015
AUD-5f0c820a,CASE-2422,CASE_CREATED,SYSTEM,SYSTEM,"Case initialized for CHECKOUT_ABANDONMENT amount ₹4,800.00","{""amount_at_risk"": 4800.0, ""score"": 66, ""policy"": ""AUTO""}",2026-08-26T19:16:04.072015
AUD-a328e931,CASE-2423,CASE_CREATED,SYSTEM,SYSTEM,"Case initialized for CHECKOUT_ABANDONMENT amount ₹8,500.00","{""amount_at_risk"": 8500.0, ""score"": 73, ""policy"": ""HUMAN""}",2026-08-27T22:16:04.072015
AUD-d3f03733,CASE-2424,CASE_CREATED,SYSTEM,SYSTEM,"Case initialized for CHECKOUT_ABANDONMENT amount ₹8,500.00","{""amount_at_risk"": 8500.0, ""score"": 72, ""policy"": ""HUMAN""}",2026-08-26T22:16:04.072015
AUD-9479c2e0,CASE-2425,CASE_CREATED,SYSTEM,SYSTEM,"Case initialized for CHECKOUT_ABANDONMENT amount ₹1,200.00","{""amount_at_risk"": 1200.0, ""score"": 82, ""policy"": ""AUTO""}",2026-08-27T22:16:04.072015
AUD-4b45c838,CASE-2426,CASE_CREATED,SYSTEM,SYSTEM,"Case initialized for CHECKOUT_ABANDONMENT amount ₹1,200.00","{""amount_at_risk"": 1200.0, ""score"": 82, ""policy"": ""AUTO""}",2026-08-28T01:16:04.074025
AUD-4dbfa496,CASE-2427,CASE_CREATED,SYSTEM,SYSTEM,"Case initialized for CHECKOUT_ABANDONMENT amount ₹2,999.00","{""amount_at_risk"": 2999.0, ""score"": 73, ""policy"": ""AUTO""}",2026-08-27T15:16:04.074025
AUD-ddd86e58,CASE-2428,CASE_CREATED,SYSTEM,SYSTEM,"Case initialized for CHECKOUT_ABANDONMENT amount ₹1,200.00","{""amount_at_risk"": 1200.0, ""score"": 80, ""policy"": ""AUTO""}",2026-08-26T23:16:04.074025
AUD-791c7473,CASE-2429,CASE_CREATED,SYSTEM,SYSTEM,"Case initialized for CHECKOUT_ABANDONMENT amount ₹2,999.00","{""amount_at_risk"": 2999.0, ""score"": 76, ""policy"": ""AUTO""}",2026-08-28T04:16:04.074025
AUD-cbdfa187,CASE-2430,CASE_CREATED,SYSTEM,SYSTEM,"Case initialized for CHECKOUT_ABANDONMENT amount ₹2,999.00","{""amount_at_risk"": 2999.0, ""score"": 58, ""policy"": ""AUTO""}",2026-08-28T03:16:04.075035
AUD-31aac8e3,CASE-2431,CASE_CREATED,SYSTEM,SYSTEM,"Case initialized for CHECKOUT_ABANDONMENT amount ₹1,200.00","{""amount_at_risk"": 1200.0, ""score"": 60, ""policy"": ""AUTO""}",2026-08-27T11:16:04.075035
AUD-a961c40e,CASE-2432,CASE_CREATED,SYSTEM,SYSTEM,"Case initialized for CHECKOUT_ABANDONMENT amount ₹1,200.00","{""amount_at_risk"": 1200.0, ""score"": 68, ""policy"": ""AUTO""}",2026-08-26T22:16:04.075035
AUD-2070cc5b,CASE-2433,CASE_CREATED,SYSTEM,SYSTEM,"Case initialized for CHECKOUT_ABANDONMENT amount ₹8,500.00","{""amount_at_risk"": 8500.0, ""score"": 80, ""policy"": ""HUMAN""}",2026-08-26T22:16:04.075035
AUD-d691584d,CASE-2434,CASE_CREATED,SYSTEM,SYSTEM,"Case initialized for CHECKOUT_ABANDONMENT amount ₹2,999.00","{""amount_at_risk"": 2999.0, ""score"": 87, ""policy"": ""AUTO""}",2026-08-26T14:16:04.075035
AUD-b2eed495,CASE-2435,CASE_CREATED,SYSTEM,SYSTEM,"Case initialized for CHECKOUT_ABANDONMENT amount ₹4,800.00","{""amount_at_risk"": 4800.0, ""score"": 79, ""policy"": ""AUTO""}",2026-08-27T12:16:04.075035
AUD-1feb4f9e,CASE-2436,CASE_CREATED,SYSTEM,SYSTEM,"Case initialized for CHECKOUT_ABANDONMENT amount ₹2,999.00","{""amount_at_risk"": 2999.0, ""score"": 56, ""policy"": ""AUTO""}",2026-08-27T04:16:04.077129
AUD-cb71466b,CASE-2437,CASE_CREATED,SYSTEM,SYSTEM,"Case initialized for CHECKOUT_ABANDONMENT amount ₹8,500.00","{""amount_at_risk"": 8500.0, ""score"": 59, ""policy"": ""HUMAN""}",2026-08-26T21:16:04.077129
AUD-ef9d8911,CASE-2438,CASE_CREATED,SYSTEM,SYSTEM,"Case initialized for CHECKOUT_ABANDONMENT amount ₹1,200.00","{""amount_at_risk"": 1200.0, ""score"": 84, ""policy"": ""AUTO""}",2026-08-27T06:16:04.077129
AUD-52f6e3b3,CASE-2439,CASE_CREATED,SYSTEM,SYSTEM,"Case initialized for CHECKOUT_ABANDONMENT amount ₹2,999.00","{""amount_at_risk"": 2999.0, ""score"": 88, ""policy"": ""AUTO""}",2026-08-26T19:16:04.077129
AUD-202c3aaf,CASE-2440,CASE_CREATED,SYSTEM,SYSTEM,"Case initialized for CHECKOUT_ABANDONMENT amount ₹8,500.00","{""amount_at_risk"": 8500.0, ""score"": 83, ""policy"": ""HUMAN""}",2026-08-26T16:16:04.077129
AUD-a6f4b0cd,CASE-2441,CASE_CREATED,SYSTEM,SYSTEM,"Case initialized for CHECKOUT_ABANDONMENT amount ₹8,500.00","{""amount_at_risk"": 8500.0, ""score"": 64, ""policy"": ""HUMAN""}",2026-08-26T23:16:04.077129
AUD-ae5472f0,CASE-2442,CASE_CREATED,SYSTEM,SYSTEM,"Case initialized for CHECKOUT_ABANDONMENT amount ₹1,200.00","{""amount_at_risk"": 1200.0, ""score"": 77, ""policy"": ""AUTO""}",2026-08-27T22:16:04.077129
AUD-e443d599,CASE-2443,CASE_CREATED,SYSTEM,SYSTEM,"Case initialized for CHECKOUT_ABANDONMENT amount ₹1,200.00","{""amount_at_risk"": 1200.0, ""score"": 68, ""policy"": ""AUTO""}",2026-08-28T00:16:04.077129
AUD-a92a324f,CASE-2444,CASE_CREATED,SYSTEM,SYSTEM,"Case initialized for CHECKOUT_ABANDONMENT amount ₹1,200.00","{""amount_at_risk"": 1200.0, ""score"": 50, ""policy"": ""AUTO""}",2026-08-28T12:16:04.077129
AUD-e46ebdbb,CASE-2445,CASE_CREATED,SYSTEM,SYSTEM,"Case initialized for CHECKOUT_ABANDONMENT amount ₹8,500.00","{""amount_at_risk"": 8500.0, ""score"": 63, ""policy"": ""HUMAN""}",2026-08-28T06:16:04.079134
AUD-012ebf1c,CASE-2446,CASE_CREATED,SYSTEM,SYSTEM,"Case initialized for CHECKOUT_ABANDONMENT amount ₹2,999.00","{""amount_at_risk"": 2999.0, ""score"": 77, ""policy"": ""AUTO""}",2026-08-27T02:16:04.079134
AUD-3429a3eb,CASE-2447,CASE_CREATED,SYSTEM,SYSTEM,"Case initialized for CHECKOUT_ABANDONMENT amount ₹8,500.00","{""amount_at_risk"": 8500.0, ""score"": 86, ""policy"": ""HUMAN""}",2026-08-27T11:16:04.079134
AUD-d78f4329,CASE-2448,CASE_CREATED,SYSTEM,SYSTEM,"Case initialized for CHECKOUT_ABANDONMENT amount ₹2,999.00","{""amount_at_risk"": 2999.0, ""score"": 76, ""policy"": ""AUTO""}",2026-08-27T13:16:04.079134
AUD-725d1e0c,CASE-2449,CASE_CREATED,SYSTEM,SYSTEM,"Case initialized for CHECKOUT_ABANDONMENT amount ₹8,500.00","{""amount_at_risk"": 8500.0, ""score"": 66, ""policy"": ""HUMAN""}",2026-08-27T11:16:04.079134
AUD-66be1d04,CASE-2450,CASE_CREATED,SYSTEM,SYSTEM,"Case initialized for CHECKOUT_ABANDONMENT amount ₹2,999.00","{""amount_at_risk"": 2999.0, ""score"": 57, ""policy"": ""AUTO""}",2026-08-28T02:16:04.079134
AUD-961b4491,CASE-2451,CASE_CREATED,SYSTEM,SYSTEM,"Case initialized for CHECKOUT_ABANDONMENT amount ₹1,200.00","{""amount_at_risk"": 1200.0, ""score"": 63, ""policy"": ""AUTO""}",2026-08-27T01:16:04.079134
AUD-d816a7c1,CASE-2452,CASE_CREATED,SYSTEM,SYSTEM,"Case initialized for CHECKOUT_ABANDONMENT amount ₹1,200.00","{""amount_at_risk"": 1200.0, ""score"": 60, ""policy"": ""AUTO""}",2026-08-28T03:16:04.079134
AUD-3f5e37eb,CASE-2453,CASE_CREATED,SYSTEM,SYSTEM,"Case initialized for CHECKOUT_ABANDONMENT amount ₹8,500.00","{""amount_at_risk"": 8500.0, ""score"": 88, ""policy"": ""HUMAN""}",2026-08-27T20:16:04.079134
AUD-8da7ceb3,CASE-2454,CASE_CREATED,SYSTEM,SYSTEM,"Case initialized for CHECKOUT_ABANDONMENT amount ₹2,999.00","{""amount_at_risk"": 2999.0, ""score"": 73, ""policy"": ""AUTO""}",2026-08-27T12:16:04.079134
AUD-de70ba08,CASE-2455,CASE_CREATED,SYSTEM,SYSTEM,"Case initialized for CHECKOUT_ABANDONMENT amount ₹8,500.00","{""amount_at_risk"": 8500.0, ""score"": 89, ""policy"": ""HUMAN""}",2026-08-26T22:16:04.079134
AUD-bccbf3b8,CASE-2456,CASE_CREATED,SYSTEM,SYSTEM,"Case initialized for CHECKOUT_ABANDONMENT amount ₹1,200.00","{""amount_at_risk"": 1200.0, ""score"": 61, ""policy"": ""AUTO""}",2026-08-28T00:16:04.081145
AUD-f0b810de,CASE-2457,CASE_CREATED,SYSTEM,SYSTEM,"Case initialized for CHECKOUT_ABANDONMENT amount ₹4,800.00","{""amount_at_risk"": 4800.0, ""score"": 62, ""policy"": ""AUTO""}",2026-08-28T02:16:04.081145
AUD-65ab289b,CASE-2458,CASE_CREATED,SYSTEM,SYSTEM,"Case initialized for CHECKOUT_ABANDONMENT amount ₹1,200.00","{""amount_at_risk"": 1200.0, ""score"": 73, ""policy"": ""AUTO""}",2026-08-28T07:16:04.081145
AUD-3e90837c,CASE-2459,CASE_CREATED,SYSTEM,SYSTEM,"Case initialized for CHECKOUT_ABANDONMENT amount ₹4,800.00","{""amount_at_risk"": 4800.0, ""score"": 75, ""policy"": ""AUTO""}",2026-08-26T23:16:04.081145
AUD-9f299b29,CASE-2460,CASE_CREATED,SYSTEM,SYSTEM,"Case initialized for CHECKOUT_ABANDONMENT amount ₹2,999.00","{""amount_at_risk"": 2999.0, ""score"": 83, ""policy"": ""AUTO""}",2026-08-27T01:16:04.081145
AUD-d0e4f8dd,CASE-2461,CASE_CREATED,SYSTEM,SYSTEM,"Case initialized for CHECKOUT_ABANDONMENT amount ₹4,800.00","{""amount_at_risk"": 4800.0, ""score"": 85, ""policy"": ""AUTO""}",2026-08-27T19:16:04.081145
AUD-325a0990,CASE-2462,CASE_CREATED,SYSTEM,SYSTEM,"Case initialized for CHECKOUT_ABANDONMENT amount ₹2,999.00","{""amount_at_risk"": 2999.0, ""score"": 88, ""policy"": ""AUTO""}",2026-08-27T00:16:04.081145
AUD-f8c862bd,CASE-2463,CASE_CREATED,SYSTEM,SYSTEM,"Case initialized for CHECKOUT_ABANDONMENT amount ₹1,200.00","{""amount_at_risk"": 1200.0, ""score"": 66, ""policy"": ""AUTO""}",2026-08-28T06:16:04.081145
AUD-6d7805a3,CASE-2464,CASE_CREATED,SYSTEM,SYSTEM,"Case initialized for CHECKOUT_ABANDONMENT amount ₹1,200.00","{""amount_at_risk"": 1200.0, ""score"": 82, ""policy"": ""AUTO""}",2026-08-27T04:16:04.081145
AUD-8b36d407,CASE-2465,CASE_CREATED,SYSTEM,SYSTEM,"Case initialized for CHECKOUT_ABANDONMENT amount ₹4,800.00","{""amount_at_risk"": 4800.0, ""score"": 84, ""policy"": ""AUTO""}",2026-08-27T08:16:04.081145
AUD-b9c674f7,CASE-2466,CASE_CREATED,SYSTEM,SYSTEM,"Case initialized for CHECKOUT_ABANDONMENT amount ₹8,500.00","{""amount_at_risk"": 8500.0, ""score"": 86, ""policy"": ""HUMAN""}",2026-08-27T07:16:04.081145
AUD-c79eaee9,CASE-2467,CASE_CREATED,SYSTEM,SYSTEM,"Case initialized for CHECKOUT_ABANDONMENT amount ₹8,500.00","{""amount_at_risk"": 8500.0, ""score"": 87, ""policy"": ""HUMAN""}",2026-08-27T20:16:04.081145
AUD-6ff53cc1,CASE-2468,CASE_CREATED,SYSTEM,SYSTEM,"Case initialized for CHECKOUT_ABANDONMENT amount ₹1,200.00","{""amount_at_risk"": 1200.0, ""score"": 74, ""policy"": ""AUTO""}",2026-08-27T10:16:04.081145
AUD-2c12e6f9,CASE-2469,CASE_CREATED,SYSTEM,SYSTEM,"Case initialized for CHECKOUT_ABANDONMENT amount ₹4,800.00","{""amount_at_risk"": 4800.0, ""score"": 83, ""policy"": ""AUTO""}",2026-08-27T20:16:04.081145
AUD-8ae6a967,CASE-2470,CASE_CREATED,SYSTEM,SYSTEM,"Case initialized for CHECKOUT_ABANDONMENT amount ₹2,999.00","{""amount_at_risk"": 2999.0, ""score"": 68, ""policy"": ""AUTO""}",2026-08-26T13:16:04.081145
AUD-9579b44b,CASE-2471,CASE_CREATED,SYSTEM,SYSTEM,"Case initialized for CHECKOUT_ABANDONMENT amount ₹4,800.00","{""amount_at_risk"": 4800.0, ""score"": 54, ""policy"": ""AUTO""}",2026-08-27T16:16:04.081145
AUD-16e89680,CASE-2472,CASE_CREATED,SYSTEM,SYSTEM,"Case initialized for CHECKOUT_ABANDONMENT amount ₹4,800.00","{""amount_at_risk"": 4800.0, ""score"": 63, ""policy"": ""AUTO""}",2026-08-26T13:16:04.081145
AUD-40c7b2e1,CASE-2473,CASE_CREATED,SYSTEM,SYSTEM,"Case initialized for CHECKOUT_ABANDONMENT amount ₹2,999.00","{""amount_at_risk"": 2999.0, ""score"": 81, ""policy"": ""AUTO""}",2026-08-27T21:16:04.081145
AUD-d43da008,CASE-2474,CASE_CREATED,SYSTEM,SYSTEM,"Case initialized for CHECKOUT_ABANDONMENT amount ₹4,800.00","{""amount_at_risk"": 4800.0, ""score"": 63, ""policy"": ""AUTO""}",2026-08-26T21:16:04.081145
AUD-3509eb79,CASE-2475,CASE_CREATED,SYSTEM,SYSTEM,"Case initialized for CHECKOUT_ABANDONMENT amount ₹4,800.00","{""amount_at_risk"": 4800.0, ""score"": 59, ""policy"": ""AUTO""}",2026-08-26T17:16:04.081145
AUD-c1f080f0,CASE-2476,CASE_CREATED,SYSTEM,SYSTEM,"Case initialized for CHECKOUT_ABANDONMENT amount ₹8,500.00","{""amount_at_risk"": 8500.0, ""score"": 89, ""policy"": ""HUMAN""}",2026-08-27T13:16:04.081145
AUD-98b9697e,CASE-2477,CASE_CREATED,SYSTEM,SYSTEM,"Case initialized for CHECKOUT_ABANDONMENT amount ₹4,800.00","{""amount_at_risk"": 4800.0, ""score"": 81, ""policy"": ""AUTO""}",2026-08-28T01:16:04.081145
AUD-39a5ff75,CASE-2478,CASE_CREATED,SYSTEM,SYSTEM,"Case initialized for CHECKOUT_ABANDONMENT amount ₹4,800.00","{""amount_at_risk"": 4800.0, ""score"": 75, ""policy"": ""AUTO""}",2026-08-27T03:16:04.083152
AUD-908c9bb8,CASE-2479,CASE_CREATED,SYSTEM,SYSTEM,"Case initialized for CHECKOUT_ABANDONMENT amount ₹8,500.00","{""amount_at_risk"": 8500.0, ""score"": 80, ""policy"": ""HUMAN""}",2026-08-27T14:16:04.083152
AUD-e0851a51,CASE-2480,CASE_CREATED,SYSTEM,SYSTEM,"Case initialized for CHECKOUT_ABANDONMENT amount ₹8,500.00","{""amount_at_risk"": 8500.0, ""score"": 61, ""policy"": ""HUMAN""}",2026-08-27T03:16:04.083152
AUD-59337ece,CASE-2481,CASE_CREATED,SYSTEM,SYSTEM,"Case initialized for CHECKOUT_ABANDONMENT amount ₹8,500.00","{""amount_at_risk"": 8500.0, ""score"": 70, ""policy"": ""HUMAN""}",2026-08-27T23:16:04.083152
AUD-9cdd0c93,CASE-2482,CASE_CREATED,SYSTEM,SYSTEM,"Case initialized for CHECKOUT_ABANDONMENT amount ₹8,500.00","{""amount_at_risk"": 8500.0, ""score"": 87, ""policy"": ""HUMAN""}",2026-08-26T21:16:04.083152
AUD-18b9a7e5,CASE-2483,CASE_CREATED,SYSTEM,SYSTEM,"Case initialized for CHECKOUT_ABANDONMENT amount ₹4,800.00","{""amount_at_risk"": 4800.0, ""score"": 61, ""policy"": ""AUTO""}",2026-08-27T19:16:04.083152
AUD-7edb74c6,CASE-2484,CASE_CREATED,SYSTEM,SYSTEM,"Case initialized for CHECKOUT_ABANDONMENT amount ₹8,500.00","{""amount_at_risk"": 8500.0, ""score"": 89, ""policy"": ""HUMAN""}",2026-08-27T05:16:04.083152
AUD-b2c2cbdf,CASE-2485,CASE_CREATED,SYSTEM,SYSTEM,"Case initialized for CHECKOUT_ABANDONMENT amount ₹8,500.00","{""amount_at_risk"": 8500.0, ""score"": 63, ""policy"": ""HUMAN""}",2026-08-27T11:16:04.083152
AUD-c8a90919,CASE-2486,CASE_CREATED,SYSTEM,SYSTEM,"Case initialized for CHECKOUT_ABANDONMENT amount ₹4,800.00","{""amount_at_risk"": 4800.0, ""score"": 78, ""policy"": ""AUTO""}",2026-08-26T17:16:04.083152
AUD-7ccc8e8f,CASE-2487,CASE_CREATED,SYSTEM,SYSTEM,"Case initialized for CHECKOUT_ABANDONMENT amount ₹2,999.00","{""amount_at_risk"": 2999.0, ""score"": 56, ""policy"": ""AUTO""}",2026-08-27T09:16:04.083152
AUD-d7a44cd0,CASE-2488,CASE_CREATED,SYSTEM,SYSTEM,"Case initialized for CHECKOUT_ABANDONMENT amount ₹8,500.00","{""amount_at_risk"": 8500.0, ""score"": 62, ""policy"": ""HUMAN""}",2026-08-28T12:16:04.084160
AUD-579502e7,CASE-2489,CASE_CREATED,SYSTEM,SYSTEM,"Case initialized for CHECKOUT_ABANDONMENT amount ₹2,999.00","{""amount_at_risk"": 2999.0, ""score"": 76, ""policy"": ""AUTO""}",2026-08-27T03:16:04.084160
AUD-427dfa7c,CASE-2490,CASE_CREATED,SYSTEM,SYSTEM,"Case initialized for CHECKOUT_ABANDONMENT amount ₹4,800.00","{""amount_at_risk"": 4800.0, ""score"": 81, ""policy"": ""AUTO""}",2026-08-27T00:16:04.084160
AUD-43881fbc,CASE-2491,CASE_CREATED,SYSTEM,SYSTEM,"Case initialized for CHECKOUT_ABANDONMENT amount ₹1,200.00","{""amount_at_risk"": 1200.0, ""score"": 75, ""policy"": ""AUTO""}",2026-08-27T23:16:04.084160
AUD-2724c805,CASE-2492,CASE_CREATED,SYSTEM,SYSTEM,"Case initialized for CHECKOUT_ABANDONMENT amount ₹4,800.00","{""amount_at_risk"": 4800.0, ""score"": 80, ""policy"": ""AUTO""}",2026-08-27T15:16:04.085166
AUD-eb334a39,CASE-2493,CASE_CREATED,SYSTEM,SYSTEM,"Case initialized for CHECKOUT_ABANDONMENT amount ₹4,800.00","{""amount_at_risk"": 4800.0, ""score"": 73, ""policy"": ""AUTO""}",2026-08-28T11:16:04.085166
AUD-56d97a1f,CASE-2494,CASE_CREATED,SYSTEM,SYSTEM,"Case initialized for CHECKOUT_ABANDONMENT amount ₹8,500.00","{""amount_at_risk"": 8500.0, ""score"": 57, ""policy"": ""HUMAN""}",2026-08-27T00:16:04.085166
AUD-e15259b4,CASE-2495,CASE_CREATED,SYSTEM,SYSTEM,"Case initialized for CHECKOUT_ABANDONMENT amount ₹2,999.00","{""amount_at_risk"": 2999.0, ""score"": 68, ""policy"": ""AUTO""}",2026-08-27T04:16:04.085166
AUD-eff8ce55,CASE-2496,CASE_CREATED,SYSTEM,SYSTEM,"Case initialized for CHECKOUT_ABANDONMENT amount ₹8,500.00","{""amount_at_risk"": 8500.0, ""score"": 78, ""policy"": ""HUMAN""}",2026-08-27T18:16:04.085166
AUD-fb5fe477,CASE-2497,CASE_CREATED,SYSTEM,SYSTEM,"Case initialized for CHECKOUT_ABANDONMENT amount ₹8,500.00","{""amount_at_risk"": 8500.0, ""score"": 90, ""policy"": ""HUMAN""}",2026-08-27T15:16:04.085166
AUD-61934988,CASE-2498,CASE_CREATED,SYSTEM,SYSTEM,"Case initialized for CHECKOUT_ABANDONMENT amount ₹8,500.00","{""amount_at_risk"": 8500.0, ""score"": 90, ""policy"": ""HUMAN""}",2026-08-28T07:16:04.085166
AUD-7780b2d8,CASE-2499,CASE_CREATED,SYSTEM,SYSTEM,"Case initialized for CHECKOUT_ABANDONMENT amount ₹2,999.00","{""amount_at_risk"": 2999.0, ""score"": 71, ""policy"": ""AUTO""}",2026-08-26T19:16:04.085166
AUD-06453e22,CASE-2500,CASE_CREATED,SYSTEM,SYSTEM,"Case initialized for CHECKOUT_ABANDONMENT amount ₹4,800.00","{""amount_at_risk"": 4800.0, ""score"": 67, ""policy"": ""AUTO""}",2026-08-27T13:16:04.085166
AUD-08aebbf5,CASE-2501,CASE_CREATED,SYSTEM,SYSTEM,"Case initialized for CHECKOUT_ABANDONMENT amount ₹8,500.00","{""amount_at_risk"": 8500.0, ""score"": 76, ""policy"": ""HUMAN""}",2026-08-28T04:16:04.086554
AUD-5b4fabe3,CASE-2502,CASE_CREATED,SYSTEM,SYSTEM,"Case initialized for CHECKOUT_ABANDONMENT amount ₹2,999.00","{""amount_at_risk"": 2999.0, ""score"": 66, ""policy"": ""AUTO""}",2026-08-27T11:16:04.086554
AUD-33020280,CASE-2503,CASE_CREATED,SYSTEM,SYSTEM,"Case initialized for CHECKOUT_ABANDONMENT amount ₹1,200.00","{""amount_at_risk"": 1200.0, ""score"": 56, ""policy"": ""AUTO""}",2026-08-28T09:16:04.086554
AUD-bd958b01,CASE-2504,CASE_CREATED,SYSTEM,SYSTEM,"Case initialized for CHECKOUT_ABANDONMENT amount ₹1,200.00","{""amount_at_risk"": 1200.0, ""score"": 75, ""policy"": ""AUTO""}",2026-08-27T20:16:04.086554
AUD-1cdb6e4e,CASE-2505,CASE_CREATED,SYSTEM,SYSTEM,"Case initialized for CHECKOUT_ABANDONMENT amount ₹2,999.00","{""amount_at_risk"": 2999.0, ""score"": 55, ""policy"": ""AUTO""}",2026-08-27T21:16:04.086554
AUD-1292d629,CASE-2506,CASE_CREATED,SYSTEM,SYSTEM,"Case initialized for CHECKOUT_ABANDONMENT amount ₹4,800.00","{""amount_at_risk"": 4800.0, ""score"": 78, ""policy"": ""AUTO""}",2026-08-28T02:16:04.086554
AUD-d89ab6e5,CASE-2507,CASE_CREATED,SYSTEM,SYSTEM,"Case initialized for CHECKOUT_ABANDONMENT amount ₹1,200.00","{""amount_at_risk"": 1200.0, ""score"": 52, ""policy"": ""AUTO""}",2026-08-27T07:16:04.086554
AUD-5917bfe0,CASE-2508,CASE_CREATED,SYSTEM,SYSTEM,"Case initialized for CHECKOUT_ABANDONMENT amount ₹4,800.00","{""amount_at_risk"": 4800.0, ""score"": 85, ""policy"": ""AUTO""}",2026-08-27T02:16:04.086554
AUD-0e5b8b61,CASE-2509,CASE_CREATED,SYSTEM,SYSTEM,"Case initialized for CHECKOUT_ABANDONMENT amount ₹2,999.00","{""amount_at_risk"": 2999.0, ""score"": 87, ""policy"": ""AUTO""}",2026-08-26T20:16:04.086554
AUD-3a70f0c9,CASE-2510,CASE_CREATED,SYSTEM,SYSTEM,"Case initialized for CHECKOUT_ABANDONMENT amount ₹4,800.00","{""amount_at_risk"": 4800.0, ""score"": 72, ""policy"": ""AUTO""}",2026-08-27T08:16:04.086554
AUD-2958b388,CASE-2511,CASE_CREATED,SYSTEM,SYSTEM,"Case initialized for CHECKOUT_ABANDONMENT amount ₹4,800.00","{""amount_at_risk"": 4800.0, ""score"": 73, ""policy"": ""AUTO""}",2026-08-27T17:16:04.086554
AUD-d79b1b76,CASE-2512,CASE_CREATED,SYSTEM,SYSTEM,"Case initialized for CHECKOUT_ABANDONMENT amount ₹1,200.00","{""amount_at_risk"": 1200.0, ""score"": 50, ""policy"": ""AUTO""}",2026-08-27T18:16:04.086554
AUD-9df7283a,CASE-2513,CASE_CREATED,SYSTEM,SYSTEM,"Case initialized for CHECKOUT_ABANDONMENT amount ₹8,500.00","{""amount_at_risk"": 8500.0, ""score"": 84, ""policy"": ""HUMAN""}",2026-08-27T17:16:04.086554
AUD-53ad2dd4,CASE-2514,CASE_CREATED,SYSTEM,SYSTEM,"Case initialized for CHECKOUT_ABANDONMENT amount ₹1,200.00","{""amount_at_risk"": 1200.0, ""score"": 77, ""policy"": ""AUTO""}",2026-08-27T01:16:04.089060
AUD-7f73f89b,CASE-2515,CASE_CREATED,SYSTEM,SYSTEM,"Case initialized for CHECKOUT_ABANDONMENT amount ₹4,800.00","{""amount_at_risk"": 4800.0, ""score"": 62, ""policy"": ""AUTO""}",2026-08-27T21:16:04.089060
AUD-276f1052,CASE-2516,CASE_CREATED,SYSTEM,SYSTEM,"Case initialized for CHECKOUT_ABANDONMENT amount ₹2,999.00","{""amount_at_risk"": 2999.0, ""score"": 74, ""policy"": ""AUTO""}",2026-08-28T07:16:04.089060
AUD-a96575c9,CASE-2517,CASE_CREATED,SYSTEM,SYSTEM,"Case initialized for CHECKOUT_ABANDONMENT amount ₹8,500.00","{""amount_at_risk"": 8500.0, ""score"": 90, ""policy"": ""HUMAN""}",2026-08-26T19:16:04.089060
AUD-65940e74,CASE-2518,CASE_CREATED,SYSTEM,SYSTEM,"Case initialized for CHECKOUT_ABANDONMENT amount ₹4,800.00","{""amount_at_risk"": 4800.0, ""score"": 76, ""policy"": ""AUTO""}",2026-08-28T04:16:04.089060
AUD-0359279d,CASE-2519,CASE_CREATED,SYSTEM,SYSTEM,"Case initialized for CHECKOUT_ABANDONMENT amount ₹4,800.00","{""amount_at_risk"": 4800.0, ""score"": 57, ""policy"": ""AUTO""}",2026-08-26T16:16:04.089060
AUD-b7723493,CASE-2520,CASE_CREATED,SYSTEM,SYSTEM,"Case initialized for CHECKOUT_ABANDONMENT amount ₹8,500.00","{""amount_at_risk"": 8500.0, ""score"": 62, ""policy"": ""HUMAN""}",2026-08-28T09:16:04.089060
AUD-38bd51d3,CASE-2521,CASE_CREATED,SYSTEM,SYSTEM,"Case initialized for CHECKOUT_ABANDONMENT amount ₹1,200.00","{""amount_at_risk"": 1200.0, ""score"": 61, ""policy"": ""AUTO""}",2026-08-28T04:16:04.089060
AUD-9bb8321c,CASE-2522,CASE_CREATED,SYSTEM,SYSTEM,"Case initialized for CHECKOUT_ABANDONMENT amount ₹8,500.00","{""amount_at_risk"": 8500.0, ""score"": 50, ""policy"": ""HUMAN""}",2026-08-28T12:16:04.089060
AUD-66524d90,CASE-2523,CASE_CREATED,SYSTEM,SYSTEM,"Case initialized for CHECKOUT_ABANDONMENT amount ₹8,500.00","{""amount_at_risk"": 8500.0, ""score"": 63, ""policy"": ""HUMAN""}",2026-08-27T05:16:04.089060
AUD-2d778fc3,CASE-2524,CASE_CREATED,SYSTEM,SYSTEM,"Case initialized for CHECKOUT_ABANDONMENT amount ₹4,800.00","{""amount_at_risk"": 4800.0, ""score"": 79, ""policy"": ""AUTO""}",2026-08-28T03:16:04.089060
AUD-9be85250,CASE-2525,CASE_CREATED,SYSTEM,SYSTEM,"Case initialized for CHECKOUT_ABANDONMENT amount ₹1,200.00","{""amount_at_risk"": 1200.0, ""score"": 67, ""policy"": ""AUTO""}",2026-08-27T06:16:04.091096
AUD-67f2dae0,CASE-2526,CASE_CREATED,SYSTEM,SYSTEM,"Case initialized for CHECKOUT_ABANDONMENT amount ₹2,999.00","{""amount_at_risk"": 2999.0, ""score"": 62, ""policy"": ""AUTO""}",2026-08-28T05:16:04.091096
AUD-9bee6abb,CASE-2527,CASE_CREATED,SYSTEM,SYSTEM,"Case initialized for CHECKOUT_ABANDONMENT amount ₹2,999.00","{""amount_at_risk"": 2999.0, ""score"": 74, ""policy"": ""AUTO""}",2026-08-28T10:16:04.091096
AUD-71c44180,CASE-2528,CASE_CREATED,SYSTEM,SYSTEM,"Case initialized for CHECKOUT_ABANDONMENT amount ₹2,999.00","{""amount_at_risk"": 2999.0, ""score"": 79, ""policy"": ""AUTO""}",2026-08-27T12:16:04.091096
AUD-9fd3c820,CASE-2529,CASE_CREATED,SYSTEM,SYSTEM,"Case initialized for CHECKOUT_ABANDONMENT amount ₹4,800.00","{""amount_at_risk"": 4800.0, ""score"": 70, ""policy"": ""AUTO""}",2026-08-27T01:16:04.091096
AUD-4453907a,CASE-2530,CASE_CREATED,SYSTEM,SYSTEM,"Case initialized for CHECKOUT_ABANDONMENT amount ₹1,200.00","{""amount_at_risk"": 1200.0, ""score"": 66, ""policy"": ""AUTO""}",2026-08-27T13:16:04.091096
AUD-0dc1189b,CASE-2531,CASE_CREATED,SYSTEM,SYSTEM,"Case initialized for CHECKOUT_ABANDONMENT amount ₹1,200.00","{""amount_at_risk"": 1200.0, ""score"": 63, ""policy"": ""AUTO""}",2026-08-27T09:16:04.091096
AUD-44d25a9a,CASE-2532,CASE_CREATED,SYSTEM,SYSTEM,"Case initialized for CHECKOUT_ABANDONMENT amount ₹4,800.00","{""amount_at_risk"": 4800.0, ""score"": 50, ""policy"": ""AUTO""}",2026-08-28T05:16:04.091096
AUD-6a430f90,CASE-2533,CASE_CREATED,SYSTEM,SYSTEM,"Case initialized for CHECKOUT_ABANDONMENT amount ₹8,500.00","{""amount_at_risk"": 8500.0, ""score"": 65, ""policy"": ""HUMAN""}",2026-08-26T16:16:04.091096
AUD-3d184116,CASE-2534,CASE_CREATED,SYSTEM,SYSTEM,"Case initialized for CHECKOUT_ABANDONMENT amount ₹8,500.00","{""amount_at_risk"": 8500.0, ""score"": 88, ""policy"": ""HUMAN""}",2026-08-27T21:16:04.091096
AUD-2486e461,CASE-2535,CASE_CREATED,SYSTEM,SYSTEM,"Case initialized for CHECKOUT_ABANDONMENT amount ₹2,999.00","{""amount_at_risk"": 2999.0, ""score"": 81, ""policy"": ""AUTO""}",2026-08-28T09:16:04.091096
AUD-99fb2279,CASE-2536,CASE_CREATED,SYSTEM,SYSTEM,"Case initialized for CHECKOUT_ABANDONMENT amount ₹1,200.00","{""amount_at_risk"": 1200.0, ""score"": 72, ""policy"": ""AUTO""}",2026-08-27T05:16:04.093106
AUD-df18708c,CASE-2537,CASE_CREATED,SYSTEM,SYSTEM,"Case initialized for CHECKOUT_ABANDONMENT amount ₹2,999.00","{""amount_at_risk"": 2999.0, ""score"": 70, ""policy"": ""AUTO""}",2026-08-26T14:16:04.093106
AUD-af499d5b,CASE-2538,CASE_CREATED,SYSTEM,SYSTEM,"Case initialized for CHECKOUT_ABANDONMENT amount ₹2,999.00","{""amount_at_risk"": 2999.0, ""score"": 51, ""policy"": ""AUTO""}",2026-08-28T04:16:04.093106
AUD-ba3afc2e,CASE-2539,CASE_CREATED,SYSTEM,SYSTEM,"Case initialized for CHECKOUT_ABANDONMENT amount ₹4,800.00","{""amount_at_risk"": 4800.0, ""score"": 52, ""policy"": ""AUTO""}",2026-08-27T18:16:04.093106
AUD-0093adbd,CASE-2540,CASE_CREATED,SYSTEM,SYSTEM,"Case initialized for CHECKOUT_ABANDONMENT amount ₹8,500.00","{""amount_at_risk"": 8500.0, ""score"": 62, ""policy"": ""HUMAN""}",2026-08-27T14:16:04.093106
AUD-a7c2f494,CASE-2541,CASE_CREATED,SYSTEM,SYSTEM,"Case initialized for CHECKOUT_ABANDONMENT amount ₹4,800.00","{""amount_at_risk"": 4800.0, ""score"": 79, ""policy"": ""AUTO""}",2026-08-27T03:16:04.093106
AUD-bf27850d,CASE-2542,CASE_CREATED,SYSTEM,SYSTEM,"Case initialized for CHECKOUT_ABANDONMENT amount ₹2,999.00","{""amount_at_risk"": 2999.0, ""score"": 78, ""policy"": ""AUTO""}",2026-08-27T13:16:04.093106
AUD-e8e0d76e,CASE-2543,CASE_CREATED,SYSTEM,SYSTEM,"Case initialized for CHECKOUT_ABANDONMENT amount ₹8,500.00","{""amount_at_risk"": 8500.0, ""score"": 50, ""policy"": ""HUMAN""}",2026-08-28T01:16:04.093106
AUD-f3fbee2a,CASE-2544,CASE_CREATED,SYSTEM,SYSTEM,"Case initialized for CHECKOUT_ABANDONMENT amount ₹1,200.00","{""amount_at_risk"": 1200.0, ""score"": 89, ""policy"": ""AUTO""}",2026-08-26T14:16:04.093106
AUD-576730d2,CASE-2545,CASE_CREATED,SYSTEM,SYSTEM,"Case initialized for CHECKOUT_ABANDONMENT amount ₹1,200.00","{""amount_at_risk"": 1200.0, ""score"": 84, ""policy"": ""AUTO""}",2026-08-26T17:16:04.093106
AUD-40784bfb,CASE-2546,CASE_CREATED,SYSTEM,SYSTEM,"Case initialized for CHECKOUT_ABANDONMENT amount ₹8,500.00","{""amount_at_risk"": 8500.0, ""score"": 85, ""policy"": ""HUMAN""}",2026-08-27T10:16:04.093106
AUD-8f6ec88a,CASE-2547,CASE_CREATED,SYSTEM,SYSTEM,"Case initialized for CHECKOUT_ABANDONMENT amount ₹4,800.00","{""amount_at_risk"": 4800.0, ""score"": 57, ""policy"": ""AUTO""}",2026-08-28T04:16:04.093106
AUD-46a90643,CASE-2548,CASE_CREATED,SYSTEM,SYSTEM,"Case initialized for CHECKOUT_ABANDONMENT amount ₹2,999.00","{""amount_at_risk"": 2999.0, ""score"": 52, ""policy"": ""AUTO""}",2026-08-28T00:16:04.095114
AUD-f2199c42,CASE-2549,CASE_CREATED,SYSTEM,SYSTEM,"Case initialized for CHECKOUT_ABANDONMENT amount ₹1,200.00","{""amount_at_risk"": 1200.0, ""score"": 52, ""policy"": ""AUTO""}",2026-08-27T05:16:04.095114
AUD-c9e3c4a6,CASE-2550,CASE_CREATED,SYSTEM,SYSTEM,"Case initialized for CHECKOUT_ABANDONMENT amount ₹4,800.00","{""amount_at_risk"": 4800.0, ""score"": 53, ""policy"": ""AUTO""}",2026-08-26T15:16:04.095114
AUD-cfca1f87,CASE-2551,CASE_CREATED,SYSTEM,SYSTEM,"Case initialized for CHECKOUT_ABANDONMENT amount ₹1,200.00","{""amount_at_risk"": 1200.0, ""score"": 50, ""policy"": ""AUTO""}",2026-08-27T07:16:04.095114
AUD-cf58f5a5,CASE-2552,CASE_CREATED,SYSTEM,SYSTEM,"Case initialized for CHECKOUT_ABANDONMENT amount ₹1,200.00","{""amount_at_risk"": 1200.0, ""score"": 73, ""policy"": ""AUTO""}",2026-08-26T15:16:04.095114
AUD-b91223fc,CASE-2553,CASE_CREATED,SYSTEM,SYSTEM,"Case initialized for CHECKOUT_ABANDONMENT amount ₹1,200.00","{""amount_at_risk"": 1200.0, ""score"": 89, ""policy"": ""AUTO""}",2026-08-28T08:16:04.095114
AUD-c8acb54c,CASE-2554,CASE_CREATED,SYSTEM,SYSTEM,"Case initialized for CHECKOUT_ABANDONMENT amount ₹4,800.00","{""amount_at_risk"": 4800.0, ""score"": 54, ""policy"": ""AUTO""}",2026-08-26T14:16:04.095114
AUD-a6920865,CASE-2555,CASE_CREATED,SYSTEM,SYSTEM,"Case initialized for CHECKOUT_ABANDONMENT amount ₹2,999.00","{""amount_at_risk"": 2999.0, ""score"": 84, ""policy"": ""AUTO""}",2026-08-27T03:16:04.095114
AUD-1d120e36,CASE-2556,CASE_CREATED,SYSTEM,SYSTEM,"Case initialized for CHECKOUT_ABANDONMENT amount ₹2,999.00","{""amount_at_risk"": 2999.0, ""score"": 86, ""policy"": ""AUTO""}",2026-08-28T06:16:04.095114
AUD-2fe16b50,CASE-2557,CASE_CREATED,SYSTEM,SYSTEM,"Case initialized for CHECKOUT_ABANDONMENT amount ₹4,800.00","{""amount_at_risk"": 4800.0, ""score"": 79, ""policy"": ""AUTO""}",2026-08-28T01:16:04.095114
AUD-c95fdace,CASE-2558,CASE_CREATED,SYSTEM,SYSTEM,"Case initialized for CHECKOUT_ABANDONMENT amount ₹8,500.00","{""amount_at_risk"": 8500.0, ""score"": 82, ""policy"": ""HUMAN""}",2026-08-26T22:16:04.095114
AUD-343a4e8a,CASE-2559,CASE_CREATED,SYSTEM,SYSTEM,"Case initialized for CHECKOUT_ABANDONMENT amount ₹8,500.00","{""amount_at_risk"": 8500.0, ""score"": 72, ""policy"": ""HUMAN""}",2026-08-27T10:16:04.095114
AUD-9076a49a,CASE-2560,CASE_CREATED,SYSTEM,SYSTEM,"Case initialized for CHECKOUT_ABANDONMENT amount ₹8,500.00","{""amount_at_risk"": 8500.0, ""score"": 70, ""policy"": ""HUMAN""}",2026-08-27T01:16:04.095114
AUD-a8f74ffa,CASE-2561,CASE_CREATED,SYSTEM,SYSTEM,"Case initialized for CHECKOUT_ABANDONMENT amount ₹4,800.00","{""amount_at_risk"": 4800.0, ""score"": 73, ""policy"": ""AUTO""}",2026-08-28T12:16:04.097232
AUD-7d521190,CASE-2562,CASE_CREATED,SYSTEM,SYSTEM,"Case initialized for CHECKOUT_ABANDONMENT amount ₹1,200.00","{""amount_at_risk"": 1200.0, ""score"": 68, ""policy"": ""AUTO""}",2026-08-28T12:16:04.097232
AUD-af853910,CASE-2563,CASE_CREATED,SYSTEM,SYSTEM,"Case initialized for CHECKOUT_ABANDONMENT amount ₹4,800.00","{""amount_at_risk"": 4800.0, ""score"": 64, ""policy"": ""AUTO""}",2026-08-26T16:16:04.097232
AUD-8c82f527,CASE-2564,CASE_CREATED,SYSTEM,SYSTEM,"Case initialized for CHECKOUT_ABANDONMENT amount ₹4,800.00","{""amount_at_risk"": 4800.0, ""score"": 85, ""policy"": ""AUTO""}",2026-08-28T10:16:04.097232
AUD-e9412135,CASE-2565,CASE_CREATED,SYSTEM,SYSTEM,"Case initialized for CHECKOUT_ABANDONMENT amount ₹8,500.00","{""amount_at_risk"": 8500.0, ""score"": 72, ""policy"": ""HUMAN""}",2026-08-27T13:16:04.097232
AUD-c2db3b59,CASE-2566,CASE_CREATED,SYSTEM,SYSTEM,"Case initialized for CHECKOUT_ABANDONMENT amount ₹2,999.00","{""amount_at_risk"": 2999.0, ""score"": 64, ""policy"": ""AUTO""}",2026-08-27T00:16:04.097232
AUD-a6b4a56b,CASE-2567,CASE_CREATED,SYSTEM,SYSTEM,"Case initialized for CHECKOUT_ABANDONMENT amount ₹8,500.00","{""amount_at_risk"": 8500.0, ""score"": 86, ""policy"": ""HUMAN""}",2026-08-27T16:16:04.097232
AUD-bb90ff9e,CASE-2568,CASE_CREATED,SYSTEM,SYSTEM,"Case initialized for CHECKOUT_ABANDONMENT amount ₹8,500.00","{""amount_at_risk"": 8500.0, ""score"": 61, ""policy"": ""HUMAN""}",2026-08-26T19:16:04.097232
AUD-c0d20bd9,CASE-2569,CASE_CREATED,SYSTEM,SYSTEM,"Case initialized for CHECKOUT_ABANDONMENT amount ₹4,800.00","{""amount_at_risk"": 4800.0, ""score"": 52, ""policy"": ""AUTO""}",2026-08-28T09:16:04.097232
AUD-d0886cd2,CASE-2570,CASE_CREATED,SYSTEM,SYSTEM,"Case initialized for CHECKOUT_ABANDONMENT amount ₹4,800.00","{""amount_at_risk"": 4800.0, ""score"": 72, ""policy"": ""AUTO""}",2026-08-27T22:16:04.097232
AUD-d9264acf,CASE-2571,CASE_CREATED,SYSTEM,SYSTEM,"Case initialized for CHECKOUT_ABANDONMENT amount ₹1,200.00","{""amount_at_risk"": 1200.0, ""score"": 90, ""policy"": ""AUTO""}",2026-08-27T03:16:04.099248
AUD-791b0407,CASE-2572,CASE_CREATED,SYSTEM,SYSTEM,"Case initialized for CHECKOUT_ABANDONMENT amount ₹1,200.00","{""amount_at_risk"": 1200.0, ""score"": 70, ""policy"": ""AUTO""}",2026-08-27T04:16:04.099248
AUD-d52e5584,CASE-2573,CASE_CREATED,SYSTEM,SYSTEM,"Case initialized for CHECKOUT_ABANDONMENT amount ₹2,999.00","{""amount_at_risk"": 2999.0, ""score"": 59, ""policy"": ""AUTO""}",2026-08-26T22:16:04.099248
AUD-aa4d1d88,CASE-2574,CASE_CREATED,SYSTEM,SYSTEM,"Case initialized for CHECKOUT_ABANDONMENT amount ₹1,200.00","{""amount_at_risk"": 1200.0, ""score"": 64, ""policy"": ""AUTO""}",2026-08-28T03:16:04.099248
AUD-ee5e27b7,CASE-2575,CASE_CREATED,SYSTEM,SYSTEM,"Case initialized for CHECKOUT_ABANDONMENT amount ₹2,999.00","{""amount_at_risk"": 2999.0, ""score"": 71, ""policy"": ""AUTO""}",2026-08-26T13:16:04.099248
AUD-c5ecf9ae,CASE-2576,CASE_CREATED,SYSTEM,SYSTEM,"Case initialized for CHECKOUT_ABANDONMENT amount ₹1,200.00","{""amount_at_risk"": 1200.0, ""score"": 85, ""policy"": ""AUTO""}",2026-08-27T11:16:04.099248
AUD-d5cf9611,CASE-2577,CASE_CREATED,SYSTEM,SYSTEM,"Case initialized for CHECKOUT_ABANDONMENT amount ₹8,500.00","{""amount_at_risk"": 8500.0, ""score"": 58, ""policy"": ""HUMAN""}",2026-08-28T00:16:04.100266
AUD-ad06252d,CASE-2578,CASE_CREATED,SYSTEM,SYSTEM,"Case initialized for CHECKOUT_ABANDONMENT amount ₹8,500.00","{""amount_at_risk"": 8500.0, ""score"": 75, ""policy"": ""HUMAN""}",2026-08-26T21:16:04.100266
AUD-97486c9f,CASE-2579,CASE_CREATED,SYSTEM,SYSTEM,"Case initialized for CHECKOUT_ABANDONMENT amount ₹2,999.00","{""amount_at_risk"": 2999.0, ""score"": 65, ""policy"": ""AUTO""}",2026-08-27T16:16:04.100266
AUD-2c2734a4,CASE-2580,CASE_CREATED,SYSTEM,SYSTEM,"Case initialized for CHECKOUT_ABANDONMENT amount ₹1,200.00","{""amount_at_risk"": 1200.0, ""score"": 57, ""policy"": ""AUTO""}",2026-08-27T14:16:04.100266
AUD-b871bb40,CASE-2581,CASE_CREATED,SYSTEM,SYSTEM,"Case initialized for CHECKOUT_ABANDONMENT amount ₹2,999.00","{""amount_at_risk"": 2999.0, ""score"": 70, ""policy"": ""AUTO""}",2026-08-28T02:16:04.100266
AUD-60007e70,CASE-2582,CASE_CREATED,SYSTEM,SYSTEM,"Case initialized for CHECKOUT_ABANDONMENT amount ₹4,800.00","{""amount_at_risk"": 4800.0, ""score"": 89, ""policy"": ""AUTO""}",2026-08-28T10:16:04.100266
AUD-1c5f93db,CASE-2583,CASE_CREATED,SYSTEM,SYSTEM,"Case initialized for CHECKOUT_ABANDONMENT amount ₹2,999.00","{""amount_at_risk"": 2999.0, ""score"": 62, ""policy"": ""AUTO""}",2026-08-28T07:16:04.100266
AUD-6167cfda,CASE-2584,CASE_CREATED,SYSTEM,SYSTEM,"Case initialized for CHECKOUT_ABANDONMENT amount ₹1,200.00","{""amount_at_risk"": 1200.0, ""score"": 53, ""policy"": ""AUTO""}",2026-08-28T12:16:04.100266
AUD-3c2ea3ea,CASE-2585,CASE_CREATED,SYSTEM,SYSTEM,"Case initialized for CHECKOUT_ABANDONMENT amount ₹4,800.00","{""amount_at_risk"": 4800.0, ""score"": 57, ""policy"": ""AUTO""}",2026-08-28T11:16:04.100266
AUD-f2c1b5aa,CASE-2586,CASE_CREATED,SYSTEM,SYSTEM,"Case initialized for CHECKOUT_ABANDONMENT amount ₹4,800.00","{""amount_at_risk"": 4800.0, ""score"": 63, ""policy"": ""AUTO""}",2026-08-27T02:16:04.100266
AUD-5e55fcf9,CASE-2587,CASE_CREATED,SYSTEM,SYSTEM,"Case initialized for CHECKOUT_ABANDONMENT amount ₹4,800.00","{""amount_at_risk"": 4800.0, ""score"": 85, ""policy"": ""AUTO""}",2026-08-26T16:16:04.100266
AUD-522b5bd3,CASE-2588,CASE_CREATED,SYSTEM,SYSTEM,"Case initialized for CHECKOUT_ABANDONMENT amount ₹1,200.00","{""amount_at_risk"": 1200.0, ""score"": 74, ""policy"": ""AUTO""}",2026-08-28T02:16:04.100266
AUD-97124c69,CASE-2589,CASE_CREATED,SYSTEM,SYSTEM,"Case initialized for CHECKOUT_ABANDONMENT amount ₹1,200.00","{""amount_at_risk"": 1200.0, ""score"": 68, ""policy"": ""AUTO""}",2026-08-27T07:16:04.100266
AUD-0bfadf1b,CASE-2590,CASE_CREATED,SYSTEM,SYSTEM,"Case initialized for CHECKOUT_ABANDONMENT amount ₹1,200.00","{""amount_at_risk"": 1200.0, ""score"": 54, ""policy"": ""AUTO""}",2026-08-26T18:16:04.100266
AUD-b68f6e76,CASE-2591,CASE_CREATED,SYSTEM,SYSTEM,"Case initialized for CHECKOUT_ABANDONMENT amount ₹4,800.00","{""amount_at_risk"": 4800.0, ""score"": 56, ""policy"": ""AUTO""}",2026-08-27T12:16:04.100266
AUD-f16c3477,CASE-2592,CASE_CREATED,SYSTEM,SYSTEM,"Case initialized for CHECKOUT_ABANDONMENT amount ₹2,999.00","{""amount_at_risk"": 2999.0, ""score"": 74, ""policy"": ""AUTO""}",2026-08-27T05:16:04.100266
AUD-864fdb2e,CASE-2593,CASE_CREATED,SYSTEM,SYSTEM,"Case initialized for CHECKOUT_ABANDONMENT amount ₹1,200.00","{""amount_at_risk"": 1200.0, ""score"": 61, ""policy"": ""AUTO""}",2026-08-26T15:16:04.100266
AUD-e20fb687,CASE-2594,CASE_CREATED,SYSTEM,SYSTEM,"Case initialized for CHECKOUT_ABANDONMENT amount ₹1,200.00","{""amount_at_risk"": 1200.0, ""score"": 52, ""policy"": ""AUTO""}",2026-08-27T05:16:04.100266
AUD-d1f06ae2,CASE-2595,CASE_CREATED,SYSTEM,SYSTEM,"Case initialized for CHECKOUT_ABANDONMENT amount ₹8,500.00","{""amount_at_risk"": 8500.0, ""score"": 60, ""policy"": ""HUMAN""}",2026-08-27T14:16:04.100266
AUD-59b44f8f,CASE-2596,CASE_CREATED,SYSTEM,SYSTEM,"Case initialized for CHECKOUT_ABANDONMENT amount ₹4,800.00","{""amount_at_risk"": 4800.0, ""score"": 90, ""policy"": ""AUTO""}",2026-08-27T19:16:04.100266
AUD-466d96b3,CASE-2597,CASE_CREATED,SYSTEM,SYSTEM,"Case initialized for CHECKOUT_ABANDONMENT amount ₹1,200.00","{""amount_at_risk"": 1200.0, ""score"": 90, ""policy"": ""AUTO""}",2026-08-27T01:16:04.100266
AUD-c05fce66,CASE-2598,CASE_CREATED,SYSTEM,SYSTEM,"Case initialized for CHECKOUT_ABANDONMENT amount ₹4,800.00","{""amount_at_risk"": 4800.0, ""score"": 64, ""policy"": ""AUTO""}",2026-08-26T18:16:04.100266
AUD-3181f964,CASE-2599,CASE_CREATED,SYSTEM,SYSTEM,"Case initialized for CHECKOUT_ABANDONMENT amount ₹2,999.00","{""amount_at_risk"": 2999.0, ""score"": 55, ""policy"": ""AUTO""}",2026-08-27T21:16:04.100266
AUD-ed18f335,CASE-2600,CASE_CREATED,SYSTEM,SYSTEM,"Case initialized for CHECKOUT_ABANDONMENT amount ₹2,999.00","{""amount_at_risk"": 2999.0, ""score"": 77, ""policy"": ""AUTO""}",2026-08-27T02:16:04.100266
AUD-86b2f20b,CASE-2601,CASE_CREATED,SYSTEM,SYSTEM,"Case initialized for CHECKOUT_ABANDONMENT amount ₹2,999.00","{""amount_at_risk"": 2999.0, ""score"": 63, ""policy"": ""AUTO""}",2026-08-27T17:16:04.100266
AUD-aaf329d6,CASE-2602,CASE_CREATED,SYSTEM,SYSTEM,"Case initialized for CHECKOUT_ABANDONMENT amount ₹2,999.00","{""amount_at_risk"": 2999.0, ""score"": 77, ""policy"": ""AUTO""}",2026-08-28T08:16:04.100266
AUD-6298e17a,CASE-2603,CASE_CREATED,SYSTEM,SYSTEM,"Case initialized for CHECKOUT_ABANDONMENT amount ₹1,200.00","{""amount_at_risk"": 1200.0, ""score"": 61, ""policy"": ""AUTO""}",2026-08-28T11:16:04.100266
AUD-10e2868d,CASE-2604,CASE_CREATED,SYSTEM,SYSTEM,"Case initialized for CHECKOUT_ABANDONMENT amount ₹4,800.00","{""amount_at_risk"": 4800.0, ""score"": 76, ""policy"": ""AUTO""}",2026-08-26T13:16:04.100266
AUD-24d15eb7,CASE-2605,CASE_CREATED,SYSTEM,SYSTEM,"Case initialized for CHECKOUT_ABANDONMENT amount ₹4,800.00","{""amount_at_risk"": 4800.0, ""score"": 59, ""policy"": ""AUTO""}",2026-08-28T01:16:04.100266
AUD-5e029d83,CASE-2606,CASE_CREATED,SYSTEM,SYSTEM,"Case initialized for CHECKOUT_ABANDONMENT amount ₹1,200.00","{""amount_at_risk"": 1200.0, ""score"": 89, ""policy"": ""AUTO""}",2026-08-27T22:16:04.103769
AUD-de7942d4,CASE-2607,CASE_CREATED,SYSTEM,SYSTEM,"Case initialized for CHECKOUT_ABANDONMENT amount ₹2,999.00","{""amount_at_risk"": 2999.0, ""score"": 51, ""policy"": ""AUTO""}",2026-08-27T06:16:04.103769
AUD-f3858188,CASE-2608,CASE_CREATED,SYSTEM,SYSTEM,"Case initialized for CHECKOUT_ABANDONMENT amount ₹2,999.00","{""amount_at_risk"": 2999.0, ""score"": 82, ""policy"": ""AUTO""}",2026-08-27T12:16:04.103769
AUD-ce95e5d4,CASE-2609,CASE_CREATED,SYSTEM,SYSTEM,"Case initialized for CHECKOUT_ABANDONMENT amount ₹8,500.00","{""amount_at_risk"": 8500.0, ""score"": 80, ""policy"": ""HUMAN""}",2026-08-27T22:16:04.103769
AUD-5449e01b,CASE-2610,CASE_CREATED,SYSTEM,SYSTEM,"Case initialized for CHECKOUT_ABANDONMENT amount ₹1,200.00","{""amount_at_risk"": 1200.0, ""score"": 76, ""policy"": ""AUTO""}",2026-08-27T22:16:04.103769
AUD-8e1688f1,CASE-2611,CASE_CREATED,SYSTEM,SYSTEM,"Case initialized for CHECKOUT_ABANDONMENT amount ₹2,999.00","{""amount_at_risk"": 2999.0, ""score"": 63, ""policy"": ""AUTO""}",2026-08-26T21:16:04.103769
AUD-c3016267,CASE-2612,CASE_CREATED,SYSTEM,SYSTEM,"Case initialized for CHECKOUT_ABANDONMENT amount ₹8,500.00","{""amount_at_risk"": 8500.0, ""score"": 70, ""policy"": ""HUMAN""}",2026-08-27T11:16:04.103769
AUD-b2e835ea,CASE-2613,CASE_CREATED,SYSTEM,SYSTEM,"Case initialized for CHECKOUT_ABANDONMENT amount ₹1,200.00","{""amount_at_risk"": 1200.0, ""score"": 88, ""policy"": ""AUTO""}",2026-08-26T21:16:04.103769
AUD-a0e3c300,CASE-2614,CASE_CREATED,SYSTEM,SYSTEM,"Case initialized for CHECKOUT_ABANDONMENT amount ₹1,200.00","{""amount_at_risk"": 1200.0, ""score"": 83, ""policy"": ""AUTO""}",2026-08-28T10:16:04.103769
AUD-285bf978,CASE-2615,CASE_CREATED,SYSTEM,SYSTEM,"Case initialized for CHECKOUT_ABANDONMENT amount ₹2,999.00","{""amount_at_risk"": 2999.0, ""score"": 83, ""policy"": ""AUTO""}",2026-08-28T10:16:04.105293
AUD-ae79d4aa,CASE-2616,CASE_CREATED,SYSTEM,SYSTEM,"Case initialized for CHECKOUT_ABANDONMENT amount ₹8,500.00","{""amount_at_risk"": 8500.0, ""score"": 83, ""policy"": ""HUMAN""}",2026-08-27T08:16:04.105293
AUD-4a4df0d4,CASE-2617,CASE_CREATED,SYSTEM,SYSTEM,"Case initialized for CHECKOUT_ABANDONMENT amount ₹8,500.00","{""amount_at_risk"": 8500.0, ""score"": 69, ""policy"": ""HUMAN""}",2026-08-27T09:16:04.105293
AUD-e047c86c,CASE-2618,CASE_CREATED,SYSTEM,SYSTEM,"Case initialized for CHECKOUT_ABANDONMENT amount ₹4,800.00","{""amount_at_risk"": 4800.0, ""score"": 89, ""policy"": ""AUTO""}",2026-08-26T19:16:04.105293
AUD-48f5dc9b,CASE-2619,CASE_CREATED,SYSTEM,SYSTEM,"Case initialized for CHECKOUT_ABANDONMENT amount ₹8,500.00","{""amount_at_risk"": 8500.0, ""score"": 55, ""policy"": ""HUMAN""}",2026-08-26T23:16:04.105293
AUD-543d4177,CASE-2620,CASE_CREATED,SYSTEM,SYSTEM,"Case initialized for CHECKOUT_ABANDONMENT amount ₹2,999.00","{""amount_at_risk"": 2999.0, ""score"": 75, ""policy"": ""AUTO""}",2026-08-28T11:16:04.105293
AUD-936eed64,CASE-2621,CASE_CREATED,SYSTEM,SYSTEM,"Case initialized for CHECKOUT_ABANDONMENT amount ₹2,999.00","{""amount_at_risk"": 2999.0, ""score"": 79, ""policy"": ""AUTO""}",2026-08-27T20:16:04.105293
AUD-0de7ed26,CASE-2622,CASE_CREATED,SYSTEM,SYSTEM,"Case initialized for CHECKOUT_ABANDONMENT amount ₹4,800.00","{""amount_at_risk"": 4800.0, ""score"": 60, ""policy"": ""AUTO""}",2026-08-26T15:16:04.106484
AUD-3d88ceb1,CASE-2623,CASE_CREATED,SYSTEM,SYSTEM,"Case initialized for CHECKOUT_ABANDONMENT amount ₹8,500.00","{""amount_at_risk"": 8500.0, ""score"": 90, ""policy"": ""HUMAN""}",2026-08-26T15:16:04.106484
AUD-de7a4725,CASE-2624,CASE_CREATED,SYSTEM,SYSTEM,"Case initialized for CHECKOUT_ABANDONMENT amount ₹8,500.00","{""amount_at_risk"": 8500.0, ""score"": 82, ""policy"": ""HUMAN""}",2026-08-27T12:16:04.106484
AUD-57b5ea12,CASE-2625,CASE_CREATED,SYSTEM,SYSTEM,"Case initialized for CHECKOUT_ABANDONMENT amount ₹1,200.00","{""amount_at_risk"": 1200.0, ""score"": 60, ""policy"": ""AUTO""}",2026-08-28T03:16:04.106484
AUD-2e3e5516,CASE-2626,CASE_CREATED,SYSTEM,SYSTEM,"Case initialized for CHECKOUT_ABANDONMENT amount ₹2,999.00","{""amount_at_risk"": 2999.0, ""score"": 53, ""policy"": ""AUTO""}",2026-08-26T14:16:04.106484
AUD-f3e8911e,CASE-2627,CASE_CREATED,SYSTEM,SYSTEM,"Case initialized for CHECKOUT_ABANDONMENT amount ₹8,500.00","{""amount_at_risk"": 8500.0, ""score"": 68, ""policy"": ""HUMAN""}",2026-08-28T00:16:04.106484
AUD-03b21148,CASE-2628,CASE_CREATED,SYSTEM,SYSTEM,"Case initialized for CHECKOUT_ABANDONMENT amount ₹1,200.00","{""amount_at_risk"": 1200.0, ""score"": 89, ""policy"": ""AUTO""}",2026-08-27T05:16:04.106484
AUD-744aa005,CASE-2629,CASE_CREATED,SYSTEM,SYSTEM,"Case initialized for CHECKOUT_ABANDONMENT amount ₹8,500.00","{""amount_at_risk"": 8500.0, ""score"": 84, ""policy"": ""HUMAN""}",2026-08-27T23:16:04.106484
AUD-62639af9,CASE-2630,CASE_CREATED,SYSTEM,SYSTEM,"Case initialized for CHECKOUT_ABANDONMENT amount ₹8,500.00","{""amount_at_risk"": 8500.0, ""score"": 79, ""policy"": ""HUMAN""}",2026-08-26T22:16:04.106484
AUD-d6b8bcca,CASE-2631,CASE_CREATED,SYSTEM,SYSTEM,"Case initialized for CHECKOUT_ABANDONMENT amount ₹1,200.00","{""amount_at_risk"": 1200.0, ""score"": 65, ""policy"": ""AUTO""}",2026-08-26T20:16:04.106484
AUD-baa12b42,CASE-2632,CASE_CREATED,SYSTEM,SYSTEM,"Case initialized for CHECKOUT_ABANDONMENT amount ₹2,999.00","{""amount_at_risk"": 2999.0, ""score"": 53, ""policy"": ""AUTO""}",2026-08-26T19:16:04.106484
AUD-9d186843,CASE-2633,CASE_CREATED,SYSTEM,SYSTEM,"Case initialized for CHECKOUT_ABANDONMENT amount ₹4,800.00","{""amount_at_risk"": 4800.0, ""score"": 52, ""policy"": ""AUTO""}",2026-08-27T00:16:04.106484
AUD-e87d8490,CASE-2634,CASE_CREATED,SYSTEM,SYSTEM,"Case initialized for CHECKOUT_ABANDONMENT amount ₹4,800.00","{""amount_at_risk"": 4800.0, ""score"": 71, ""policy"": ""AUTO""}",2026-08-27T10:16:04.106484
AUD-661ed0f7,CASE-2635,CASE_CREATED,SYSTEM,SYSTEM,"Case initialized for CHECKOUT_ABANDONMENT amount ₹2,999.00","{""amount_at_risk"": 2999.0, ""score"": 60, ""policy"": ""AUTO""}",2026-08-26T13:16:04.106484
AUD-f0cdf449,CASE-2636,CASE_CREATED,SYSTEM,SYSTEM,"Case initialized for CHECKOUT_ABANDONMENT amount ₹4,800.00","{""amount_at_risk"": 4800.0, ""score"": 52, ""policy"": ""AUTO""}",2026-08-27T13:16:04.106484
AUD-034a953f,CASE-2637,CASE_CREATED,SYSTEM,SYSTEM,"Case initialized for CHECKOUT_ABANDONMENT amount ₹8,500.00","{""amount_at_risk"": 8500.0, ""score"": 54, ""policy"": ""HUMAN""}",2026-08-27T06:16:04.106484
AUD-17b26e0c,CASE-2638,CASE_CREATED,SYSTEM,SYSTEM,"Case initialized for CHECKOUT_ABANDONMENT amount ₹2,999.00","{""amount_at_risk"": 2999.0, ""score"": 57, ""policy"": ""AUTO""}",2026-08-27T10:16:04.108495
AUD-c5828057,CASE-2639,CASE_CREATED,SYSTEM,SYSTEM,"Case initialized for CHECKOUT_ABANDONMENT amount ₹2,999.00","{""amount_at_risk"": 2999.0, ""score"": 63, ""policy"": ""AUTO""}",2026-08-26T14:16:04.108495
AUD-676bc4df,CASE-2640,CASE_CREATED,SYSTEM,SYSTEM,"Case initialized for CHECKOUT_ABANDONMENT amount ₹1,200.00","{""amount_at_risk"": 1200.0, ""score"": 80, ""policy"": ""AUTO""}",2026-08-27T16:16:04.108495
AUD-d868b68f,CASE-2641,CASE_CREATED,SYSTEM,SYSTEM,"Case initialized for CHECKOUT_ABANDONMENT amount ₹4,800.00","{""amount_at_risk"": 4800.0, ""score"": 83, ""policy"": ""AUTO""}",2026-08-26T21:16:04.108495
AUD-a77dfd77,CASE-2642,CASE_CREATED,SYSTEM,SYSTEM,"Case initialized for CHECKOUT_ABANDONMENT amount ₹8,500.00","{""amount_at_risk"": 8500.0, ""score"": 83, ""policy"": ""HUMAN""}",2026-08-26T21:16:04.108495
AUD-0c3f4d13,CASE-2643,CASE_CREATED,SYSTEM,SYSTEM,"Case initialized for CHECKOUT_ABANDONMENT amount ₹2,999.00","{""amount_at_risk"": 2999.0, ""score"": 68, ""policy"": ""AUTO""}",2026-08-28T11:16:04.108495
AUD-cd69fa6d,CASE-2644,CASE_CREATED,SYSTEM,SYSTEM,"Case initialized for CHECKOUT_ABANDONMENT amount ₹8,500.00","{""amount_at_risk"": 8500.0, ""score"": 90, ""policy"": ""HUMAN""}",2026-08-27T10:16:04.108495
AUD-c2bcc594,CASE-2645,CASE_CREATED,SYSTEM,SYSTEM,"Case initialized for CHECKOUT_ABANDONMENT amount ₹8,500.00","{""amount_at_risk"": 8500.0, ""score"": 52, ""policy"": ""HUMAN""}",2026-08-26T20:16:04.108495
AUD-3e0de01d,CASE-2646,CASE_CREATED,SYSTEM,SYSTEM,"Case initialized for CHECKOUT_ABANDONMENT amount ₹2,999.00","{""amount_at_risk"": 2999.0, ""score"": 50, ""policy"": ""AUTO""}",2026-08-28T08:16:04.108495
AUD-ab3c232a,CASE-2647,CASE_CREATED,SYSTEM,SYSTEM,"Case initialized for CHECKOUT_ABANDONMENT amount ₹4,800.00","{""amount_at_risk"": 4800.0, ""score"": 69, ""policy"": ""AUTO""}",2026-08-28T05:16:04.108495
AUD-2bece33b,CASE-2648,CASE_CREATED,SYSTEM,SYSTEM,"Case initialized for CHECKOUT_ABANDONMENT amount ₹4,800.00","{""amount_at_risk"": 4800.0, ""score"": 71, ""policy"": ""AUTO""}",2026-08-28T00:16:04.108495
AUD-f52da822,CASE-2649,CASE_CREATED,SYSTEM,SYSTEM,"Case initialized for CHECKOUT_ABANDONMENT amount ₹4,800.00","{""amount_at_risk"": 4800.0, ""score"": 71, ""policy"": ""AUTO""}",2026-08-26T19:16:04.108495
AUD-b864561e,CASE-2650,CASE_CREATED,SYSTEM,SYSTEM,"Case initialized for SUBSCRIPTION_FAILURE amount ₹1,999.00","{""amount_at_risk"": 1999.0, ""score"": 70, ""policy"": ""HUMAN""}",2026-08-27T15:16:04.108495
AUD-db54630e,CASE-2651,CASE_CREATED,SYSTEM,SYSTEM,"Case initialized for SUBSCRIPTION_FAILURE amount ₹8,999.00","{""amount_at_risk"": 8999.0, ""score"": 66, ""policy"": ""HUMAN""}",2026-08-26T14:16:04.108495
AUD-ac1cde22,CASE-2652,CASE_CREATED,SYSTEM,SYSTEM,"Case initialized for SUBSCRIPTION_FAILURE amount ₹4,999.00","{""amount_at_risk"": 4999.0, ""score"": 75, ""policy"": ""HUMAN""}",2026-08-27T00:16:04.108495
AUD-d325ebe4,CASE-2653,CASE_CREATED,SYSTEM,SYSTEM,"Case initialized for SUBSCRIPTION_FAILURE amount ₹4,999.00","{""amount_at_risk"": 4999.0, ""score"": 62, ""policy"": ""HUMAN""}",2026-08-28T11:16:04.108495
AUD-7adfa9f0,CASE-2654,CASE_CREATED,SYSTEM,SYSTEM,"Case initialized for SUBSCRIPTION_FAILURE amount ₹4,999.00","{""amount_at_risk"": 4999.0, ""score"": 64, ""policy"": ""HUMAN""}",2026-08-26T22:16:04.108495
AUD-85cecc60,CASE-2655,CASE_CREATED,SYSTEM,SYSTEM,"Case initialized for SUBSCRIPTION_FAILURE amount ₹8,999.00","{""amount_at_risk"": 8999.0, ""score"": 51, ""policy"": ""HUMAN""}",2026-08-27T16:16:04.108495
AUD-c375e0ef,CASE-2656,CASE_CREATED,SYSTEM,SYSTEM,Case initialized for SUBSCRIPTION_FAILURE amount ₹999.00,"{""amount_at_risk"": 999.0, ""score"": 57, ""policy"": ""HUMAN""}",2026-08-27T21:16:04.108495
AUD-2688f7e4,CASE-2657,CASE_CREATED,SYSTEM,SYSTEM,"Case initialized for SUBSCRIPTION_FAILURE amount ₹4,999.00","{""amount_at_risk"": 4999.0, ""score"": 68, ""policy"": ""HUMAN""}",2026-08-27T17:16:04.108495
AUD-a90a08bb,CASE-2658,CASE_CREATED,SYSTEM,SYSTEM,"Case initialized for SUBSCRIPTION_FAILURE amount ₹1,999.00","{""amount_at_risk"": 1999.0, ""score"": 47, ""policy"": ""HUMAN""}",2026-08-28T07:16:04.108495
AUD-ebefb45f,CASE-2659,CASE_CREATED,SYSTEM,SYSTEM,"Case initialized for SUBSCRIPTION_FAILURE amount ₹8,999.00","{""amount_at_risk"": 8999.0, ""score"": 72, ""policy"": ""HUMAN""}",2026-08-28T03:16:04.108495
AUD-f5d81d56,CASE-2660,CASE_CREATED,SYSTEM,SYSTEM,"Case initialized for SUBSCRIPTION_FAILURE amount ₹1,999.00","{""amount_at_risk"": 1999.0, ""score"": 61, ""policy"": ""HUMAN""}",2026-08-28T03:16:04.108495
AUD-720a1c8e,CASE-2661,CASE_CREATED,SYSTEM,SYSTEM,Case initialized for SUBSCRIPTION_FAILURE amount ₹999.00,"{""amount_at_risk"": 999.0, ""score"": 73, ""policy"": ""HUMAN""}",2026-08-28T10:16:04.108495
AUD-f1d3e695,CASE-2662,CASE_CREATED,SYSTEM,SYSTEM,"Case initialized for SUBSCRIPTION_FAILURE amount ₹8,999.00","{""amount_at_risk"": 8999.0, ""score"": 64, ""policy"": ""HUMAN""}",2026-08-27T17:16:04.108495
AUD-f5fdd375,CASE-2663,CASE_CREATED,SYSTEM,SYSTEM,Case initialized for SUBSCRIPTION_FAILURE amount ₹999.00,"{""amount_at_risk"": 999.0, ""score"": 83, ""policy"": ""AUTO""}",2026-08-28T10:16:04.108495
AUD-493e1961,CASE-2664,CASE_CREATED,SYSTEM,SYSTEM,Case initialized for SUBSCRIPTION_FAILURE amount ₹999.00,"{""amount_at_risk"": 999.0, ""score"": 73, ""policy"": ""HUMAN""}",2026-08-27T17:16:04.108495
AUD-d792b9bd,CASE-2665,CASE_CREATED,SYSTEM,SYSTEM,"Case initialized for SUBSCRIPTION_FAILURE amount ₹1,999.00","{""amount_at_risk"": 1999.0, ""score"": 60, ""policy"": ""HUMAN""}",2026-08-27T19:16:04.108495
AUD-5abdbe29,CASE-2666,CASE_CREATED,SYSTEM,SYSTEM,"Case initialized for SUBSCRIPTION_FAILURE amount ₹4,999.00","{""amount_at_risk"": 4999.0, ""score"": 68, ""policy"": ""HUMAN""}",2026-08-28T02:16:04.108495
AUD-b0d6b582,CASE-2667,CASE_CREATED,SYSTEM,SYSTEM,"Case initialized for SUBSCRIPTION_FAILURE amount ₹4,999.00","{""amount_at_risk"": 4999.0, ""score"": 47, ""policy"": ""HUMAN""}",2026-08-27T02:16:04.108495
AUD-f07f4e0b,CASE-2668,CASE_CREATED,SYSTEM,SYSTEM,"Case initialized for SUBSCRIPTION_FAILURE amount ₹4,999.00","{""amount_at_risk"": 4999.0, ""score"": 75, ""policy"": ""HUMAN""}",2026-08-26T15:16:04.108495
AUD-5d7471bf,CASE-2669,CASE_CREATED,SYSTEM,SYSTEM,"Case initialized for SUBSCRIPTION_FAILURE amount ₹4,999.00","{""amount_at_risk"": 4999.0, ""score"": 76, ""policy"": ""HUMAN""}",2026-08-27T17:16:04.108495
AUD-4d7e5af8,CASE-2670,CASE_CREATED,SYSTEM,SYSTEM,"Case initialized for SUBSCRIPTION_FAILURE amount ₹4,999.00","{""amount_at_risk"": 4999.0, ""score"": 74, ""policy"": ""HUMAN""}",2026-08-28T11:16:04.108495
AUD-75ab8049,CASE-2671,CASE_CREATED,SYSTEM,SYSTEM,"Case initialized for SUBSCRIPTION_FAILURE amount ₹8,999.00","{""amount_at_risk"": 8999.0, ""score"": 83, ""policy"": ""HUMAN""}",2026-08-28T09:16:04.108495
AUD-c08df2d5,CASE-2672,CASE_CREATED,SYSTEM,SYSTEM,Case initialized for SUBSCRIPTION_FAILURE amount ₹999.00,"{""amount_at_risk"": 999.0, ""score"": 67, ""policy"": ""HUMAN""}",2026-08-26T22:16:04.108495
AUD-e4a6ec58,CASE-2673,CASE_CREATED,SYSTEM,SYSTEM,"Case initialized for SUBSCRIPTION_FAILURE amount ₹8,999.00","{""amount_at_risk"": 8999.0, ""score"": 79, ""policy"": ""HUMAN""}",2026-08-28T00:16:04.108495
AUD-c7a29b7e,CASE-2674,CASE_CREATED,SYSTEM,SYSTEM,Case initialized for SUBSCRIPTION_FAILURE amount ₹999.00,"{""amount_at_risk"": 999.0, ""score"": 88, ""policy"": ""AUTO""}",2026-08-26T16:16:04.108495
AUD-ed786b7b,CASE-2675,CASE_CREATED,SYSTEM,SYSTEM,"Case initialized for SUBSCRIPTION_FAILURE amount ₹8,999.00","{""amount_at_risk"": 8999.0, ""score"": 46, ""policy"": ""HUMAN""}",2026-08-26T19:16:04.108495
AUD-2a177e05,CASE-2676,CASE_CREATED,SYSTEM,SYSTEM,"Case initialized for SUBSCRIPTION_FAILURE amount ₹8,999.00","{""amount_at_risk"": 8999.0, ""score"": 70, ""policy"": ""HUMAN""}",2026-08-26T21:16:04.108495
AUD-59b8d47d,CASE-2677,CASE_CREATED,SYSTEM,SYSTEM,"Case initialized for SUBSCRIPTION_FAILURE amount ₹4,999.00","{""amount_at_risk"": 4999.0, ""score"": 63, ""policy"": ""HUMAN""}",2026-08-26T18:16:04.108495
AUD-deb3db61,CASE-2678,CASE_CREATED,SYSTEM,SYSTEM,"Case initialized for SUBSCRIPTION_FAILURE amount ₹4,999.00","{""amount_at_risk"": 4999.0, ""score"": 60, ""policy"": ""HUMAN""}",2026-08-28T08:16:04.108495
AUD-6f3ac4db,CASE-2679,CASE_CREATED,SYSTEM,SYSTEM,"Case initialized for SUBSCRIPTION_FAILURE amount ₹8,999.00","{""amount_at_risk"": 8999.0, ""score"": 47, ""policy"": ""HUMAN""}",2026-08-28T02:16:04.108495
AUD-dc2940ab,CASE-2680,CASE_CREATED,SYSTEM,SYSTEM,"Case initialized for SUBSCRIPTION_FAILURE amount ₹4,999.00","{""amount_at_risk"": 4999.0, ""score"": 62, ""policy"": ""HUMAN""}",2026-08-28T06:16:04.108495
AUD-9b6de6db,CASE-2681,CASE_CREATED,SYSTEM,SYSTEM,"Case initialized for SUBSCRIPTION_FAILURE amount ₹8,999.00","{""amount_at_risk"": 8999.0, ""score"": 85, ""policy"": ""HUMAN""}",2026-08-26T19:16:04.108495
AUD-29528304,CASE-2682,CASE_CREATED,SYSTEM,SYSTEM,Case initialized for SUBSCRIPTION_FAILURE amount ₹999.00,"{""amount_at_risk"": 999.0, ""score"": 59, ""policy"": ""HUMAN""}",2026-08-26T23:16:04.108495
AUD-8a5674e0,CASE-2683,CASE_CREATED,SYSTEM,SYSTEM,"Case initialized for SUBSCRIPTION_FAILURE amount ₹8,999.00","{""amount_at_risk"": 8999.0, ""score"": 55, ""policy"": ""HUMAN""}",2026-08-27T12:16:04.108495
AUD-9a355c80,CASE-2684,CASE_CREATED,SYSTEM,SYSTEM,Case initialized for SUBSCRIPTION_FAILURE amount ₹999.00,"{""amount_at_risk"": 999.0, ""score"": 61, ""policy"": ""HUMAN""}",2026-08-27T00:16:04.108495
AUD-c96c6fac,CASE-2685,CASE_CREATED,SYSTEM,SYSTEM,"Case initialized for SUBSCRIPTION_FAILURE amount ₹4,999.00","{""amount_at_risk"": 4999.0, ""score"": 74, ""policy"": ""HUMAN""}",2026-08-26T18:16:04.108495
AUD-0eeb355a,CASE-2686,CASE_CREATED,SYSTEM,SYSTEM,Case initialized for SUBSCRIPTION_FAILURE amount ₹999.00,"{""amount_at_risk"": 999.0, ""score"": 87, ""policy"": ""AUTO""}",2026-08-26T23:16:04.108495
AUD-3eac9bc4,CASE-2687,CASE_CREATED,SYSTEM,SYSTEM,"Case initialized for SUBSCRIPTION_FAILURE amount ₹8,999.00","{""amount_at_risk"": 8999.0, ""score"": 60, ""policy"": ""HUMAN""}",2026-08-28T01:16:04.108495
AUD-090c0ccb,CASE-2688,CASE_CREATED,SYSTEM,SYSTEM,"Case initialized for SUBSCRIPTION_FAILURE amount ₹4,999.00","{""amount_at_risk"": 4999.0, ""score"": 65, ""policy"": ""HUMAN""}",2026-08-26T22:16:04.108495
AUD-41f6c007,CASE-2689,CASE_CREATED,SYSTEM,SYSTEM,"Case initialized for SUBSCRIPTION_FAILURE amount ₹8,999.00","{""amount_at_risk"": 8999.0, ""score"": 60, ""policy"": ""HUMAN""}",2026-08-27T23:16:04.114846
AUD-24f9d603,CASE-2690,CASE_CREATED,SYSTEM,SYSTEM,"Case initialized for SUBSCRIPTION_FAILURE amount ₹1,999.00","{""amount_at_risk"": 1999.0, ""score"": 77, ""policy"": ""HUMAN""}",2026-08-28T03:16:04.114846
AUD-c9a5de5c,CASE-2691,CASE_CREATED,SYSTEM,SYSTEM,"Case initialized for SUBSCRIPTION_FAILURE amount ₹8,999.00","{""amount_at_risk"": 8999.0, ""score"": 74, ""policy"": ""HUMAN""}",2026-08-27T00:16:04.115460
AUD-b8fd06e9,CASE-2692,CASE_CREATED,SYSTEM,SYSTEM,"Case initialized for SUBSCRIPTION_FAILURE amount ₹8,999.00","{""amount_at_risk"": 8999.0, ""score"": 52, ""policy"": ""HUMAN""}",2026-08-27T00:16:04.115460
AUD-955ece23,CASE-2693,CASE_CREATED,SYSTEM,SYSTEM,"Case initialized for SUBSCRIPTION_FAILURE amount ₹4,999.00","{""amount_at_risk"": 4999.0, ""score"": 67, ""policy"": ""HUMAN""}",2026-08-28T12:16:04.115460
AUD-3710dc98,CASE-2694,CASE_CREATED,SYSTEM,SYSTEM,"Case initialized for SUBSCRIPTION_FAILURE amount ₹8,999.00","{""amount_at_risk"": 8999.0, ""score"": 48, ""policy"": ""HUMAN""}",2026-08-27T01:16:04.115460
AUD-ae542ca0,CASE-2695,CASE_CREATED,SYSTEM,SYSTEM,Case initialized for SUBSCRIPTION_FAILURE amount ₹999.00,"{""amount_at_risk"": 999.0, ""score"": 40, ""policy"": ""HUMAN""}",2026-08-27T18:16:04.115460
AUD-da965415,CASE-2696,CASE_CREATED,SYSTEM,SYSTEM,Case initialized for SUBSCRIPTION_FAILURE amount ₹999.00,"{""amount_at_risk"": 999.0, ""score"": 55, ""policy"": ""HUMAN""}",2026-08-27T16:16:04.115460
AUD-7185ad70,CASE-2697,CASE_CREATED,SYSTEM,SYSTEM,"Case initialized for SUBSCRIPTION_FAILURE amount ₹8,999.00","{""amount_at_risk"": 8999.0, ""score"": 65, ""policy"": ""HUMAN""}",2026-08-27T23:16:04.115460
AUD-b8eb08f4,CASE-2698,CASE_CREATED,SYSTEM,SYSTEM,"Case initialized for SUBSCRIPTION_FAILURE amount ₹1,999.00","{""amount_at_risk"": 1999.0, ""score"": 70, ""policy"": ""HUMAN""}",2026-08-27T12:16:04.115460
AUD-25263851,CASE-2699,CASE_CREATED,SYSTEM,SYSTEM,"Case initialized for SUBSCRIPTION_FAILURE amount ₹4,999.00","{""amount_at_risk"": 4999.0, ""score"": 66, ""policy"": ""HUMAN""}",2026-08-28T04:16:04.115460
AUD-b646c717,CASE-2700,CASE_CREATED,SYSTEM,SYSTEM,"Case initialized for SUBSCRIPTION_FAILURE amount ₹1,999.00","{""amount_at_risk"": 1999.0, ""score"": 40, ""policy"": ""HUMAN""}",2026-08-26T14:16:04.115460
AUD-b574e188,CASE-2701,CASE_CREATED,SYSTEM,SYSTEM,"Case initialized for SUBSCRIPTION_FAILURE amount ₹8,999.00","{""amount_at_risk"": 8999.0, ""score"": 82, ""policy"": ""HUMAN""}",2026-08-28T04:16:04.115460
AUD-62b03c77,CASE-2702,CASE_CREATED,SYSTEM,SYSTEM,"Case initialized for SUBSCRIPTION_FAILURE amount ₹8,999.00","{""amount_at_risk"": 8999.0, ""score"": 69, ""policy"": ""HUMAN""}",2026-08-27T04:16:04.115460
AUD-ccfd9837,CASE-2703,CASE_CREATED,SYSTEM,SYSTEM,"Case initialized for SUBSCRIPTION_FAILURE amount ₹8,999.00","{""amount_at_risk"": 8999.0, ""score"": 75, ""policy"": ""HUMAN""}",2026-08-27T22:16:04.115460
AUD-fb3bf4f1,CASE-2704,CASE_CREATED,SYSTEM,SYSTEM,"Case initialized for SUBSCRIPTION_FAILURE amount ₹1,999.00","{""amount_at_risk"": 1999.0, ""score"": 67, ""policy"": ""HUMAN""}",2026-08-27T21:16:04.115460
AUD-0aef895a,CASE-2705,CASE_CREATED,SYSTEM,SYSTEM,"Case initialized for SUBSCRIPTION_FAILURE amount ₹4,999.00","{""amount_at_risk"": 4999.0, ""score"": 66, ""policy"": ""HUMAN""}",2026-08-28T10:16:04.115460
AUD-cb8eea55,CASE-2706,CASE_CREATED,SYSTEM,SYSTEM,"Case initialized for SUBSCRIPTION_FAILURE amount ₹8,999.00","{""amount_at_risk"": 8999.0, ""score"": 85, ""policy"": ""HUMAN""}",2026-08-27T06:16:04.115460
AUD-39977353,CASE-2707,CASE_CREATED,SYSTEM,SYSTEM,Case initialized for SUBSCRIPTION_FAILURE amount ₹999.00,"{""amount_at_risk"": 999.0, ""score"": 49, ""policy"": ""HUMAN""}",2026-08-27T03:16:04.115460
AUD-f9ba63d6,CASE-2708,CASE_CREATED,SYSTEM,SYSTEM,Case initialized for SUBSCRIPTION_FAILURE amount ₹999.00,"{""amount_at_risk"": 999.0, ""score"": 73, ""policy"": ""HUMAN""}",2026-08-26T20:16:04.115460
AUD-9aec811a,CASE-2709,CASE_CREATED,SYSTEM,SYSTEM,Case initialized for SUBSCRIPTION_FAILURE amount ₹999.00,"{""amount_at_risk"": 999.0, ""score"": 83, ""policy"": ""AUTO""}",2026-08-28T09:16:04.115460
AUD-4353d75b,CASE-2710,CASE_CREATED,SYSTEM,SYSTEM,"Case initialized for SUBSCRIPTION_FAILURE amount ₹4,999.00","{""amount_at_risk"": 4999.0, ""score"": 74, ""policy"": ""HUMAN""}",2026-08-27T04:16:04.115460
AUD-e96c1b74,CASE-2711,CASE_CREATED,SYSTEM,SYSTEM,"Case initialized for SUBSCRIPTION_FAILURE amount ₹8,999.00","{""amount_at_risk"": 8999.0, ""score"": 76, ""policy"": ""HUMAN""}",2026-08-27T18:16:04.115460
AUD-7c7f09ee,CASE-2712,CASE_CREATED,SYSTEM,SYSTEM,"Case initialized for SUBSCRIPTION_FAILURE amount ₹4,999.00","{""amount_at_risk"": 4999.0, ""score"": 50, ""policy"": ""HUMAN""}",2026-08-27T00:16:04.115460
AUD-fe26d619,CASE-2713,CASE_CREATED,SYSTEM,SYSTEM,"Case initialized for SUBSCRIPTION_FAILURE amount ₹4,999.00","{""amount_at_risk"": 4999.0, ""score"": 43, ""policy"": ""HUMAN""}",2026-08-28T09:16:04.115460
AUD-d7cf6151,CASE-2714,CASE_CREATED,SYSTEM,SYSTEM,"Case initialized for SUBSCRIPTION_FAILURE amount ₹4,999.00","{""amount_at_risk"": 4999.0, ""score"": 87, ""policy"": ""AUTO""}",2026-08-28T07:16:04.115460
AUD-7f5d7b02,CASE-2715,CASE_CREATED,SYSTEM,SYSTEM,"Case initialized for SUBSCRIPTION_FAILURE amount ₹1,999.00","{""amount_at_risk"": 1999.0, ""score"": 72, ""policy"": ""HUMAN""}",2026-08-28T04:16:04.115460
AUD-4946a328,CASE-2716,CASE_CREATED,SYSTEM,SYSTEM,"Case initialized for SUBSCRIPTION_FAILURE amount ₹4,999.00","{""amount_at_risk"": 4999.0, ""score"": 57, ""policy"": ""HUMAN""}",2026-08-28T05:16:04.115460
AUD-d1d90aa4,CASE-2717,CASE_CREATED,SYSTEM,SYSTEM,"Case initialized for SUBSCRIPTION_FAILURE amount ₹1,999.00","{""amount_at_risk"": 1999.0, ""score"": 77, ""policy"": ""HUMAN""}",2026-08-28T01:16:04.115460
AUD-beb47b29,CASE-2718,CASE_CREATED,SYSTEM,SYSTEM,"Case initialized for SUBSCRIPTION_FAILURE amount ₹4,999.00","{""amount_at_risk"": 4999.0, ""score"": 84, ""policy"": ""AUTO""}",2026-08-27T03:16:04.115460
AUD-d219770e,CASE-2719,CASE_CREATED,SYSTEM,SYSTEM,Case initialized for SUBSCRIPTION_FAILURE amount ₹999.00,"{""amount_at_risk"": 999.0, ""score"": 61, ""policy"": ""HUMAN""}",2026-08-28T03:16:04.115460
AUD-3f58c4d5,CASE-2720,CASE_CREATED,SYSTEM,SYSTEM,"Case initialized for SUBSCRIPTION_FAILURE amount ₹8,999.00","{""amount_at_risk"": 8999.0, ""score"": 88, ""policy"": ""HUMAN""}",2026-08-26T18:16:04.115460
AUD-02a18103,CASE-2721,CASE_CREATED,SYSTEM,SYSTEM,"Case initialized for SUBSCRIPTION_FAILURE amount ₹8,999.00","{""amount_at_risk"": 8999.0, ""score"": 86, ""policy"": ""HUMAN""}",2026-08-26T14:16:04.115460
AUD-66e36612,CASE-2722,CASE_CREATED,SYSTEM,SYSTEM,"Case initialized for SUBSCRIPTION_FAILURE amount ₹4,999.00","{""amount_at_risk"": 4999.0, ""score"": 43, ""policy"": ""HUMAN""}",2026-08-28T02:16:04.115460
AUD-7a99f706,CASE-2723,CASE_CREATED,SYSTEM,SYSTEM,"Case initialized for SUBSCRIPTION_FAILURE amount ₹8,999.00","{""amount_at_risk"": 8999.0, ""score"": 65, ""policy"": ""HUMAN""}",2026-08-26T13:16:04.115460
AUD-af14ba75,CASE-2724,CASE_CREATED,SYSTEM,SYSTEM,"Case initialized for SUBSCRIPTION_FAILURE amount ₹1,999.00","{""amount_at_risk"": 1999.0, ""score"": 64, ""policy"": ""HUMAN""}",2026-08-28T03:16:04.115460
AUD-14506eed,CASE-2725,CASE_CREATED,SYSTEM,SYSTEM,"Case initialized for SUBSCRIPTION_FAILURE amount ₹8,999.00","{""amount_at_risk"": 8999.0, ""score"": 40, ""policy"": ""HUMAN""}",2026-08-26T17:16:04.115460
AUD-cfb42057,CASE-2726,CASE_CREATED,SYSTEM,SYSTEM,"Case initialized for SUBSCRIPTION_FAILURE amount ₹4,999.00","{""amount_at_risk"": 4999.0, ""score"": 73, ""policy"": ""HUMAN""}",2026-08-26T20:16:04.115460
AUD-2aa418d7,CASE-2727,CASE_CREATED,SYSTEM,SYSTEM,"Case initialized for SUBSCRIPTION_FAILURE amount ₹4,999.00","{""amount_at_risk"": 4999.0, ""score"": 67, ""policy"": ""HUMAN""}",2026-08-27T19:16:04.115460
AUD-b8f2e1f0,CASE-2728,CASE_CREATED,SYSTEM,SYSTEM,Case initialized for SUBSCRIPTION_FAILURE amount ₹999.00,"{""amount_at_risk"": 999.0, ""score"": 56, ""policy"": ""HUMAN""}",2026-08-26T17:16:04.115460
AUD-0cc9d516,CASE-2729,CASE_CREATED,SYSTEM,SYSTEM,"Case initialized for SUBSCRIPTION_FAILURE amount ₹1,999.00","{""amount_at_risk"": 1999.0, ""score"": 86, ""policy"": ""AUTO""}",2026-08-26T16:16:04.115460
AUD-64cb39f1,CASE-2730,CASE_CREATED,SYSTEM,SYSTEM,"Case initialized for SUBSCRIPTION_FAILURE amount ₹1,999.00","{""amount_at_risk"": 1999.0, ""score"": 60, ""policy"": ""HUMAN""}",2026-08-28T12:16:04.115460
AUD-ca639ab5,CASE-2731,CASE_CREATED,SYSTEM,SYSTEM,Case initialized for SUBSCRIPTION_FAILURE amount ₹999.00,"{""amount_at_risk"": 999.0, ""score"": 40, ""policy"": ""HUMAN""}",2026-08-28T06:16:04.115460
AUD-ea0e1a0c,CASE-2732,CASE_CREATED,SYSTEM,SYSTEM,"Case initialized for SUBSCRIPTION_FAILURE amount ₹8,999.00","{""amount_at_risk"": 8999.0, ""score"": 62, ""policy"": ""HUMAN""}",2026-08-28T00:16:04.115460
AUD-dbdf2e9e,CASE-2733,CASE_CREATED,SYSTEM,SYSTEM,Case initialized for SUBSCRIPTION_FAILURE amount ₹999.00,"{""amount_at_risk"": 999.0, ""score"": 41, ""policy"": ""HUMAN""}",2026-08-26T18:16:04.115460
AUD-5ff7837d,CASE-2734,CASE_CREATED,SYSTEM,SYSTEM,"Case initialized for SUBSCRIPTION_FAILURE amount ₹1,999.00","{""amount_at_risk"": 1999.0, ""score"": 78, ""policy"": ""HUMAN""}",2026-08-26T22:16:04.115460
AUD-1da2797e,CASE-2735,CASE_CREATED,SYSTEM,SYSTEM,"Case initialized for SUBSCRIPTION_FAILURE amount ₹1,999.00","{""amount_at_risk"": 1999.0, ""score"": 64, ""policy"": ""HUMAN""}",2026-08-26T16:16:04.115460
AUD-ab2ee2df,CASE-2736,CASE_CREATED,SYSTEM,SYSTEM,"Case initialized for SUBSCRIPTION_FAILURE amount ₹1,999.00","{""amount_at_risk"": 1999.0, ""score"": 56, ""policy"": ""HUMAN""}",2026-08-28T08:16:04.115460
AUD-4805ea5f,CASE-2737,CASE_CREATED,SYSTEM,SYSTEM,"Case initialized for SUBSCRIPTION_FAILURE amount ₹8,999.00","{""amount_at_risk"": 8999.0, ""score"": 57, ""policy"": ""HUMAN""}",2026-08-28T02:16:04.115460
AUD-f8a7139c,CASE-2738,CASE_CREATED,SYSTEM,SYSTEM,Case initialized for SUBSCRIPTION_FAILURE amount ₹999.00,"{""amount_at_risk"": 999.0, ""score"": 57, ""policy"": ""HUMAN""}",2026-08-27T15:16:04.115460
AUD-dc3280e0,CASE-2739,CASE_CREATED,SYSTEM,SYSTEM,Case initialized for SUBSCRIPTION_FAILURE amount ₹999.00,"{""amount_at_risk"": 999.0, ""score"": 56, ""policy"": ""HUMAN""}",2026-08-28T08:16:04.125265
AUD-cc48e8e1,CASE-2740,CASE_CREATED,SYSTEM,SYSTEM,"Case initialized for SUBSCRIPTION_FAILURE amount ₹8,999.00","{""amount_at_risk"": 8999.0, ""score"": 52, ""policy"": ""HUMAN""}",2026-08-27T05:16:04.125265
AUD-2bc5e2f0,CASE-2741,CASE_CREATED,SYSTEM,SYSTEM,Case initialized for SUBSCRIPTION_FAILURE amount ₹999.00,"{""amount_at_risk"": 999.0, ""score"": 49, ""policy"": ""HUMAN""}",2026-08-26T21:16:04.125265
AUD-eba673d4,CASE-2742,CASE_CREATED,SYSTEM,SYSTEM,Case initialized for SUBSCRIPTION_FAILURE amount ₹999.00,"{""amount_at_risk"": 999.0, ""score"": 68, ""policy"": ""HUMAN""}",2026-08-28T08:16:04.125265
AUD-62a7f7de,CASE-2743,CASE_CREATED,SYSTEM,SYSTEM,Case initialized for SUBSCRIPTION_FAILURE amount ₹999.00,"{""amount_at_risk"": 999.0, ""score"": 76, ""policy"": ""HUMAN""}",2026-08-27T05:16:04.125265
AUD-043bdf5e,CASE-2744,CASE_CREATED,SYSTEM,SYSTEM,"Case initialized for SUBSCRIPTION_FAILURE amount ₹1,999.00","{""amount_at_risk"": 1999.0, ""score"": 81, ""policy"": ""AUTO""}",2026-08-27T12:16:04.125265
AUD-026793ed,CASE-2745,CASE_CREATED,SYSTEM,SYSTEM,"Case initialized for SUBSCRIPTION_FAILURE amount ₹4,999.00","{""amount_at_risk"": 4999.0, ""score"": 49, ""policy"": ""HUMAN""}",2026-08-28T12:16:04.125265
AUD-f847a61b,CASE-2746,CASE_CREATED,SYSTEM,SYSTEM,"Case initialized for SUBSCRIPTION_FAILURE amount ₹8,999.00","{""amount_at_risk"": 8999.0, ""score"": 70, ""policy"": ""HUMAN""}",2026-08-28T08:16:04.125265
AUD-3ea524a8,CASE-2747,CASE_CREATED,SYSTEM,SYSTEM,"Case initialized for SUBSCRIPTION_FAILURE amount ₹1,999.00","{""amount_at_risk"": 1999.0, ""score"": 40, ""policy"": ""HUMAN""}",2026-08-27T00:16:04.125265
AUD-8776eb23,CASE-2748,CASE_CREATED,SYSTEM,SYSTEM,"Case initialized for SUBSCRIPTION_FAILURE amount ₹4,999.00","{""amount_at_risk"": 4999.0, ""score"": 61, ""policy"": ""HUMAN""}",2026-08-26T20:16:04.125265
AUD-05ede319,CASE-2749,CASE_CREATED,SYSTEM,SYSTEM,Case initialized for SUBSCRIPTION_FAILURE amount ₹999.00,"{""amount_at_risk"": 999.0, ""score"": 63, ""policy"": ""HUMAN""}",2026-08-27T07:16:04.126426
AUD-6a2069bc,CASE-2750,CASE_CREATED,SYSTEM,SYSTEM,"Case initialized for SUBSCRIPTION_FAILURE amount ₹4,999.00","{""amount_at_risk"": 4999.0, ""score"": 81, ""policy"": ""AUTO""}",2026-08-28T10:16:04.126426
AUD-8a9c6efa,CASE-2751,CASE_CREATED,SYSTEM,SYSTEM,"Case initialized for SUBSCRIPTION_FAILURE amount ₹8,999.00","{""amount_at_risk"": 8999.0, ""score"": 82, ""policy"": ""HUMAN""}",2026-08-27T12:16:04.126426
AUD-a8ba8f68,CASE-2752,CASE_CREATED,SYSTEM,SYSTEM,Case initialized for SUBSCRIPTION_FAILURE amount ₹999.00,"{""amount_at_risk"": 999.0, ""score"": 80, ""policy"": ""AUTO""}",2026-08-26T20:16:04.126426
AUD-aa0a5994,CASE-2753,CASE_CREATED,SYSTEM,SYSTEM,"Case initialized for SUBSCRIPTION_FAILURE amount ₹8,999.00","{""amount_at_risk"": 8999.0, ""score"": 87, ""policy"": ""HUMAN""}",2026-08-28T00:16:04.126426
AUD-a9dac388,CASE-2754,CASE_CREATED,SYSTEM,SYSTEM,Case initialized for SUBSCRIPTION_FAILURE amount ₹999.00,"{""amount_at_risk"": 999.0, ""score"": 86, ""policy"": ""AUTO""}",2026-08-28T08:16:04.126426
AUD-aeaade6d,CASE-2755,CASE_CREATED,SYSTEM,SYSTEM,"Case initialized for SUBSCRIPTION_FAILURE amount ₹4,999.00","{""amount_at_risk"": 4999.0, ""score"": 71, ""policy"": ""HUMAN""}",2026-08-28T10:16:04.126426
AUD-72ba4331,CASE-2756,CASE_CREATED,SYSTEM,SYSTEM,"Case initialized for SUBSCRIPTION_FAILURE amount ₹4,999.00","{""amount_at_risk"": 4999.0, ""score"": 43, ""policy"": ""HUMAN""}",2026-08-28T05:16:04.126426
AUD-d2a5775f,CASE-2757,CASE_CREATED,SYSTEM,SYSTEM,"Case initialized for SUBSCRIPTION_FAILURE amount ₹1,999.00","{""amount_at_risk"": 1999.0, ""score"": 81, ""policy"": ""AUTO""}",2026-08-27T02:16:04.126426
AUD-25cee7ea,CASE-2758,CASE_CREATED,SYSTEM,SYSTEM,"Case initialized for SUBSCRIPTION_FAILURE amount ₹1,999.00","{""amount_at_risk"": 1999.0, ""score"": 87, ""policy"": ""AUTO""}",2026-08-28T10:16:04.126426
AUD-6feca013,CASE-2759,CASE_CREATED,SYSTEM,SYSTEM,"Case initialized for SUBSCRIPTION_FAILURE amount ₹1,999.00","{""amount_at_risk"": 1999.0, ""score"": 71, ""policy"": ""HUMAN""}",2026-08-28T10:16:04.126426
AUD-02e805c5,CASE-2760,CASE_CREATED,SYSTEM,SYSTEM,"Case initialized for SUBSCRIPTION_FAILURE amount ₹1,999.00","{""amount_at_risk"": 1999.0, ""score"": 84, ""policy"": ""AUTO""}",2026-08-26T20:16:04.126426
AUD-f8bfb967,CASE-2761,CASE_CREATED,SYSTEM,SYSTEM,Case initialized for SUBSCRIPTION_FAILURE amount ₹999.00,"{""amount_at_risk"": 999.0, ""score"": 59, ""policy"": ""HUMAN""}",2026-08-28T02:16:04.126426
AUD-2fb413fb,CASE-2762,CASE_CREATED,SYSTEM,SYSTEM,Case initialized for SUBSCRIPTION_FAILURE amount ₹999.00,"{""amount_at_risk"": 999.0, ""score"": 46, ""policy"": ""HUMAN""}",2026-08-26T21:16:04.126426
AUD-19a39e1a,CASE-2763,CASE_CREATED,SYSTEM,SYSTEM,"Case initialized for SUBSCRIPTION_FAILURE amount ₹1,999.00","{""amount_at_risk"": 1999.0, ""score"": 44, ""policy"": ""HUMAN""}",2026-08-26T13:16:04.126426
AUD-eb089083,CASE-2764,CASE_CREATED,SYSTEM,SYSTEM,"Case initialized for SUBSCRIPTION_FAILURE amount ₹8,999.00","{""amount_at_risk"": 8999.0, ""score"": 60, ""policy"": ""HUMAN""}",2026-08-27T23:16:04.128436
AUD-86f5b3d2,CASE-2765,CASE_CREATED,SYSTEM,SYSTEM,Case initialized for SUBSCRIPTION_FAILURE amount ₹999.00,"{""amount_at_risk"": 999.0, ""score"": 77, ""policy"": ""HUMAN""}",2026-08-28T05:16:04.128436
AUD-c52c5478,CASE-2766,CASE_CREATED,SYSTEM,SYSTEM,"Case initialized for SUBSCRIPTION_FAILURE amount ₹4,999.00","{""amount_at_risk"": 4999.0, ""score"": 49, ""policy"": ""HUMAN""}",2026-08-27T13:16:04.128436
AUD-b4b8b293,CASE-2767,CASE_CREATED,SYSTEM,SYSTEM,"Case initialized for SUBSCRIPTION_FAILURE amount ₹1,999.00","{""amount_at_risk"": 1999.0, ""score"": 68, ""policy"": ""HUMAN""}",2026-08-28T06:16:04.128436
AUD-3e314ff2,CASE-2768,CASE_CREATED,SYSTEM,SYSTEM,"Case initialized for SUBSCRIPTION_FAILURE amount ₹8,999.00","{""amount_at_risk"": 8999.0, ""score"": 50, ""policy"": ""HUMAN""}",2026-08-28T12:16:04.128436
AUD-978e4156,CASE-2769,CASE_CREATED,SYSTEM,SYSTEM,Case initialized for SUBSCRIPTION_FAILURE amount ₹999.00,"{""amount_at_risk"": 999.0, ""score"": 51, ""policy"": ""HUMAN""}",2026-08-26T16:16:04.128436
AUD-9aef1592,CASE-2770,CASE_CREATED,SYSTEM,SYSTEM,"Case initialized for SUBSCRIPTION_FAILURE amount ₹8,999.00","{""amount_at_risk"": 8999.0, ""score"": 84, ""policy"": ""HUMAN""}",2026-08-26T20:16:04.128436
AUD-476e99b3,CASE-2771,CASE_CREATED,SYSTEM,SYSTEM,"Case initialized for SUBSCRIPTION_FAILURE amount ₹4,999.00","{""amount_at_risk"": 4999.0, ""score"": 73, ""policy"": ""HUMAN""}",2026-08-28T01:16:04.128436
AUD-6999d533,CASE-2772,CASE_CREATED,SYSTEM,SYSTEM,Case initialized for SUBSCRIPTION_FAILURE amount ₹999.00,"{""amount_at_risk"": 999.0, ""score"": 78, ""policy"": ""HUMAN""}",2026-08-28T07:16:04.128436
AUD-6a5418d5,CASE-2773,CASE_CREATED,SYSTEM,SYSTEM,"Case initialized for SUBSCRIPTION_FAILURE amount ₹4,999.00","{""amount_at_risk"": 4999.0, ""score"": 62, ""policy"": ""HUMAN""}",2026-08-27T21:16:04.128436
AUD-9891be75,CASE-2774,CASE_CREATED,SYSTEM,SYSTEM,"Case initialized for SUBSCRIPTION_FAILURE amount ₹1,999.00","{""amount_at_risk"": 1999.0, ""score"": 47, ""policy"": ""HUMAN""}",2026-08-27T13:16:04.128436
AUD-205bc7bb,CASE-2775,CASE_CREATED,SYSTEM,SYSTEM,"Case initialized for SUBSCRIPTION_FAILURE amount ₹1,999.00","{""amount_at_risk"": 1999.0, ""score"": 69, ""policy"": ""HUMAN""}",2026-08-28T00:16:04.128436
AUD-c85f2a36,CASE-2776,CASE_CREATED,SYSTEM,SYSTEM,Case initialized for SUBSCRIPTION_FAILURE amount ₹999.00,"{""amount_at_risk"": 999.0, ""score"": 49, ""policy"": ""HUMAN""}",2026-08-28T02:16:04.128436
AUD-621f1fc5,CASE-2777,CASE_CREATED,SYSTEM,SYSTEM,Case initialized for SUBSCRIPTION_FAILURE amount ₹999.00,"{""amount_at_risk"": 999.0, ""score"": 43, ""policy"": ""HUMAN""}",2026-08-27T09:16:04.128436
AUD-4a8219d4,CASE-2778,CASE_CREATED,SYSTEM,SYSTEM,"Case initialized for SUBSCRIPTION_FAILURE amount ₹4,999.00","{""amount_at_risk"": 4999.0, ""score"": 61, ""policy"": ""HUMAN""}",2026-08-26T13:16:04.128436
AUD-5074cbd3,CASE-2779,CASE_CREATED,SYSTEM,SYSTEM,Case initialized for SUBSCRIPTION_FAILURE amount ₹999.00,"{""amount_at_risk"": 999.0, ""score"": 74, ""policy"": ""HUMAN""}",2026-08-27T05:16:04.128436
AUD-ebce930a,CASE-2780,CASE_CREATED,SYSTEM,SYSTEM,Case initialized for SUBSCRIPTION_FAILURE amount ₹999.00,"{""amount_at_risk"": 999.0, ""score"": 44, ""policy"": ""HUMAN""}",2026-08-26T23:16:04.128436
AUD-80a652e6,CASE-2781,CASE_CREATED,SYSTEM,SYSTEM,"Case initialized for SUBSCRIPTION_FAILURE amount ₹4,999.00","{""amount_at_risk"": 4999.0, ""score"": 66, ""policy"": ""HUMAN""}",2026-08-28T05:16:04.130466
AUD-3320d7be,CASE-2782,CASE_CREATED,SYSTEM,SYSTEM,"Case initialized for SUBSCRIPTION_FAILURE amount ₹4,999.00","{""amount_at_risk"": 4999.0, ""score"": 54, ""policy"": ""HUMAN""}",2026-08-27T10:16:04.130466
AUD-a7b734f0,CASE-2783,CASE_CREATED,SYSTEM,SYSTEM,"Case initialized for SUBSCRIPTION_FAILURE amount ₹1,999.00","{""amount_at_risk"": 1999.0, ""score"": 64, ""policy"": ""HUMAN""}",2026-08-26T23:16:04.130466
AUD-8350d389,CASE-2784,CASE_CREATED,SYSTEM,SYSTEM,"Case initialized for SUBSCRIPTION_FAILURE amount ₹8,999.00","{""amount_at_risk"": 8999.0, ""score"": 43, ""policy"": ""HUMAN""}",2026-08-26T21:16:04.130466
AUD-1df89ea7,CASE-2785,CASE_CREATED,SYSTEM,SYSTEM,"Case initialized for SUBSCRIPTION_FAILURE amount ₹8,999.00","{""amount_at_risk"": 8999.0, ""score"": 51, ""policy"": ""HUMAN""}",2026-08-27T07:16:04.130466
AUD-89b16f39,CASE-2786,CASE_CREATED,SYSTEM,SYSTEM,"Case initialized for SUBSCRIPTION_FAILURE amount ₹1,999.00","{""amount_at_risk"": 1999.0, ""score"": 80, ""policy"": ""AUTO""}",2026-08-27T15:16:04.130466
AUD-f96f009c,CASE-2787,CASE_CREATED,SYSTEM,SYSTEM,"Case initialized for SUBSCRIPTION_FAILURE amount ₹1,999.00","{""amount_at_risk"": 1999.0, ""score"": 42, ""policy"": ""HUMAN""}",2026-08-28T04:16:04.130466
AUD-2b898fd0,CASE-2788,CASE_CREATED,SYSTEM,SYSTEM,Case initialized for SUBSCRIPTION_FAILURE amount ₹999.00,"{""amount_at_risk"": 999.0, ""score"": 69, ""policy"": ""HUMAN""}",2026-08-27T15:16:04.130466
AUD-3c6ddc6f,CASE-2789,CASE_CREATED,SYSTEM,SYSTEM,"Case initialized for SUBSCRIPTION_FAILURE amount ₹1,999.00","{""amount_at_risk"": 1999.0, ""score"": 58, ""policy"": ""HUMAN""}",2026-08-27T01:16:04.130466
AUD-10c44680,CASE-2790,CASE_CREATED,SYSTEM,SYSTEM,"Case initialized for SUBSCRIPTION_FAILURE amount ₹1,999.00","{""amount_at_risk"": 1999.0, ""score"": 45, ""policy"": ""HUMAN""}",2026-08-26T23:16:04.131474
AUD-7fa60b3a,CASE-2791,CASE_CREATED,SYSTEM,SYSTEM,"Case initialized for SUBSCRIPTION_FAILURE amount ₹8,999.00","{""amount_at_risk"": 8999.0, ""score"": 69, ""policy"": ""HUMAN""}",2026-08-27T09:16:04.131474
AUD-8a7b4af0,CASE-2792,CASE_CREATED,SYSTEM,SYSTEM,"Case initialized for SUBSCRIPTION_FAILURE amount ₹1,999.00","{""amount_at_risk"": 1999.0, ""score"": 55, ""policy"": ""HUMAN""}",2026-08-27T22:16:04.131474
AUD-854a94fa,CASE-2793,CASE_CREATED,SYSTEM,SYSTEM,"Case initialized for SUBSCRIPTION_FAILURE amount ₹1,999.00","{""amount_at_risk"": 1999.0, ""score"": 76, ""policy"": ""HUMAN""}",2026-08-28T10:16:04.131474
AUD-409a667c,CASE-2794,CASE_CREATED,SYSTEM,SYSTEM,"Case initialized for SUBSCRIPTION_FAILURE amount ₹8,999.00","{""amount_at_risk"": 8999.0, ""score"": 86, ""policy"": ""HUMAN""}",2026-08-27T03:16:04.131474
AUD-d339a411,CASE-2795,CASE_CREATED,SYSTEM,SYSTEM,"Case initialized for SUBSCRIPTION_FAILURE amount ₹8,999.00","{""amount_at_risk"": 8999.0, ""score"": 70, ""policy"": ""HUMAN""}",2026-08-27T21:16:04.131474
AUD-70dee178,CASE-2796,CASE_CREATED,SYSTEM,SYSTEM,Case initialized for SUBSCRIPTION_FAILURE amount ₹999.00,"{""amount_at_risk"": 999.0, ""score"": 75, ""policy"": ""HUMAN""}",2026-08-28T04:16:04.131474
AUD-c1c91ea1,CASE-2797,CASE_CREATED,SYSTEM,SYSTEM,"Case initialized for SUBSCRIPTION_FAILURE amount ₹4,999.00","{""amount_at_risk"": 4999.0, ""score"": 58, ""policy"": ""HUMAN""}",2026-08-27T06:16:04.131474
AUD-870f2d63,CASE-2798,CASE_CREATED,SYSTEM,SYSTEM,"Case initialized for SUBSCRIPTION_FAILURE amount ₹4,999.00","{""amount_at_risk"": 4999.0, ""score"": 50, ""policy"": ""HUMAN""}",2026-08-27T07:16:04.131474
AUD-74f3e8b3,CASE-2799,CASE_CREATED,SYSTEM,SYSTEM,"Case initialized for SUBSCRIPTION_FAILURE amount ₹1,999.00","{""amount_at_risk"": 1999.0, ""score"": 85, ""policy"": ""AUTO""}",2026-08-26T20:16:04.131474
AUD-e990e95c,CASE-2800,CASE_CREATED,SYSTEM,SYSTEM,"Case initialized for SUBSCRIPTION_FAILURE amount ₹8,999.00","{""amount_at_risk"": 8999.0, ""score"": 85, ""policy"": ""HUMAN""}",2026-08-26T16:16:04.131474
AUD-5749777c,CASE-2801,CASE_CREATED,SYSTEM,SYSTEM,"Case initialized for SUBSCRIPTION_FAILURE amount ₹4,999.00","{""amount_at_risk"": 4999.0, ""score"": 73, ""policy"": ""HUMAN""}",2026-08-27T19:16:04.131474
AUD-81ea7eb1,CASE-2802,CASE_CREATED,SYSTEM,SYSTEM,"Case initialized for SUBSCRIPTION_FAILURE amount ₹1,999.00","{""amount_at_risk"": 1999.0, ""score"": 83, ""policy"": ""AUTO""}",2026-08-28T09:16:04.131474
AUD-ed17a572,CASE-2803,CASE_CREATED,SYSTEM,SYSTEM,"Case initialized for SUBSCRIPTION_FAILURE amount ₹4,999.00","{""amount_at_risk"": 4999.0, ""score"": 43, ""policy"": ""HUMAN""}",2026-08-27T07:16:04.131474
AUD-3f0ad11a,CASE-2804,CASE_CREATED,SYSTEM,SYSTEM,Case initialized for SUBSCRIPTION_FAILURE amount ₹999.00,"{""amount_at_risk"": 999.0, ""score"": 63, ""policy"": ""HUMAN""}",2026-08-27T01:16:04.131474
AUD-9bdf605c,CASE-2805,CASE_CREATED,SYSTEM,SYSTEM,Case initialized for SUBSCRIPTION_FAILURE amount ₹999.00,"{""amount_at_risk"": 999.0, ""score"": 75, ""policy"": ""HUMAN""}",2026-08-27T21:16:04.131474
AUD-1d082aae,CASE-2806,CASE_CREATED,SYSTEM,SYSTEM,Case initialized for SUBSCRIPTION_FAILURE amount ₹999.00,"{""amount_at_risk"": 999.0, ""score"": 81, ""policy"": ""AUTO""}",2026-08-27T22:16:04.131474
AUD-02dbeb29,CASE-2807,CASE_CREATED,SYSTEM,SYSTEM,"Case initialized for SUBSCRIPTION_FAILURE amount ₹4,999.00","{""amount_at_risk"": 4999.0, ""score"": 62, ""policy"": ""HUMAN""}",2026-08-28T09:16:04.131474
AUD-6bd6417c,CASE-2808,CASE_CREATED,SYSTEM,SYSTEM,Case initialized for SUBSCRIPTION_FAILURE amount ₹999.00,"{""amount_at_risk"": 999.0, ""score"": 63, ""policy"": ""HUMAN""}",2026-08-27T04:16:04.131474
AUD-8c53bcc2,CASE-2809,CASE_CREATED,SYSTEM,SYSTEM,Case initialized for SUBSCRIPTION_FAILURE amount ₹999.00,"{""amount_at_risk"": 999.0, ""score"": 70, ""policy"": ""HUMAN""}",2026-08-26T21:16:04.131474
AUD-c9eaa41a,CASE-2810,CASE_CREATED,SYSTEM,SYSTEM,"Case initialized for SUBSCRIPTION_FAILURE amount ₹4,999.00","{""amount_at_risk"": 4999.0, ""score"": 83, ""policy"": ""AUTO""}",2026-08-28T07:16:04.131474
AUD-84d593dd,CASE-2811,CASE_CREATED,SYSTEM,SYSTEM,Case initialized for SUBSCRIPTION_FAILURE amount ₹999.00,"{""amount_at_risk"": 999.0, ""score"": 65, ""policy"": ""HUMAN""}",2026-08-28T06:16:04.131474
AUD-e6fd6e4b,CASE-2812,CASE_CREATED,SYSTEM,SYSTEM,"Case initialized for SUBSCRIPTION_FAILURE amount ₹1,999.00","{""amount_at_risk"": 1999.0, ""score"": 57, ""policy"": ""HUMAN""}",2026-08-28T03:16:04.131474
AUD-41c2bb1b,CASE-2813,CASE_CREATED,SYSTEM,SYSTEM,"Case initialized for SUBSCRIPTION_FAILURE amount ₹1,999.00","{""amount_at_risk"": 1999.0, ""score"": 73, ""policy"": ""HUMAN""}",2026-08-26T17:16:04.131474
AUD-744e906e,CASE-2814,CASE_CREATED,SYSTEM,SYSTEM,"Case initialized for SUBSCRIPTION_FAILURE amount ₹1,999.00","{""amount_at_risk"": 1999.0, ""score"": 70, ""policy"": ""HUMAN""}",2026-08-26T13:16:04.131474
AUD-6227b275,CASE-2815,CASE_CREATED,SYSTEM,SYSTEM,Case initialized for SUBSCRIPTION_FAILURE amount ₹999.00,"{""amount_at_risk"": 999.0, ""score"": 58, ""policy"": ""HUMAN""}",2026-08-27T22:16:04.131474
AUD-021213d0,CASE-2816,CASE_CREATED,SYSTEM,SYSTEM,"Case initialized for SUBSCRIPTION_FAILURE amount ₹4,999.00","{""amount_at_risk"": 4999.0, ""score"": 66, ""policy"": ""HUMAN""}",2026-08-26T19:16:04.131474
AUD-86ec8446,CASE-2817,CASE_CREATED,SYSTEM,SYSTEM,"Case initialized for SUBSCRIPTION_FAILURE amount ₹4,999.00","{""amount_at_risk"": 4999.0, ""score"": 71, ""policy"": ""HUMAN""}",2026-08-27T17:16:04.131474
AUD-637a46c0,CASE-2818,CASE_CREATED,SYSTEM,SYSTEM,"Case initialized for SUBSCRIPTION_FAILURE amount ₹1,999.00","{""amount_at_risk"": 1999.0, ""score"": 59, ""policy"": ""HUMAN""}",2026-08-27T06:16:04.131474
AUD-17fb088a,CASE-2819,CASE_CREATED,SYSTEM,SYSTEM,"Case initialized for SUBSCRIPTION_FAILURE amount ₹4,999.00","{""amount_at_risk"": 4999.0, ""score"": 58, ""policy"": ""HUMAN""}",2026-08-27T18:16:04.131474
AUD-f2dedf5f,CASE-2820,CASE_CREATED,SYSTEM,SYSTEM,"Case initialized for SUBSCRIPTION_FAILURE amount ₹8,999.00","{""amount_at_risk"": 8999.0, ""score"": 50, ""policy"": ""HUMAN""}",2026-08-28T01:16:04.135327
AUD-43ede7e3,CASE-2821,CASE_CREATED,SYSTEM,SYSTEM,"Case initialized for SUBSCRIPTION_FAILURE amount ₹1,999.00","{""amount_at_risk"": 1999.0, ""score"": 50, ""policy"": ""HUMAN""}",2026-08-27T16:16:04.135327
AUD-f9d3b090,CASE-2822,CASE_CREATED,SYSTEM,SYSTEM,"Case initialized for SUBSCRIPTION_FAILURE amount ₹1,999.00","{""amount_at_risk"": 1999.0, ""score"": 68, ""policy"": ""HUMAN""}",2026-08-27T23:16:04.135327
AUD-d50b3ba7,CASE-2823,CASE_CREATED,SYSTEM,SYSTEM,Case initialized for SUBSCRIPTION_FAILURE amount ₹999.00,"{""amount_at_risk"": 999.0, ""score"": 82, ""policy"": ""AUTO""}",2026-08-27T13:16:04.135327
AUD-189f82c8,CASE-2824,CASE_CREATED,SYSTEM,SYSTEM,"Case initialized for SUBSCRIPTION_FAILURE amount ₹8,999.00","{""amount_at_risk"": 8999.0, ""score"": 74, ""policy"": ""HUMAN""}",2026-08-28T11:16:04.135327
AUD-3ff2c91b,CASE-2825,CASE_CREATED,SYSTEM,SYSTEM,"Case initialized for SUBSCRIPTION_FAILURE amount ₹8,999.00","{""amount_at_risk"": 8999.0, ""score"": 71, ""policy"": ""HUMAN""}",2026-08-28T03:16:04.135327
AUD-c15cfe51,CASE-2826,CASE_CREATED,SYSTEM,SYSTEM,Case initialized for SUBSCRIPTION_FAILURE amount ₹999.00,"{""amount_at_risk"": 999.0, ""score"": 87, ""policy"": ""AUTO""}",2026-08-26T15:16:04.135327
AUD-856d0548,CASE-2827,CASE_CREATED,SYSTEM,SYSTEM,"Case initialized for SUBSCRIPTION_FAILURE amount ₹4,999.00","{""amount_at_risk"": 4999.0, ""score"": 70, ""policy"": ""HUMAN""}",2026-08-26T14:16:04.135327
AUD-0e9536b4,CASE-2828,CASE_CREATED,SYSTEM,SYSTEM,"Case initialized for SUBSCRIPTION_FAILURE amount ₹8,999.00","{""amount_at_risk"": 8999.0, ""score"": 61, ""policy"": ""HUMAN""}",2026-08-28T04:16:04.135327
AUD-0092f6a0,CASE-2829,CASE_CREATED,SYSTEM,SYSTEM,Case initialized for SUBSCRIPTION_FAILURE amount ₹999.00,"{""amount_at_risk"": 999.0, ""score"": 59, ""policy"": ""HUMAN""}",2026-08-27T22:16:04.135327
AUD-22d781d8,CASE-2830,CASE_CREATED,SYSTEM,SYSTEM,"Case initialized for SUBSCRIPTION_FAILURE amount ₹8,999.00","{""amount_at_risk"": 8999.0, ""score"": 62, ""policy"": ""HUMAN""}",2026-08-26T22:16:04.135327
AUD-4bc5866d,CASE-2831,CASE_CREATED,SYSTEM,SYSTEM,"Case initialized for SUBSCRIPTION_FAILURE amount ₹1,999.00","{""amount_at_risk"": 1999.0, ""score"": 77, ""policy"": ""HUMAN""}",2026-08-28T00:16:04.135327
AUD-d172da2b,CASE-2832,CASE_CREATED,SYSTEM,SYSTEM,Case initialized for SUBSCRIPTION_FAILURE amount ₹999.00,"{""amount_at_risk"": 999.0, ""score"": 45, ""policy"": ""HUMAN""}",2026-08-26T18:16:04.135327
AUD-b90238b3,CASE-2833,CASE_CREATED,SYSTEM,SYSTEM,Case initialized for SUBSCRIPTION_FAILURE amount ₹999.00,"{""amount_at_risk"": 999.0, ""score"": 72, ""policy"": ""HUMAN""}",2026-08-27T16:16:04.135327
AUD-6635c2f4,CASE-2834,CASE_CREATED,SYSTEM,SYSTEM,Case initialized for SUBSCRIPTION_FAILURE amount ₹999.00,"{""amount_at_risk"": 999.0, ""score"": 82, ""policy"": ""AUTO""}",2026-08-26T15:16:04.135327
AUD-e3a81e83,CASE-2835,CASE_CREATED,SYSTEM,SYSTEM,"Case initialized for SUBSCRIPTION_FAILURE amount ₹8,999.00","{""amount_at_risk"": 8999.0, ""score"": 63, ""policy"": ""HUMAN""}",2026-08-27T18:16:04.135327
AUD-aac23b5b,CASE-2836,CASE_CREATED,SYSTEM,SYSTEM,"Case initialized for SUBSCRIPTION_FAILURE amount ₹4,999.00","{""amount_at_risk"": 4999.0, ""score"": 62, ""policy"": ""HUMAN""}",2026-08-28T07:16:04.135327
AUD-dc985a42,CASE-2837,CASE_CREATED,SYSTEM,SYSTEM,"Case initialized for SUBSCRIPTION_FAILURE amount ₹1,999.00","{""amount_at_risk"": 1999.0, ""score"": 86, ""policy"": ""AUTO""}",2026-08-27T18:16:04.135327
AUD-d55ac362,CASE-2838,CASE_CREATED,SYSTEM,SYSTEM,"Case initialized for SUBSCRIPTION_FAILURE amount ₹1,999.00","{""amount_at_risk"": 1999.0, ""score"": 86, ""policy"": ""AUTO""}",2026-08-26T23:16:04.135327
AUD-6744e700,CASE-2839,CASE_CREATED,SYSTEM,SYSTEM,Case initialized for SUBSCRIPTION_FAILURE amount ₹999.00,"{""amount_at_risk"": 999.0, ""score"": 49, ""policy"": ""HUMAN""}",2026-08-27T03:16:04.135327
AUD-9f866c17,CASE-2840,CASE_CREATED,SYSTEM,SYSTEM,"Case initialized for SUBSCRIPTION_FAILURE amount ₹4,999.00","{""amount_at_risk"": 4999.0, ""score"": 44, ""policy"": ""HUMAN""}",2026-08-27T10:16:04.135327
AUD-b39373cb,CASE-2841,CASE_CREATED,SYSTEM,SYSTEM,"Case initialized for SUBSCRIPTION_FAILURE amount ₹4,999.00","{""amount_at_risk"": 4999.0, ""score"": 66, ""policy"": ""HUMAN""}",2026-08-27T00:16:04.135327
AUD-72a40ca6,CASE-2842,CASE_CREATED,SYSTEM,SYSTEM,"Case initialized for SUBSCRIPTION_FAILURE amount ₹1,999.00","{""amount_at_risk"": 1999.0, ""score"": 52, ""policy"": ""HUMAN""}",2026-08-27T01:16:04.135327
AUD-a09c599d,CASE-2843,CASE_CREATED,SYSTEM,SYSTEM,"Case initialized for SUBSCRIPTION_FAILURE amount ₹8,999.00","{""amount_at_risk"": 8999.0, ""score"": 42, ""policy"": ""HUMAN""}",2026-08-27T01:16:04.135327
AUD-46ef6af4,CASE-2844,CASE_CREATED,SYSTEM,SYSTEM,"Case initialized for SUBSCRIPTION_FAILURE amount ₹8,999.00","{""amount_at_risk"": 8999.0, ""score"": 54, ""policy"": ""HUMAN""}",2026-08-27T20:16:04.135327
AUD-0cdec11a,CASE-2845,CASE_CREATED,SYSTEM,SYSTEM,"Case initialized for SUBSCRIPTION_FAILURE amount ₹4,999.00","{""amount_at_risk"": 4999.0, ""score"": 80, ""policy"": ""AUTO""}",2026-08-26T18:16:04.135327
AUD-60973919,CASE-2846,CASE_CREATED,SYSTEM,SYSTEM,"Case initialized for SUBSCRIPTION_FAILURE amount ₹4,999.00","{""amount_at_risk"": 4999.0, ""score"": 66, ""policy"": ""HUMAN""}",2026-08-26T19:16:04.135327
AUD-e31e93b2,CASE-2847,CASE_CREATED,SYSTEM,SYSTEM,"Case initialized for SUBSCRIPTION_FAILURE amount ₹1,999.00","{""amount_at_risk"": 1999.0, ""score"": 41, ""policy"": ""HUMAN""}",2026-08-28T08:16:04.135327
AUD-1a11cc85,CASE-2848,CASE_CREATED,SYSTEM,SYSTEM,"Case initialized for SUBSCRIPTION_FAILURE amount ₹4,999.00","{""amount_at_risk"": 4999.0, ""score"": 77, ""policy"": ""HUMAN""}",2026-08-26T20:16:04.135327
AUD-70b17f03,CASE-2849,CASE_CREATED,SYSTEM,SYSTEM,"Case initialized for OVERDUE_INVOICE amount ₹12,000.00","{""amount_at_risk"": 12000.0, ""score"": 74, ""policy"": ""HUMAN""}",2026-08-26T14:16:04.135327
AUD-2c5dcf2c,CASE-2850,CASE_CREATED,SYSTEM,SYSTEM,"Case initialized for OVERDUE_INVOICE amount ₹3,500.00","{""amount_at_risk"": 3500.0, ""score"": 46, ""policy"": ""HUMAN""}",2026-08-27T16:16:04.135327
AUD-0793b8cd,CASE-2851,CASE_CREATED,SYSTEM,SYSTEM,"Case initialized for OVERDUE_INVOICE amount ₹12,000.00","{""amount_at_risk"": 12000.0, ""score"": 74, ""policy"": ""HUMAN""}",2026-08-28T09:16:04.135327
AUD-9f515f53,CASE-2852,CASE_CREATED,SYSTEM,SYSTEM,"Case initialized for OVERDUE_INVOICE amount ₹6,500.00","{""amount_at_risk"": 6500.0, ""score"": 53, ""policy"": ""HUMAN""}",2026-08-27T18:16:04.135327
AUD-16e24f1c,CASE-2853,CASE_CREATED,SYSTEM,SYSTEM,"Case initialized for OVERDUE_INVOICE amount ₹6,500.00","{""amount_at_risk"": 6500.0, ""score"": 63, ""policy"": ""HUMAN""}",2026-08-28T01:16:04.135327
AUD-0dce50f9,CASE-2854,CASE_CREATED,SYSTEM,SYSTEM,"Case initialized for OVERDUE_INVOICE amount ₹3,500.00","{""amount_at_risk"": 3500.0, ""score"": 68, ""policy"": ""HUMAN""}",2026-08-26T17:16:04.140441
AUD-dcc7b7b0,CASE-2855,CASE_CREATED,SYSTEM,SYSTEM,"Case initialized for OVERDUE_INVOICE amount ₹6,500.00","{""amount_at_risk"": 6500.0, ""score"": 47, ""policy"": ""HUMAN""}",2026-08-26T23:16:04.140441
AUD-3e04e98a,CASE-2856,CASE_CREATED,SYSTEM,SYSTEM,"Case initialized for OVERDUE_INVOICE amount ₹6,500.00","{""amount_at_risk"": 6500.0, ""score"": 39, ""policy"": ""HUMAN""}",2026-08-27T18:16:04.140441
AUD-be24b83f,CASE-2857,CASE_CREATED,SYSTEM,SYSTEM,"Case initialized for OVERDUE_INVOICE amount ₹6,500.00","{""amount_at_risk"": 6500.0, ""score"": 61, ""policy"": ""HUMAN""}",2026-08-28T06:16:04.140441
AUD-027804e3,CASE-2858,CASE_CREATED,SYSTEM,SYSTEM,"Case initialized for OVERDUE_INVOICE amount ₹4,800.00","{""amount_at_risk"": 4800.0, ""score"": 39, ""policy"": ""HUMAN""}",2026-08-27T01:16:04.140441
AUD-b5a0dfe2,CASE-2859,CASE_CREATED,SYSTEM,SYSTEM,"Case initialized for OVERDUE_INVOICE amount ₹3,500.00","{""amount_at_risk"": 3500.0, ""score"": 56, ""policy"": ""HUMAN""}",2026-08-28T04:16:04.140441
AUD-9781e919,CASE-2860,CASE_CREATED,SYSTEM,SYSTEM,"Case initialized for OVERDUE_INVOICE amount ₹3,500.00","{""amount_at_risk"": 3500.0, ""score"": 60, ""policy"": ""HUMAN""}",2026-08-27T13:16:04.140441
AUD-c534986d,CASE-2861,CASE_CREATED,SYSTEM,SYSTEM,"Case initialized for OVERDUE_INVOICE amount ₹4,800.00","{""amount_at_risk"": 4800.0, ""score"": 58, ""policy"": ""HUMAN""}",2026-08-26T15:16:04.140441
AUD-a27b8790,CASE-2862,CASE_CREATED,SYSTEM,SYSTEM,"Case initialized for OVERDUE_INVOICE amount ₹6,500.00","{""amount_at_risk"": 6500.0, ""score"": 31, ""policy"": ""HUMAN""}",2026-08-26T16:16:04.140441
AUD-ae8da90b,CASE-2863,CASE_CREATED,SYSTEM,SYSTEM,"Case initialized for OVERDUE_INVOICE amount ₹4,800.00","{""amount_at_risk"": 4800.0, ""score"": 74, ""policy"": ""HUMAN""}",2026-08-27T23:16:04.140441
AUD-6fd65a66,CASE-2864,CASE_CREATED,SYSTEM,SYSTEM,"Case initialized for OVERDUE_INVOICE amount ₹4,800.00","{""amount_at_risk"": 4800.0, ""score"": 35, ""policy"": ""HUMAN""}",2026-08-28T11:16:04.140441
AUD-38049d49,CASE-2865,CASE_CREATED,SYSTEM,SYSTEM,"Case initialized for OVERDUE_INVOICE amount ₹12,000.00","{""amount_at_risk"": 12000.0, ""score"": 57, ""policy"": ""HUMAN""}",2026-08-28T10:16:04.140441
AUD-2fa0c012,CASE-2866,CASE_CREATED,SYSTEM,SYSTEM,"Case initialized for OVERDUE_INVOICE amount ₹3,500.00","{""amount_at_risk"": 3500.0, ""score"": 60, ""policy"": ""HUMAN""}",2026-08-28T08:16:04.140441
AUD-f07e4609,CASE-2867,CASE_CREATED,SYSTEM,SYSTEM,"Case initialized for OVERDUE_INVOICE amount ₹6,500.00","{""amount_at_risk"": 6500.0, ""score"": 72, ""policy"": ""HUMAN""}",2026-08-26T22:16:04.140441
AUD-692a2f55,CASE-2868,CASE_CREATED,SYSTEM,SYSTEM,"Case initialized for OVERDUE_INVOICE amount ₹4,800.00","{""amount_at_risk"": 4800.0, ""score"": 67, ""policy"": ""HUMAN""}",2026-08-27T14:16:04.140441
AUD-9c0a296e,CASE-2869,CASE_CREATED,SYSTEM,SYSTEM,"Case initialized for OVERDUE_INVOICE amount ₹3,500.00","{""amount_at_risk"": 3500.0, ""score"": 35, ""policy"": ""HUMAN""}",2026-08-27T14:16:04.140441
AUD-b504c81a,CASE-2870,CASE_CREATED,SYSTEM,SYSTEM,"Case initialized for OVERDUE_INVOICE amount ₹6,500.00","{""amount_at_risk"": 6500.0, ""score"": 40, ""policy"": ""HUMAN""}",2026-08-27T00:16:04.140441
AUD-5e3f50ad,CASE-2871,CASE_CREATED,SYSTEM,SYSTEM,"Case initialized for OVERDUE_INVOICE amount ₹3,500.00","{""amount_at_risk"": 3500.0, ""score"": 36, ""policy"": ""HUMAN""}",2026-08-27T23:16:04.140441
AUD-915a1c6a,CASE-2872,CASE_CREATED,SYSTEM,SYSTEM,"Case initialized for OVERDUE_INVOICE amount ₹4,800.00","{""amount_at_risk"": 4800.0, ""score"": 48, ""policy"": ""HUMAN""}",2026-08-28T06:16:04.140441
AUD-234fdfa3,CASE-2873,CASE_CREATED,SYSTEM,SYSTEM,"Case initialized for OVERDUE_INVOICE amount ₹4,800.00","{""amount_at_risk"": 4800.0, ""score"": 62, ""policy"": ""HUMAN""}",2026-08-26T23:16:04.140441
AUD-802a798c,CASE-2874,CASE_CREATED,SYSTEM,SYSTEM,"Case initialized for OVERDUE_INVOICE amount ₹4,800.00","{""amount_at_risk"": 4800.0, ""score"": 58, ""policy"": ""HUMAN""}",2026-08-27T12:16:04.140441
AUD-f9c16c5f,CASE-2875,CASE_CREATED,SYSTEM,SYSTEM,"Case initialized for OVERDUE_INVOICE amount ₹12,000.00","{""amount_at_risk"": 12000.0, ""score"": 43, ""policy"": ""HUMAN""}",2026-08-28T05:16:04.140441
AUD-15418191,CASE-2876,CASE_CREATED,SYSTEM,SYSTEM,"Case initialized for OVERDUE_INVOICE amount ₹6,500.00","{""amount_at_risk"": 6500.0, ""score"": 37, ""policy"": ""HUMAN""}",2026-08-28T04:16:04.140441
AUD-de7726b2,CASE-2877,CASE_CREATED,SYSTEM,SYSTEM,"Case initialized for OVERDUE_INVOICE amount ₹12,000.00","{""amount_at_risk"": 12000.0, ""score"": 53, ""policy"": ""HUMAN""}",2026-08-27T16:16:04.140441
AUD-28ff5b1f,CASE-2878,CASE_CREATED,SYSTEM,SYSTEM,"Case initialized for OVERDUE_INVOICE amount ₹12,000.00","{""amount_at_risk"": 12000.0, ""score"": 37, ""policy"": ""HUMAN""}",2026-08-26T22:16:04.140441
AUD-5eda6aaf,CASE-2879,CASE_CREATED,SYSTEM,SYSTEM,"Case initialized for OVERDUE_INVOICE amount ₹6,500.00","{""amount_at_risk"": 6500.0, ""score"": 73, ""policy"": ""HUMAN""}",2026-08-27T10:16:04.140441
AUD-bab8f85e,CASE-2880,CASE_CREATED,SYSTEM,SYSTEM,"Case initialized for OVERDUE_INVOICE amount ₹6,500.00","{""amount_at_risk"": 6500.0, ""score"": 57, ""policy"": ""HUMAN""}",2026-08-26T17:16:04.140441
AUD-c0307b00,CASE-2881,CASE_CREATED,SYSTEM,SYSTEM,"Case initialized for OVERDUE_INVOICE amount ₹6,500.00","{""amount_at_risk"": 6500.0, ""score"": 41, ""policy"": ""HUMAN""}",2026-08-28T06:16:04.140441
AUD-ec098418,CASE-2882,CASE_CREATED,SYSTEM,SYSTEM,"Case initialized for OVERDUE_INVOICE amount ₹12,000.00","{""amount_at_risk"": 12000.0, ""score"": 58, ""policy"": ""HUMAN""}",2026-08-28T03:16:04.140441
AUD-314fb1c6,CASE-2883,CASE_CREATED,SYSTEM,SYSTEM,"Case initialized for OVERDUE_INVOICE amount ₹12,000.00","{""amount_at_risk"": 12000.0, ""score"": 55, ""policy"": ""HUMAN""}",2026-08-27T13:16:04.140441
AUD-20af4523,CASE-2884,CASE_CREATED,SYSTEM,SYSTEM,"Case initialized for OVERDUE_INVOICE amount ₹4,800.00","{""amount_at_risk"": 4800.0, ""score"": 51, ""policy"": ""HUMAN""}",2026-08-27T22:16:04.140441
AUD-32a06957,CASE-2885,CASE_CREATED,SYSTEM,SYSTEM,"Case initialized for OVERDUE_INVOICE amount ₹12,000.00","{""amount_at_risk"": 12000.0, ""score"": 61, ""policy"": ""HUMAN""}",2026-08-27T11:16:04.140441
AUD-4330add6,CASE-2886,CASE_CREATED,SYSTEM,SYSTEM,"Case initialized for OVERDUE_INVOICE amount ₹6,500.00","{""amount_at_risk"": 6500.0, ""score"": 60, ""policy"": ""HUMAN""}",2026-08-27T19:16:04.140441
AUD-9374c59c,CASE-2887,CASE_CREATED,SYSTEM,SYSTEM,"Case initialized for OVERDUE_INVOICE amount ₹4,800.00","{""amount_at_risk"": 4800.0, ""score"": 59, ""policy"": ""HUMAN""}",2026-08-27T05:16:04.140441
AUD-b5a10035,CASE-2888,CASE_CREATED,SYSTEM,SYSTEM,"Case initialized for OVERDUE_INVOICE amount ₹12,000.00","{""amount_at_risk"": 12000.0, ""score"": 44, ""policy"": ""HUMAN""}",2026-08-26T13:16:04.140441
AUD-24b32802,CASE-2889,CASE_CREATED,SYSTEM,SYSTEM,"Case initialized for OVERDUE_INVOICE amount ₹3,500.00","{""amount_at_risk"": 3500.0, ""score"": 34, ""policy"": ""HUMAN""}",2026-08-27T12:16:04.144967
AUD-6a4f5e16,CASE-2890,CASE_CREATED,SYSTEM,SYSTEM,"Case initialized for OVERDUE_INVOICE amount ₹6,500.00","{""amount_at_risk"": 6500.0, ""score"": 39, ""policy"": ""HUMAN""}",2026-08-26T18:16:04.144967
AUD-5ef5f502,CASE-2891,CASE_CREATED,SYSTEM,SYSTEM,"Case initialized for OVERDUE_INVOICE amount ₹12,000.00","{""amount_at_risk"": 12000.0, ""score"": 59, ""policy"": ""HUMAN""}",2026-08-27T05:16:04.144967
AUD-afa6b44d,CASE-2892,CASE_CREATED,SYSTEM,SYSTEM,"Case initialized for OVERDUE_INVOICE amount ₹12,000.00","{""amount_at_risk"": 12000.0, ""score"": 62, ""policy"": ""HUMAN""}",2026-08-27T02:16:04.144967
AUD-0b895cf0,CASE-2893,CASE_CREATED,SYSTEM,SYSTEM,"Case initialized for OVERDUE_INVOICE amount ₹3,500.00","{""amount_at_risk"": 3500.0, ""score"": 32, ""policy"": ""HUMAN""}",2026-08-27T08:16:04.144967
AUD-1aa688c5,CASE-2894,CASE_CREATED,SYSTEM,SYSTEM,"Case initialized for OVERDUE_INVOICE amount ₹6,500.00","{""amount_at_risk"": 6500.0, ""score"": 54, ""policy"": ""HUMAN""}",2026-08-28T10:16:04.144967
AUD-1846905e,CASE-2895,CASE_CREATED,SYSTEM,SYSTEM,"Case initialized for OVERDUE_INVOICE amount ₹4,800.00","{""amount_at_risk"": 4800.0, ""score"": 65, ""policy"": ""HUMAN""}",2026-08-27T09:16:04.144967
AUD-7cb91adf,CASE-2896,CASE_CREATED,SYSTEM,SYSTEM,"Case initialized for OVERDUE_INVOICE amount ₹4,800.00","{""amount_at_risk"": 4800.0, ""score"": 49, ""policy"": ""HUMAN""}",2026-08-27T00:16:04.144967
AUD-a265038d,CASE-2897,CASE_CREATED,SYSTEM,SYSTEM,"Case initialized for OVERDUE_INVOICE amount ₹12,000.00","{""amount_at_risk"": 12000.0, ""score"": 72, ""policy"": ""HUMAN""}",2026-08-27T01:16:04.144967
AUD-c40b58a6,CASE-2898,CASE_CREATED,SYSTEM,SYSTEM,"Case initialized for OVERDUE_INVOICE amount ₹4,800.00","{""amount_at_risk"": 4800.0, ""score"": 62, ""policy"": ""HUMAN""}",2026-08-27T05:16:04.146521
AUD-1fcaecea,CASE-2899,CASE_CREATED,SYSTEM,SYSTEM,"Case initialized for OVERDUE_INVOICE amount ₹12,000.00","{""amount_at_risk"": 12000.0, ""score"": 69, ""policy"": ""HUMAN""}",2026-08-28T09:16:04.146521
AUD-8618a3d9,CASE-2900,CASE_CREATED,SYSTEM,SYSTEM,"Case initialized for OVERDUE_INVOICE amount ₹3,500.00","{""amount_at_risk"": 3500.0, ""score"": 67, ""policy"": ""HUMAN""}",2026-08-27T14:16:04.146521
AUD-7d30c42d,CASE-2901,CASE_CREATED,SYSTEM,SYSTEM,"Case initialized for OVERDUE_INVOICE amount ₹3,500.00","{""amount_at_risk"": 3500.0, ""score"": 70, ""policy"": ""HUMAN""}",2026-08-27T09:16:04.146521
AUD-e4fa010d,CASE-2902,CASE_CREATED,SYSTEM,SYSTEM,"Case initialized for OVERDUE_INVOICE amount ₹6,500.00","{""amount_at_risk"": 6500.0, ""score"": 52, ""policy"": ""HUMAN""}",2026-08-26T18:16:04.146521
AUD-a88b2a47,CASE-2903,CASE_CREATED,SYSTEM,SYSTEM,"Case initialized for OVERDUE_INVOICE amount ₹4,800.00","{""amount_at_risk"": 4800.0, ""score"": 45, ""policy"": ""HUMAN""}",2026-08-28T07:16:04.146521
AUD-be9e4442,CASE-2904,CASE_CREATED,SYSTEM,SYSTEM,"Case initialized for OVERDUE_INVOICE amount ₹3,500.00","{""amount_at_risk"": 3500.0, ""score"": 49, ""policy"": ""HUMAN""}",2026-08-28T11:16:04.146521
AUD-25ca12de,CASE-2905,CASE_CREATED,SYSTEM,SYSTEM,"Case initialized for OVERDUE_INVOICE amount ₹6,500.00","{""amount_at_risk"": 6500.0, ""score"": 32, ""policy"": ""HUMAN""}",2026-08-27T04:16:04.146521
AUD-be159efa,CASE-2906,CASE_CREATED,SYSTEM,SYSTEM,"Case initialized for OVERDUE_INVOICE amount ₹12,000.00","{""amount_at_risk"": 12000.0, ""score"": 47, ""policy"": ""HUMAN""}",2026-08-28T11:16:04.147539
AUD-08273900,CASE-2907,CASE_CREATED,SYSTEM,SYSTEM,"Case initialized for OVERDUE_INVOICE amount ₹6,500.00","{""amount_at_risk"": 6500.0, ""score"": 54, ""policy"": ""HUMAN""}",2026-08-27T00:16:04.147539
AUD-a9db4ea2,CASE-2908,CASE_CREATED,SYSTEM,SYSTEM,"Case initialized for OVERDUE_INVOICE amount ₹3,500.00","{""amount_at_risk"": 3500.0, ""score"": 61, ""policy"": ""HUMAN""}",2026-08-27T05:16:04.148558
AUD-862fb918,CASE-2909,CASE_CREATED,SYSTEM,SYSTEM,"Case initialized for OVERDUE_INVOICE amount ₹6,500.00","{""amount_at_risk"": 6500.0, ""score"": 40, ""policy"": ""HUMAN""}",2026-08-28T00:16:04.148558
AUD-da85b7c8,CASE-2910,CASE_CREATED,SYSTEM,SYSTEM,"Case initialized for OVERDUE_INVOICE amount ₹12,000.00","{""amount_at_risk"": 12000.0, ""score"": 70, ""policy"": ""HUMAN""}",2026-08-27T20:16:04.148558
AUD-b5cba1c2,CASE-2911,CASE_CREATED,SYSTEM,SYSTEM,"Case initialized for OVERDUE_INVOICE amount ₹3,500.00","{""amount_at_risk"": 3500.0, ""score"": 49, ""policy"": ""HUMAN""}",2026-08-26T21:16:04.148558
AUD-7ad8bd53,CASE-2912,CASE_CREATED,SYSTEM,SYSTEM,"Case initialized for OVERDUE_INVOICE amount ₹3,500.00","{""amount_at_risk"": 3500.0, ""score"": 75, ""policy"": ""HUMAN""}",2026-08-27T15:16:04.148558
AUD-ea5727b9,CASE-2913,CASE_CREATED,SYSTEM,SYSTEM,"Case initialized for OVERDUE_INVOICE amount ₹6,500.00","{""amount_at_risk"": 6500.0, ""score"": 34, ""policy"": ""HUMAN""}",2026-08-27T23:16:04.148558
AUD-2d895ee9,CASE-2914,CASE_CREATED,SYSTEM,SYSTEM,"Case initialized for OVERDUE_INVOICE amount ₹6,500.00","{""amount_at_risk"": 6500.0, ""score"": 34, ""policy"": ""HUMAN""}",2026-08-26T18:16:04.148558
AUD-c9876ef5,CASE-2915,CASE_CREATED,SYSTEM,SYSTEM,"Case initialized for OVERDUE_INVOICE amount ₹6,500.00","{""amount_at_risk"": 6500.0, ""score"": 42, ""policy"": ""HUMAN""}",2026-08-26T21:16:04.148558
AUD-6a2d3eda,CASE-2916,CASE_CREATED,SYSTEM,SYSTEM,"Case initialized for OVERDUE_INVOICE amount ₹12,000.00","{""amount_at_risk"": 12000.0, ""score"": 72, ""policy"": ""HUMAN""}",2026-08-26T20:16:04.148558
AUD-74fd3fe1,CASE-2917,CASE_CREATED,SYSTEM,SYSTEM,"Case initialized for OVERDUE_INVOICE amount ₹4,800.00","{""amount_at_risk"": 4800.0, ""score"": 66, ""policy"": ""HUMAN""}",2026-08-26T13:16:04.148558
AUD-2ad6444b,CASE-2918,CASE_CREATED,SYSTEM,SYSTEM,"Case initialized for OVERDUE_INVOICE amount ₹12,000.00","{""amount_at_risk"": 12000.0, ""score"": 47, ""policy"": ""HUMAN""}",2026-08-26T14:16:04.148558
AUD-3359f821,CASE-2919,CASE_CREATED,SYSTEM,SYSTEM,"Case initialized for OVERDUE_INVOICE amount ₹3,500.00","{""amount_at_risk"": 3500.0, ""score"": 63, ""policy"": ""HUMAN""}",2026-08-28T03:16:04.148558
AUD-bc947671,CASE-2920,CASE_CREATED,SYSTEM,SYSTEM,"Case initialized for OVERDUE_INVOICE amount ₹4,800.00","{""amount_at_risk"": 4800.0, ""score"": 39, ""policy"": ""HUMAN""}",2026-08-27T16:16:04.148558
AUD-569ff92a,CASE-2921,CASE_CREATED,SYSTEM,SYSTEM,"Case initialized for OVERDUE_INVOICE amount ₹3,500.00","{""amount_at_risk"": 3500.0, ""score"": 70, ""policy"": ""HUMAN""}",2026-08-27T18:16:04.148558
AUD-4733e765,CASE-2922,CASE_CREATED,SYSTEM,SYSTEM,"Case initialized for OVERDUE_INVOICE amount ₹4,800.00","{""amount_at_risk"": 4800.0, ""score"": 46, ""policy"": ""HUMAN""}",2026-08-28T05:16:04.148558
AUD-044f5d73,CASE-2923,CASE_CREATED,SYSTEM,SYSTEM,"Case initialized for OVERDUE_INVOICE amount ₹4,800.00","{""amount_at_risk"": 4800.0, ""score"": 42, ""policy"": ""HUMAN""}",2026-08-27T07:16:04.148558
AUD-20f4a2ea,CASE-2924,CASE_CREATED,SYSTEM,SYSTEM,"Case initialized for OVERDUE_INVOICE amount ₹12,000.00","{""amount_at_risk"": 12000.0, ""score"": 65, ""policy"": ""HUMAN""}",2026-08-28T10:16:04.148558
AUD-587c2953,CASE-2925,CASE_CREATED,SYSTEM,SYSTEM,"Case initialized for OVERDUE_INVOICE amount ₹4,800.00","{""amount_at_risk"": 4800.0, ""score"": 40, ""policy"": ""HUMAN""}",2026-08-27T20:16:04.148558
AUD-bb2b555b,CASE-2926,CASE_CREATED,SYSTEM,SYSTEM,"Case initialized for OVERDUE_INVOICE amount ₹6,500.00","{""amount_at_risk"": 6500.0, ""score"": 72, ""policy"": ""HUMAN""}",2026-08-28T10:16:04.148558
AUD-e3c7c3b9,CASE-2927,CASE_CREATED,SYSTEM,SYSTEM,"Case initialized for OVERDUE_INVOICE amount ₹12,000.00","{""amount_at_risk"": 12000.0, ""score"": 31, ""policy"": ""HUMAN""}",2026-08-26T22:16:04.148558
AUD-2618b557,CASE-2928,CASE_CREATED,SYSTEM,SYSTEM,"Case initialized for OVERDUE_INVOICE amount ₹6,500.00","{""amount_at_risk"": 6500.0, ""score"": 34, ""policy"": ""HUMAN""}",2026-08-26T18:16:04.148558
AUD-bc001422,CASE-2929,CASE_CREATED,SYSTEM,SYSTEM,"Case initialized for OVERDUE_INVOICE amount ₹3,500.00","{""amount_at_risk"": 3500.0, ""score"": 55, ""policy"": ""HUMAN""}",2026-08-27T00:16:04.148558
AUD-3d7a079a,CASE-2930,CASE_CREATED,SYSTEM,SYSTEM,"Case initialized for OVERDUE_INVOICE amount ₹3,500.00","{""amount_at_risk"": 3500.0, ""score"": 63, ""policy"": ""HUMAN""}",2026-08-28T07:16:04.148558
AUD-029cda65,CASE-2931,CASE_CREATED,SYSTEM,SYSTEM,"Case initialized for OVERDUE_INVOICE amount ₹4,800.00","{""amount_at_risk"": 4800.0, ""score"": 68, ""policy"": ""HUMAN""}",2026-08-26T23:16:04.148558
AUD-2ef38cbc,CASE-2932,CASE_CREATED,SYSTEM,SYSTEM,"Case initialized for OVERDUE_INVOICE amount ₹12,000.00","{""amount_at_risk"": 12000.0, ""score"": 45, ""policy"": ""HUMAN""}",2026-08-28T06:16:04.148558
AUD-747a68e2,CASE-2933,CASE_CREATED,SYSTEM,SYSTEM,"Case initialized for OVERDUE_INVOICE amount ₹4,800.00","{""amount_at_risk"": 4800.0, ""score"": 43, ""policy"": ""HUMAN""}",2026-08-27T20:16:04.148558
AUD-78a092ae,CASE-2934,CASE_CREATED,SYSTEM,SYSTEM,"Case initialized for OVERDUE_INVOICE amount ₹3,500.00","{""amount_at_risk"": 3500.0, ""score"": 61, ""policy"": ""HUMAN""}",2026-08-28T05:16:04.148558
AUD-72019070,CASE-2935,CASE_CREATED,SYSTEM,SYSTEM,"Case initialized for OVERDUE_INVOICE amount ₹6,500.00","{""amount_at_risk"": 6500.0, ""score"": 64, ""policy"": ""HUMAN""}",2026-08-27T21:16:04.148558
AUD-597588a6,CASE-2936,CASE_CREATED,SYSTEM,SYSTEM,"Case initialized for OVERDUE_INVOICE amount ₹6,500.00","{""amount_at_risk"": 6500.0, ""score"": 39, ""policy"": ""HUMAN""}",2026-08-27T13:16:04.148558
AUD-12ab3f2b,CASE-2937,CASE_CREATED,SYSTEM,SYSTEM,"Case initialized for OVERDUE_INVOICE amount ₹6,500.00","{""amount_at_risk"": 6500.0, ""score"": 31, ""policy"": ""HUMAN""}",2026-08-26T18:16:04.148558
AUD-2a23f6b9,CASE-2938,CASE_CREATED,SYSTEM,SYSTEM,"Case initialized for OVERDUE_INVOICE amount ₹4,800.00","{""amount_at_risk"": 4800.0, ""score"": 46, ""policy"": ""HUMAN""}",2026-08-26T20:16:04.148558
AUD-e7488ca9,CASE-2939,CASE_CREATED,SYSTEM,SYSTEM,"Case initialized for OVERDUE_INVOICE amount ₹6,500.00","{""amount_at_risk"": 6500.0, ""score"": 73, ""policy"": ""HUMAN""}",2026-08-27T12:16:04.148558
AUD-8c127252,CASE-2940,CASE_CREATED,SYSTEM,SYSTEM,"Case initialized for OVERDUE_INVOICE amount ₹3,500.00","{""amount_at_risk"": 3500.0, ""score"": 55, ""policy"": ""HUMAN""}",2026-08-27T21:16:04.148558
AUD-de507f41,CASE-2941,CASE_CREATED,SYSTEM,SYSTEM,"Case initialized for OVERDUE_INVOICE amount ₹6,500.00","{""amount_at_risk"": 6500.0, ""score"": 43, ""policy"": ""HUMAN""}",2026-08-27T16:16:04.148558
AUD-32711af4,CASE-2942,CASE_CREATED,SYSTEM,SYSTEM,"Case initialized for OVERDUE_INVOICE amount ₹12,000.00","{""amount_at_risk"": 12000.0, ""score"": 32, ""policy"": ""HUMAN""}",2026-08-27T06:16:04.148558
AUD-80d64ca8,CASE-2943,CASE_CREATED,SYSTEM,SYSTEM,"Case initialized for OVERDUE_INVOICE amount ₹12,000.00","{""amount_at_risk"": 12000.0, ""score"": 51, ""policy"": ""HUMAN""}",2026-08-26T16:16:04.153348
AUD-88d94c98,CASE-2944,CASE_CREATED,SYSTEM,SYSTEM,"Case initialized for OVERDUE_INVOICE amount ₹6,500.00","{""amount_at_risk"": 6500.0, ""score"": 62, ""policy"": ""HUMAN""}",2026-08-26T22:16:04.153348
AUD-d9d07f09,CASE-2945,CASE_CREATED,SYSTEM,SYSTEM,"Case initialized for OVERDUE_INVOICE amount ₹6,500.00","{""amount_at_risk"": 6500.0, ""score"": 59, ""policy"": ""HUMAN""}",2026-08-26T19:16:04.153348
AUD-d7a09f89,CASE-2946,CASE_CREATED,SYSTEM,SYSTEM,"Case initialized for OVERDUE_INVOICE amount ₹4,800.00","{""amount_at_risk"": 4800.0, ""score"": 70, ""policy"": ""HUMAN""}",2026-08-27T11:16:04.153348
AUD-5cae06e9,CASE-2947,CASE_CREATED,SYSTEM,SYSTEM,"Case initialized for OVERDUE_INVOICE amount ₹4,800.00","{""amount_at_risk"": 4800.0, ""score"": 70, ""policy"": ""HUMAN""}",2026-08-28T07:16:04.154416
AUD-c963970f,CASE-2948,CASE_CREATED,SYSTEM,SYSTEM,"Case initialized for OVERDUE_INVOICE amount ₹3,500.00","{""amount_at_risk"": 3500.0, ""score"": 40, ""policy"": ""HUMAN""}",2026-08-26T17:16:04.154949
AUD-dc544106,CASE-2949,CASE_CREATED,SYSTEM,SYSTEM,"Case initialized for OVERDUE_INVOICE amount ₹12,000.00","{""amount_at_risk"": 12000.0, ""score"": 50, ""policy"": ""HUMAN""}",2026-08-28T04:16:04.154949
AUD-2cedd60a,CASE-2950,CASE_CREATED,SYSTEM,SYSTEM,"Case initialized for OVERDUE_INVOICE amount ₹6,500.00","{""amount_at_risk"": 6500.0, ""score"": 41, ""policy"": ""HUMAN""}",2026-08-28T07:16:04.154949
AUD-4b5224e2,CASE-2951,CASE_CREATED,SYSTEM,SYSTEM,"Case initialized for OVERDUE_INVOICE amount ₹12,000.00","{""amount_at_risk"": 12000.0, ""score"": 53, ""policy"": ""HUMAN""}",2026-08-27T00:16:04.154949
AUD-e0cc4a44,CASE-2952,CASE_CREATED,SYSTEM,SYSTEM,"Case initialized for OVERDUE_INVOICE amount ₹4,800.00","{""amount_at_risk"": 4800.0, ""score"": 31, ""policy"": ""HUMAN""}",2026-08-27T07:16:04.154949
AUD-7fcac094,CASE-2953,CASE_CREATED,SYSTEM,SYSTEM,"Case initialized for OVERDUE_INVOICE amount ₹4,800.00","{""amount_at_risk"": 4800.0, ""score"": 46, ""policy"": ""HUMAN""}",2026-08-26T21:16:04.154949
AUD-7b21f9d1,CASE-2954,CASE_CREATED,SYSTEM,SYSTEM,"Case initialized for OVERDUE_INVOICE amount ₹12,000.00","{""amount_at_risk"": 12000.0, ""score"": 68, ""policy"": ""HUMAN""}",2026-08-27T13:16:04.154949
AUD-a4c3410f,CASE-2955,CASE_CREATED,SYSTEM,SYSTEM,"Case initialized for OVERDUE_INVOICE amount ₹4,800.00","{""amount_at_risk"": 4800.0, ""score"": 66, ""policy"": ""HUMAN""}",2026-08-27T03:16:04.154949
AUD-b8279e54,CASE-2956,CASE_CREATED,SYSTEM,SYSTEM,"Case initialized for OVERDUE_INVOICE amount ₹12,000.00","{""amount_at_risk"": 12000.0, ""score"": 59, ""policy"": ""HUMAN""}",2026-08-26T15:16:04.154949
AUD-899d8c51,CASE-2957,CASE_CREATED,SYSTEM,SYSTEM,"Case initialized for OVERDUE_INVOICE amount ₹4,800.00","{""amount_at_risk"": 4800.0, ""score"": 42, ""policy"": ""HUMAN""}",2026-08-27T05:16:04.154949
AUD-e2e75ce5,CASE-2958,CASE_CREATED,SYSTEM,SYSTEM,"Case initialized for OVERDUE_INVOICE amount ₹12,000.00","{""amount_at_risk"": 12000.0, ""score"": 38, ""policy"": ""HUMAN""}",2026-08-27T23:16:04.154949
AUD-9a0f1331,CASE-2959,CASE_CREATED,SYSTEM,SYSTEM,"Case initialized for OVERDUE_INVOICE amount ₹6,500.00","{""amount_at_risk"": 6500.0, ""score"": 73, ""policy"": ""HUMAN""}",2026-08-27T10:16:04.154949
AUD-6a921a84,CASE-2960,CASE_CREATED,SYSTEM,SYSTEM,"Case initialized for OVERDUE_INVOICE amount ₹4,800.00","{""amount_at_risk"": 4800.0, ""score"": 31, ""policy"": ""HUMAN""}",2026-08-26T21:16:04.154949
AUD-de2b013c,CASE-2961,CASE_CREATED,SYSTEM,SYSTEM,"Case initialized for OVERDUE_INVOICE amount ₹12,000.00","{""amount_at_risk"": 12000.0, ""score"": 45, ""policy"": ""HUMAN""}",2026-08-28T12:16:04.157121
AUD-4615774b,CASE-2962,CASE_CREATED,SYSTEM,SYSTEM,"Case initialized for OVERDUE_INVOICE amount ₹12,000.00","{""amount_at_risk"": 12000.0, ""score"": 38, ""policy"": ""HUMAN""}",2026-08-27T23:16:04.157121
AUD-98207224,CASE-2963,CASE_CREATED,SYSTEM,SYSTEM,"Case initialized for OVERDUE_INVOICE amount ₹12,000.00","{""amount_at_risk"": 12000.0, ""score"": 75, ""policy"": ""HUMAN""}",2026-08-28T06:16:04.157121
AUD-becd156c,CASE-2964,CASE_CREATED,SYSTEM,SYSTEM,"Case initialized for OVERDUE_INVOICE amount ₹3,500.00","{""amount_at_risk"": 3500.0, ""score"": 33, ""policy"": ""HUMAN""}",2026-08-27T14:16:04.157121
AUD-f87a56d8,CASE-2965,CASE_CREATED,SYSTEM,SYSTEM,"Case initialized for OVERDUE_INVOICE amount ₹3,500.00","{""amount_at_risk"": 3500.0, ""score"": 30, ""policy"": ""HUMAN""}",2026-08-27T11:16:04.157121
AUD-f2dba481,CASE-2966,CASE_CREATED,SYSTEM,SYSTEM,"Case initialized for OVERDUE_INVOICE amount ₹6,500.00","{""amount_at_risk"": 6500.0, ""score"": 38, ""policy"": ""HUMAN""}",2026-08-28T01:16:04.157121
AUD-32c7b511,CASE-2967,CASE_CREATED,SYSTEM,SYSTEM,"Case initialized for OVERDUE_INVOICE amount ₹6,500.00","{""amount_at_risk"": 6500.0, ""score"": 40, ""policy"": ""HUMAN""}",2026-08-27T07:16:04.157121
AUD-b21d3421,CASE-2968,CASE_CREATED,SYSTEM,SYSTEM,"Case initialized for OVERDUE_INVOICE amount ₹4,800.00","{""amount_at_risk"": 4800.0, ""score"": 35, ""policy"": ""HUMAN""}",2026-08-27T20:16:04.157121
AUD-d0621285,CASE-2969,CASE_CREATED,SYSTEM,SYSTEM,"Case initialized for OVERDUE_INVOICE amount ₹3,500.00","{""amount_at_risk"": 3500.0, ""score"": 50, ""policy"": ""HUMAN""}",2026-08-27T19:16:04.157121
AUD-4cabfa1e,CASE-2970,CASE_CREATED,SYSTEM,SYSTEM,"Case initialized for OVERDUE_INVOICE amount ₹6,500.00","{""amount_at_risk"": 6500.0, ""score"": 57, ""policy"": ""HUMAN""}",2026-08-27T20:16:04.157121
AUD-60324df6,CASE-2971,CASE_CREATED,SYSTEM,SYSTEM,"Case initialized for OVERDUE_INVOICE amount ₹6,500.00","{""amount_at_risk"": 6500.0, ""score"": 57, ""policy"": ""HUMAN""}",2026-08-27T05:16:04.157121
AUD-f5f10e90,CASE-2972,CASE_CREATED,SYSTEM,SYSTEM,"Case initialized for OVERDUE_INVOICE amount ₹4,800.00","{""amount_at_risk"": 4800.0, ""score"": 65, ""policy"": ""HUMAN""}",2026-08-28T03:16:04.157121
AUD-931a83c3,CASE-2973,CASE_CREATED,SYSTEM,SYSTEM,"Case initialized for OVERDUE_INVOICE amount ₹3,500.00","{""amount_at_risk"": 3500.0, ""score"": 44, ""policy"": ""HUMAN""}",2026-08-27T20:16:04.157121
AUD-420d77f4,CASE-2974,CASE_CREATED,SYSTEM,SYSTEM,"Case initialized for OVERDUE_INVOICE amount ₹4,800.00","{""amount_at_risk"": 4800.0, ""score"": 75, ""policy"": ""HUMAN""}",2026-08-27T05:16:04.157121
AUD-73fce130,CASE-2975,CASE_CREATED,SYSTEM,SYSTEM,"Case initialized for OVERDUE_INVOICE amount ₹3,500.00","{""amount_at_risk"": 3500.0, ""score"": 58, ""policy"": ""HUMAN""}",2026-08-27T05:16:04.157121
AUD-5da47456,CASE-2976,CASE_CREATED,SYSTEM,SYSTEM,"Case initialized for OVERDUE_INVOICE amount ₹3,500.00","{""amount_at_risk"": 3500.0, ""score"": 39, ""policy"": ""HUMAN""}",2026-08-27T23:16:04.157121
AUD-67cd57c8,CASE-2977,CASE_CREATED,SYSTEM,SYSTEM,"Case initialized for OVERDUE_INVOICE amount ₹6,500.00","{""amount_at_risk"": 6500.0, ""score"": 41, ""policy"": ""HUMAN""}",2026-08-26T18:16:04.157121
AUD-04964258,CASE-2978,CASE_CREATED,SYSTEM,SYSTEM,"Case initialized for OVERDUE_INVOICE amount ₹4,800.00","{""amount_at_risk"": 4800.0, ""score"": 67, ""policy"": ""HUMAN""}",2026-08-28T08:16:04.157121
AUD-b1a5f619,CASE-2979,CASE_CREATED,SYSTEM,SYSTEM,"Case initialized for OVERDUE_INVOICE amount ₹4,800.00","{""amount_at_risk"": 4800.0, ""score"": 61, ""policy"": ""HUMAN""}",2026-08-27T18:16:04.157121
AUD-1920ff3f,CASE-2980,CASE_CREATED,SYSTEM,SYSTEM,"Case initialized for OVERDUE_INVOICE amount ₹3,500.00","{""amount_at_risk"": 3500.0, ""score"": 55, ""policy"": ""HUMAN""}",2026-08-28T03:16:04.157121
AUD-2db7df01,CASE-2981,CASE_CREATED,SYSTEM,SYSTEM,"Case initialized for OVERDUE_INVOICE amount ₹3,500.00","{""amount_at_risk"": 3500.0, ""score"": 35, ""policy"": ""HUMAN""}",2026-08-26T20:16:04.157121
AUD-80b68a0d,CASE-2982,CASE_CREATED,SYSTEM,SYSTEM,"Case initialized for OVERDUE_INVOICE amount ₹6,500.00","{""amount_at_risk"": 6500.0, ""score"": 68, ""policy"": ""HUMAN""}",2026-08-26T19:16:04.157121
AUD-1f8ad99a,CASE-2983,CASE_CREATED,SYSTEM,SYSTEM,"Case initialized for OVERDUE_INVOICE amount ₹12,000.00","{""amount_at_risk"": 12000.0, ""score"": 50, ""policy"": ""HUMAN""}",2026-08-28T09:16:04.157121
AUD-87bfdddd,CASE-2984,CASE_CREATED,SYSTEM,SYSTEM,"Case initialized for OVERDUE_INVOICE amount ₹6,500.00","{""amount_at_risk"": 6500.0, ""score"": 50, ""policy"": ""HUMAN""}",2026-08-26T22:16:04.160473
AUD-d00dfb26,CASE-2985,CASE_CREATED,SYSTEM,SYSTEM,"Case initialized for OVERDUE_INVOICE amount ₹12,000.00","{""amount_at_risk"": 12000.0, ""score"": 35, ""policy"": ""HUMAN""}",2026-08-27T21:16:04.160473
AUD-bff6d6f7,CASE-2986,CASE_CREATED,SYSTEM,SYSTEM,"Case initialized for OVERDUE_INVOICE amount ₹12,000.00","{""amount_at_risk"": 12000.0, ""score"": 35, ""policy"": ""HUMAN""}",2026-08-27T12:16:04.160473
AUD-5352a53b,CASE-2987,CASE_CREATED,SYSTEM,SYSTEM,"Case initialized for OVERDUE_INVOICE amount ₹12,000.00","{""amount_at_risk"": 12000.0, ""score"": 48, ""policy"": ""HUMAN""}",2026-08-27T05:16:04.160473
AUD-957f3851,CASE-2988,CASE_CREATED,SYSTEM,SYSTEM,"Case initialized for OVERDUE_INVOICE amount ₹12,000.00","{""amount_at_risk"": 12000.0, ""score"": 49, ""policy"": ""HUMAN""}",2026-08-28T06:16:04.160473
AUD-462716b3,CASE-2989,CASE_CREATED,SYSTEM,SYSTEM,"Case initialized for OVERDUE_INVOICE amount ₹6,500.00","{""amount_at_risk"": 6500.0, ""score"": 62, ""policy"": ""HUMAN""}",2026-08-27T12:16:04.160473
AUD-1af90cc8,CASE-2990,CASE_CREATED,SYSTEM,SYSTEM,"Case initialized for OVERDUE_INVOICE amount ₹12,000.00","{""amount_at_risk"": 12000.0, ""score"": 47, ""policy"": ""HUMAN""}",2026-08-27T09:16:04.160473
AUD-00a0d4a4,CASE-2991,CASE_CREATED,SYSTEM,SYSTEM,"Case initialized for OVERDUE_INVOICE amount ₹6,500.00","{""amount_at_risk"": 6500.0, ""score"": 69, ""policy"": ""HUMAN""}",2026-08-27T09:16:04.160473
AUD-7e86ed78,CASE-2992,CASE_CREATED,SYSTEM,SYSTEM,"Case initialized for OVERDUE_INVOICE amount ₹3,500.00","{""amount_at_risk"": 3500.0, ""score"": 32, ""policy"": ""HUMAN""}",2026-08-26T17:16:04.160473
AUD-0fe74dad,CASE-2993,CASE_CREATED,SYSTEM,SYSTEM,"Case initialized for OVERDUE_INVOICE amount ₹4,800.00","{""amount_at_risk"": 4800.0, ""score"": 71, ""policy"": ""HUMAN""}",2026-08-26T20:16:04.160473
AUD-6d0a0dee,CASE-2994,CASE_CREATED,SYSTEM,SYSTEM,"Case initialized for OVERDUE_INVOICE amount ₹3,500.00","{""amount_at_risk"": 3500.0, ""score"": 48, ""policy"": ""HUMAN""}",2026-08-27T06:16:04.160473
AUD-a205df51,CASE-2995,CASE_CREATED,SYSTEM,SYSTEM,"Case initialized for OVERDUE_INVOICE amount ₹6,500.00","{""amount_at_risk"": 6500.0, ""score"": 39, ""policy"": ""HUMAN""}",2026-08-27T03:16:04.160473
AUD-04d48e60,CASE-2996,CASE_CREATED,SYSTEM,SYSTEM,"Case initialized for OVERDUE_INVOICE amount ₹12,000.00","{""amount_at_risk"": 12000.0, ""score"": 48, ""policy"": ""HUMAN""}",2026-08-28T08:16:04.160473
AUD-1e455b08,CASE-2997,CASE_CREATED,SYSTEM,SYSTEM,"Case initialized for OVERDUE_INVOICE amount ₹3,500.00","{""amount_at_risk"": 3500.0, ""score"": 62, ""policy"": ""HUMAN""}",2026-08-28T06:16:04.160473
AUD-ab3baca9,CASE-2998,CASE_CREATED,SYSTEM,SYSTEM,"Case initialized for OVERDUE_INVOICE amount ₹12,000.00","{""amount_at_risk"": 12000.0, ""score"": 72, ""policy"": ""HUMAN""}",2026-08-27T20:16:04.160473
AUD-94acd4d4,CASE-2999,CASE_CREATED,SYSTEM,SYSTEM,"Case initialized for OVERDUE_INVOICE amount ₹3,500.00","{""amount_at_risk"": 3500.0, ""score"": 62, ""policy"": ""HUMAN""}",2026-08-26T18:16:04.160473
