id,case_id,diagnosis,recovery_score,recommended_action,delay_minutes,expected_recovery_value,reason,created_at
REC-91b86251,CASE-1021,TEMPORARY_FAILURE,87,RETRY,30,1720.0,AI Recommendation for FAILED_PAYMENT: TEMPORARY_BANK_ERROR,2026-08-28T09:16:03.992776
REC-26e14b45,CASE-1032,TEMPORARY_FAILURE,75,REMIND,30,6355.0,AI Recommendation for CHECKOUT_ABANDONMENT: SESSION_TIMEOUT,2026-08-27T18:16:03.992776
REC-2b86579f,CASE-1048,AMBIGUOUS_STATE,10,STOP,30,2480.0,AI Recommendation for FAILED_PAYMENT: GATEWAY_TIMEOUT_AMBIGUOUS,2026-08-26T19:16:03.992776
REC-7a0d76d8,CASE-1088,INSUFFICIENT_FUNDS,65,RETRY,30,1280.0,AI Recommendation for SUBSCRIPTION_FAILURE: CARD_EXPIRED,2026-08-27T08:16:03.992776
REC-a57d7dd6,CASE-1102,INSUFFICIENT_FUNDS,55,ESCALATE,30,41230.0,AI Recommendation for OVERDUE_INVOICE: INVOICE_OVERDUE_18_DAYS,2026-08-26T17:16:03.995285
REC-9ee1c04d,CASE-2005,TEMPORARY_FAILURE,79,RETRY,30,9208.96,AI Recommendation for FAILED_PAYMENT: INSUFFICIENT_FUNDS,2026-08-28T01:16:03.995285
REC-56dc9239,CASE-2006,INSUFFICIENT_FUNDS,70,RETRY,30,5007.56,AI Recommendation for FAILED_PAYMENT: INSUFFICIENT_FUNDS,2026-08-27T22:16:03.995285
REC-decb4a3d,CASE-2007,TEMPORARY_FAILURE,93,RETRY,30,1078.54,AI Recommendation for FAILED_PAYMENT: INSUFFICIENT_FUNDS,2026-08-26T14:16:03.995285
REC-e0703c7e,CASE-2008,TEMPORARY_FAILURE,72,RETRY,30,5151.21,AI Recommendation for FAILED_PAYMENT: INSUFFICIENT_FUNDS,2026-08-27T21:16:03.995285
REC-4093fa18,CASE-2009,INSUFFICIENT_FUNDS,67,RETRY,30,3116.42,AI Recommendation for FAILED_PAYMENT: INSUFFICIENT_FUNDS,2026-08-26T14:16:03.995285
REC-bbec5d51,CASE-2010,INSUFFICIENT_FUNDS,47,RETRY,30,535.18,AI Recommendation for FAILED_PAYMENT: INSUFFICIENT_FUNDS,2026-08-27T23:16:03.996318
REC-7513f97d,CASE-2011,INSUFFICIENT_FUNDS,51,RETRY,30,582.43,AI Recommendation for FAILED_PAYMENT: INSUFFICIENT_FUNDS,2026-08-26T17:16:03.996318
REC-5baba6e6,CASE-2012,INSUFFICIENT_FUNDS,48,RETRY,30,5587.47,AI Recommendation for FAILED_PAYMENT: INSUFFICIENT_FUNDS,2026-08-27T08:16:03.996318
REC-aea22fe4,CASE-2013,TEMPORARY_FAILURE,79,RETRY,30,1703.17,AI Recommendation for FAILED_PAYMENT: INSUFFICIENT_FUNDS,2026-08-27T04:16:03.996318
REC-0a28348b,CASE-2014,INSUFFICIENT_FUNDS,59,RETRY,30,2151.93,AI Recommendation for FAILED_PAYMENT: INSUFFICIENT_FUNDS,2026-08-26T22:16:03.996318
REC-1c2f90fc,CASE-2015,INSUFFICIENT_FUNDS,65,RETRY,30,7573.45,AI Recommendation for FAILED_PAYMENT: INSUFFICIENT_FUNDS,2026-08-26T18:16:03.996318
REC-32d0b0ed,CASE-2016,INSUFFICIENT_FUNDS,59,RETRY,30,4217.52,AI Recommendation for FAILED_PAYMENT: INSUFFICIENT_FUNDS,2026-08-28T09:16:03.996318
REC-a9d634a2,CASE-2017,TEMPORARY_FAILURE,82,RETRY,30,5869.43,AI Recommendation for FAILED_PAYMENT: INSUFFICIENT_FUNDS,2026-08-27T05:16:03.996318
REC-aea00ef3,CASE-2018,INSUFFICIENT_FUNDS,67,RETRY,30,771.42,AI Recommendation for FAILED_PAYMENT: INSUFFICIENT_FUNDS,2026-08-27T10:16:03.996318
REC-bcb98ac5,CASE-2019,INSUFFICIENT_FUNDS,54,RETRY,30,2507.86,AI Recommendation for FAILED_PAYMENT: INSUFFICIENT_FUNDS,2026-08-27T02:16:03.997328
REC-d12e9dfc,CASE-2020,INSUFFICIENT_FUNDS,60,RETRY,30,2788.74,AI Recommendation for FAILED_PAYMENT: INSUFFICIENT_FUNDS,2026-08-28T03:16:03.997328
REC-82ac7d15,CASE-2021,INSUFFICIENT_FUNDS,48,RETRY,30,2226.99,AI Recommendation for FAILED_PAYMENT: INSUFFICIENT_FUNDS,2026-08-27T01:16:03.997328
REC-0912bd45,CASE-2022,INSUFFICIENT_FUNDS,53,RETRY,30,3786.58,AI Recommendation for FAILED_PAYMENT: INSUFFICIENT_FUNDS,2026-08-27T23:16:03.997328
REC-b797a8d3,CASE-2023,TEMPORARY_FAILURE,86,RETRY,30,3145.86,AI Recommendation for FAILED_PAYMENT: INSUFFICIENT_FUNDS,2026-08-27T02:16:03.997328
REC-34ee577d,CASE-2024,INSUFFICIENT_FUNDS,57,RETRY,30,6638.87,AI Recommendation for FAILED_PAYMENT: INSUFFICIENT_FUNDS,2026-08-26T17:16:03.997328
REC-0f7cb9ba,CASE-2025,TEMPORARY_FAILURE,83,RETRY,30,5941.25,AI Recommendation for FAILED_PAYMENT: INSUFFICIENT_FUNDS,2026-08-26T23:16:03.998341
REC-d22011d4,CASE-2026,TEMPORARY_FAILURE,87,RETRY,30,10143.54,AI Recommendation for FAILED_PAYMENT: INSUFFICIENT_FUNDS,2026-08-27T23:16:03.998341
REC-90eca038,CASE-2027,INSUFFICIENT_FUNDS,64,RETRY,30,2335.99,AI Recommendation for FAILED_PAYMENT: INSUFFICIENT_FUNDS,2026-08-26T13:16:03.998341
REC-b28867f9,CASE-2028,TEMPORARY_FAILURE,92,RETRY,30,1066.73,AI Recommendation for FAILED_PAYMENT: INSUFFICIENT_FUNDS,2026-08-26T22:16:03.998341
REC-1d261b1d,CASE-2029,INSUFFICIENT_FUNDS,58,RETRY,30,6755.69,AI Recommendation for FAILED_PAYMENT: INSUFFICIENT_FUNDS,2026-08-27T16:16:03.998341
REC-90d08b75,CASE-2030,INSUFFICIENT_FUNDS,69,RETRY,30,2520.05,AI Recommendation for FAILED_PAYMENT: INSUFFICIENT_FUNDS,2026-08-27T20:16:03.998341
REC-6aa5f65e,CASE-2031,TEMPORARY_FAILURE,77,RETRY,30,2814.55,AI Recommendation for FAILED_PAYMENT: INSUFFICIENT_FUNDS,2026-08-26T14:16:03.998341
REC-78ad7649,CASE-2032,TEMPORARY_FAILURE,93,RETRY,30,4333.54,AI Recommendation for FAILED_PAYMENT: INSUFFICIENT_FUNDS,2026-08-27T10:16:03.998341
REC-55b55f61,CASE-2033,TEMPORARY_FAILURE,81,RETRY,30,936.8,AI Recommendation for FAILED_PAYMENT: INSUFFICIENT_FUNDS,2026-08-27T01:16:03.998341
REC-08de1246,CASE-2034,TEMPORARY_FAILURE,82,RETRY,30,5869.43,AI Recommendation for FAILED_PAYMENT: INSUFFICIENT_FUNDS,2026-08-28T00:16:03.998341
REC-38cf2681,CASE-2035,INSUFFICIENT_FUNDS,59,RETRY,30,2151.93,AI Recommendation for FAILED_PAYMENT: INSUFFICIENT_FUNDS,2026-08-27T01:16:03.998341
REC-1681e0f4,CASE-2036,TEMPORARY_FAILURE,88,RETRY,30,10260.36,AI Recommendation for FAILED_PAYMENT: INSUFFICIENT_FUNDS,2026-08-26T14:16:03.998341
REC-ca194f9a,CASE-2037,TEMPORARY_FAILURE,92,RETRY,30,10727.65,AI Recommendation for FAILED_PAYMENT: INSUFFICIENT_FUNDS,2026-08-26T14:16:03.998341
REC-8a121b33,CASE-2038,INSUFFICIENT_FUNDS,55,RETRY,30,2004.68,AI Recommendation for FAILED_PAYMENT: INSUFFICIENT_FUNDS,2026-08-27T02:16:03.998341
REC-c45a990e,CASE-2039,INSUFFICIENT_FUNDS,48,RETRY,30,5587.47,AI Recommendation for FAILED_PAYMENT: INSUFFICIENT_FUNDS,2026-08-26T18:16:03.998341
REC-c4f55a92,CASE-2040,TEMPORARY_FAILURE,93,RETRY,30,1078.54,AI Recommendation for FAILED_PAYMENT: INSUFFICIENT_FUNDS,2026-08-26T15:16:03.998341
REC-73328217,CASE-2041,INSUFFICIENT_FUNDS,45,RETRY,30,961.55,AI Recommendation for FAILED_PAYMENT: INSUFFICIENT_FUNDS,2026-08-28T09:16:03.998341
REC-7add0672,CASE-2042,TEMPORARY_FAILURE,85,RETRY,30,6084.9,AI Recommendation for FAILED_PAYMENT: INSUFFICIENT_FUNDS,2026-08-28T12:16:03.998341
REC-bba48621,CASE-2043,TEMPORARY_FAILURE,80,RETRY,30,5725.78,AI Recommendation for FAILED_PAYMENT: INSUFFICIENT_FUNDS,2026-08-27T03:16:03.998341
REC-1ec51555,CASE-2044,INSUFFICIENT_FUNDS,62,RETRY,30,7222.98,AI Recommendation for FAILED_PAYMENT: INSUFFICIENT_FUNDS,2026-08-27T04:16:03.998341
REC-89164e34,CASE-2045,TEMPORARY_FAILURE,88,RETRY,30,10260.36,AI Recommendation for FAILED_PAYMENT: INSUFFICIENT_FUNDS,2026-08-28T06:16:03.998341
REC-1153f35a,CASE-2046,INSUFFICIENT_FUNDS,54,RETRY,30,3858.4,AI Recommendation for FAILED_PAYMENT: INSUFFICIENT_FUNDS,2026-08-27T03:16:03.998341
REC-53f01a86,CASE-2047,INSUFFICIENT_FUNDS,67,RETRY,30,2446.42,AI Recommendation for FAILED_PAYMENT: INSUFFICIENT_FUNDS,2026-08-27T13:16:03.998341
REC-248fa66d,CASE-2048,TEMPORARY_FAILURE,74,RETRY,30,3444.11,AI Recommendation for FAILED_PAYMENT: INSUFFICIENT_FUNDS,2026-08-27T22:16:03.998341
REC-a9c25ee1,CASE-2049,TEMPORARY_FAILURE,88,RETRY,30,3219.48,AI Recommendation for FAILED_PAYMENT: INSUFFICIENT_FUNDS,2026-08-27T11:16:03.998341
REC-551d4544,CASE-2050,INSUFFICIENT_FUNDS,69,RETRY,30,3210.05,AI Recommendation for FAILED_PAYMENT: INSUFFICIENT_FUNDS,2026-08-26T20:16:03.998341
REC-4c4dc715,CASE-2051,TEMPORARY_FAILURE,89,RETRY,30,1031.29,AI Recommendation for FAILED_PAYMENT: INSUFFICIENT_FUNDS,2026-08-27T15:16:03.998341
REC-d26a9cdb,CASE-2052,INSUFFICIENT_FUNDS,51,RETRY,30,3642.94,AI Recommendation for FAILED_PAYMENT: INSUFFICIENT_FUNDS,2026-08-27T23:16:03.998341
REC-081f08a2,CASE-2053,TEMPORARY_FAILURE,81,RETRY,30,9442.61,AI Recommendation for FAILED_PAYMENT: INSUFFICIENT_FUNDS,2026-08-28T08:16:03.998341
REC-37c47fdf,CASE-2054,INSUFFICIENT_FUNDS,62,RETRY,30,7222.98,AI Recommendation for FAILED_PAYMENT: INSUFFICIENT_FUNDS,2026-08-27T16:16:03.998341
REC-3b83b5b6,CASE-2055,INSUFFICIENT_FUNDS,58,RETRY,30,665.11,AI Recommendation for FAILED_PAYMENT: INSUFFICIENT_FUNDS,2026-08-27T17:16:03.998341
REC-d72393f7,CASE-2056,TEMPORARY_FAILURE,81,RETRY,30,1746.8,AI Recommendation for FAILED_PAYMENT: INSUFFICIENT_FUNDS,2026-08-26T13:16:03.998341
REC-2255b024,CASE-2057,TEMPORARY_FAILURE,95,RETRY,30,2052.17,AI Recommendation for FAILED_PAYMENT: INSUFFICIENT_FUNDS,2026-08-28T06:16:03.998341
REC-eb93f83e,CASE-2058,INSUFFICIENT_FUNDS,59,RETRY,30,2741.93,AI Recommendation for FAILED_PAYMENT: INSUFFICIENT_FUNDS,2026-08-26T21:16:03.998341
REC-0303db0f,CASE-2059,INSUFFICIENT_FUNDS,70,RETRY,30,5007.56,AI Recommendation for FAILED_PAYMENT: INSUFFICIENT_FUNDS,2026-08-27T19:16:03.998341
REC-bf773a8e,CASE-2060,TEMPORARY_FAILURE,76,RETRY,30,3537.73,AI Recommendation for FAILED_PAYMENT: INSUFFICIENT_FUNDS,2026-08-27T12:16:03.998341
REC-35983cac,CASE-2061,INSUFFICIENT_FUNDS,56,RETRY,30,2601.49,AI Recommendation for FAILED_PAYMENT: INSUFFICIENT_FUNDS,2026-08-26T21:16:03.998341
REC-9e6751fd,CASE-2062,INSUFFICIENT_FUNDS,60,RETRY,30,2188.74,AI Recommendation for FAILED_PAYMENT: INSUFFICIENT_FUNDS,2026-08-28T03:16:03.998341
REC-368b866b,CASE-2063,TEMPORARY_FAILURE,90,RETRY,30,4193.11,AI Recommendation for FAILED_PAYMENT: INSUFFICIENT_FUNDS,2026-08-27T13:16:04.003078
REC-bc3c7a63,CASE-2064,INSUFFICIENT_FUNDS,50,RETRY,30,570.62,AI Recommendation for FAILED_PAYMENT: INSUFFICIENT_FUNDS,2026-08-27T13:16:04.003078
REC-ddaae78b,CASE-2065,INSUFFICIENT_FUNDS,51,RETRY,30,1857.43,AI Recommendation for FAILED_PAYMENT: INSUFFICIENT_FUNDS,2026-08-27T09:16:04.003078
REC-2b7ab3eb,CASE-2066,TEMPORARY_FAILURE,80,RETRY,30,3724.98,AI Recommendation for FAILED_PAYMENT: INSUFFICIENT_FUNDS,2026-08-28T07:16:04.003078
REC-11bdd308,CASE-2067,TEMPORARY_FAILURE,80,RETRY,30,2924.98,AI Recommendation for FAILED_PAYMENT: INSUFFICIENT_FUNDS,2026-08-27T18:16:04.003078
REC-acdf78fd,CASE-2068,INSUFFICIENT_FUNDS,69,RETRY,30,3210.05,AI Recommendation for FAILED_PAYMENT: INSUFFICIENT_FUNDS,2026-08-27T03:16:04.003078
REC-586f12fc,CASE-2069,TEMPORARY_FAILURE,88,RETRY,30,1899.48,AI Recommendation for FAILED_PAYMENT: INSUFFICIENT_FUNDS,2026-08-27T19:16:04.003078
REC-f42add2c,CASE-2070,INSUFFICIENT_FUNDS,54,RETRY,30,2507.86,AI Recommendation for FAILED_PAYMENT: INSUFFICIENT_FUNDS,2026-08-27T19:16:04.003078
REC-ee58cf74,CASE-2071,INSUFFICIENT_FUNDS,64,RETRY,30,2975.99,AI Recommendation for FAILED_PAYMENT: INSUFFICIENT_FUNDS,2026-08-27T20:16:04.003078
REC-afade29c,CASE-2072,TEMPORARY_FAILURE,91,RETRY,30,1964.92,AI Recommendation for FAILED_PAYMENT: INSUFFICIENT_FUNDS,2026-08-28T04:16:04.003078
REC-46491932,CASE-2073,INSUFFICIENT_FUNDS,45,RETRY,30,1636.55,AI Recommendation for FAILED_PAYMENT: INSUFFICIENT_FUNDS,2026-08-27T12:16:04.003078
REC-b44658c7,CASE-2074,TEMPORARY_FAILURE,73,RETRY,30,2667.3,AI Recommendation for FAILED_PAYMENT: INSUFFICIENT_FUNDS,2026-08-26T22:16:04.003078
REC-4790647f,CASE-2075,INSUFFICIENT_FUNDS,64,RETRY,30,1375.99,AI Recommendation for FAILED_PAYMENT: INSUFFICIENT_FUNDS,2026-08-27T16:16:04.003078
REC-d86c2235,CASE-2076,INSUFFICIENT_FUNDS,70,RETRY,30,1506.86,AI Recommendation for FAILED_PAYMENT: INSUFFICIENT_FUNDS,2026-08-26T16:16:04.003078
REC-48a9da22,CASE-2077,TEMPORARY_FAILURE,76,RETRY,30,8858.49,AI Recommendation for FAILED_PAYMENT: INSUFFICIENT_FUNDS,2026-08-27T12:16:04.005117
REC-bb784565,CASE-2078,TEMPORARY_FAILURE,95,RETRY,30,3477.17,AI Recommendation for FAILED_PAYMENT: INSUFFICIENT_FUNDS,2026-08-27T02:16:04.005117
REC-49a73df9,CASE-2079,TEMPORARY_FAILURE,88,RETRY,30,1899.48,AI Recommendation for FAILED_PAYMENT: INSUFFICIENT_FUNDS,2026-08-27T23:16:04.005117
REC-9554fb19,CASE-2080,INSUFFICIENT_FUNDS,63,RETRY,30,2929.17,AI Recommendation for FAILED_PAYMENT: INSUFFICIENT_FUNDS,2026-08-27T05:16:04.005117
REC-d0e0ce75,CASE-2081,TEMPORARY_FAILURE,85,RETRY,30,1834.05,AI Recommendation for FAILED_PAYMENT: INSUFFICIENT_FUNDS,2026-08-27T09:16:04.005117
REC-5580a959,CASE-2082,INSUFFICIENT_FUNDS,49,RETRY,30,2273.8,AI Recommendation for FAILED_PAYMENT: INSUFFICIENT_FUNDS,2026-08-27T11:16:04.005117
REC-ea9a9f6f,CASE-2083,TEMPORARY_FAILURE,77,RETRY,30,5510.32,AI Recommendation for FAILED_PAYMENT: INSUFFICIENT_FUNDS,2026-08-26T16:16:04.005117
REC-a7801670,CASE-2084,TEMPORARY_FAILURE,83,RETRY,30,5941.25,AI Recommendation for FAILED_PAYMENT: INSUFFICIENT_FUNDS,2026-08-26T18:16:04.005117
REC-31825215,CASE-2085,INSUFFICIENT_FUNDS,67,RETRY,30,7807.09,AI Recommendation for FAILED_PAYMENT: INSUFFICIENT_FUNDS,2026-08-26T19:16:04.005117
REC-a9896f8e,CASE-2086,TEMPORARY_FAILURE,86,RETRY,30,10026.72,AI Recommendation for FAILED_PAYMENT: INSUFFICIENT_FUNDS,2026-08-28T06:16:04.005117
REC-5de66f61,CASE-2087,INSUFFICIENT_FUNDS,51,RETRY,30,582.43,AI Recommendation for FAILED_PAYMENT: INSUFFICIENT_FUNDS,2026-08-26T13:16:04.005117
REC-f9aa34ee,CASE-2088,TEMPORARY_FAILURE,80,RETRY,30,5725.78,AI Recommendation for FAILED_PAYMENT: INSUFFICIENT_FUNDS,2026-08-27T13:16:04.005117
REC-424758e5,CASE-2089,TEMPORARY_FAILURE,74,RETRY,30,3444.11,AI Recommendation for FAILED_PAYMENT: INSUFFICIENT_FUNDS,2026-08-28T11:16:04.005117
REC-d92386da,CASE-2090,INSUFFICIENT_FUNDS,51,RETRY,30,2367.43,AI Recommendation for FAILED_PAYMENT: INSUFFICIENT_FUNDS,2026-08-28T05:16:04.005117
REC-7970f796,CASE-2091,INSUFFICIENT_FUNDS,54,RETRY,30,6288.4,AI Recommendation for FAILED_PAYMENT: INSUFFICIENT_FUNDS,2026-08-27T07:16:04.005117
REC-5d74b00b,CASE-2092,TEMPORARY_FAILURE,78,RETRY,30,1681.36,AI Recommendation for FAILED_PAYMENT: INSUFFICIENT_FUNDS,2026-08-28T06:16:04.005117
REC-c43276a1,CASE-2093,TEMPORARY_FAILURE,91,RETRY,30,4239.92,AI Recommendation for FAILED_PAYMENT: INSUFFICIENT_FUNDS,2026-08-28T10:16:04.005117
REC-2be637c0,CASE-2094,INSUFFICIENT_FUNDS,52,RETRY,30,6054.76,AI Recommendation for FAILED_PAYMENT: INSUFFICIENT_FUNDS,2026-08-28T06:16:04.005117
REC-be457b14,CASE-2095,INSUFFICIENT_FUNDS,55,RETRY,30,6405.23,AI Recommendation for FAILED_PAYMENT: INSUFFICIENT_FUNDS,2026-08-28T02:16:04.005117
REC-af20386d,CASE-2096,TEMPORARY_FAILURE,80,RETRY,30,2924.98,AI Recommendation for FAILED_PAYMENT: INSUFFICIENT_FUNDS,2026-08-26T20:16:04.007252
REC-e31ae56c,CASE-2097,INSUFFICIENT_FUNDS,56,RETRY,30,1201.49,AI Recommendation for FAILED_PAYMENT: INSUFFICIENT_FUNDS,2026-08-26T13:16:04.007252
REC-4184be84,CASE-2098,INSUFFICIENT_FUNDS,57,RETRY,30,4073.87,AI Recommendation for FAILED_PAYMENT: INSUFFICIENT_FUNDS,2026-08-28T12:16:04.007252
REC-d650b6c4,CASE-2099,INSUFFICIENT_FUNDS,58,RETRY,30,6755.69,AI Recommendation for FAILED_PAYMENT: INSUFFICIENT_FUNDS,2026-08-28T08:16:04.007252
REC-366c20ee,CASE-2100,INSUFFICIENT_FUNDS,51,RETRY,30,3642.94,AI Recommendation for FAILED_PAYMENT: INSUFFICIENT_FUNDS,2026-08-27T16:16:04.007252
REC-238f53ae,CASE-2101,TEMPORARY_FAILURE,74,RETRY,30,1594.11,AI Recommendation for FAILED_PAYMENT: INSUFFICIENT_FUNDS,2026-08-27T05:16:04.007252
REC-156861fc,CASE-2102,TEMPORARY_FAILURE,85,RETRY,30,6084.9,AI Recommendation for FAILED_PAYMENT: INSUFFICIENT_FUNDS,2026-08-27T11:16:04.007252
REC-690fdb9d,CASE-2103,INSUFFICIENT_FUNDS,52,RETRY,30,3714.76,AI Recommendation for FAILED_PAYMENT: INSUFFICIENT_FUNDS,2026-08-26T21:16:04.007252
REC-d3be59ba,CASE-2104,TEMPORARY_FAILURE,88,RETRY,30,1899.48,AI Recommendation for FAILED_PAYMENT: INSUFFICIENT_FUNDS,2026-08-28T04:16:04.007252
REC-5ae60c15,CASE-2105,INSUFFICIENT_FUNDS,52,RETRY,30,1894.24,AI Recommendation for FAILED_PAYMENT: INSUFFICIENT_FUNDS,2026-08-28T01:16:04.009263
REC-be46e17e,CASE-2106,TEMPORARY_FAILURE,89,RETRY,30,3256.29,AI Recommendation for FAILED_PAYMENT: INSUFFICIENT_FUNDS,2026-08-28T04:16:04.009263
REC-79c20877,CASE-2107,INSUFFICIENT_FUNDS,69,RETRY,30,4935.74,AI Recommendation for FAILED_PAYMENT: INSUFFICIENT_FUNDS,2026-08-26T20:16:04.009263
REC-89d593fa,CASE-2108,TEMPORARY_FAILURE,89,RETRY,30,6372.18,AI Recommendation for FAILED_PAYMENT: INSUFFICIENT_FUNDS,2026-08-27T18:16:04.009263
REC-c4179953,CASE-2109,INSUFFICIENT_FUNDS,56,RETRY,30,1201.49,AI Recommendation for FAILED_PAYMENT: INSUFFICIENT_FUNDS,2026-08-28T09:16:04.009263
REC-4eb19780,CASE-2110,INSUFFICIENT_FUNDS,45,RETRY,30,1636.55,AI Recommendation for FAILED_PAYMENT: INSUFFICIENT_FUNDS,2026-08-27T12:16:04.009263
REC-490d0d42,CASE-2111,TEMPORARY_FAILURE,77,RETRY,30,5510.32,AI Recommendation for FAILED_PAYMENT: INSUFFICIENT_FUNDS,2026-08-27T05:16:04.009263
REC-abf6def7,CASE-2112,TEMPORARY_FAILURE,90,RETRY,30,4193.11,AI Recommendation for FAILED_PAYMENT: INSUFFICIENT_FUNDS,2026-08-27T00:16:04.009263
REC-51c8fbb7,CASE-2113,TEMPORARY_FAILURE,95,RETRY,30,1102.17,AI Recommendation for FAILED_PAYMENT: INSUFFICIENT_FUNDS,2026-08-27T22:16:04.009263
REC-36f7345a,CASE-2114,INSUFFICIENT_FUNDS,63,RETRY,30,4504.8,AI Recommendation for FAILED_PAYMENT: INSUFFICIENT_FUNDS,2026-08-26T13:16:04.009263
REC-aaaaa1ab,CASE-2115,TEMPORARY_FAILURE,80,RETRY,30,3724.98,AI Recommendation for FAILED_PAYMENT: INSUFFICIENT_FUNDS,2026-08-27T02:16:04.011272
REC-2e6448f8,CASE-2116,TEMPORARY_FAILURE,79,RETRY,30,2888.17,AI Recommendation for FAILED_PAYMENT: INSUFFICIENT_FUNDS,2026-08-27T23:16:04.011272
REC-b3efae2a,CASE-2117,INSUFFICIENT_FUNDS,51,RETRY,30,2367.43,AI Recommendation for FAILED_PAYMENT: INSUFFICIENT_FUNDS,2026-08-27T08:16:04.011272
REC-7948e000,CASE-2118,INSUFFICIENT_FUNDS,67,RETRY,30,2446.42,AI Recommendation for FAILED_PAYMENT: INSUFFICIENT_FUNDS,2026-08-27T21:16:04.011272
REC-9c64df83,CASE-2119,TEMPORARY_FAILURE,92,RETRY,30,1986.73,AI Recommendation for FAILED_PAYMENT: INSUFFICIENT_FUNDS,2026-08-26T21:16:04.011272
REC-ae6607f8,CASE-2120,TEMPORARY_FAILURE,95,RETRY,30,2052.17,AI Recommendation for FAILED_PAYMENT: INSUFFICIENT_FUNDS,2026-08-27T14:16:04.011272
REC-7ae00f9d,CASE-2121,INSUFFICIENT_FUNDS,62,RETRY,30,4432.98,AI Recommendation for FAILED_PAYMENT: INSUFFICIENT_FUNDS,2026-08-26T15:16:04.011272
REC-568fb433,CASE-2122,INSUFFICIENT_FUNDS,63,RETRY,30,2299.17,AI Recommendation for FAILED_PAYMENT: INSUFFICIENT_FUNDS,2026-08-26T17:16:04.011272
REC-bb06df24,CASE-2123,INSUFFICIENT_FUNDS,53,RETRY,30,606.05,AI Recommendation for FAILED_PAYMENT: INSUFFICIENT_FUNDS,2026-08-26T19:16:04.011272
REC-64e661ed,CASE-2124,TEMPORARY_FAILURE,89,RETRY,30,1921.29,AI Recommendation for FAILED_PAYMENT: INSUFFICIENT_FUNDS,2026-08-27T16:16:04.013021
REC-05e69211,CASE-2125,TEMPORARY_FAILURE,93,RETRY,30,2008.54,AI Recommendation for FAILED_PAYMENT: INSUFFICIENT_FUNDS,2026-08-27T00:16:04.013021
REC-6dab6ee3,CASE-2126,INSUFFICIENT_FUNDS,62,RETRY,30,7222.98,AI Recommendation for FAILED_PAYMENT: INSUFFICIENT_FUNDS,2026-08-28T08:16:04.013021
REC-b03ac5e0,CASE-2127,TEMPORARY_FAILURE,95,RETRY,30,11078.12,AI Recommendation for FAILED_PAYMENT: INSUFFICIENT_FUNDS,2026-08-26T13:16:04.013021
REC-4524889e,CASE-2128,TEMPORARY_FAILURE,89,RETRY,30,3256.29,AI Recommendation for FAILED_PAYMENT: INSUFFICIENT_FUNDS,2026-08-27T16:16:04.013021
REC-b8533326,CASE-2129,INSUFFICIENT_FUNDS,45,RETRY,30,3212.0,AI Recommendation for FAILED_PAYMENT: INSUFFICIENT_FUNDS,2026-08-26T18:16:04.013021
REC-9cb91f92,CASE-2130,INSUFFICIENT_FUNDS,67,RETRY,30,7807.09,AI Recommendation for FAILED_PAYMENT: INSUFFICIENT_FUNDS,2026-08-27T09:16:04.013021
REC-29c5a762,CASE-2131,TEMPORARY_FAILURE,76,RETRY,30,1637.73,AI Recommendation for FAILED_PAYMENT: INSUFFICIENT_FUNDS,2026-08-27T15:16:04.013021
REC-14f17d7a,CASE-2132,TEMPORARY_FAILURE,81,RETRY,30,5797.61,AI Recommendation for FAILED_PAYMENT: INSUFFICIENT_FUNDS,2026-08-26T17:16:04.013021
REC-7b9a21a4,CASE-2133,INSUFFICIENT_FUNDS,47,RETRY,30,535.18,AI Recommendation for FAILED_PAYMENT: INSUFFICIENT_FUNDS,2026-08-28T05:16:04.014538
REC-02dd503c,CASE-2134,TEMPORARY_FAILURE,73,RETRY,30,1572.3,AI Recommendation for FAILED_PAYMENT: INSUFFICIENT_FUNDS,2026-08-28T00:16:04.014538
REC-73db0fda,CASE-2135,INSUFFICIENT_FUNDS,53,RETRY,30,6171.58,AI Recommendation for FAILED_PAYMENT: INSUFFICIENT_FUNDS,2026-08-28T07:16:04.014538
REC-ab7c9596,CASE-2136,INSUFFICIENT_FUNDS,68,RETRY,30,7923.92,AI Recommendation for FAILED_PAYMENT: INSUFFICIENT_FUNDS,2026-08-26T18:16:04.015101
REC-41b96f72,CASE-2137,INSUFFICIENT_FUNDS,55,RETRY,30,6405.23,AI Recommendation for FAILED_PAYMENT: INSUFFICIENT_FUNDS,2026-08-27T17:16:04.015101
REC-4e133cbb,CASE-2138,TEMPORARY_FAILURE,89,RETRY,30,10377.18,AI Recommendation for FAILED_PAYMENT: INSUFFICIENT_FUNDS,2026-08-28T07:16:04.015101
REC-e6129571,CASE-2139,INSUFFICIENT_FUNDS,51,RETRY,30,5937.94,AI Recommendation for FAILED_PAYMENT: INSUFFICIENT_FUNDS,2026-08-28T08:16:04.015101
REC-0eb784a1,CASE-2140,TEMPORARY_FAILURE,82,RETRY,30,1768.61,AI Recommendation for FAILED_PAYMENT: INSUFFICIENT_FUNDS,2026-08-26T16:16:04.015101
REC-9effa7ff,CASE-2141,INSUFFICIENT_FUNDS,52,RETRY,30,1894.24,AI Recommendation for FAILED_PAYMENT: INSUFFICIENT_FUNDS,2026-08-28T08:16:04.015101
REC-e6557e38,CASE-2142,INSUFFICIENT_FUNDS,69,RETRY,30,1485.05,AI Recommendation for FAILED_PAYMENT: INSUFFICIENT_FUNDS,2026-08-27T16:16:04.015101
REC-f1256176,CASE-2143,INSUFFICIENT_FUNDS,64,RETRY,30,2335.99,AI Recommendation for FAILED_PAYMENT: INSUFFICIENT_FUNDS,2026-08-26T19:16:04.015101
REC-f357ad72,CASE-2144,INSUFFICIENT_FUNDS,54,RETRY,30,6288.4,AI Recommendation for FAILED_PAYMENT: INSUFFICIENT_FUNDS,2026-08-26T19:16:04.015101
REC-b119e611,CASE-2145,TEMPORARY_FAILURE,73,RETRY,30,1572.3,AI Recommendation for FAILED_PAYMENT: INSUFFICIENT_FUNDS,2026-08-26T13:16:04.016420
REC-25f545c1,CASE-2146,TEMPORARY_FAILURE,71,RETRY,30,1528.67,AI Recommendation for FAILED_PAYMENT: INSUFFICIENT_FUNDS,2026-08-28T06:16:04.016420
REC-73431c06,CASE-2147,TEMPORARY_FAILURE,93,RETRY,30,2008.54,AI Recommendation for FAILED_PAYMENT: INSUFFICIENT_FUNDS,2026-08-27T16:16:04.016420
REC-7b096114,CASE-2148,INSUFFICIENT_FUNDS,60,RETRY,30,1288.74,AI Recommendation for FAILED_PAYMENT: INSUFFICIENT_FUNDS,2026-08-27T01:16:04.016420
REC-d471e922,CASE-2149,TEMPORARY_FAILURE,83,RETRY,30,5941.25,AI Recommendation for FAILED_PAYMENT: INSUFFICIENT_FUNDS,2026-08-27T17:16:04.016420
REC-aeafdb98,CASE-2150,TEMPORARY_FAILURE,78,RETRY,30,1681.36,AI Recommendation for FAILED_PAYMENT: INSUFFICIENT_FUNDS,2026-08-27T11:16:04.016420
REC-ad83aa41,CASE-2151,TEMPORARY_FAILURE,86,RETRY,30,3145.86,AI Recommendation for FAILED_PAYMENT: INSUFFICIENT_FUNDS,2026-08-28T05:16:04.016420
REC-a78133ae,CASE-2152,TEMPORARY_FAILURE,76,RETRY,30,1637.73,AI Recommendation for FAILED_PAYMENT: INSUFFICIENT_FUNDS,2026-08-27T16:16:04.016420
REC-6959b85f,CASE-2153,INSUFFICIENT_FUNDS,69,RETRY,30,1485.05,AI Recommendation for FAILED_PAYMENT: INSUFFICIENT_FUNDS,2026-08-27T02:16:04.016420
REC-b8fe609f,CASE-2154,INSUFFICIENT_FUNDS,56,RETRY,30,6522.05,AI Recommendation for FAILED_PAYMENT: INSUFFICIENT_FUNDS,2026-08-26T23:16:04.016420
REC-7d69e45e,CASE-2155,INSUFFICIENT_FUNDS,45,RETRY,30,511.55,AI Recommendation for FAILED_PAYMENT: INSUFFICIENT_FUNDS,2026-08-28T09:16:04.016420
REC-c03c898e,CASE-2156,TEMPORARY_FAILURE,77,RETRY,30,3584.55,AI Recommendation for FAILED_PAYMENT: INSUFFICIENT_FUNDS,2026-08-26T16:16:04.016420
REC-85ca5b98,CASE-2157,INSUFFICIENT_FUNDS,50,RETRY,30,2320.61,AI Recommendation for FAILED_PAYMENT: INSUFFICIENT_FUNDS,2026-08-28T07:16:04.016420
REC-06e0b6d3,CASE-2158,INSUFFICIENT_FUNDS,50,RETRY,30,1820.62,AI Recommendation for FAILED_PAYMENT: INSUFFICIENT_FUNDS,2026-08-27T02:16:04.016420
REC-6cc3ad30,CASE-2159,INSUFFICIENT_FUNDS,70,RETRY,30,2556.86,AI Recommendation for FAILED_PAYMENT: INSUFFICIENT_FUNDS,2026-08-27T09:16:04.016420
REC-4f29732d,CASE-2160,INSUFFICIENT_FUNDS,60,RETRY,30,6989.34,AI Recommendation for FAILED_PAYMENT: INSUFFICIENT_FUNDS,2026-08-27T09:16:04.016420
REC-ce76fb13,CASE-2161,TEMPORARY_FAILURE,74,RETRY,30,854.11,AI Recommendation for FAILED_PAYMENT: INSUFFICIENT_FUNDS,2026-08-26T13:16:04.016420
REC-3c997289,CASE-2162,TEMPORARY_FAILURE,92,RETRY,30,10727.65,AI Recommendation for FAILED_PAYMENT: INSUFFICIENT_FUNDS,2026-08-26T15:16:04.018430
REC-6ed315c4,CASE-2163,TEMPORARY_FAILURE,89,RETRY,30,1921.29,AI Recommendation for FAILED_PAYMENT: INSUFFICIENT_FUNDS,2026-08-27T03:16:04.018430
REC-ebd5df01,CASE-2164,INSUFFICIENT_FUNDS,61,RETRY,30,7106.16,AI Recommendation for FAILED_PAYMENT: INSUFFICIENT_FUNDS,2026-08-26T13:16:04.018430
REC-c877b52f,CASE-2165,TEMPORARY_FAILURE,91,RETRY,30,3329.92,AI Recommendation for FAILED_PAYMENT: INSUFFICIENT_FUNDS,2026-08-27T19:16:04.018430
REC-9716a2b5,CASE-2166,INSUFFICIENT_FUNDS,49,RETRY,30,3499.29,AI Recommendation for FAILED_PAYMENT: INSUFFICIENT_FUNDS,2026-08-27T07:16:04.018430
REC-3a7404ce,CASE-2167,INSUFFICIENT_FUNDS,68,RETRY,30,4863.92,AI Recommendation for FAILED_PAYMENT: INSUFFICIENT_FUNDS,2026-08-28T02:16:04.018430
REC-2cf7015d,CASE-2168,INSUFFICIENT_FUNDS,55,RETRY,30,2004.68,AI Recommendation for FAILED_PAYMENT: INSUFFICIENT_FUNDS,2026-08-26T17:16:04.018430
REC-e71a29ec,CASE-2169,INSUFFICIENT_FUNDS,52,RETRY,30,6054.76,AI Recommendation for FAILED_PAYMENT: INSUFFICIENT_FUNDS,2026-08-28T12:16:04.019894
REC-00a502c6,CASE-2170,INSUFFICIENT_FUNDS,47,RETRY,30,1005.18,AI Recommendation for FAILED_PAYMENT: INSUFFICIENT_FUNDS,2026-08-28T03:16:04.019894
REC-b8136c50,CASE-2171,INSUFFICIENT_FUNDS,47,RETRY,30,1005.18,AI Recommendation for FAILED_PAYMENT: INSUFFICIENT_FUNDS,2026-08-27T16:16:04.019894
REC-a5cbbbff,CASE-2172,TEMPORARY_FAILURE,71,RETRY,30,1528.67,AI Recommendation for FAILED_PAYMENT: INSUFFICIENT_FUNDS,2026-08-27T00:16:04.019894
REC-6e6928af,CASE-2173,INSUFFICIENT_FUNDS,52,RETRY,30,1894.24,AI Recommendation for FAILED_PAYMENT: INSUFFICIENT_FUNDS,2026-08-27T22:16:04.019894
REC-f76640d5,CASE-2174,INSUFFICIENT_FUNDS,47,RETRY,30,3355.65,AI Recommendation for FAILED_PAYMENT: INSUFFICIENT_FUNDS,2026-08-27T18:16:04.019894
REC-b801699e,CASE-2175,INSUFFICIENT_FUNDS,65,RETRY,30,2372.8,AI Recommendation for FAILED_PAYMENT: INSUFFICIENT_FUNDS,2026-08-27T13:16:04.019894
REC-fa2294af,CASE-2176,INSUFFICIENT_FUNDS,63,RETRY,30,1354.17,AI Recommendation for FAILED_PAYMENT: INSUFFICIENT_FUNDS,2026-08-26T21:16:04.019894
REC-3ffbefcf,CASE-2177,TEMPORARY_FAILURE,74,RETRY,30,1594.11,AI Recommendation for FAILED_PAYMENT: INSUFFICIENT_FUNDS,2026-08-26T14:16:04.019894
REC-2e3ff3b3,CASE-2178,TEMPORARY_FAILURE,93,RETRY,30,6659.47,AI Recommendation for FAILED_PAYMENT: INSUFFICIENT_FUNDS,2026-08-27T10:16:04.019894
REC-c2143bd2,CASE-2179,INSUFFICIENT_FUNDS,59,RETRY,30,676.93,AI Recommendation for FAILED_PAYMENT: INSUFFICIENT_FUNDS,2026-08-26T16:16:04.019894
REC-9d66c05f,CASE-2180,INSUFFICIENT_FUNDS,66,RETRY,30,759.61,AI Recommendation for FAILED_PAYMENT: INSUFFICIENT_FUNDS,2026-08-26T14:16:04.019894
REC-30abf388,CASE-2181,INSUFFICIENT_FUNDS,51,RETRY,30,1857.43,AI Recommendation for FAILED_PAYMENT: INSUFFICIENT_FUNDS,2026-08-27T05:16:04.019894
REC-3fdf15e2,CASE-2182,INSUFFICIENT_FUNDS,54,RETRY,30,617.86,AI Recommendation for FAILED_PAYMENT: INSUFFICIENT_FUNDS,2026-08-27T22:16:04.019894
REC-9322b4bc,CASE-2183,TEMPORARY_FAILURE,71,RETRY,30,5079.38,AI Recommendation for FAILED_PAYMENT: INSUFFICIENT_FUNDS,2026-08-28T07:16:04.019894
REC-95cd8bd6,CASE-2184,INSUFFICIENT_FUNDS,51,RETRY,30,3642.94,AI Recommendation for FAILED_PAYMENT: INSUFFICIENT_FUNDS,2026-08-27T11:16:04.019894
REC-baafc896,CASE-2185,TEMPORARY_FAILURE,82,RETRY,30,948.61,AI Recommendation for FAILED_PAYMENT: INSUFFICIENT_FUNDS,2026-08-27T18:16:04.019894
REC-daf02ff2,CASE-2186,INSUFFICIENT_FUNDS,65,RETRY,30,2372.8,AI Recommendation for FAILED_PAYMENT: INSUFFICIENT_FUNDS,2026-08-27T08:16:04.019894
REC-89457764,CASE-2187,INSUFFICIENT_FUNDS,59,RETRY,30,2151.93,AI Recommendation for FAILED_PAYMENT: INSUFFICIENT_FUNDS,2026-08-26T23:16:04.019894
REC-f11c5bd9,CASE-2188,INSUFFICIENT_FUNDS,54,RETRY,30,617.86,AI Recommendation for FAILED_PAYMENT: INSUFFICIENT_FUNDS,2026-08-27T07:16:04.036549
REC-72e79b59,CASE-2189,TEMPORARY_FAILURE,71,RETRY,30,2593.67,AI Recommendation for FAILED_PAYMENT: INSUFFICIENT_FUNDS,2026-08-27T08:16:04.036549
REC-8116cc57,CASE-2190,TEMPORARY_FAILURE,74,RETRY,30,2704.11,AI Recommendation for FAILED_PAYMENT: INSUFFICIENT_FUNDS,2026-08-28T02:16:04.036549
REC-b5118fa7,CASE-2191,INSUFFICIENT_FUNDS,64,RETRY,30,7456.63,AI Recommendation for FAILED_PAYMENT: INSUFFICIENT_FUNDS,2026-08-28T03:16:04.036549
REC-da75ffa1,CASE-2192,TEMPORARY_FAILURE,90,RETRY,30,1043.11,AI Recommendation for FAILED_PAYMENT: INSUFFICIENT_FUNDS,2026-08-28T09:16:04.036549
REC-2cb23a11,CASE-2193,INSUFFICIENT_FUNDS,64,RETRY,30,7456.63,AI Recommendation for FAILED_PAYMENT: INSUFFICIENT_FUNDS,2026-08-27T11:16:04.036549
REC-caf79d8c,CASE-2194,TEMPORARY_FAILURE,80,RETRY,30,3724.98,AI Recommendation for FAILED_PAYMENT: INSUFFICIENT_FUNDS,2026-08-28T06:16:04.036549
REC-553d38c4,CASE-2195,INSUFFICIENT_FUNDS,52,RETRY,30,1114.24,AI Recommendation for FAILED_PAYMENT: INSUFFICIENT_FUNDS,2026-08-28T04:16:04.036549
REC-9134d352,CASE-2196,INSUFFICIENT_FUNDS,70,RETRY,30,1506.86,AI Recommendation for FAILED_PAYMENT: INSUFFICIENT_FUNDS,2026-08-26T23:16:04.036549
REC-991b77de,CASE-2197,INSUFFICIENT_FUNDS,49,RETRY,30,1783.8,AI Recommendation for FAILED_PAYMENT: INSUFFICIENT_FUNDS,2026-08-26T19:16:04.036549
REC-4021db1f,CASE-2198,INSUFFICIENT_FUNDS,53,RETRY,30,2461.05,AI Recommendation for FAILED_PAYMENT: INSUFFICIENT_FUNDS,2026-08-28T10:16:04.036549
REC-bb1a5da1,CASE-2199,INSUFFICIENT_FUNDS,48,RETRY,30,2226.99,AI Recommendation for FAILED_PAYMENT: INSUFFICIENT_FUNDS,2026-08-27T11:16:04.036549
REC-3f782a47,CASE-2200,INSUFFICIENT_FUNDS,46,RETRY,30,2133.37,AI Recommendation for FAILED_PAYMENT: INSUFFICIENT_FUNDS,2026-08-27T14:16:04.036549
REC-7e0574ae,CASE-2201,INSUFFICIENT_FUNDS,56,RETRY,30,1201.49,AI Recommendation for FAILED_PAYMENT: INSUFFICIENT_FUNDS,2026-08-28T03:16:04.036549
REC-0efdbc69,CASE-2202,TEMPORARY_FAILURE,84,RETRY,30,972.23,AI Recommendation for FAILED_PAYMENT: INSUFFICIENT_FUNDS,2026-08-27T10:16:04.036549
REC-1d5f8d6f,CASE-2203,TEMPORARY_FAILURE,75,RETRY,30,5366.67,AI Recommendation for FAILED_PAYMENT: INSUFFICIENT_FUNDS,2026-08-27T12:16:04.036549
REC-e3efe91a,CASE-2204,TEMPORARY_FAILURE,71,RETRY,30,1528.67,AI Recommendation for FAILED_PAYMENT: INSUFFICIENT_FUNDS,2026-08-27T02:16:04.045029
REC-078584df,CASE-2205,INSUFFICIENT_FUNDS,69,RETRY,30,795.05,AI Recommendation for FAILED_PAYMENT: INSUFFICIENT_FUNDS,2026-08-27T05:16:04.045029
REC-0b16ff69,CASE-2206,TEMPORARY_FAILURE,81,RETRY,30,2961.8,AI Recommendation for FAILED_PAYMENT: INSUFFICIENT_FUNDS,2026-08-28T11:16:04.045029
REC-b910db15,CASE-2207,TEMPORARY_FAILURE,83,RETRY,30,3035.42,AI Recommendation for FAILED_PAYMENT: INSUFFICIENT_FUNDS,2026-08-27T03:16:04.045029
REC-0f969e87,CASE-2208,TEMPORARY_FAILURE,94,RETRY,30,3440.36,AI Recommendation for FAILED_PAYMENT: INSUFFICIENT_FUNDS,2026-08-27T21:16:04.045029
REC-02f1b98b,CASE-2209,INSUFFICIENT_FUNDS,60,RETRY,30,6989.34,AI Recommendation for FAILED_PAYMENT: INSUFFICIENT_FUNDS,2026-08-27T00:16:04.045029
REC-bc21786f,CASE-2210,INSUFFICIENT_FUNDS,67,RETRY,30,3116.42,AI Recommendation for FAILED_PAYMENT: INSUFFICIENT_FUNDS,2026-08-26T23:16:04.045029
REC-d63136eb,CASE-2211,TEMPORARY_FAILURE,92,RETRY,30,3366.73,AI Recommendation for FAILED_PAYMENT: INSUFFICIENT_FUNDS,2026-08-27T00:16:04.045029
REC-006c36fb,CASE-2212,TEMPORARY_FAILURE,81,RETRY,30,1746.8,AI Recommendation for FAILED_PAYMENT: INSUFFICIENT_FUNDS,2026-08-27T05:16:04.045029
REC-0c6c1da4,CASE-2213,INSUFFICIENT_FUNDS,50,RETRY,30,570.62,AI Recommendation for FAILED_PAYMENT: INSUFFICIENT_FUNDS,2026-08-27T22:16:04.045029
REC-9d8c751b,CASE-2214,TEMPORARY_FAILURE,78,RETRY,30,901.36,AI Recommendation for FAILED_PAYMENT: INSUFFICIENT_FUNDS,2026-08-26T21:16:04.045029
REC-224435e3,CASE-2215,INSUFFICIENT_FUNDS,53,RETRY,30,1136.05,AI Recommendation for FAILED_PAYMENT: INSUFFICIENT_FUNDS,2026-08-28T09:16:04.045029
REC-c5c2c97d,CASE-2216,INSUFFICIENT_FUNDS,54,RETRY,30,617.86,AI Recommendation for FAILED_PAYMENT: INSUFFICIENT_FUNDS,2026-08-27T13:16:04.045029
REC-cef049a3,CASE-2217,INSUFFICIENT_FUNDS,68,RETRY,30,783.24,AI Recommendation for FAILED_PAYMENT: INSUFFICIENT_FUNDS,2026-08-27T17:16:04.045029
REC-fd730048,CASE-2218,INSUFFICIENT_FUNDS,53,RETRY,30,1931.05,AI Recommendation for FAILED_PAYMENT: INSUFFICIENT_FUNDS,2026-08-27T05:16:04.045029
REC-761d4846,CASE-2219,INSUFFICIENT_FUNDS,65,RETRY,30,7573.45,AI Recommendation for FAILED_PAYMENT: INSUFFICIENT_FUNDS,2026-08-26T18:16:04.045029
REC-489e5729,CASE-2220,INSUFFICIENT_FUNDS,56,RETRY,30,4002.05,AI Recommendation for FAILED_PAYMENT: INSUFFICIENT_FUNDS,2026-08-26T16:16:04.045029
REC-d90fa0d7,CASE-2221,INSUFFICIENT_FUNDS,53,RETRY,30,1931.05,AI Recommendation for FAILED_PAYMENT: INSUFFICIENT_FUNDS,2026-08-27T00:16:04.045029
REC-8e1b3e6f,CASE-2222,TEMPORARY_FAILURE,94,RETRY,30,4380.36,AI Recommendation for FAILED_PAYMENT: INSUFFICIENT_FUNDS,2026-08-27T16:16:04.045029
REC-161aec78,CASE-2223,INSUFFICIENT_FUNDS,59,RETRY,30,4217.52,AI Recommendation for FAILED_PAYMENT: INSUFFICIENT_FUNDS,2026-08-28T03:16:04.045029
REC-ca1c6995,CASE-2224,TEMPORARY_FAILURE,92,RETRY,30,3366.73,AI Recommendation for FAILED_PAYMENT: INSUFFICIENT_FUNDS,2026-08-26T20:16:04.045029
REC-75211ada,CASE-2225,TEMPORARY_FAILURE,90,RETRY,30,1043.11,AI Recommendation for FAILED_PAYMENT: INSUFFICIENT_FUNDS,2026-08-27T20:16:04.045029
REC-51a8be31,CASE-2226,INSUFFICIENT_FUNDS,60,RETRY,30,1288.74,AI Recommendation for FAILED_PAYMENT: INSUFFICIENT_FUNDS,2026-08-28T06:16:04.045029
REC-5cbfcb64,CASE-2227,INSUFFICIENT_FUNDS,45,RETRY,30,5237.0,AI Recommendation for FAILED_PAYMENT: INSUFFICIENT_FUNDS,2026-08-26T14:16:04.045029
REC-4f1b18b1,CASE-2228,INSUFFICIENT_FUNDS,55,RETRY,30,2554.68,AI Recommendation for FAILED_PAYMENT: INSUFFICIENT_FUNDS,2026-08-27T14:16:04.045029
REC-484bd367,CASE-2229,INSUFFICIENT_FUNDS,69,RETRY,30,4935.74,AI Recommendation for FAILED_PAYMENT: INSUFFICIENT_FUNDS,2026-08-26T19:16:04.045029
REC-4555b5f5,CASE-2230,INSUFFICIENT_FUNDS,59,RETRY,30,6872.52,AI Recommendation for FAILED_PAYMENT: INSUFFICIENT_FUNDS,2026-08-28T10:16:04.045029
REC-7c967d16,CASE-2231,INSUFFICIENT_FUNDS,46,RETRY,30,1673.37,AI Recommendation for FAILED_PAYMENT: INSUFFICIENT_FUNDS,2026-08-28T08:16:04.045029
REC-0b11e0af,CASE-2232,INSUFFICIENT_FUNDS,55,RETRY,30,2004.68,AI Recommendation for FAILED_PAYMENT: INSUFFICIENT_FUNDS,2026-08-28T08:16:04.045029
REC-bda027f2,CASE-2233,INSUFFICIENT_FUNDS,50,RETRY,30,3571.11,AI Recommendation for FAILED_PAYMENT: INSUFFICIENT_FUNDS,2026-08-28T11:16:04.045029
REC-038211bd,CASE-2234,TEMPORARY_FAILURE,86,RETRY,30,4005.86,AI Recommendation for FAILED_PAYMENT: INSUFFICIENT_FUNDS,2026-08-28T06:16:04.045029
REC-f1695690,CASE-2235,INSUFFICIENT_FUNDS,58,RETRY,30,2115.11,AI Recommendation for FAILED_PAYMENT: INSUFFICIENT_FUNDS,2026-08-27T01:16:04.045029
REC-df27d92f,CASE-2236,TEMPORARY_FAILURE,91,RETRY,30,10610.83,AI Recommendation for FAILED_PAYMENT: INSUFFICIENT_FUNDS,2026-08-27T18:16:04.045029
REC-adb1d451,CASE-2237,INSUFFICIENT_FUNDS,60,RETRY,30,2188.74,AI Recommendation for FAILED_PAYMENT: INSUFFICIENT_FUNDS,2026-08-27T00:16:04.045029
REC-24b7ae6d,CASE-2238,TEMPORARY_FAILURE,76,RETRY,30,5438.49,AI Recommendation for FAILED_PAYMENT: INSUFFICIENT_FUNDS,2026-08-28T12:16:04.045029
REC-d6df662d,CASE-2239,INSUFFICIENT_FUNDS,50,RETRY,30,2320.61,AI Recommendation for FAILED_PAYMENT: INSUFFICIENT_FUNDS,2026-08-28T06:16:04.045029
REC-8a43bf17,CASE-2240,INSUFFICIENT_FUNDS,58,RETRY,30,665.11,AI Recommendation for FAILED_PAYMENT: INSUFFICIENT_FUNDS,2026-08-27T06:16:04.045029
REC-8b3c985e,CASE-2241,INSUFFICIENT_FUNDS,64,RETRY,30,735.99,AI Recommendation for FAILED_PAYMENT: INSUFFICIENT_FUNDS,2026-08-26T18:16:04.045029
REC-8d9fb493,CASE-2242,INSUFFICIENT_FUNDS,50,RETRY,30,1820.62,AI Recommendation for FAILED_PAYMENT: INSUFFICIENT_FUNDS,2026-08-27T13:16:04.045029
REC-ba881d36,CASE-2243,INSUFFICIENT_FUNDS,68,RETRY,30,3163.24,AI Recommendation for FAILED_PAYMENT: INSUFFICIENT_FUNDS,2026-08-27T20:16:04.045029
REC-e6fc4145,CASE-2244,TEMPORARY_FAILURE,74,RETRY,30,3444.11,AI Recommendation for FAILED_PAYMENT: INSUFFICIENT_FUNDS,2026-08-27T00:16:04.045029
REC-da6a8ffa,CASE-2245,INSUFFICIENT_FUNDS,54,RETRY,30,617.86,AI Recommendation for FAILED_PAYMENT: INSUFFICIENT_FUNDS,2026-08-27T14:16:04.045029
REC-1ce5ea09,CASE-2246,TEMPORARY_FAILURE,71,RETRY,30,5079.38,AI Recommendation for FAILED_PAYMENT: INSUFFICIENT_FUNDS,2026-08-27T03:16:04.045029
REC-98cf2d84,CASE-2247,TEMPORARY_FAILURE,79,RETRY,30,3678.17,AI Recommendation for FAILED_PAYMENT: INSUFFICIENT_FUNDS,2026-08-27T17:16:04.045029
REC-92f50d89,CASE-2248,INSUFFICIENT_FUNDS,70,RETRY,30,806.86,AI Recommendation for FAILED_PAYMENT: INSUFFICIENT_FUNDS,2026-08-27T08:16:04.045029
REC-e07abda1,CASE-2249,INSUFFICIENT_FUNDS,55,RETRY,30,1179.68,AI Recommendation for FAILED_PAYMENT: INSUFFICIENT_FUNDS,2026-08-28T10:16:04.045029
REC-a560c836,CASE-2250,INSUFFICIENT_FUNDS,50,RETRY,30,2320.61,AI Recommendation for FAILED_PAYMENT: INSUFFICIENT_FUNDS,2026-08-28T03:16:04.045029
REC-685acddc,CASE-2251,INSUFFICIENT_FUNDS,61,RETRY,30,4361.16,AI Recommendation for FAILED_PAYMENT: INSUFFICIENT_FUNDS,2026-08-27T12:16:04.045029
REC-530d1f00,CASE-2252,INSUFFICIENT_FUNDS,70,RETRY,30,5007.56,AI Recommendation for FAILED_PAYMENT: INSUFFICIENT_FUNDS,2026-08-27T03:16:04.050380
REC-603df9ed,CASE-2253,INSUFFICIENT_FUNDS,45,RETRY,30,2086.55,AI Recommendation for FAILED_PAYMENT: INSUFFICIENT_FUNDS,2026-08-27T10:16:04.050380
REC-9b85421d,CASE-2254,INSUFFICIENT_FUNDS,54,RETRY,30,1157.86,AI Recommendation for FAILED_PAYMENT: INSUFFICIENT_FUNDS,2026-08-27T00:16:04.050380
REC-0711e559,CASE-2255,TEMPORARY_FAILURE,95,RETRY,30,1102.17,AI Recommendation for FAILED_PAYMENT: INSUFFICIENT_FUNDS,2026-08-27T20:16:04.050380
REC-41d86d95,CASE-2256,TEMPORARY_FAILURE,86,RETRY,30,4005.86,AI Recommendation for FAILED_PAYMENT: INSUFFICIENT_FUNDS,2026-08-27T19:16:04.050380
REC-879f0e57,CASE-2257,INSUFFICIENT_FUNDS,54,RETRY,30,2507.86,AI Recommendation for FAILED_PAYMENT: INSUFFICIENT_FUNDS,2026-08-27T15:16:04.050380
REC-c5e2b636,CASE-2258,INSUFFICIENT_FUNDS,60,RETRY,30,6989.34,AI Recommendation for FAILED_PAYMENT: INSUFFICIENT_FUNDS,2026-08-27T13:16:04.050380
REC-8d5a0fed,CASE-2259,INSUFFICIENT_FUNDS,66,RETRY,30,759.61,AI Recommendation for FAILED_PAYMENT: INSUFFICIENT_FUNDS,2026-08-27T05:16:04.050380
REC-455f160d,CASE-2260,TEMPORARY_FAILURE,88,RETRY,30,10260.36,AI Recommendation for FAILED_PAYMENT: INSUFFICIENT_FUNDS,2026-08-27T17:16:04.050380
REC-776aa0eb,CASE-2261,TEMPORARY_FAILURE,73,RETRY,30,8508.03,AI Recommendation for FAILED_PAYMENT: INSUFFICIENT_FUNDS,2026-08-27T10:16:04.050380
REC-03696ee2,CASE-2262,TEMPORARY_FAILURE,86,RETRY,30,6156.72,AI Recommendation for FAILED_PAYMENT: INSUFFICIENT_FUNDS,2026-08-27T23:16:04.050380
REC-4ba091a2,CASE-2263,TEMPORARY_FAILURE,92,RETRY,30,4286.73,AI Recommendation for FAILED_PAYMENT: INSUFFICIENT_FUNDS,2026-08-27T04:16:04.050380
REC-8d0f10e8,CASE-2264,INSUFFICIENT_FUNDS,49,RETRY,30,1048.8,AI Recommendation for FAILED_PAYMENT: INSUFFICIENT_FUNDS,2026-08-27T03:16:04.050380
REC-5ce2dafa,CASE-2265,INSUFFICIENT_FUNDS,46,RETRY,30,3283.83,AI Recommendation for FAILED_PAYMENT: INSUFFICIENT_FUNDS,2026-08-28T09:16:04.050380
REC-1d09e411,CASE-2266,INSUFFICIENT_FUNDS,47,RETRY,30,1005.18,AI Recommendation for FAILED_PAYMENT: INSUFFICIENT_FUNDS,2026-08-26T15:16:04.050380
REC-b7b8b657,CASE-2267,INSUFFICIENT_FUNDS,62,RETRY,30,1332.36,AI Recommendation for FAILED_PAYMENT: INSUFFICIENT_FUNDS,2026-08-27T11:16:04.050380
REC-38701256,CASE-2268,INSUFFICIENT_FUNDS,52,RETRY,30,6054.76,AI Recommendation for FAILED_PAYMENT: INSUFFICIENT_FUNDS,2026-08-27T05:16:04.050380
REC-c57b2f02,CASE-2269,TEMPORARY_FAILURE,73,RETRY,30,5223.03,AI Recommendation for FAILED_PAYMENT: INSUFFICIENT_FUNDS,2026-08-27T01:16:04.050380
REC-6ac120e7,CASE-2270,INSUFFICIENT_FUNDS,67,RETRY,30,2446.42,AI Recommendation for FAILED_PAYMENT: INSUFFICIENT_FUNDS,2026-08-26T16:16:04.050380
REC-8a15b965,CASE-2271,INSUFFICIENT_FUNDS,63,RETRY,30,724.17,AI Recommendation for FAILED_PAYMENT: INSUFFICIENT_FUNDS,2026-08-28T02:16:04.050380
REC-829ca527,CASE-2272,TEMPORARY_FAILURE,94,RETRY,30,6731.3,AI Recommendation for FAILED_PAYMENT: INSUFFICIENT_FUNDS,2026-08-27T22:16:04.052420
REC-d0f486ff,CASE-2273,INSUFFICIENT_FUNDS,58,RETRY,30,6755.69,AI Recommendation for FAILED_PAYMENT: INSUFFICIENT_FUNDS,2026-08-28T11:16:04.052420
REC-50c9327f,CASE-2274,INSUFFICIENT_FUNDS,45,RETRY,30,5237.0,AI Recommendation for FAILED_PAYMENT: INSUFFICIENT_FUNDS,2026-08-28T01:16:04.052420
REC-0aee7f50,CASE-2275,INSUFFICIENT_FUNDS,45,RETRY,30,3212.0,AI Recommendation for FAILED_PAYMENT: INSUFFICIENT_FUNDS,2026-08-27T17:16:04.052420
REC-24ff5e31,CASE-2276,TEMPORARY_FAILURE,90,RETRY,30,10494.01,AI Recommendation for FAILED_PAYMENT: INSUFFICIENT_FUNDS,2026-08-27T14:16:04.052420
REC-0e068d61,CASE-2277,INSUFFICIENT_FUNDS,61,RETRY,30,2835.55,AI Recommendation for FAILED_PAYMENT: INSUFFICIENT_FUNDS,2026-08-26T17:16:04.053260
REC-d8652973,CASE-2278,TEMPORARY_FAILURE,84,RETRY,30,6013.07,AI Recommendation for FAILED_PAYMENT: INSUFFICIENT_FUNDS,2026-08-27T04:16:04.053260
REC-041e734d,CASE-2279,INSUFFICIENT_FUNDS,68,RETRY,30,7923.92,AI Recommendation for FAILED_PAYMENT: INSUFFICIENT_FUNDS,2026-08-26T17:16:04.053260
REC-27adeedc,CASE-2280,TEMPORARY_FAILURE,75,RETRY,30,865.92,AI Recommendation for FAILED_PAYMENT: INSUFFICIENT_FUNDS,2026-08-26T20:16:04.053260
REC-507764ca,CASE-2281,INSUFFICIENT_FUNDS,62,RETRY,30,2262.36,AI Recommendation for FAILED_PAYMENT: INSUFFICIENT_FUNDS,2026-08-28T03:16:04.053260
REC-3900e989,CASE-2282,TEMPORARY_FAILURE,93,RETRY,30,6659.47,AI Recommendation for FAILED_PAYMENT: INSUFFICIENT_FUNDS,2026-08-27T11:16:04.053260
REC-5f697bf8,CASE-2283,INSUFFICIENT_FUNDS,65,RETRY,30,7573.45,AI Recommendation for FAILED_PAYMENT: INSUFFICIENT_FUNDS,2026-08-27T05:16:04.053260
REC-a3ae21b3,CASE-2284,INSUFFICIENT_FUNDS,61,RETRY,30,2225.55,AI Recommendation for FAILED_PAYMENT: INSUFFICIENT_FUNDS,2026-08-26T13:16:04.053260
REC-603be20f,CASE-2285,TEMPORARY_FAILURE,82,RETRY,30,948.61,AI Recommendation for FAILED_PAYMENT: INSUFFICIENT_FUNDS,2026-08-26T14:16:04.053260
REC-bcf87df4,CASE-2286,INSUFFICIENT_FUNDS,59,RETRY,30,6872.52,AI Recommendation for FAILED_PAYMENT: INSUFFICIENT_FUNDS,2026-08-27T14:16:04.053260
REC-a0fcc87b,CASE-2287,INSUFFICIENT_FUNDS,64,RETRY,30,4576.63,AI Recommendation for FAILED_PAYMENT: INSUFFICIENT_FUNDS,2026-08-28T06:16:04.053260
REC-4bd0155a,CASE-2288,INSUFFICIENT_FUNDS,53,RETRY,30,2461.05,AI Recommendation for FAILED_PAYMENT: INSUFFICIENT_FUNDS,2026-08-27T15:16:04.053260
REC-0b6199ec,CASE-2289,INSUFFICIENT_FUNDS,50,RETRY,30,5821.11,AI Recommendation for FAILED_PAYMENT: INSUFFICIENT_FUNDS,2026-08-26T13:16:04.053260
REC-bcb3b1c5,CASE-2290,TEMPORARY_FAILURE,71,RETRY,30,2593.67,AI Recommendation for FAILED_PAYMENT: INSUFFICIENT_FUNDS,2026-08-26T23:16:04.055408
REC-679de001,CASE-2291,TEMPORARY_FAILURE,74,RETRY,30,2704.11,AI Recommendation for FAILED_PAYMENT: INSUFFICIENT_FUNDS,2026-08-26T20:16:04.055408
REC-2680e895,CASE-2292,TEMPORARY_FAILURE,82,RETRY,30,5869.43,AI Recommendation for FAILED_PAYMENT: INSUFFICIENT_FUNDS,2026-08-27T04:16:04.055408
REC-6a23ac2d,CASE-2293,TEMPORARY_FAILURE,88,RETRY,30,1019.48,AI Recommendation for FAILED_PAYMENT: INSUFFICIENT_FUNDS,2026-08-28T03:16:04.055408
REC-b03bfe64,CASE-2294,INSUFFICIENT_FUNDS,57,RETRY,30,1223.3,AI Recommendation for FAILED_PAYMENT: INSUFFICIENT_FUNDS,2026-08-27T07:16:04.055408
REC-7cf9b2c6,CASE-2295,INSUFFICIENT_FUNDS,65,RETRY,30,1397.8,AI Recommendation for FAILED_PAYMENT: INSUFFICIENT_FUNDS,2026-08-27T15:16:04.055408
REC-308e6d3a,CASE-2296,INSUFFICIENT_FUNDS,56,RETRY,30,6522.05,AI Recommendation for FAILED_PAYMENT: INSUFFICIENT_FUNDS,2026-08-27T08:16:04.055408
REC-912b23f3,CASE-2297,INSUFFICIENT_FUNDS,58,RETRY,30,2115.11,AI Recommendation for FAILED_PAYMENT: INSUFFICIENT_FUNDS,2026-08-28T07:16:04.055408
REC-2a09139f,CASE-2298,TEMPORARY_FAILURE,84,RETRY,30,1812.23,AI Recommendation for FAILED_PAYMENT: INSUFFICIENT_FUNDS,2026-08-27T06:16:04.055408
REC-cf372014,CASE-2299,INSUFFICIENT_FUNDS,45,RETRY,30,2086.55,AI Recommendation for FAILED_PAYMENT: INSUFFICIENT_FUNDS,2026-08-27T13:16:04.055408
REC-be8596f9,CASE-2300,INSUFFICIENT_FUNDS,65,RETRY,30,747.8,AI Recommendation for FAILED_PAYMENT: INSUFFICIENT_FUNDS,2026-08-26T17:16:04.055408
REC-6fcc95b2,CASE-2301,TEMPORARY_FAILURE,85,RETRY,30,984.05,AI Recommendation for FAILED_PAYMENT: INSUFFICIENT_FUNDS,2026-08-28T04:16:04.055408
REC-21bf7bdd,CASE-2302,INSUFFICIENT_FUNDS,69,RETRY,30,795.05,AI Recommendation for FAILED_PAYMENT: INSUFFICIENT_FUNDS,2026-08-28T08:16:04.055408
REC-74dcf2a2,CASE-2303,INSUFFICIENT_FUNDS,64,RETRY,30,735.99,AI Recommendation for FAILED_PAYMENT: INSUFFICIENT_FUNDS,2026-08-27T03:16:04.055408
REC-4098e65b,CASE-2304,TEMPORARY_FAILURE,78,RETRY,30,5582.14,AI Recommendation for FAILED_PAYMENT: INSUFFICIENT_FUNDS,2026-08-28T04:16:04.055408
REC-d48c52d5,CASE-2305,TEMPORARY_FAILURE,76,RETRY,30,2777.73,AI Recommendation for FAILED_PAYMENT: INSUFFICIENT_FUNDS,2026-08-27T11:16:04.055408
REC-9aea71e5,CASE-2306,INSUFFICIENT_FUNDS,59,RETRY,30,676.93,AI Recommendation for FAILED_PAYMENT: INSUFFICIENT_FUNDS,2026-08-26T14:16:04.055408
REC-325c7c59,CASE-2307,TEMPORARY_FAILURE,82,RETRY,30,948.61,AI Recommendation for FAILED_PAYMENT: INSUFFICIENT_FUNDS,2026-08-26T19:16:04.055408
REC-a8b6eea7,CASE-2308,INSUFFICIENT_FUNDS,69,RETRY,30,795.05,AI Recommendation for FAILED_PAYMENT: INSUFFICIENT_FUNDS,2026-08-28T09:16:04.055408
REC-fd2233d1,CASE-2309,INSUFFICIENT_FUNDS,51,RETRY,30,5937.94,AI Recommendation for FAILED_PAYMENT: INSUFFICIENT_FUNDS,2026-08-28T05:16:04.055408
REC-e9344fb2,CASE-2310,TEMPORARY_FAILURE,73,RETRY,30,3397.3,AI Recommendation for FAILED_PAYMENT: INSUFFICIENT_FUNDS,2026-08-27T20:16:04.055408
REC-77b45df9,CASE-2311,TEMPORARY_FAILURE,89,RETRY,30,4146.29,AI Recommendation for FAILED_PAYMENT: INSUFFICIENT_FUNDS,2026-08-26T18:16:04.055408
REC-c384149c,CASE-2312,TEMPORARY_FAILURE,87,RETRY,30,1007.67,AI Recommendation for FAILED_PAYMENT: INSUFFICIENT_FUNDS,2026-08-27T04:16:04.055408
REC-faf4a66c,CASE-2313,TEMPORARY_FAILURE,84,RETRY,30,9793.07,AI Recommendation for FAILED_PAYMENT: INSUFFICIENT_FUNDS,2026-08-28T06:16:04.055408
REC-a4798678,CASE-2314,INSUFFICIENT_FUNDS,57,RETRY,30,2648.3,AI Recommendation for FAILED_PAYMENT: INSUFFICIENT_FUNDS,2026-08-28T00:16:04.055408
REC-7cb6b400,CASE-2315,TEMPORARY_FAILURE,90,RETRY,30,3293.11,AI Recommendation for FAILED_PAYMENT: INSUFFICIENT_FUNDS,2026-08-27T05:16:04.055408
REC-82e6b0fa,CASE-2316,TEMPORARY_FAILURE,89,RETRY,30,1921.29,AI Recommendation for FAILED_PAYMENT: INSUFFICIENT_FUNDS,2026-08-28T12:16:04.055408
REC-35fec869,CASE-2317,INSUFFICIENT_FUNDS,50,RETRY,30,5821.11,AI Recommendation for FAILED_PAYMENT: INSUFFICIENT_FUNDS,2026-08-28T07:16:04.055408
REC-7c1239c1,CASE-2318,INSUFFICIENT_FUNDS,49,RETRY,30,3499.29,AI Recommendation for FAILED_PAYMENT: INSUFFICIENT_FUNDS,2026-08-27T22:16:04.055408
REC-87261d7a,CASE-2319,INSUFFICIENT_FUNDS,63,RETRY,30,2929.17,AI Recommendation for FAILED_PAYMENT: INSUFFICIENT_FUNDS,2026-08-28T06:16:04.055408
REC-8a8b083b,CASE-2320,INSUFFICIENT_FUNDS,47,RETRY,30,1005.18,AI Recommendation for FAILED_PAYMENT: INSUFFICIENT_FUNDS,2026-08-27T16:16:04.055408
REC-d4050238,CASE-2321,TEMPORARY_FAILURE,92,RETRY,30,4286.73,AI Recommendation for FAILED_PAYMENT: INSUFFICIENT_FUNDS,2026-08-26T18:16:04.055408
REC-a7d9119a,CASE-2322,INSUFFICIENT_FUNDS,55,RETRY,30,6405.23,AI Recommendation for FAILED_PAYMENT: INSUFFICIENT_FUNDS,2026-08-26T21:16:04.055408
REC-d0cec345,CASE-2323,TEMPORARY_FAILURE,91,RETRY,30,3329.92,AI Recommendation for FAILED_PAYMENT: INSUFFICIENT_FUNDS,2026-08-27T11:16:04.055408
REC-03ad9cc6,CASE-2324,TEMPORARY_FAILURE,74,RETRY,30,3444.11,AI Recommendation for FAILED_PAYMENT: INSUFFICIENT_FUNDS,2026-08-27T06:16:04.055408
REC-45b8be0f,CASE-2325,TEMPORARY_FAILURE,86,RETRY,30,4005.86,AI Recommendation for FAILED_PAYMENT: INSUFFICIENT_FUNDS,2026-08-26T16:16:04.055408
REC-38e73382,CASE-2326,INSUFFICIENT_FUNDS,48,RETRY,30,5587.47,AI Recommendation for FAILED_PAYMENT: INSUFFICIENT_FUNDS,2026-08-26T23:16:04.055408
REC-5a44e9e9,CASE-2327,TEMPORARY_FAILURE,81,RETRY,30,3771.8,AI Recommendation for FAILED_PAYMENT: INSUFFICIENT_FUNDS,2026-08-26T21:16:04.055408
REC-f6ccf268,CASE-2328,TEMPORARY_FAILURE,88,RETRY,30,1019.48,AI Recommendation for FAILED_PAYMENT: INSUFFICIENT_FUNDS,2026-08-28T05:16:04.055408
REC-8a56e872,CASE-2329,TEMPORARY_FAILURE,73,RETRY,30,3397.3,AI Recommendation for FAILED_PAYMENT: INSUFFICIENT_FUNDS,2026-08-26T19:16:04.055408
REC-80566e52,CASE-2330,INSUFFICIENT_FUNDS,45,RETRY,30,1636.55,AI Recommendation for FAILED_PAYMENT: INSUFFICIENT_FUNDS,2026-08-27T15:16:04.055408
REC-bd5e653d,CASE-2331,TEMPORARY_FAILURE,78,RETRY,30,5582.14,AI Recommendation for FAILED_PAYMENT: INSUFFICIENT_FUNDS,2026-08-26T14:16:04.055408
REC-a541e045,CASE-2332,TEMPORARY_FAILURE,75,RETRY,30,1615.92,AI Recommendation for FAILED_PAYMENT: INSUFFICIENT_FUNDS,2026-08-27T01:16:04.055408
REC-fc6a49f5,CASE-2333,INSUFFICIENT_FUNDS,48,RETRY,30,3427.47,AI Recommendation for FAILED_PAYMENT: INSUFFICIENT_FUNDS,2026-08-27T06:16:04.055408
REC-9d1d1eb0,CASE-2334,INSUFFICIENT_FUNDS,55,RETRY,30,2554.68,AI Recommendation for FAILED_PAYMENT: INSUFFICIENT_FUNDS,2026-08-27T21:16:04.055408
REC-c4da58cc,CASE-2335,INSUFFICIENT_FUNDS,62,RETRY,30,2262.36,AI Recommendation for FAILED_PAYMENT: INSUFFICIENT_FUNDS,2026-08-26T19:16:04.055408
REC-57973f5b,CASE-2336,INSUFFICIENT_FUNDS,70,RETRY,30,3256.86,AI Recommendation for FAILED_PAYMENT: INSUFFICIENT_FUNDS,2026-08-27T08:16:04.055408
REC-73304b1f,CASE-2337,TEMPORARY_FAILURE,73,RETRY,30,5223.03,AI Recommendation for FAILED_PAYMENT: INSUFFICIENT_FUNDS,2026-08-27T16:16:04.055408
REC-df6e99ec,CASE-2338,TEMPORARY_FAILURE,76,RETRY,30,877.73,AI Recommendation for FAILED_PAYMENT: INSUFFICIENT_FUNDS,2026-08-27T10:16:04.055408
REC-67e07145,CASE-2339,TEMPORARY_FAILURE,80,RETRY,30,924.98,AI Recommendation for FAILED_PAYMENT: INSUFFICIENT_FUNDS,2026-08-27T01:16:04.055408
REC-39456320,CASE-2340,TEMPORARY_FAILURE,86,RETRY,30,1855.86,AI Recommendation for FAILED_PAYMENT: INSUFFICIENT_FUNDS,2026-08-27T22:16:04.055408
REC-2a64774a,CASE-2341,INSUFFICIENT_FUNDS,66,RETRY,30,3069.61,AI Recommendation for FAILED_PAYMENT: INSUFFICIENT_FUNDS,2026-08-26T18:16:04.055408
REC-089e2d77,CASE-2342,TEMPORARY_FAILURE,90,RETRY,30,3293.11,AI Recommendation for FAILED_PAYMENT: INSUFFICIENT_FUNDS,2026-08-27T15:16:04.055408
REC-80b83bb0,CASE-2343,TEMPORARY_FAILURE,85,RETRY,30,3109.05,AI Recommendation for FAILED_PAYMENT: INSUFFICIENT_FUNDS,2026-08-28T06:16:04.055408
REC-6d48379a,CASE-2344,INSUFFICIENT_FUNDS,55,RETRY,30,629.68,AI Recommendation for FAILED_PAYMENT: INSUFFICIENT_FUNDS,2026-08-26T13:16:04.055408
REC-ea60aa56,CASE-2345,TEMPORARY_FAILURE,71,RETRY,30,8274.38,AI Recommendation for FAILED_PAYMENT: INSUFFICIENT_FUNDS,2026-08-28T00:16:04.055408
REC-c2bdde7d,CASE-2346,INSUFFICIENT_FUNDS,52,RETRY,30,1114.24,AI Recommendation for FAILED_PAYMENT: INSUFFICIENT_FUNDS,2026-08-28T00:16:04.055408
REC-74ede878,CASE-2347,INSUFFICIENT_FUNDS,66,RETRY,30,7690.27,AI Recommendation for FAILED_PAYMENT: INSUFFICIENT_FUNDS,2026-08-26T20:16:04.055408
REC-5e6e43b3,CASE-2348,TEMPORARY_FAILURE,82,RETRY,30,9559.43,AI Recommendation for FAILED_PAYMENT: INSUFFICIENT_FUNDS,2026-08-26T18:16:04.055408
REC-81586d30,CASE-2349,TEMPORARY_FAILURE,77,RETRY,30,5510.32,AI Recommendation for FAILED_PAYMENT: INSUFFICIENT_FUNDS,2026-08-27T03:16:04.055408
REC-23a77230,CASE-2350,INSUFFICIENT_FUNDS,48,RETRY,30,5587.47,AI Recommendation for FAILED_PAYMENT: INSUFFICIENT_FUNDS,2026-08-27T06:16:04.055408
REC-d121607d,CASE-2351,TEMPORARY_FAILURE,94,RETRY,30,6731.3,AI Recommendation for FAILED_PAYMENT: INSUFFICIENT_FUNDS,2026-08-28T04:16:04.055408
REC-13a2965c,CASE-2352,INSUFFICIENT_FUNDS,69,RETRY,30,795.05,AI Recommendation for FAILED_PAYMENT: INSUFFICIENT_FUNDS,2026-08-26T22:16:04.055408
REC-d9592306,CASE-2353,TEMPORARY_FAILURE,93,RETRY,30,10844.47,AI Recommendation for FAILED_PAYMENT: INSUFFICIENT_FUNDS,2026-08-27T15:16:04.055408
REC-3805d2b9,CASE-2354,TEMPORARY_FAILURE,73,RETRY,30,2667.3,AI Recommendation for FAILED_PAYMENT: INSUFFICIENT_FUNDS,2026-08-26T22:16:04.055408
REC-d6c855de,CASE-2355,TEMPORARY_FAILURE,92,RETRY,30,10727.65,AI Recommendation for FAILED_PAYMENT: INSUFFICIENT_FUNDS,2026-08-27T01:16:04.055408
REC-fee10f06,CASE-2356,TEMPORARY_FAILURE,90,RETRY,30,3293.11,AI Recommendation for FAILED_PAYMENT: INSUFFICIENT_FUNDS,2026-08-27T23:16:04.055408
REC-06e3996b,CASE-2357,TEMPORARY_FAILURE,90,RETRY,30,6444.01,AI Recommendation for FAILED_PAYMENT: INSUFFICIENT_FUNDS,2026-08-28T04:16:04.055408
REC-0da96c60,CASE-2358,TEMPORARY_FAILURE,86,RETRY,30,10026.72,AI Recommendation for FAILED_PAYMENT: INSUFFICIENT_FUNDS,2026-08-28T05:16:04.055408
REC-dca14272,CASE-2359,TEMPORARY_FAILURE,80,RETRY,30,2924.98,AI Recommendation for FAILED_PAYMENT: INSUFFICIENT_FUNDS,2026-08-26T13:16:04.055408
REC-0fdbba55,CASE-2360,INSUFFICIENT_FUNDS,63,RETRY,30,4504.8,AI Recommendation for FAILED_PAYMENT: INSUFFICIENT_FUNDS,2026-08-28T06:16:04.055408
REC-554ed44b,CASE-2361,INSUFFICIENT_FUNDS,69,RETRY,30,795.05,AI Recommendation for FAILED_PAYMENT: INSUFFICIENT_FUNDS,2026-08-28T09:16:04.055408
REC-b723a4a6,CASE-2362,INSUFFICIENT_FUNDS,62,RETRY,30,1332.36,AI Recommendation for FAILED_PAYMENT: INSUFFICIENT_FUNDS,2026-08-27T20:16:04.055408
REC-3acc494d,CASE-2363,INSUFFICIENT_FUNDS,48,RETRY,30,1026.99,AI Recommendation for FAILED_PAYMENT: INSUFFICIENT_FUNDS,2026-08-28T10:16:04.055408
REC-a8caf07a,CASE-2364,TEMPORARY_FAILURE,73,RETRY,30,2667.3,AI Recommendation for FAILED_PAYMENT: INSUFFICIENT_FUNDS,2026-08-26T19:16:04.055408
REC-f5471547,CASE-2365,INSUFFICIENT_FUNDS,69,RETRY,30,4935.74,AI Recommendation for FAILED_PAYMENT: INSUFFICIENT_FUNDS,2026-08-26T18:16:04.055408
REC-3f56f3ff,CASE-2366,INSUFFICIENT_FUNDS,69,RETRY,30,795.05,AI Recommendation for FAILED_PAYMENT: INSUFFICIENT_FUNDS,2026-08-27T16:16:04.055408
REC-3e15979a,CASE-2367,INSUFFICIENT_FUNDS,48,RETRY,30,3427.47,AI Recommendation for FAILED_PAYMENT: INSUFFICIENT_FUNDS,2026-08-26T21:16:04.055408
REC-49284521,CASE-2368,INSUFFICIENT_FUNDS,59,RETRY,30,2741.93,AI Recommendation for FAILED_PAYMENT: INSUFFICIENT_FUNDS,2026-08-28T00:16:04.065175
REC-e791f58a,CASE-2369,TEMPORARY_FAILURE,73,RETRY,30,2667.3,AI Recommendation for FAILED_PAYMENT: INSUFFICIENT_FUNDS,2026-08-28T01:16:04.065175
REC-560e3547,CASE-2370,TEMPORARY_FAILURE,77,RETRY,30,8975.32,AI Recommendation for FAILED_PAYMENT: INSUFFICIENT_FUNDS,2026-08-27T09:16:04.065175
REC-a14e5600,CASE-2371,TEMPORARY_FAILURE,80,RETRY,30,2924.98,AI Recommendation for FAILED_PAYMENT: INSUFFICIENT_FUNDS,2026-08-27T15:16:04.065175
REC-b91722cc,CASE-2372,TEMPORARY_FAILURE,90,RETRY,30,4193.11,AI Recommendation for FAILED_PAYMENT: INSUFFICIENT_FUNDS,2026-08-26T22:16:04.065175
REC-cf04613a,CASE-2373,TEMPORARY_FAILURE,94,RETRY,30,1090.36,AI Recommendation for FAILED_PAYMENT: INSUFFICIENT_FUNDS,2026-08-27T01:16:04.065175
REC-c0c8c208,CASE-2374,INSUFFICIENT_FUNDS,49,RETRY,30,1783.8,AI Recommendation for FAILED_PAYMENT: INSUFFICIENT_FUNDS,2026-08-27T03:16:04.065175
REC-391b53b1,CASE-2375,TEMPORARY_FAILURE,95,RETRY,30,1102.17,AI Recommendation for FAILED_PAYMENT: INSUFFICIENT_FUNDS,2026-08-27T14:16:04.065175
REC-0435e6bf,CASE-2376,INSUFFICIENT_FUNDS,58,RETRY,30,1245.11,AI Recommendation for FAILED_PAYMENT: INSUFFICIENT_FUNDS,2026-08-27T18:16:04.065175
REC-10c75d3d,CASE-2377,TEMPORARY_FAILURE,93,RETRY,30,2008.54,AI Recommendation for FAILED_PAYMENT: INSUFFICIENT_FUNDS,2026-08-26T18:16:04.065175
REC-52f7fb37,CASE-2378,TEMPORARY_FAILURE,73,RETRY,30,2667.3,AI Recommendation for FAILED_PAYMENT: INSUFFICIENT_FUNDS,2026-08-26T17:16:04.065175
REC-781eb739,CASE-2379,INSUFFICIENT_FUNDS,69,RETRY,30,2520.05,AI Recommendation for FAILED_PAYMENT: INSUFFICIENT_FUNDS,2026-08-27T02:16:04.065175
REC-091f1700,CASE-2380,INSUFFICIENT_FUNDS,63,RETRY,30,7339.8,AI Recommendation for FAILED_PAYMENT: INSUFFICIENT_FUNDS,2026-08-27T04:16:04.065175
REC-20b99d95,CASE-2381,TEMPORARY_FAILURE,76,RETRY,30,3537.73,AI Recommendation for FAILED_PAYMENT: INSUFFICIENT_FUNDS,2026-08-28T00:16:04.066571
REC-1f647e9b,CASE-2382,TEMPORARY_FAILURE,77,RETRY,30,2814.55,AI Recommendation for FAILED_PAYMENT: INSUFFICIENT_FUNDS,2026-08-27T02:16:04.066571
REC-e24aede2,CASE-2383,INSUFFICIENT_FUNDS,45,RETRY,30,3212.0,AI Recommendation for FAILED_PAYMENT: INSUFFICIENT_FUNDS,2026-08-26T20:16:04.066571
REC-c577693a,CASE-2384,TEMPORARY_FAILURE,88,RETRY,30,1899.48,AI Recommendation for FAILED_PAYMENT: INSUFFICIENT_FUNDS,2026-08-26T16:16:04.066571
REC-401995c0,CASE-2385,TEMPORARY_FAILURE,94,RETRY,30,10961.3,AI Recommendation for FAILED_PAYMENT: INSUFFICIENT_FUNDS,2026-08-26T17:16:04.066571
REC-95b21ff8,CASE-2386,INSUFFICIENT_FUNDS,46,RETRY,30,983.37,AI Recommendation for FAILED_PAYMENT: INSUFFICIENT_FUNDS,2026-08-28T07:16:04.066571
REC-57f58f65,CASE-2387,INSUFFICIENT_FUNDS,48,RETRY,30,546.99,AI Recommendation for FAILED_PAYMENT: INSUFFICIENT_FUNDS,2026-08-28T08:16:04.066571
REC-9b85d0f5,CASE-2388,INSUFFICIENT_FUNDS,59,RETRY,30,4217.52,AI Recommendation for FAILED_PAYMENT: INSUFFICIENT_FUNDS,2026-08-27T08:16:04.066571
REC-87ef040d,CASE-2389,INSUFFICIENT_FUNDS,70,RETRY,30,8157.56,AI Recommendation for FAILED_PAYMENT: INSUFFICIENT_FUNDS,2026-08-27T12:16:04.066571
REC-18fb34d8,CASE-2390,INSUFFICIENT_FUNDS,52,RETRY,30,6054.76,AI Recommendation for FAILED_PAYMENT: INSUFFICIENT_FUNDS,2026-08-26T14:16:04.066571
REC-d359ae22,CASE-2391,INSUFFICIENT_FUNDS,49,RETRY,30,3499.29,AI Recommendation for FAILED_PAYMENT: INSUFFICIENT_FUNDS,2026-08-28T08:16:04.066571
REC-4eb808f0,CASE-2392,TEMPORARY_FAILURE,77,RETRY,30,2814.55,AI Recommendation for FAILED_PAYMENT: INSUFFICIENT_FUNDS,2026-08-27T17:16:04.066571
REC-5bf2ed6a,CASE-2393,INSUFFICIENT_FUNDS,50,RETRY,30,3571.11,AI Recommendation for FAILED_PAYMENT: INSUFFICIENT_FUNDS,2026-08-27T11:16:04.066571
REC-574cff9b,CASE-2394,INSUFFICIENT_FUNDS,46,RETRY,30,5353.83,AI Recommendation for FAILED_PAYMENT: INSUFFICIENT_FUNDS,2026-08-27T22:16:04.066571
REC-33b2330e,CASE-2395,TEMPORARY_FAILURE,92,RETRY,30,1986.73,AI Recommendation for FAILED_PAYMENT: INSUFFICIENT_FUNDS,2026-08-28T03:16:04.066571
REC-3df4f638,CASE-2396,TEMPORARY_FAILURE,88,RETRY,30,3219.48,AI Recommendation for FAILED_PAYMENT: INSUFFICIENT_FUNDS,2026-08-27T01:16:04.066571
REC-fb9a3637,CASE-2397,INSUFFICIENT_FUNDS,52,RETRY,30,1114.24,AI Recommendation for FAILED_PAYMENT: INSUFFICIENT_FUNDS,2026-08-26T22:16:04.066571
REC-97bfc70e,CASE-2398,TEMPORARY_FAILURE,79,RETRY,30,3678.17,AI Recommendation for FAILED_PAYMENT: INSUFFICIENT_FUNDS,2026-08-27T23:16:04.068385
REC-93f4e4f7,CASE-2399,TEMPORARY_FAILURE,92,RETRY,30,10727.65,AI Recommendation for FAILED_PAYMENT: INSUFFICIENT_FUNDS,2026-08-26T19:16:04.068385
REC-5c094a9a,CASE-2400,INSUFFICIENT_FUNDS,60,REMIND,30,1588.74,AI Recommendation for CHECKOUT_ABANDONMENT: SESSION_TIMEOUT,2026-08-27T20:16:04.068385
REC-f718ef43,CASE-2401,INSUFFICIENT_FUNDS,57,REMIND,30,1508.3,AI Recommendation for CHECKOUT_ABANDONMENT: SESSION_TIMEOUT,2026-08-27T07:16:04.068385
REC-fa53a8f4,CASE-2402,INSUFFICIENT_FUNDS,68,REMIND,30,579.92,AI Recommendation for CHECKOUT_ABANDONMENT: SESSION_TIMEOUT,2026-08-28T00:16:04.068927
REC-80ec218f,CASE-2403,TEMPORARY_FAILURE,71,REMIND,30,5789.38,AI Recommendation for CHECKOUT_ABANDONMENT: SESSION_TIMEOUT,2026-08-26T19:16:04.068927
REC-2165510f,CASE-2404,INSUFFICIENT_FUNDS,56,REMIND,30,1481.49,AI Recommendation for CHECKOUT_ABANDONMENT: SESSION_TIMEOUT,2026-08-27T16:16:04.068927
REC-9333821c,CASE-2405,TEMPORARY_FAILURE,78,REMIND,30,6362.14,AI Recommendation for CHECKOUT_ABANDONMENT: SESSION_TIMEOUT,2026-08-26T23:16:04.068927
REC-29209f55,CASE-2406,TEMPORARY_FAILURE,86,REMIND,30,2285.86,AI Recommendation for CHECKOUT_ABANDONMENT: SESSION_TIMEOUT,2026-08-27T09:16:04.068927
REC-cb406aa3,CASE-2407,INSUFFICIENT_FUNDS,50,REMIND,30,1320.62,AI Recommendation for CHECKOUT_ABANDONMENT: SESSION_TIMEOUT,2026-08-26T15:16:04.068927
REC-26c601c0,CASE-2408,INSUFFICIENT_FUNDS,67,REMIND,30,5462.09,AI Recommendation for CHECKOUT_ABANDONMENT: SESSION_TIMEOUT,2026-08-26T14:16:04.068927
REC-4dc3d945,CASE-2409,TEMPORARY_FAILURE,80,REMIND,30,3565.78,AI Recommendation for CHECKOUT_ABANDONMENT: SESSION_TIMEOUT,2026-08-27T17:16:04.068927
REC-734a3f19,CASE-2410,TEMPORARY_FAILURE,85,REMIND,30,6934.9,AI Recommendation for CHECKOUT_ABANDONMENT: SESSION_TIMEOUT,2026-08-26T22:16:04.068927
REC-ad287e8f,CASE-2411,INSUFFICIENT_FUNDS,67,REMIND,30,571.09,AI Recommendation for CHECKOUT_ABANDONMENT: SESSION_TIMEOUT,2026-08-26T14:16:04.069938
REC-a7ceb38d,CASE-2412,INSUFFICIENT_FUNDS,54,REMIND,30,456.4,AI Recommendation for CHECKOUT_ABANDONMENT: SESSION_TIMEOUT,2026-08-26T23:16:04.069938
REC-8296130c,CASE-2413,TEMPORARY_FAILURE,87,REMIND,30,7098.54,AI Recommendation for CHECKOUT_ABANDONMENT: SESSION_TIMEOUT,2026-08-27T20:16:04.069938
REC-c7484bea,CASE-2414,INSUFFICIENT_FUNDS,59,REMIND,30,4807.52,AI Recommendation for CHECKOUT_ABANDONMENT: SESSION_TIMEOUT,2026-08-26T23:16:04.069938
REC-676fec11,CASE-2415,INSUFFICIENT_FUNDS,58,REMIND,30,2579.69,AI Recommendation for CHECKOUT_ABANDONMENT: SESSION_TIMEOUT,2026-08-27T13:16:04.069938
REC-4eb3638d,CASE-2416,INSUFFICIENT_FUNDS,65,REMIND,30,553.45,AI Recommendation for CHECKOUT_ABANDONMENT: SESSION_TIMEOUT,2026-08-28T02:16:04.069938
REC-144c9b21,CASE-2417,TEMPORARY_FAILURE,86,REMIND,30,2285.86,AI Recommendation for CHECKOUT_ABANDONMENT: SESSION_TIMEOUT,2026-08-26T14:16:04.072015
REC-ae0fbcff,CASE-2418,TEMPORARY_FAILURE,72,REMIND,30,5871.21,AI Recommendation for CHECKOUT_ABANDONMENT: SESSION_TIMEOUT,2026-08-27T22:16:04.072015
REC-13b72492,CASE-2419,INSUFFICIENT_FUNDS,66,REMIND,30,562.27,AI Recommendation for CHECKOUT_ABANDONMENT: SESSION_TIMEOUT,2026-08-26T18:16:04.072015
REC-0dcf57b5,CASE-2420,TEMPORARY_FAILURE,83,REMIND,30,2205.42,AI Recommendation for CHECKOUT_ABANDONMENT: SESSION_TIMEOUT,2026-08-27T07:16:04.072015
REC-5b660dc7,CASE-2421,INSUFFICIENT_FUNDS,52,REMIND,30,438.76,AI Recommendation for CHECKOUT_ABANDONMENT: SESSION_TIMEOUT,2026-08-27T03:16:04.072015
REC-49625643,CASE-2422,INSUFFICIENT_FUNDS,66,REMIND,30,2938.27,AI Recommendation for CHECKOUT_ABANDONMENT: SESSION_TIMEOUT,2026-08-26T19:16:04.072015
REC-7417456f,CASE-2423,TEMPORARY_FAILURE,73,REMIND,30,5953.03,AI Recommendation for CHECKOUT_ABANDONMENT: SESSION_TIMEOUT,2026-08-27T22:16:04.072015
REC-8b32e8f2,CASE-2424,TEMPORARY_FAILURE,72,REMIND,30,5871.21,AI Recommendation for CHECKOUT_ABANDONMENT: SESSION_TIMEOUT,2026-08-26T22:16:04.072015
REC-95bdf934,CASE-2425,TEMPORARY_FAILURE,82,REMIND,30,703.43,AI Recommendation for CHECKOUT_ABANDONMENT: SESSION_TIMEOUT,2026-08-27T22:16:04.072015
REC-bf56f16d,CASE-2426,TEMPORARY_FAILURE,82,REMIND,30,703.43,AI Recommendation for CHECKOUT_ABANDONMENT: SESSION_TIMEOUT,2026-08-28T01:16:04.074025
REC-2c82c730,CASE-2427,TEMPORARY_FAILURE,73,REMIND,30,1937.3,AI Recommendation for CHECKOUT_ABANDONMENT: SESSION_TIMEOUT,2026-08-27T15:16:04.074025
REC-dc931188,CASE-2428,TEMPORARY_FAILURE,80,REMIND,30,685.78,AI Recommendation for CHECKOUT_ABANDONMENT: SESSION_TIMEOUT,2026-08-26T23:16:04.074025
REC-6343d9b3,CASE-2429,TEMPORARY_FAILURE,76,REMIND,30,2017.73,AI Recommendation for CHECKOUT_ABANDONMENT: SESSION_TIMEOUT,2026-08-28T04:16:04.074025
REC-aaf45654,CASE-2430,INSUFFICIENT_FUNDS,58,REMIND,30,1535.11,AI Recommendation for CHECKOUT_ABANDONMENT: SESSION_TIMEOUT,2026-08-28T03:16:04.075035
REC-0484cb02,CASE-2431,INSUFFICIENT_FUNDS,60,REMIND,30,509.34,AI Recommendation for CHECKOUT_ABANDONMENT: SESSION_TIMEOUT,2026-08-27T11:16:04.075035
REC-d17fb942,CASE-2432,INSUFFICIENT_FUNDS,68,REMIND,30,579.92,AI Recommendation for CHECKOUT_ABANDONMENT: SESSION_TIMEOUT,2026-08-26T22:16:04.075035
REC-e86a4f60,CASE-2433,TEMPORARY_FAILURE,80,REMIND,30,6525.78,AI Recommendation for CHECKOUT_ABANDONMENT: SESSION_TIMEOUT,2026-08-26T22:16:04.075035
REC-5dcf6e7b,CASE-2434,TEMPORARY_FAILURE,87,REMIND,30,2312.67,AI Recommendation for CHECKOUT_ABANDONMENT: SESSION_TIMEOUT,2026-08-26T14:16:04.075035
REC-a36df128,CASE-2435,TEMPORARY_FAILURE,79,REMIND,30,3520.96,AI Recommendation for CHECKOUT_ABANDONMENT: SESSION_TIMEOUT,2026-08-27T12:16:04.075035
REC-8a51586f,CASE-2436,INSUFFICIENT_FUNDS,56,REMIND,30,1481.49,AI Recommendation for CHECKOUT_ABANDONMENT: SESSION_TIMEOUT,2026-08-27T04:16:04.077129
REC-0f9eb096,CASE-2437,INSUFFICIENT_FUNDS,59,REMIND,30,4807.52,AI Recommendation for CHECKOUT_ABANDONMENT: SESSION_TIMEOUT,2026-08-26T21:16:04.077129
REC-0edcb0f8,CASE-2438,TEMPORARY_FAILURE,84,REMIND,30,721.07,AI Recommendation for CHECKOUT_ABANDONMENT: SESSION_TIMEOUT,2026-08-27T06:16:04.077129
REC-923f4979,CASE-2439,TEMPORARY_FAILURE,88,REMIND,30,2339.48,AI Recommendation for CHECKOUT_ABANDONMENT: SESSION_TIMEOUT,2026-08-26T19:16:04.077129
REC-a98e1c79,CASE-2440,TEMPORARY_FAILURE,83,REMIND,30,6771.25,AI Recommendation for CHECKOUT_ABANDONMENT: SESSION_TIMEOUT,2026-08-26T16:16:04.077129
REC-2d6b2760,CASE-2441,INSUFFICIENT_FUNDS,64,REMIND,30,5216.63,AI Recommendation for CHECKOUT_ABANDONMENT: SESSION_TIMEOUT,2026-08-26T23:16:04.077129
REC-89974fa1,CASE-2442,TEMPORARY_FAILURE,77,REMIND,30,659.32,AI Recommendation for CHECKOUT_ABANDONMENT: SESSION_TIMEOUT,2026-08-27T22:16:04.077129
REC-e1869026,CASE-2443,INSUFFICIENT_FUNDS,68,REMIND,30,579.92,AI Recommendation for CHECKOUT_ABANDONMENT: SESSION_TIMEOUT,2026-08-28T00:16:04.077129
REC-640ee983,CASE-2444,INSUFFICIENT_FUNDS,50,REMIND,30,421.12,AI Recommendation for CHECKOUT_ABANDONMENT: SESSION_TIMEOUT,2026-08-28T12:16:04.077129
REC-621a7cc8,CASE-2445,INSUFFICIENT_FUNDS,63,REMIND,30,5134.8,AI Recommendation for CHECKOUT_ABANDONMENT: SESSION_TIMEOUT,2026-08-28T06:16:04.079134
REC-35e33467,CASE-2446,TEMPORARY_FAILURE,77,REMIND,30,2044.55,AI Recommendation for CHECKOUT_ABANDONMENT: SESSION_TIMEOUT,2026-08-27T02:16:04.079134
REC-0d2421ba,CASE-2447,TEMPORARY_FAILURE,86,REMIND,30,7016.72,AI Recommendation for CHECKOUT_ABANDONMENT: SESSION_TIMEOUT,2026-08-27T11:16:04.079134
REC-706d4bb0,CASE-2448,TEMPORARY_FAILURE,76,REMIND,30,2017.73,AI Recommendation for CHECKOUT_ABANDONMENT: SESSION_TIMEOUT,2026-08-27T13:16:04.079134
REC-a29cf315,CASE-2449,INSUFFICIENT_FUNDS,66,REMIND,30,5380.27,AI Recommendation for CHECKOUT_ABANDONMENT: SESSION_TIMEOUT,2026-08-27T11:16:04.079134
REC-029e5cff,CASE-2450,INSUFFICIENT_FUNDS,57,REMIND,30,1508.3,AI Recommendation for CHECKOUT_ABANDONMENT: SESSION_TIMEOUT,2026-08-28T02:16:04.079134
REC-5732aa92,CASE-2451,INSUFFICIENT_FUNDS,63,REMIND,30,535.8,AI Recommendation for CHECKOUT_ABANDONMENT: SESSION_TIMEOUT,2026-08-27T01:16:04.079134
REC-52c3316b,CASE-2452,INSUFFICIENT_FUNDS,60,REMIND,30,509.34,AI Recommendation for CHECKOUT_ABANDONMENT: SESSION_TIMEOUT,2026-08-28T03:16:04.079134
REC-cf48b91f,CASE-2453,TEMPORARY_FAILURE,88,REMIND,30,7180.36,AI Recommendation for CHECKOUT_ABANDONMENT: SESSION_TIMEOUT,2026-08-27T20:16:04.079134
REC-2ee1cefd,CASE-2454,TEMPORARY_FAILURE,73,REMIND,30,1937.3,AI Recommendation for CHECKOUT_ABANDONMENT: SESSION_TIMEOUT,2026-08-27T12:16:04.079134
REC-af96768a,CASE-2455,TEMPORARY_FAILURE,89,REMIND,30,7262.18,AI Recommendation for CHECKOUT_ABANDONMENT: SESSION_TIMEOUT,2026-08-26T22:16:04.079134
REC-b0f6c5a1,CASE-2456,INSUFFICIENT_FUNDS,61,REMIND,30,518.16,AI Recommendation for CHECKOUT_ABANDONMENT: SESSION_TIMEOUT,2026-08-28T00:16:04.081145
REC-bc729733,CASE-2457,INSUFFICIENT_FUNDS,62,REMIND,30,2758.98,AI Recommendation for CHECKOUT_ABANDONMENT: SESSION_TIMEOUT,2026-08-28T02:16:04.081145
REC-a7ec1089,CASE-2458,TEMPORARY_FAILURE,73,REMIND,30,624.03,AI Recommendation for CHECKOUT_ABANDONMENT: SESSION_TIMEOUT,2026-08-28T07:16:04.081145
REC-8b619f09,CASE-2459,TEMPORARY_FAILURE,75,REMIND,30,3341.67,AI Recommendation for CHECKOUT_ABANDONMENT: SESSION_TIMEOUT,2026-08-26T23:16:04.081145
REC-3417e857,CASE-2460,TEMPORARY_FAILURE,83,REMIND,30,2205.42,AI Recommendation for CHECKOUT_ABANDONMENT: SESSION_TIMEOUT,2026-08-27T01:16:04.081145
REC-66576457,CASE-2461,TEMPORARY_FAILURE,85,REMIND,30,3789.9,AI Recommendation for CHECKOUT_ABANDONMENT: SESSION_TIMEOUT,2026-08-27T19:16:04.081145
REC-0ea77d49,CASE-2462,TEMPORARY_FAILURE,88,REMIND,30,2339.48,AI Recommendation for CHECKOUT_ABANDONMENT: SESSION_TIMEOUT,2026-08-27T00:16:04.081145
REC-45a709eb,CASE-2463,INSUFFICIENT_FUNDS,66,REMIND,30,562.27,AI Recommendation for CHECKOUT_ABANDONMENT: SESSION_TIMEOUT,2026-08-28T06:16:04.081145
REC-19350b84,CASE-2464,TEMPORARY_FAILURE,82,REMIND,30,703.43,AI Recommendation for CHECKOUT_ABANDONMENT: SESSION_TIMEOUT,2026-08-27T04:16:04.081145
REC-2b1a4bfa,CASE-2465,TEMPORARY_FAILURE,84,REMIND,30,3745.07,AI Recommendation for CHECKOUT_ABANDONMENT: SESSION_TIMEOUT,2026-08-27T08:16:04.081145
REC-c39ef8a9,CASE-2466,TEMPORARY_FAILURE,86,REMIND,30,7016.72,AI Recommendation for CHECKOUT_ABANDONMENT: SESSION_TIMEOUT,2026-08-27T07:16:04.081145
REC-e7263d93,CASE-2467,TEMPORARY_FAILURE,87,REMIND,30,7098.54,AI Recommendation for CHECKOUT_ABANDONMENT: SESSION_TIMEOUT,2026-08-27T20:16:04.081145
REC-a8ef01a1,CASE-2468,TEMPORARY_FAILURE,74,REMIND,30,632.85,AI Recommendation for CHECKOUT_ABANDONMENT: SESSION_TIMEOUT,2026-08-27T10:16:04.081145
REC-29102439,CASE-2469,TEMPORARY_FAILURE,83,REMIND,30,3700.25,AI Recommendation for CHECKOUT_ABANDONMENT: SESSION_TIMEOUT,2026-08-27T20:16:04.081145
REC-f526059f,CASE-2470,INSUFFICIENT_FUNDS,68,REMIND,30,1803.24,AI Recommendation for CHECKOUT_ABANDONMENT: SESSION_TIMEOUT,2026-08-26T13:16:04.081145
REC-29ef508f,CASE-2471,INSUFFICIENT_FUNDS,54,REMIND,30,2400.4,AI Recommendation for CHECKOUT_ABANDONMENT: SESSION_TIMEOUT,2026-08-27T16:16:04.081145
REC-50dab282,CASE-2472,INSUFFICIENT_FUNDS,63,REMIND,30,2803.8,AI Recommendation for CHECKOUT_ABANDONMENT: SESSION_TIMEOUT,2026-08-26T13:16:04.081145
REC-874d7e40,CASE-2473,TEMPORARY_FAILURE,81,REMIND,30,2151.8,AI Recommendation for CHECKOUT_ABANDONMENT: SESSION_TIMEOUT,2026-08-27T21:16:04.081145
REC-a9ff06b9,CASE-2474,INSUFFICIENT_FUNDS,63,REMIND,30,2803.8,AI Recommendation for CHECKOUT_ABANDONMENT: SESSION_TIMEOUT,2026-08-26T21:16:04.081145
REC-7f518af6,CASE-2475,INSUFFICIENT_FUNDS,59,REMIND,30,2624.52,AI Recommendation for CHECKOUT_ABANDONMENT: SESSION_TIMEOUT,2026-08-26T17:16:04.081145
REC-a2e84d03,CASE-2476,TEMPORARY_FAILURE,89,REMIND,30,7262.18,AI Recommendation for CHECKOUT_ABANDONMENT: SESSION_TIMEOUT,2026-08-27T13:16:04.081145
REC-906095e6,CASE-2477,TEMPORARY_FAILURE,81,REMIND,30,3610.61,AI Recommendation for CHECKOUT_ABANDONMENT: SESSION_TIMEOUT,2026-08-28T01:16:04.081145
REC-65634068,CASE-2478,TEMPORARY_FAILURE,75,REMIND,30,3341.67,AI Recommendation for CHECKOUT_ABANDONMENT: SESSION_TIMEOUT,2026-08-27T03:16:04.083152
REC-a434f383,CASE-2479,TEMPORARY_FAILURE,80,REMIND,30,6525.78,AI Recommendation for CHECKOUT_ABANDONMENT: SESSION_TIMEOUT,2026-08-27T14:16:04.083152
REC-9969d599,CASE-2480,INSUFFICIENT_FUNDS,61,REMIND,30,4971.16,AI Recommendation for CHECKOUT_ABANDONMENT: SESSION_TIMEOUT,2026-08-27T03:16:04.083152
REC-8ccd357d,CASE-2481,INSUFFICIENT_FUNDS,70,REMIND,30,5707.56,AI Recommendation for CHECKOUT_ABANDONMENT: SESSION_TIMEOUT,2026-08-27T23:16:04.083152
REC-5fe44dd0,CASE-2482,TEMPORARY_FAILURE,87,REMIND,30,7098.54,AI Recommendation for CHECKOUT_ABANDONMENT: SESSION_TIMEOUT,2026-08-26T21:16:04.083152
REC-f8a40c8a,CASE-2483,INSUFFICIENT_FUNDS,61,REMIND,30,2714.16,AI Recommendation for CHECKOUT_ABANDONMENT: SESSION_TIMEOUT,2026-08-27T19:16:04.083152
REC-1519d13d,CASE-2484,TEMPORARY_FAILURE,89,REMIND,30,7262.18,AI Recommendation for CHECKOUT_ABANDONMENT: SESSION_TIMEOUT,2026-08-27T05:16:04.083152
REC-5838975e,CASE-2485,INSUFFICIENT_FUNDS,63,REMIND,30,5134.8,AI Recommendation for CHECKOUT_ABANDONMENT: SESSION_TIMEOUT,2026-08-27T11:16:04.083152
REC-10b76954,CASE-2486,TEMPORARY_FAILURE,78,REMIND,30,3476.14,AI Recommendation for CHECKOUT_ABANDONMENT: SESSION_TIMEOUT,2026-08-26T17:16:04.083152
REC-c5feb20a,CASE-2487,INSUFFICIENT_FUNDS,56,REMIND,30,1481.49,AI Recommendation for CHECKOUT_ABANDONMENT: SESSION_TIMEOUT,2026-08-27T09:16:04.083152
REC-5fc973e2,CASE-2488,INSUFFICIENT_FUNDS,62,REMIND,30,5052.98,AI Recommendation for CHECKOUT_ABANDONMENT: SESSION_TIMEOUT,2026-08-28T12:16:04.084160
REC-1d50cd3b,CASE-2489,TEMPORARY_FAILURE,76,REMIND,30,2017.73,AI Recommendation for CHECKOUT_ABANDONMENT: SESSION_TIMEOUT,2026-08-27T03:16:04.084160
REC-2d215075,CASE-2490,TEMPORARY_FAILURE,81,REMIND,30,3610.61,AI Recommendation for CHECKOUT_ABANDONMENT: SESSION_TIMEOUT,2026-08-27T00:16:04.084160
REC-5a28e3ce,CASE-2491,TEMPORARY_FAILURE,75,REMIND,30,641.67,AI Recommendation for CHECKOUT_ABANDONMENT: SESSION_TIMEOUT,2026-08-27T23:16:04.084160
REC-008d4a85,CASE-2492,TEMPORARY_FAILURE,80,REMIND,30,3565.78,AI Recommendation for CHECKOUT_ABANDONMENT: SESSION_TIMEOUT,2026-08-27T15:16:04.085166
REC-1665ed5a,CASE-2493,TEMPORARY_FAILURE,73,REMIND,30,3252.03,AI Recommendation for CHECKOUT_ABANDONMENT: SESSION_TIMEOUT,2026-08-28T11:16:04.085166
REC-ef5da178,CASE-2494,INSUFFICIENT_FUNDS,57,REMIND,30,4643.87,AI Recommendation for CHECKOUT_ABANDONMENT: SESSION_TIMEOUT,2026-08-27T00:16:04.085166
REC-d55ec6f8,CASE-2495,INSUFFICIENT_FUNDS,68,REMIND,30,1803.24,AI Recommendation for CHECKOUT_ABANDONMENT: SESSION_TIMEOUT,2026-08-27T04:16:04.085166
REC-07498080,CASE-2496,TEMPORARY_FAILURE,78,REMIND,30,6362.14,AI Recommendation for CHECKOUT_ABANDONMENT: SESSION_TIMEOUT,2026-08-27T18:16:04.085166
REC-164d1f11,CASE-2497,TEMPORARY_FAILURE,90,REMIND,30,7344.01,AI Recommendation for CHECKOUT_ABANDONMENT: SESSION_TIMEOUT,2026-08-27T15:16:04.085166
REC-f787d9b3,CASE-2498,TEMPORARY_FAILURE,90,REMIND,30,7344.01,AI Recommendation for CHECKOUT_ABANDONMENT: SESSION_TIMEOUT,2026-08-28T07:16:04.085166
REC-5ea67bfb,CASE-2499,TEMPORARY_FAILURE,71,REMIND,30,1883.67,AI Recommendation for CHECKOUT_ABANDONMENT: SESSION_TIMEOUT,2026-08-26T19:16:04.085166
REC-a1cc7b61,CASE-2500,INSUFFICIENT_FUNDS,67,REMIND,30,2983.09,AI Recommendation for CHECKOUT_ABANDONMENT: SESSION_TIMEOUT,2026-08-27T13:16:04.085166
REC-be026849,CASE-2501,TEMPORARY_FAILURE,76,REMIND,30,6198.49,AI Recommendation for CHECKOUT_ABANDONMENT: SESSION_TIMEOUT,2026-08-28T04:16:04.086554
REC-f8360c49,CASE-2502,INSUFFICIENT_FUNDS,66,REMIND,30,1749.61,AI Recommendation for CHECKOUT_ABANDONMENT: SESSION_TIMEOUT,2026-08-27T11:16:04.086554
REC-1d3092d0,CASE-2503,INSUFFICIENT_FUNDS,56,REMIND,30,474.05,AI Recommendation for CHECKOUT_ABANDONMENT: SESSION_TIMEOUT,2026-08-28T09:16:04.086554
REC-cdebd0dc,CASE-2504,TEMPORARY_FAILURE,75,REMIND,30,641.67,AI Recommendation for CHECKOUT_ABANDONMENT: SESSION_TIMEOUT,2026-08-27T20:16:04.086554
REC-d6ea4fa8,CASE-2505,INSUFFICIENT_FUNDS,55,REMIND,30,1454.68,AI Recommendation for CHECKOUT_ABANDONMENT: SESSION_TIMEOUT,2026-08-27T21:16:04.086554
REC-1ee134a4,CASE-2506,TEMPORARY_FAILURE,78,REMIND,30,3476.14,AI Recommendation for CHECKOUT_ABANDONMENT: SESSION_TIMEOUT,2026-08-28T02:16:04.086554
REC-581bd38d,CASE-2507,INSUFFICIENT_FUNDS,52,REMIND,30,438.76,AI Recommendation for CHECKOUT_ABANDONMENT: SESSION_TIMEOUT,2026-08-27T07:16:04.086554
REC-4f79142e,CASE-2508,TEMPORARY_FAILURE,85,REMIND,30,3789.9,AI Recommendation for CHECKOUT_ABANDONMENT: SESSION_TIMEOUT,2026-08-27T02:16:04.086554
REC-8ce60535,CASE-2509,TEMPORARY_FAILURE,87,REMIND,30,2312.67,AI Recommendation for CHECKOUT_ABANDONMENT: SESSION_TIMEOUT,2026-08-26T20:16:04.086554
REC-0d1b8f6b,CASE-2510,TEMPORARY_FAILURE,72,REMIND,30,3207.21,AI Recommendation for CHECKOUT_ABANDONMENT: SESSION_TIMEOUT,2026-08-27T08:16:04.086554
REC-464136d4,CASE-2511,TEMPORARY_FAILURE,73,REMIND,30,3252.03,AI Recommendation for CHECKOUT_ABANDONMENT: SESSION_TIMEOUT,2026-08-27T17:16:04.086554
REC-3765103c,CASE-2512,INSUFFICIENT_FUNDS,50,REMIND,30,421.12,AI Recommendation for CHECKOUT_ABANDONMENT: SESSION_TIMEOUT,2026-08-27T18:16:04.086554
REC-8d0e35ea,CASE-2513,TEMPORARY_FAILURE,84,REMIND,30,6853.07,AI Recommendation for CHECKOUT_ABANDONMENT: SESSION_TIMEOUT,2026-08-27T17:16:04.086554
REC-9b1b1814,CASE-2514,TEMPORARY_FAILURE,77,REMIND,30,659.32,AI Recommendation for CHECKOUT_ABANDONMENT: SESSION_TIMEOUT,2026-08-27T01:16:04.089060
REC-c67a57d6,CASE-2515,INSUFFICIENT_FUNDS,62,REMIND,30,2758.98,AI Recommendation for CHECKOUT_ABANDONMENT: SESSION_TIMEOUT,2026-08-27T21:16:04.089060
REC-8d9396da,CASE-2516,TEMPORARY_FAILURE,74,REMIND,30,1964.11,AI Recommendation for CHECKOUT_ABANDONMENT: SESSION_TIMEOUT,2026-08-28T07:16:04.089060
REC-b731135a,CASE-2517,TEMPORARY_FAILURE,90,REMIND,30,7344.01,AI Recommendation for CHECKOUT_ABANDONMENT: SESSION_TIMEOUT,2026-08-26T19:16:04.089060
REC-25a90d42,CASE-2518,TEMPORARY_FAILURE,76,REMIND,30,3386.49,AI Recommendation for CHECKOUT_ABANDONMENT: SESSION_TIMEOUT,2026-08-28T04:16:04.089060
REC-36274f28,CASE-2519,INSUFFICIENT_FUNDS,57,REMIND,30,2534.87,AI Recommendation for CHECKOUT_ABANDONMENT: SESSION_TIMEOUT,2026-08-26T16:16:04.089060
REC-99518f16,CASE-2520,INSUFFICIENT_FUNDS,62,REMIND,30,5052.98,AI Recommendation for CHECKOUT_ABANDONMENT: SESSION_TIMEOUT,2026-08-28T09:16:04.089060
REC-588db3f3,CASE-2521,INSUFFICIENT_FUNDS,61,REMIND,30,518.16,AI Recommendation for CHECKOUT_ABANDONMENT: SESSION_TIMEOUT,2026-08-28T04:16:04.089060
REC-61201ccf,CASE-2522,INSUFFICIENT_FUNDS,50,REMIND,30,4071.11,AI Recommendation for CHECKOUT_ABANDONMENT: SESSION_TIMEOUT,2026-08-28T12:16:04.089060
REC-35fd8fda,CASE-2523,INSUFFICIENT_FUNDS,63,REMIND,30,5134.8,AI Recommendation for CHECKOUT_ABANDONMENT: SESSION_TIMEOUT,2026-08-27T05:16:04.089060
REC-f43ef9ce,CASE-2524,TEMPORARY_FAILURE,79,REMIND,30,3520.96,AI Recommendation for CHECKOUT_ABANDONMENT: SESSION_TIMEOUT,2026-08-28T03:16:04.089060
REC-6780235c,CASE-2525,INSUFFICIENT_FUNDS,67,REMIND,30,571.09,AI Recommendation for CHECKOUT_ABANDONMENT: SESSION_TIMEOUT,2026-08-27T06:16:04.091096
REC-12176e02,CASE-2526,INSUFFICIENT_FUNDS,62,REMIND,30,1642.36,AI Recommendation for CHECKOUT_ABANDONMENT: SESSION_TIMEOUT,2026-08-28T05:16:04.091096
REC-d84e0f12,CASE-2527,TEMPORARY_FAILURE,74,REMIND,30,1964.11,AI Recommendation for CHECKOUT_ABANDONMENT: SESSION_TIMEOUT,2026-08-28T10:16:04.091096
REC-0c1f107f,CASE-2528,TEMPORARY_FAILURE,79,REMIND,30,2098.17,AI Recommendation for CHECKOUT_ABANDONMENT: SESSION_TIMEOUT,2026-08-27T12:16:04.091096
REC-25f40cbf,CASE-2529,INSUFFICIENT_FUNDS,70,REMIND,30,3117.56,AI Recommendation for CHECKOUT_ABANDONMENT: SESSION_TIMEOUT,2026-08-27T01:16:04.091096
REC-ca6dd473,CASE-2530,INSUFFICIENT_FUNDS,66,REMIND,30,562.27,AI Recommendation for CHECKOUT_ABANDONMENT: SESSION_TIMEOUT,2026-08-27T13:16:04.091096
REC-c66efeb5,CASE-2531,INSUFFICIENT_FUNDS,63,REMIND,30,535.8,AI Recommendation for CHECKOUT_ABANDONMENT: SESSION_TIMEOUT,2026-08-27T09:16:04.091096
REC-46dd4fca,CASE-2532,INSUFFICIENT_FUNDS,50,REMIND,30,2221.11,AI Recommendation for CHECKOUT_ABANDONMENT: SESSION_TIMEOUT,2026-08-28T05:16:04.091096
REC-95f2b393,CASE-2533,INSUFFICIENT_FUNDS,65,REMIND,30,5298.45,AI Recommendation for CHECKOUT_ABANDONMENT: SESSION_TIMEOUT,2026-08-26T16:16:04.091096
REC-e7aab806,CASE-2534,TEMPORARY_FAILURE,88,REMIND,30,7180.36,AI Recommendation for CHECKOUT_ABANDONMENT: SESSION_TIMEOUT,2026-08-27T21:16:04.091096
REC-875ed8bf,CASE-2535,TEMPORARY_FAILURE,81,REMIND,30,2151.8,AI Recommendation for CHECKOUT_ABANDONMENT: SESSION_TIMEOUT,2026-08-28T09:16:04.091096
REC-3185238c,CASE-2536,TEMPORARY_FAILURE,72,REMIND,30,615.21,AI Recommendation for CHECKOUT_ABANDONMENT: SESSION_TIMEOUT,2026-08-27T05:16:04.093106
REC-5091cbcf,CASE-2537,INSUFFICIENT_FUNDS,70,REMIND,30,1856.86,AI Recommendation for CHECKOUT_ABANDONMENT: SESSION_TIMEOUT,2026-08-26T14:16:04.093106
REC-66d1d8b8,CASE-2538,INSUFFICIENT_FUNDS,51,REMIND,30,1347.43,AI Recommendation for CHECKOUT_ABANDONMENT: SESSION_TIMEOUT,2026-08-28T04:16:04.093106
REC-bbacdd2f,CASE-2539,INSUFFICIENT_FUNDS,52,REMIND,30,2310.76,AI Recommendation for CHECKOUT_ABANDONMENT: SESSION_TIMEOUT,2026-08-27T18:16:04.093106
REC-6b28b839,CASE-2540,INSUFFICIENT_FUNDS,62,REMIND,30,5052.98,AI Recommendation for CHECKOUT_ABANDONMENT: SESSION_TIMEOUT,2026-08-27T14:16:04.093106
REC-a9172ffe,CASE-2541,TEMPORARY_FAILURE,79,REMIND,30,3520.96,AI Recommendation for CHECKOUT_ABANDONMENT: SESSION_TIMEOUT,2026-08-27T03:16:04.093106
REC-97657c52,CASE-2542,TEMPORARY_FAILURE,78,REMIND,30,2071.36,AI Recommendation for CHECKOUT_ABANDONMENT: SESSION_TIMEOUT,2026-08-27T13:16:04.093106
REC-349a2d3c,CASE-2543,INSUFFICIENT_FUNDS,50,REMIND,30,4071.11,AI Recommendation for CHECKOUT_ABANDONMENT: SESSION_TIMEOUT,2026-08-28T01:16:04.093106
REC-08ff56bf,CASE-2544,TEMPORARY_FAILURE,89,REMIND,30,765.18,AI Recommendation for CHECKOUT_ABANDONMENT: SESSION_TIMEOUT,2026-08-26T14:16:04.093106
REC-bd137f48,CASE-2545,TEMPORARY_FAILURE,84,REMIND,30,721.07,AI Recommendation for CHECKOUT_ABANDONMENT: SESSION_TIMEOUT,2026-08-26T17:16:04.093106
REC-e46a29c1,CASE-2546,TEMPORARY_FAILURE,85,REMIND,30,6934.9,AI Recommendation for CHECKOUT_ABANDONMENT: SESSION_TIMEOUT,2026-08-27T10:16:04.093106
REC-c627008c,CASE-2547,INSUFFICIENT_FUNDS,57,REMIND,30,2534.87,AI Recommendation for CHECKOUT_ABANDONMENT: SESSION_TIMEOUT,2026-08-28T04:16:04.093106
REC-4b28e7ae,CASE-2548,INSUFFICIENT_FUNDS,52,REMIND,30,1374.24,AI Recommendation for CHECKOUT_ABANDONMENT: SESSION_TIMEOUT,2026-08-28T00:16:04.095114
REC-7969bfb0,CASE-2549,INSUFFICIENT_FUNDS,52,REMIND,30,438.76,AI Recommendation for CHECKOUT_ABANDONMENT: SESSION_TIMEOUT,2026-08-27T05:16:04.095114
REC-19c23928,CASE-2550,INSUFFICIENT_FUNDS,53,REMIND,30,2355.58,AI Recommendation for CHECKOUT_ABANDONMENT: SESSION_TIMEOUT,2026-08-26T15:16:04.095114
REC-68fae1a3,CASE-2551,INSUFFICIENT_FUNDS,50,REMIND,30,421.12,AI Recommendation for CHECKOUT_ABANDONMENT: SESSION_TIMEOUT,2026-08-27T07:16:04.095114
REC-32f25c51,CASE-2552,TEMPORARY_FAILURE,73,REMIND,30,624.03,AI Recommendation for CHECKOUT_ABANDONMENT: SESSION_TIMEOUT,2026-08-26T15:16:04.095114
REC-a429e399,CASE-2553,TEMPORARY_FAILURE,89,REMIND,30,765.18,AI Recommendation for CHECKOUT_ABANDONMENT: SESSION_TIMEOUT,2026-08-28T08:16:04.095114
REC-b1624e02,CASE-2554,INSUFFICIENT_FUNDS,54,REMIND,30,2400.4,AI Recommendation for CHECKOUT_ABANDONMENT: SESSION_TIMEOUT,2026-08-26T14:16:04.095114
REC-84ac61e4,CASE-2555,TEMPORARY_FAILURE,84,REMIND,30,2232.23,AI Recommendation for CHECKOUT_ABANDONMENT: SESSION_TIMEOUT,2026-08-27T03:16:04.095114
REC-765f1870,CASE-2556,TEMPORARY_FAILURE,86,REMIND,30,2285.86,AI Recommendation for CHECKOUT_ABANDONMENT: SESSION_TIMEOUT,2026-08-28T06:16:04.095114
REC-678418ce,CASE-2557,TEMPORARY_FAILURE,79,REMIND,30,3520.96,AI Recommendation for CHECKOUT_ABANDONMENT: SESSION_TIMEOUT,2026-08-28T01:16:04.095114
REC-a2a6eb46,CASE-2558,TEMPORARY_FAILURE,82,REMIND,30,6689.43,AI Recommendation for CHECKOUT_ABANDONMENT: SESSION_TIMEOUT,2026-08-26T22:16:04.095114
REC-5b69c06a,CASE-2559,TEMPORARY_FAILURE,72,REMIND,30,5871.21,AI Recommendation for CHECKOUT_ABANDONMENT: SESSION_TIMEOUT,2026-08-27T10:16:04.095114
REC-5aae723b,CASE-2560,INSUFFICIENT_FUNDS,70,REMIND,30,5707.56,AI Recommendation for CHECKOUT_ABANDONMENT: SESSION_TIMEOUT,2026-08-27T01:16:04.095114
REC-b86f142e,CASE-2561,TEMPORARY_FAILURE,73,REMIND,30,3252.03,AI Recommendation for CHECKOUT_ABANDONMENT: SESSION_TIMEOUT,2026-08-28T12:16:04.097232
REC-199bdc21,CASE-2562,INSUFFICIENT_FUNDS,68,REMIND,30,579.92,AI Recommendation for CHECKOUT_ABANDONMENT: SESSION_TIMEOUT,2026-08-28T12:16:04.097232
REC-962a43ee,CASE-2563,INSUFFICIENT_FUNDS,64,REMIND,30,2848.63,AI Recommendation for CHECKOUT_ABANDONMENT: SESSION_TIMEOUT,2026-08-26T16:16:04.097232
REC-3ec49b92,CASE-2564,TEMPORARY_FAILURE,85,REMIND,30,3789.9,AI Recommendation for CHECKOUT_ABANDONMENT: SESSION_TIMEOUT,2026-08-28T10:16:04.097232
REC-bd73ab69,CASE-2565,TEMPORARY_FAILURE,72,REMIND,30,5871.21,AI Recommendation for CHECKOUT_ABANDONMENT: SESSION_TIMEOUT,2026-08-27T13:16:04.097232
REC-f60609c9,CASE-2566,INSUFFICIENT_FUNDS,64,REMIND,30,1695.99,AI Recommendation for CHECKOUT_ABANDONMENT: SESSION_TIMEOUT,2026-08-27T00:16:04.097232
REC-114664e9,CASE-2567,TEMPORARY_FAILURE,86,REMIND,30,7016.72,AI Recommendation for CHECKOUT_ABANDONMENT: SESSION_TIMEOUT,2026-08-27T16:16:04.097232
REC-e22acee0,CASE-2568,INSUFFICIENT_FUNDS,61,REMIND,30,4971.16,AI Recommendation for CHECKOUT_ABANDONMENT: SESSION_TIMEOUT,2026-08-26T19:16:04.097232
REC-614a51f3,CASE-2569,INSUFFICIENT_FUNDS,52,REMIND,30,2310.76,AI Recommendation for CHECKOUT_ABANDONMENT: SESSION_TIMEOUT,2026-08-28T09:16:04.097232
REC-70d8f339,CASE-2570,TEMPORARY_FAILURE,72,REMIND,30,3207.21,AI Recommendation for CHECKOUT_ABANDONMENT: SESSION_TIMEOUT,2026-08-27T22:16:04.097232
REC-48c9f9b8,CASE-2571,TEMPORARY_FAILURE,90,REMIND,30,774.01,AI Recommendation for CHECKOUT_ABANDONMENT: SESSION_TIMEOUT,2026-08-27T03:16:04.099248
REC-306d4b0b,CASE-2572,INSUFFICIENT_FUNDS,70,REMIND,30,597.56,AI Recommendation for CHECKOUT_ABANDONMENT: SESSION_TIMEOUT,2026-08-27T04:16:04.099248
REC-04d3c970,CASE-2573,INSUFFICIENT_FUNDS,59,REMIND,30,1561.93,AI Recommendation for CHECKOUT_ABANDONMENT: SESSION_TIMEOUT,2026-08-26T22:16:04.099248
REC-6bb25c4e,CASE-2574,INSUFFICIENT_FUNDS,64,REMIND,30,544.63,AI Recommendation for CHECKOUT_ABANDONMENT: SESSION_TIMEOUT,2026-08-28T03:16:04.099248
REC-20edfdf1,CASE-2575,TEMPORARY_FAILURE,71,REMIND,30,1883.67,AI Recommendation for CHECKOUT_ABANDONMENT: SESSION_TIMEOUT,2026-08-26T13:16:04.099248
REC-019c4779,CASE-2576,TEMPORARY_FAILURE,85,REMIND,30,729.9,AI Recommendation for CHECKOUT_ABANDONMENT: SESSION_TIMEOUT,2026-08-27T11:16:04.099248
REC-e35cc8c1,CASE-2577,INSUFFICIENT_FUNDS,58,REMIND,30,4725.69,AI Recommendation for CHECKOUT_ABANDONMENT: SESSION_TIMEOUT,2026-08-28T00:16:04.100266
REC-5c9106d5,CASE-2578,TEMPORARY_FAILURE,75,REMIND,30,6116.67,AI Recommendation for CHECKOUT_ABANDONMENT: SESSION_TIMEOUT,2026-08-26T21:16:04.100266
REC-44f85f92,CASE-2579,INSUFFICIENT_FUNDS,65,REMIND,30,1722.8,AI Recommendation for CHECKOUT_ABANDONMENT: SESSION_TIMEOUT,2026-08-27T16:16:04.100266
REC-7d325bb5,CASE-2580,INSUFFICIENT_FUNDS,57,REMIND,30,482.87,AI Recommendation for CHECKOUT_ABANDONMENT: SESSION_TIMEOUT,2026-08-27T14:16:04.100266
REC-c1db3f3c,CASE-2581,INSUFFICIENT_FUNDS,70,REMIND,30,1856.86,AI Recommendation for CHECKOUT_ABANDONMENT: SESSION_TIMEOUT,2026-08-28T02:16:04.100266
REC-e73dd139,CASE-2582,TEMPORARY_FAILURE,89,REMIND,30,3969.18,AI Recommendation for CHECKOUT_ABANDONMENT: SESSION_TIMEOUT,2026-08-28T10:16:04.100266
REC-48f53594,CASE-2583,INSUFFICIENT_FUNDS,62,REMIND,30,1642.36,AI Recommendation for CHECKOUT_ABANDONMENT: SESSION_TIMEOUT,2026-08-28T07:16:04.100266
REC-c3ae3db2,CASE-2584,INSUFFICIENT_FUNDS,53,REMIND,30,447.58,AI Recommendation for CHECKOUT_ABANDONMENT: SESSION_TIMEOUT,2026-08-28T12:16:04.100266
REC-f6b23377,CASE-2585,INSUFFICIENT_FUNDS,57,REMIND,30,2534.87,AI Recommendation for CHECKOUT_ABANDONMENT: SESSION_TIMEOUT,2026-08-28T11:16:04.100266
REC-76238022,CASE-2586,INSUFFICIENT_FUNDS,63,REMIND,30,2803.8,AI Recommendation for CHECKOUT_ABANDONMENT: SESSION_TIMEOUT,2026-08-27T02:16:04.100266
REC-6bbc04ed,CASE-2587,TEMPORARY_FAILURE,85,REMIND,30,3789.9,AI Recommendation for CHECKOUT_ABANDONMENT: SESSION_TIMEOUT,2026-08-26T16:16:04.100266
REC-0ad1890f,CASE-2588,TEMPORARY_FAILURE,74,REMIND,30,632.85,AI Recommendation for CHECKOUT_ABANDONMENT: SESSION_TIMEOUT,2026-08-28T02:16:04.100266
REC-e7c197d5,CASE-2589,INSUFFICIENT_FUNDS,68,REMIND,30,579.92,AI Recommendation for CHECKOUT_ABANDONMENT: SESSION_TIMEOUT,2026-08-27T07:16:04.100266
REC-82fe9023,CASE-2590,INSUFFICIENT_FUNDS,54,REMIND,30,456.4,AI Recommendation for CHECKOUT_ABANDONMENT: SESSION_TIMEOUT,2026-08-26T18:16:04.100266
REC-bd8c03e1,CASE-2591,INSUFFICIENT_FUNDS,56,REMIND,30,2490.05,AI Recommendation for CHECKOUT_ABANDONMENT: SESSION_TIMEOUT,2026-08-27T12:16:04.100266
REC-a7c9807d,CASE-2592,TEMPORARY_FAILURE,74,REMIND,30,1964.11,AI Recommendation for CHECKOUT_ABANDONMENT: SESSION_TIMEOUT,2026-08-27T05:16:04.100266
REC-e28655ee,CASE-2593,INSUFFICIENT_FUNDS,61,REMIND,30,518.16,AI Recommendation for CHECKOUT_ABANDONMENT: SESSION_TIMEOUT,2026-08-26T15:16:04.100266
REC-cf6b28b3,CASE-2594,INSUFFICIENT_FUNDS,52,REMIND,30,438.76,AI Recommendation for CHECKOUT_ABANDONMENT: SESSION_TIMEOUT,2026-08-27T05:16:04.100266
REC-c0e450b1,CASE-2595,INSUFFICIENT_FUNDS,60,REMIND,30,4889.34,AI Recommendation for CHECKOUT_ABANDONMENT: SESSION_TIMEOUT,2026-08-27T14:16:04.100266
REC-b85f662e,CASE-2596,TEMPORARY_FAILURE,90,REMIND,30,4014.01,AI Recommendation for CHECKOUT_ABANDONMENT: SESSION_TIMEOUT,2026-08-27T19:16:04.100266
REC-c2df820e,CASE-2597,TEMPORARY_FAILURE,90,REMIND,30,774.01,AI Recommendation for CHECKOUT_ABANDONMENT: SESSION_TIMEOUT,2026-08-27T01:16:04.100266
REC-19d327ea,CASE-2598,INSUFFICIENT_FUNDS,64,REMIND,30,2848.63,AI Recommendation for CHECKOUT_ABANDONMENT: SESSION_TIMEOUT,2026-08-26T18:16:04.100266
REC-40d550b5,CASE-2599,INSUFFICIENT_FUNDS,55,REMIND,30,1454.68,AI Recommendation for CHECKOUT_ABANDONMENT: SESSION_TIMEOUT,2026-08-27T21:16:04.100266
REC-25084274,CASE-2600,TEMPORARY_FAILURE,77,REMIND,30,2044.55,AI Recommendation for CHECKOUT_ABANDONMENT: SESSION_TIMEOUT,2026-08-27T02:16:04.100266
REC-97fcef47,CASE-2601,INSUFFICIENT_FUNDS,63,REMIND,30,1669.17,AI Recommendation for CHECKOUT_ABANDONMENT: SESSION_TIMEOUT,2026-08-27T17:16:04.100266
REC-52c47af5,CASE-2602,TEMPORARY_FAILURE,77,REMIND,30,2044.55,AI Recommendation for CHECKOUT_ABANDONMENT: SESSION_TIMEOUT,2026-08-28T08:16:04.100266
REC-4097fa8a,CASE-2603,INSUFFICIENT_FUNDS,61,REMIND,30,518.16,AI Recommendation for CHECKOUT_ABANDONMENT: SESSION_TIMEOUT,2026-08-28T11:16:04.100266
REC-92ad1aa9,CASE-2604,TEMPORARY_FAILURE,76,REMIND,30,3386.49,AI Recommendation for CHECKOUT_ABANDONMENT: SESSION_TIMEOUT,2026-08-26T13:16:04.100266
REC-ef2aef43,CASE-2605,INSUFFICIENT_FUNDS,59,REMIND,30,2624.52,AI Recommendation for CHECKOUT_ABANDONMENT: SESSION_TIMEOUT,2026-08-28T01:16:04.100266
REC-0b685786,CASE-2606,TEMPORARY_FAILURE,89,REMIND,30,765.18,AI Recommendation for CHECKOUT_ABANDONMENT: SESSION_TIMEOUT,2026-08-27T22:16:04.103769
REC-7f0a56d4,CASE-2607,INSUFFICIENT_FUNDS,51,REMIND,30,1347.43,AI Recommendation for CHECKOUT_ABANDONMENT: SESSION_TIMEOUT,2026-08-27T06:16:04.103769
REC-4afea40f,CASE-2608,TEMPORARY_FAILURE,82,REMIND,30,2178.61,AI Recommendation for CHECKOUT_ABANDONMENT: SESSION_TIMEOUT,2026-08-27T12:16:04.103769
REC-392c42c0,CASE-2609,TEMPORARY_FAILURE,80,REMIND,30,6525.78,AI Recommendation for CHECKOUT_ABANDONMENT: SESSION_TIMEOUT,2026-08-27T22:16:04.103769
REC-150cfc0e,CASE-2610,TEMPORARY_FAILURE,76,REMIND,30,650.49,AI Recommendation for CHECKOUT_ABANDONMENT: SESSION_TIMEOUT,2026-08-27T22:16:04.103769
REC-ce8d7257,CASE-2611,INSUFFICIENT_FUNDS,63,REMIND,30,1669.17,AI Recommendation for CHECKOUT_ABANDONMENT: SESSION_TIMEOUT,2026-08-26T21:16:04.103769
REC-2ef888bd,CASE-2612,INSUFFICIENT_FUNDS,70,REMIND,30,5707.56,AI Recommendation for CHECKOUT_ABANDONMENT: SESSION_TIMEOUT,2026-08-27T11:16:04.103769
REC-871ba941,CASE-2613,TEMPORARY_FAILURE,88,REMIND,30,756.36,AI Recommendation for CHECKOUT_ABANDONMENT: SESSION_TIMEOUT,2026-08-26T21:16:04.103769
REC-79a33184,CASE-2614,TEMPORARY_FAILURE,83,REMIND,30,712.25,AI Recommendation for CHECKOUT_ABANDONMENT: SESSION_TIMEOUT,2026-08-28T10:16:04.103769
REC-319cad1b,CASE-2615,TEMPORARY_FAILURE,83,REMIND,30,2205.42,AI Recommendation for CHECKOUT_ABANDONMENT: SESSION_TIMEOUT,2026-08-28T10:16:04.105293
REC-ae0d87a8,CASE-2616,TEMPORARY_FAILURE,83,REMIND,30,6771.25,AI Recommendation for CHECKOUT_ABANDONMENT: SESSION_TIMEOUT,2026-08-27T08:16:04.105293
REC-fe213770,CASE-2617,INSUFFICIENT_FUNDS,69,REMIND,30,5625.74,AI Recommendation for CHECKOUT_ABANDONMENT: SESSION_TIMEOUT,2026-08-27T09:16:04.105293
REC-defd037a,CASE-2618,TEMPORARY_FAILURE,89,REMIND,30,3969.18,AI Recommendation for CHECKOUT_ABANDONMENT: SESSION_TIMEOUT,2026-08-26T19:16:04.105293
REC-d218839e,CASE-2619,INSUFFICIENT_FUNDS,55,REMIND,30,4480.23,AI Recommendation for CHECKOUT_ABANDONMENT: SESSION_TIMEOUT,2026-08-26T23:16:04.105293
REC-245d10e5,CASE-2620,TEMPORARY_FAILURE,75,REMIND,30,1990.92,AI Recommendation for CHECKOUT_ABANDONMENT: SESSION_TIMEOUT,2026-08-28T11:16:04.105293
REC-45525c8c,CASE-2621,TEMPORARY_FAILURE,79,REMIND,30,2098.17,AI Recommendation for CHECKOUT_ABANDONMENT: SESSION_TIMEOUT,2026-08-27T20:16:04.105293
REC-ae483054,CASE-2622,INSUFFICIENT_FUNDS,60,REMIND,30,2669.34,AI Recommendation for CHECKOUT_ABANDONMENT: SESSION_TIMEOUT,2026-08-26T15:16:04.106484
REC-707f0eb7,CASE-2623,TEMPORARY_FAILURE,90,REMIND,30,7344.01,AI Recommendation for CHECKOUT_ABANDONMENT: SESSION_TIMEOUT,2026-08-26T15:16:04.106484
REC-0b5eb4df,CASE-2624,TEMPORARY_FAILURE,82,REMIND,30,6689.43,AI Recommendation for CHECKOUT_ABANDONMENT: SESSION_TIMEOUT,2026-08-27T12:16:04.106484
REC-4b0c2a62,CASE-2625,INSUFFICIENT_FUNDS,60,REMIND,30,509.34,AI Recommendation for CHECKOUT_ABANDONMENT: SESSION_TIMEOUT,2026-08-28T03:16:04.106484
REC-dd7628cd,CASE-2626,INSUFFICIENT_FUNDS,53,REMIND,30,1401.05,AI Recommendation for CHECKOUT_ABANDONMENT: SESSION_TIMEOUT,2026-08-26T14:16:04.106484
REC-71feceff,CASE-2627,INSUFFICIENT_FUNDS,68,REMIND,30,5543.92,AI Recommendation for CHECKOUT_ABANDONMENT: SESSION_TIMEOUT,2026-08-28T00:16:04.106484
REC-f61299b3,CASE-2628,TEMPORARY_FAILURE,89,REMIND,30,765.18,AI Recommendation for CHECKOUT_ABANDONMENT: SESSION_TIMEOUT,2026-08-27T05:16:04.106484
REC-1cba9e16,CASE-2629,TEMPORARY_FAILURE,84,REMIND,30,6853.07,AI Recommendation for CHECKOUT_ABANDONMENT: SESSION_TIMEOUT,2026-08-27T23:16:04.106484
REC-d72b1ead,CASE-2630,TEMPORARY_FAILURE,79,REMIND,30,6443.96,AI Recommendation for CHECKOUT_ABANDONMENT: SESSION_TIMEOUT,2026-08-26T22:16:04.106484
REC-d968b23a,CASE-2631,INSUFFICIENT_FUNDS,65,REMIND,30,553.45,AI Recommendation for CHECKOUT_ABANDONMENT: SESSION_TIMEOUT,2026-08-26T20:16:04.106484
REC-07b3ba0c,CASE-2632,INSUFFICIENT_FUNDS,53,REMIND,30,1401.05,AI Recommendation for CHECKOUT_ABANDONMENT: SESSION_TIMEOUT,2026-08-26T19:16:04.106484
REC-c3932a48,CASE-2633,INSUFFICIENT_FUNDS,52,REMIND,30,2310.76,AI Recommendation for CHECKOUT_ABANDONMENT: SESSION_TIMEOUT,2026-08-27T00:16:04.106484
REC-176fbfa9,CASE-2634,TEMPORARY_FAILURE,71,REMIND,30,3162.38,AI Recommendation for CHECKOUT_ABANDONMENT: SESSION_TIMEOUT,2026-08-27T10:16:04.106484
REC-4196b3de,CASE-2635,INSUFFICIENT_FUNDS,60,REMIND,30,1588.74,AI Recommendation for CHECKOUT_ABANDONMENT: SESSION_TIMEOUT,2026-08-26T13:16:04.106484
REC-e0ebf70e,CASE-2636,INSUFFICIENT_FUNDS,52,REMIND,30,2310.76,AI Recommendation for CHECKOUT_ABANDONMENT: SESSION_TIMEOUT,2026-08-27T13:16:04.106484
REC-3ba46466,CASE-2637,INSUFFICIENT_FUNDS,54,REMIND,30,4398.4,AI Recommendation for CHECKOUT_ABANDONMENT: SESSION_TIMEOUT,2026-08-27T06:16:04.106484
REC-c3abaca6,CASE-2638,INSUFFICIENT_FUNDS,57,REMIND,30,1508.3,AI Recommendation for CHECKOUT_ABANDONMENT: SESSION_TIMEOUT,2026-08-27T10:16:04.108495
REC-06649bf8,CASE-2639,INSUFFICIENT_FUNDS,63,REMIND,30,1669.17,AI Recommendation for CHECKOUT_ABANDONMENT: SESSION_TIMEOUT,2026-08-26T14:16:04.108495
REC-5875fa58,CASE-2640,TEMPORARY_FAILURE,80,REMIND,30,685.78,AI Recommendation for CHECKOUT_ABANDONMENT: SESSION_TIMEOUT,2026-08-27T16:16:04.108495
REC-e8553927,CASE-2641,TEMPORARY_FAILURE,83,REMIND,30,3700.25,AI Recommendation for CHECKOUT_ABANDONMENT: SESSION_TIMEOUT,2026-08-26T21:16:04.108495
REC-95cad7dc,CASE-2642,TEMPORARY_FAILURE,83,REMIND,30,6771.25,AI Recommendation for CHECKOUT_ABANDONMENT: SESSION_TIMEOUT,2026-08-26T21:16:04.108495
REC-1f9c1783,CASE-2643,INSUFFICIENT_FUNDS,68,REMIND,30,1803.24,AI Recommendation for CHECKOUT_ABANDONMENT: SESSION_TIMEOUT,2026-08-28T11:16:04.108495
REC-f6306da1,CASE-2644,TEMPORARY_FAILURE,90,REMIND,30,7344.01,AI Recommendation for CHECKOUT_ABANDONMENT: SESSION_TIMEOUT,2026-08-27T10:16:04.108495
REC-adbd5800,CASE-2645,INSUFFICIENT_FUNDS,52,REMIND,30,4234.76,AI Recommendation for CHECKOUT_ABANDONMENT: SESSION_TIMEOUT,2026-08-26T20:16:04.108495
REC-69e6699b,CASE-2646,INSUFFICIENT_FUNDS,50,REMIND,30,1320.62,AI Recommendation for CHECKOUT_ABANDONMENT: SESSION_TIMEOUT,2026-08-28T08:16:04.108495
REC-9923225f,CASE-2647,INSUFFICIENT_FUNDS,69,REMIND,30,3072.74,AI Recommendation for CHECKOUT_ABANDONMENT: SESSION_TIMEOUT,2026-08-28T05:16:04.108495
REC-8a2fbe89,CASE-2648,TEMPORARY_FAILURE,71,REMIND,30,3162.38,AI Recommendation for CHECKOUT_ABANDONMENT: SESSION_TIMEOUT,2026-08-28T00:16:04.108495
REC-6d42a583,CASE-2649,TEMPORARY_FAILURE,71,REMIND,30,3162.38,AI Recommendation for CHECKOUT_ABANDONMENT: SESSION_TIMEOUT,2026-08-26T19:16:04.108495
REC-57f980e9,CASE-2650,INSUFFICIENT_FUNDS,70,RETRY,30,1156.86,AI Recommendation for SUBSCRIPTION_FAILURE: CARD_DECLINED,2026-08-27T15:16:04.108495
REC-3888a83a,CASE-2651,INSUFFICIENT_FUNDS,66,RETRY,30,5709.61,AI Recommendation for SUBSCRIPTION_FAILURE: CARD_DECLINED,2026-08-26T14:16:04.108495
REC-fc19e640,CASE-2652,TEMPORARY_FAILURE,75,RETRY,30,3490.92,AI Recommendation for SUBSCRIPTION_FAILURE: CARD_DECLINED,2026-08-27T00:16:04.108495
REC-06637c12,CASE-2653,INSUFFICIENT_FUNDS,62,RETRY,30,2882.36,AI Recommendation for SUBSCRIPTION_FAILURE: CARD_DECLINED,2026-08-28T11:16:04.108495
REC-0d38f48a,CASE-2654,INSUFFICIENT_FUNDS,64,RETRY,30,2975.99,AI Recommendation for SUBSCRIPTION_FAILURE: CARD_DECLINED,2026-08-26T22:16:04.108495
REC-fd304d48,CASE-2655,INSUFFICIENT_FUNDS,51,RETRY,30,4407.43,AI Recommendation for SUBSCRIPTION_FAILURE: CARD_DECLINED,2026-08-27T16:16:04.108495
REC-7429a173,CASE-2656,INSUFFICIENT_FUNDS,57,RETRY,30,368.3,AI Recommendation for SUBSCRIPTION_FAILURE: CARD_DECLINED,2026-08-27T21:16:04.108495
REC-b593418f,CASE-2657,INSUFFICIENT_FUNDS,68,RETRY,30,3163.24,AI Recommendation for SUBSCRIPTION_FAILURE: CARD_DECLINED,2026-08-27T17:16:04.108495
REC-8c22f186,CASE-2658,INSUFFICIENT_FUNDS,47,RETRY,30,770.18,AI Recommendation for SUBSCRIPTION_FAILURE: CARD_DECLINED,2026-08-28T07:16:04.108495
REC-299c1584,CASE-2659,TEMPORARY_FAILURE,72,RETRY,30,6230.49,AI Recommendation for SUBSCRIPTION_FAILURE: CARD_DECLINED,2026-08-28T03:16:04.108495
REC-a5e95b27,CASE-2660,INSUFFICIENT_FUNDS,61,RETRY,30,1005.55,AI Recommendation for SUBSCRIPTION_FAILURE: CARD_DECLINED,2026-08-28T03:16:04.108495
REC-4e76df4e,CASE-2661,TEMPORARY_FAILURE,73,RETRY,30,477.3,AI Recommendation for SUBSCRIPTION_FAILURE: CARD_DECLINED,2026-08-28T10:16:04.108495
REC-2d3b875b,CASE-2662,INSUFFICIENT_FUNDS,64,RETRY,30,5535.99,AI Recommendation for SUBSCRIPTION_FAILURE: CARD_DECLINED,2026-08-27T17:16:04.108495
REC-a3ddd426,CASE-2663,TEMPORARY_FAILURE,83,RETRY,30,545.42,AI Recommendation for SUBSCRIPTION_FAILURE: CARD_DECLINED,2026-08-28T10:16:04.108495
REC-c3d0525a,CASE-2664,TEMPORARY_FAILURE,73,RETRY,30,477.3,AI Recommendation for SUBSCRIPTION_FAILURE: CARD_DECLINED,2026-08-27T17:16:04.108495
REC-c7f26a6f,CASE-2665,INSUFFICIENT_FUNDS,60,RETRY,30,988.74,AI Recommendation for SUBSCRIPTION_FAILURE: CARD_DECLINED,2026-08-27T19:16:04.108495
REC-d93759ff,CASE-2666,INSUFFICIENT_FUNDS,68,RETRY,30,3163.24,AI Recommendation for SUBSCRIPTION_FAILURE: CARD_DECLINED,2026-08-28T02:16:04.108495
REC-3062982b,CASE-2667,INSUFFICIENT_FUNDS,47,RETRY,30,2180.18,AI Recommendation for SUBSCRIPTION_FAILURE: CARD_DECLINED,2026-08-27T02:16:04.108495
REC-bb0bd432,CASE-2668,TEMPORARY_FAILURE,75,RETRY,30,3490.92,AI Recommendation for SUBSCRIPTION_FAILURE: CARD_DECLINED,2026-08-26T15:16:04.108495
REC-083c19fe,CASE-2669,TEMPORARY_FAILURE,76,RETRY,30,3537.73,AI Recommendation for SUBSCRIPTION_FAILURE: CARD_DECLINED,2026-08-27T17:16:04.108495
REC-4917c18a,CASE-2670,TEMPORARY_FAILURE,74,RETRY,30,3444.11,AI Recommendation for SUBSCRIPTION_FAILURE: CARD_DECLINED,2026-08-28T11:16:04.108495
REC-cfc13bee,CASE-2671,TEMPORARY_FAILURE,83,RETRY,30,7185.42,AI Recommendation for SUBSCRIPTION_FAILURE: CARD_DECLINED,2026-08-28T09:16:04.108495
REC-4773a5c9,CASE-2672,INSUFFICIENT_FUNDS,67,RETRY,30,436.42,AI Recommendation for SUBSCRIPTION_FAILURE: CARD_DECLINED,2026-08-26T22:16:04.108495
REC-1ac98ace,CASE-2673,TEMPORARY_FAILURE,79,RETRY,30,6838.17,AI Recommendation for SUBSCRIPTION_FAILURE: CARD_DECLINED,2026-08-28T00:16:04.108495
REC-8d38a3b1,CASE-2674,TEMPORARY_FAILURE,88,RETRY,30,579.48,AI Recommendation for SUBSCRIPTION_FAILURE: CARD_DECLINED,2026-08-26T16:16:04.108495
REC-e536bbe6,CASE-2675,INSUFFICIENT_FUNDS,46,RETRY,30,3973.37,AI Recommendation for SUBSCRIPTION_FAILURE: CARD_DECLINED,2026-08-26T19:16:04.108495
REC-ec5cc55d,CASE-2676,INSUFFICIENT_FUNDS,70,RETRY,30,6056.86,AI Recommendation for SUBSCRIPTION_FAILURE: CARD_DECLINED,2026-08-26T21:16:04.108495
REC-78c5c0d6,CASE-2677,INSUFFICIENT_FUNDS,63,RETRY,30,2929.17,AI Recommendation for SUBSCRIPTION_FAILURE: CARD_DECLINED,2026-08-26T18:16:04.108495
REC-92e46df2,CASE-2678,INSUFFICIENT_FUNDS,60,RETRY,30,2788.74,AI Recommendation for SUBSCRIPTION_FAILURE: CARD_DECLINED,2026-08-28T08:16:04.108495
REC-07d0ed45,CASE-2679,INSUFFICIENT_FUNDS,47,RETRY,30,4060.18,AI Recommendation for SUBSCRIPTION_FAILURE: CARD_DECLINED,2026-08-28T02:16:04.108495
REC-d2511089,CASE-2680,INSUFFICIENT_FUNDS,62,RETRY,30,2882.36,AI Recommendation for SUBSCRIPTION_FAILURE: CARD_DECLINED,2026-08-28T06:16:04.108495
REC-e6460aab,CASE-2681,TEMPORARY_FAILURE,85,RETRY,30,7359.05,AI Recommendation for SUBSCRIPTION_FAILURE: CARD_DECLINED,2026-08-26T19:16:04.108495
REC-fe32fec6,CASE-2682,INSUFFICIENT_FUNDS,59,RETRY,30,381.93,AI Recommendation for SUBSCRIPTION_FAILURE: CARD_DECLINED,2026-08-26T23:16:04.108495
REC-15c424b8,CASE-2683,INSUFFICIENT_FUNDS,55,RETRY,30,4754.68,AI Recommendation for SUBSCRIPTION_FAILURE: CARD_DECLINED,2026-08-27T12:16:04.108495
REC-694c77f3,CASE-2684,INSUFFICIENT_FUNDS,61,RETRY,30,395.55,AI Recommendation for SUBSCRIPTION_FAILURE: CARD_DECLINED,2026-08-27T00:16:04.108495
REC-503f87f3,CASE-2685,TEMPORARY_FAILURE,74,RETRY,30,3444.11,AI Recommendation for SUBSCRIPTION_FAILURE: CARD_DECLINED,2026-08-26T18:16:04.108495
REC-4a73fe5a,CASE-2686,TEMPORARY_FAILURE,87,RETRY,30,572.67,AI Recommendation for SUBSCRIPTION_FAILURE: CARD_DECLINED,2026-08-26T23:16:04.108495
REC-a5d448b0,CASE-2687,INSUFFICIENT_FUNDS,60,RETRY,30,5188.74,AI Recommendation for SUBSCRIPTION_FAILURE: CARD_DECLINED,2026-08-28T01:16:04.108495
REC-f1597ce6,CASE-2688,INSUFFICIENT_FUNDS,65,RETRY,30,3022.8,AI Recommendation for SUBSCRIPTION_FAILURE: CARD_DECLINED,2026-08-26T22:16:04.108495
REC-d364b6a6,CASE-2689,INSUFFICIENT_FUNDS,60,RETRY,30,5188.74,AI Recommendation for SUBSCRIPTION_FAILURE: CARD_DECLINED,2026-08-27T23:16:04.114846
REC-76fd2f55,CASE-2690,TEMPORARY_FAILURE,77,RETRY,30,1274.55,AI Recommendation for SUBSCRIPTION_FAILURE: CARD_DECLINED,2026-08-28T03:16:04.114846
REC-84e1dd98,CASE-2691,TEMPORARY_FAILURE,74,RETRY,30,6404.11,AI Recommendation for SUBSCRIPTION_FAILURE: CARD_DECLINED,2026-08-27T00:16:04.115460
REC-7b461857,CASE-2692,INSUFFICIENT_FUNDS,52,RETRY,30,4494.24,AI Recommendation for SUBSCRIPTION_FAILURE: CARD_DECLINED,2026-08-27T00:16:04.115460
REC-8c0f0f96,CASE-2693,INSUFFICIENT_FUNDS,67,RETRY,30,3116.42,AI Recommendation for SUBSCRIPTION_FAILURE: CARD_DECLINED,2026-08-28T12:16:04.115460
REC-6557728d,CASE-2694,INSUFFICIENT_FUNDS,48,RETRY,30,4146.99,AI Recommendation for SUBSCRIPTION_FAILURE: CARD_DECLINED,2026-08-27T01:16:04.115460
REC-ce484298,CASE-2695,INSUFFICIENT_FUNDS,40,RETRY,30,252.49,AI Recommendation for SUBSCRIPTION_FAILURE: CARD_DECLINED,2026-08-27T18:16:04.115460
REC-01040a16,CASE-2696,INSUFFICIENT_FUNDS,55,RETRY,30,354.68,AI Recommendation for SUBSCRIPTION_FAILURE: CARD_DECLINED,2026-08-27T16:16:04.115460
REC-73540f4e,CASE-2697,INSUFFICIENT_FUNDS,65,RETRY,30,5622.8,AI Recommendation for SUBSCRIPTION_FAILURE: CARD_DECLINED,2026-08-27T23:16:04.115460
REC-36b58edc,CASE-2698,INSUFFICIENT_FUNDS,70,RETRY,30,1156.86,AI Recommendation for SUBSCRIPTION_FAILURE: CARD_DECLINED,2026-08-27T12:16:04.115460
REC-1882c730,CASE-2699,INSUFFICIENT_FUNDS,66,RETRY,30,3069.61,AI Recommendation for SUBSCRIPTION_FAILURE: CARD_DECLINED,2026-08-28T04:16:04.115460
REC-a6f4d196,CASE-2700,INSUFFICIENT_FUNDS,40,RETRY,30,652.49,AI Recommendation for SUBSCRIPTION_FAILURE: CARD_DECLINED,2026-08-26T14:16:04.115460
REC-ff010698,CASE-2701,TEMPORARY_FAILURE,82,RETRY,30,7098.61,AI Recommendation for SUBSCRIPTION_FAILURE: CARD_DECLINED,2026-08-28T04:16:04.115460
REC-7c4b9a97,CASE-2702,INSUFFICIENT_FUNDS,69,RETRY,30,5970.05,AI Recommendation for SUBSCRIPTION_FAILURE: CARD_DECLINED,2026-08-27T04:16:04.115460
REC-f99c066b,CASE-2703,TEMPORARY_FAILURE,75,RETRY,30,6490.92,AI Recommendation for SUBSCRIPTION_FAILURE: CARD_DECLINED,2026-08-27T22:16:04.115460
REC-7026586d,CASE-2704,INSUFFICIENT_FUNDS,67,RETRY,30,1106.42,AI Recommendation for SUBSCRIPTION_FAILURE: CARD_DECLINED,2026-08-27T21:16:04.115460
REC-3dd12ca3,CASE-2705,INSUFFICIENT_FUNDS,66,RETRY,30,3069.61,AI Recommendation for SUBSCRIPTION_FAILURE: CARD_DECLINED,2026-08-28T10:16:04.115460
REC-85b963fc,CASE-2706,TEMPORARY_FAILURE,85,RETRY,30,7359.05,AI Recommendation for SUBSCRIPTION_FAILURE: CARD_DECLINED,2026-08-27T06:16:04.115460
REC-4df4d267,CASE-2707,INSUFFICIENT_FUNDS,49,RETRY,30,313.8,AI Recommendation for SUBSCRIPTION_FAILURE: CARD_DECLINED,2026-08-27T03:16:04.115460
REC-55327d0c,CASE-2708,TEMPORARY_FAILURE,73,RETRY,30,477.3,AI Recommendation for SUBSCRIPTION_FAILURE: CARD_DECLINED,2026-08-26T20:16:04.115460
REC-ea1ab83c,CASE-2709,TEMPORARY_FAILURE,83,RETRY,30,545.42,AI Recommendation for SUBSCRIPTION_FAILURE: CARD_DECLINED,2026-08-28T09:16:04.115460
REC-b58f207b,CASE-2710,TEMPORARY_FAILURE,74,RETRY,30,3444.11,AI Recommendation for SUBSCRIPTION_FAILURE: CARD_DECLINED,2026-08-27T04:16:04.115460
REC-b34d80c5,CASE-2711,TEMPORARY_FAILURE,76,RETRY,30,6577.73,AI Recommendation for SUBSCRIPTION_FAILURE: CARD_DECLINED,2026-08-27T18:16:04.115460
REC-03bf4697,CASE-2712,INSUFFICIENT_FUNDS,50,RETRY,30,2320.61,AI Recommendation for SUBSCRIPTION_FAILURE: CARD_DECLINED,2026-08-27T00:16:04.115460
REC-8fd64960,CASE-2713,INSUFFICIENT_FUNDS,43,RETRY,30,1992.93,AI Recommendation for SUBSCRIPTION_FAILURE: CARD_DECLINED,2026-08-28T09:16:04.115460
REC-eae975a3,CASE-2714,TEMPORARY_FAILURE,87,RETRY,30,4052.67,AI Recommendation for SUBSCRIPTION_FAILURE: CARD_DECLINED,2026-08-28T07:16:04.115460
REC-83ff9300,CASE-2715,TEMPORARY_FAILURE,72,RETRY,30,1190.49,AI Recommendation for SUBSCRIPTION_FAILURE: CARD_DECLINED,2026-08-28T04:16:04.115460
REC-e8b66fc7,CASE-2716,INSUFFICIENT_FUNDS,57,RETRY,30,2648.3,AI Recommendation for SUBSCRIPTION_FAILURE: CARD_DECLINED,2026-08-28T05:16:04.115460
REC-38f520f6,CASE-2717,TEMPORARY_FAILURE,77,RETRY,30,1274.55,AI Recommendation for SUBSCRIPTION_FAILURE: CARD_DECLINED,2026-08-28T01:16:04.115460
REC-819d367c,CASE-2718,TEMPORARY_FAILURE,84,RETRY,30,3912.23,AI Recommendation for SUBSCRIPTION_FAILURE: CARD_DECLINED,2026-08-27T03:16:04.115460
REC-a24da5e8,CASE-2719,INSUFFICIENT_FUNDS,61,RETRY,30,395.55,AI Recommendation for SUBSCRIPTION_FAILURE: CARD_DECLINED,2026-08-28T03:16:04.115460
REC-16819c83,CASE-2720,TEMPORARY_FAILURE,88,RETRY,30,7619.48,AI Recommendation for SUBSCRIPTION_FAILURE: CARD_DECLINED,2026-08-26T18:16:04.115460
REC-d3a4c36e,CASE-2721,TEMPORARY_FAILURE,86,RETRY,30,7445.86,AI Recommendation for SUBSCRIPTION_FAILURE: CARD_DECLINED,2026-08-26T14:16:04.115460
REC-4ef1b6cd,CASE-2722,INSUFFICIENT_FUNDS,43,RETRY,30,1992.93,AI Recommendation for SUBSCRIPTION_FAILURE: CARD_DECLINED,2026-08-28T02:16:04.115460
REC-a0f6b1b6,CASE-2723,INSUFFICIENT_FUNDS,65,RETRY,30,5622.8,AI Recommendation for SUBSCRIPTION_FAILURE: CARD_DECLINED,2026-08-26T13:16:04.115460
REC-8f0a613a,CASE-2724,INSUFFICIENT_FUNDS,64,RETRY,30,1055.99,AI Recommendation for SUBSCRIPTION_FAILURE: CARD_DECLINED,2026-08-28T03:16:04.115460
REC-b391dac9,CASE-2725,INSUFFICIENT_FUNDS,40,RETRY,30,3452.49,AI Recommendation for SUBSCRIPTION_FAILURE: CARD_DECLINED,2026-08-26T17:16:04.115460
REC-65a51866,CASE-2726,TEMPORARY_FAILURE,73,RETRY,30,3397.3,AI Recommendation for SUBSCRIPTION_FAILURE: CARD_DECLINED,2026-08-26T20:16:04.115460
REC-23003f8e,CASE-2727,INSUFFICIENT_FUNDS,67,RETRY,30,3116.42,AI Recommendation for SUBSCRIPTION_FAILURE: CARD_DECLINED,2026-08-27T19:16:04.115460
REC-c75aafa1,CASE-2728,INSUFFICIENT_FUNDS,56,RETRY,30,361.49,AI Recommendation for SUBSCRIPTION_FAILURE: CARD_DECLINED,2026-08-26T17:16:04.115460
REC-db97b24d,CASE-2729,TEMPORARY_FAILURE,86,RETRY,30,1425.86,AI Recommendation for SUBSCRIPTION_FAILURE: CARD_DECLINED,2026-08-26T16:16:04.115460
REC-54f5d51c,CASE-2730,INSUFFICIENT_FUNDS,60,RETRY,30,988.74,AI Recommendation for SUBSCRIPTION_FAILURE: CARD_DECLINED,2026-08-28T12:16:04.115460
REC-a7b0edbf,CASE-2731,INSUFFICIENT_FUNDS,40,RETRY,30,252.49,AI Recommendation for SUBSCRIPTION_FAILURE: CARD_DECLINED,2026-08-28T06:16:04.115460
REC-7d64b288,CASE-2732,INSUFFICIENT_FUNDS,62,RETRY,30,5362.36,AI Recommendation for SUBSCRIPTION_FAILURE: CARD_DECLINED,2026-08-28T00:16:04.115460
REC-668e7a17,CASE-2733,INSUFFICIENT_FUNDS,41,RETRY,30,259.3,AI Recommendation for SUBSCRIPTION_FAILURE: CARD_DECLINED,2026-08-26T18:16:04.115460
REC-a5c4992f,CASE-2734,TEMPORARY_FAILURE,78,RETRY,30,1291.36,AI Recommendation for SUBSCRIPTION_FAILURE: CARD_DECLINED,2026-08-26T22:16:04.115460
REC-b108443b,CASE-2735,INSUFFICIENT_FUNDS,64,RETRY,30,1055.99,AI Recommendation for SUBSCRIPTION_FAILURE: CARD_DECLINED,2026-08-26T16:16:04.115460
REC-abb33203,CASE-2736,INSUFFICIENT_FUNDS,56,RETRY,30,921.49,AI Recommendation for SUBSCRIPTION_FAILURE: CARD_DECLINED,2026-08-28T08:16:04.115460
REC-2e6077bb,CASE-2737,INSUFFICIENT_FUNDS,57,RETRY,30,4928.3,AI Recommendation for SUBSCRIPTION_FAILURE: CARD_DECLINED,2026-08-28T02:16:04.115460
REC-e1cd0ef4,CASE-2738,INSUFFICIENT_FUNDS,57,RETRY,30,368.3,AI Recommendation for SUBSCRIPTION_FAILURE: CARD_DECLINED,2026-08-27T15:16:04.115460
REC-535655e7,CASE-2739,INSUFFICIENT_FUNDS,56,RETRY,30,361.49,AI Recommendation for SUBSCRIPTION_FAILURE: CARD_DECLINED,2026-08-28T08:16:04.125265
REC-bce06ceb,CASE-2740,INSUFFICIENT_FUNDS,52,RETRY,30,4494.24,AI Recommendation for SUBSCRIPTION_FAILURE: CARD_DECLINED,2026-08-27T05:16:04.125265
REC-7c3b6fbe,CASE-2741,INSUFFICIENT_FUNDS,49,RETRY,30,313.8,AI Recommendation for SUBSCRIPTION_FAILURE: CARD_DECLINED,2026-08-26T21:16:04.125265
REC-9a12163b,CASE-2742,INSUFFICIENT_FUNDS,68,RETRY,30,443.24,AI Recommendation for SUBSCRIPTION_FAILURE: CARD_DECLINED,2026-08-28T08:16:04.125265
REC-7ae07edd,CASE-2743,TEMPORARY_FAILURE,76,RETRY,30,497.73,AI Recommendation for SUBSCRIPTION_FAILURE: CARD_DECLINED,2026-08-27T05:16:04.125265
REC-781b0bbe,CASE-2744,TEMPORARY_FAILURE,81,RETRY,30,1341.8,AI Recommendation for SUBSCRIPTION_FAILURE: CARD_DECLINED,2026-08-27T12:16:04.125265
REC-dd8b4abf,CASE-2745,INSUFFICIENT_FUNDS,49,RETRY,30,2273.8,AI Recommendation for SUBSCRIPTION_FAILURE: CARD_DECLINED,2026-08-28T12:16:04.125265
REC-33a68a29,CASE-2746,INSUFFICIENT_FUNDS,70,RETRY,30,6056.86,AI Recommendation for SUBSCRIPTION_FAILURE: CARD_DECLINED,2026-08-28T08:16:04.125265
REC-9f754250,CASE-2747,INSUFFICIENT_FUNDS,40,RETRY,30,652.49,AI Recommendation for SUBSCRIPTION_FAILURE: CARD_DECLINED,2026-08-27T00:16:04.125265
REC-0bf11cbf,CASE-2748,INSUFFICIENT_FUNDS,61,RETRY,30,2835.55,AI Recommendation for SUBSCRIPTION_FAILURE: CARD_DECLINED,2026-08-26T20:16:04.125265
REC-9e1c6674,CASE-2749,INSUFFICIENT_FUNDS,63,RETRY,30,409.17,AI Recommendation for SUBSCRIPTION_FAILURE: CARD_DECLINED,2026-08-27T07:16:04.126426
REC-36e8a6b4,CASE-2750,TEMPORARY_FAILURE,81,RETRY,30,3771.8,AI Recommendation for SUBSCRIPTION_FAILURE: CARD_DECLINED,2026-08-28T10:16:04.126426
REC-28edeb58,CASE-2751,TEMPORARY_FAILURE,82,RETRY,30,7098.61,AI Recommendation for SUBSCRIPTION_FAILURE: CARD_DECLINED,2026-08-27T12:16:04.126426
REC-bbb787d5,CASE-2752,TEMPORARY_FAILURE,80,RETRY,30,524.98,AI Recommendation for SUBSCRIPTION_FAILURE: CARD_DECLINED,2026-08-26T20:16:04.126426
REC-337200c0,CASE-2753,TEMPORARY_FAILURE,87,RETRY,30,7532.67,AI Recommendation for SUBSCRIPTION_FAILURE: CARD_DECLINED,2026-08-28T00:16:04.126426
REC-3811fd29,CASE-2754,TEMPORARY_FAILURE,86,RETRY,30,565.86,AI Recommendation for SUBSCRIPTION_FAILURE: CARD_DECLINED,2026-08-28T08:16:04.126426
REC-491fccb1,CASE-2755,TEMPORARY_FAILURE,71,RETRY,30,3303.67,AI Recommendation for SUBSCRIPTION_FAILURE: CARD_DECLINED,2026-08-28T10:16:04.126426
REC-017e89e9,CASE-2756,INSUFFICIENT_FUNDS,43,RETRY,30,1992.93,AI Recommendation for SUBSCRIPTION_FAILURE: CARD_DECLINED,2026-08-28T05:16:04.126426
REC-bb39d858,CASE-2757,TEMPORARY_FAILURE,81,RETRY,30,1341.8,AI Recommendation for SUBSCRIPTION_FAILURE: CARD_DECLINED,2026-08-27T02:16:04.126426
REC-5a650839,CASE-2758,TEMPORARY_FAILURE,87,RETRY,30,1442.67,AI Recommendation for SUBSCRIPTION_FAILURE: CARD_DECLINED,2026-08-28T10:16:04.126426
REC-a23a9d93,CASE-2759,TEMPORARY_FAILURE,71,RETRY,30,1173.67,AI Recommendation for SUBSCRIPTION_FAILURE: CARD_DECLINED,2026-08-28T10:16:04.126426
REC-57e54671,CASE-2760,TEMPORARY_FAILURE,84,RETRY,30,1392.23,AI Recommendation for SUBSCRIPTION_FAILURE: CARD_DECLINED,2026-08-26T20:16:04.126426
REC-86b607ea,CASE-2761,INSUFFICIENT_FUNDS,59,RETRY,30,381.93,AI Recommendation for SUBSCRIPTION_FAILURE: CARD_DECLINED,2026-08-28T02:16:04.126426
REC-9817ab0e,CASE-2762,INSUFFICIENT_FUNDS,46,RETRY,30,293.37,AI Recommendation for SUBSCRIPTION_FAILURE: CARD_DECLINED,2026-08-26T21:16:04.126426
REC-cb2d8c5f,CASE-2763,INSUFFICIENT_FUNDS,44,RETRY,30,719.74,AI Recommendation for SUBSCRIPTION_FAILURE: CARD_DECLINED,2026-08-26T13:16:04.126426
REC-9cafd240,CASE-2764,INSUFFICIENT_FUNDS,60,RETRY,30,5188.74,AI Recommendation for SUBSCRIPTION_FAILURE: CARD_DECLINED,2026-08-27T23:16:04.128436
REC-0e737cc7,CASE-2765,TEMPORARY_FAILURE,77,RETRY,30,504.55,AI Recommendation for SUBSCRIPTION_FAILURE: CARD_DECLINED,2026-08-28T05:16:04.128436
REC-4369f328,CASE-2766,INSUFFICIENT_FUNDS,49,RETRY,30,2273.8,AI Recommendation for SUBSCRIPTION_FAILURE: CARD_DECLINED,2026-08-27T13:16:04.128436
REC-3cc64833,CASE-2767,INSUFFICIENT_FUNDS,68,RETRY,30,1123.24,AI Recommendation for SUBSCRIPTION_FAILURE: CARD_DECLINED,2026-08-28T06:16:04.128436
REC-64edc0b6,CASE-2768,INSUFFICIENT_FUNDS,50,RETRY,30,4320.61,AI Recommendation for SUBSCRIPTION_FAILURE: CARD_DECLINED,2026-08-28T12:16:04.128436
REC-f695da97,CASE-2769,INSUFFICIENT_FUNDS,51,RETRY,30,327.43,AI Recommendation for SUBSCRIPTION_FAILURE: CARD_DECLINED,2026-08-26T16:16:04.128436
REC-e4e3c05c,CASE-2770,TEMPORARY_FAILURE,84,RETRY,30,7272.23,AI Recommendation for SUBSCRIPTION_FAILURE: CARD_DECLINED,2026-08-26T20:16:04.128436
REC-a2717b77,CASE-2771,TEMPORARY_FAILURE,73,RETRY,30,3397.3,AI Recommendation for SUBSCRIPTION_FAILURE: CARD_DECLINED,2026-08-28T01:16:04.128436
REC-159274ee,CASE-2772,TEMPORARY_FAILURE,78,RETRY,30,511.36,AI Recommendation for SUBSCRIPTION_FAILURE: CARD_DECLINED,2026-08-28T07:16:04.128436
REC-f5f99452,CASE-2773,INSUFFICIENT_FUNDS,62,RETRY,30,2882.36,AI Recommendation for SUBSCRIPTION_FAILURE: CARD_DECLINED,2026-08-27T21:16:04.128436
REC-86cf7bbe,CASE-2774,INSUFFICIENT_FUNDS,47,RETRY,30,770.18,AI Recommendation for SUBSCRIPTION_FAILURE: CARD_DECLINED,2026-08-27T13:16:04.128436
REC-19e841b9,CASE-2775,INSUFFICIENT_FUNDS,69,RETRY,30,1140.05,AI Recommendation for SUBSCRIPTION_FAILURE: CARD_DECLINED,2026-08-28T00:16:04.128436
REC-8a7d1a32,CASE-2776,INSUFFICIENT_FUNDS,49,RETRY,30,313.8,AI Recommendation for SUBSCRIPTION_FAILURE: CARD_DECLINED,2026-08-28T02:16:04.128436
REC-b5465eb4,CASE-2777,INSUFFICIENT_FUNDS,43,RETRY,30,272.93,AI Recommendation for SUBSCRIPTION_FAILURE: CARD_DECLINED,2026-08-27T09:16:04.128436
REC-09c0e09f,CASE-2778,INSUFFICIENT_FUNDS,61,RETRY,30,2835.55,AI Recommendation for SUBSCRIPTION_FAILURE: CARD_DECLINED,2026-08-26T13:16:04.128436
REC-5c2c0c3c,CASE-2779,TEMPORARY_FAILURE,74,RETRY,30,484.11,AI Recommendation for SUBSCRIPTION_FAILURE: CARD_DECLINED,2026-08-27T05:16:04.128436
REC-0a2b6a5c,CASE-2780,INSUFFICIENT_FUNDS,44,RETRY,30,279.74,AI Recommendation for SUBSCRIPTION_FAILURE: CARD_DECLINED,2026-08-26T23:16:04.128436
REC-85163f18,CASE-2781,INSUFFICIENT_FUNDS,66,RETRY,30,3069.61,AI Recommendation for SUBSCRIPTION_FAILURE: CARD_DECLINED,2026-08-28T05:16:04.130466
REC-be0ef2f0,CASE-2782,INSUFFICIENT_FUNDS,54,RETRY,30,2507.86,AI Recommendation for SUBSCRIPTION_FAILURE: CARD_DECLINED,2026-08-27T10:16:04.130466
REC-f566e7cb,CASE-2783,INSUFFICIENT_FUNDS,64,RETRY,30,1055.99,AI Recommendation for SUBSCRIPTION_FAILURE: CARD_DECLINED,2026-08-26T23:16:04.130466
REC-7829b939,CASE-2784,INSUFFICIENT_FUNDS,43,RETRY,30,3712.93,AI Recommendation for SUBSCRIPTION_FAILURE: CARD_DECLINED,2026-08-26T21:16:04.130466
REC-50f5c7fb,CASE-2785,INSUFFICIENT_FUNDS,51,RETRY,30,4407.43,AI Recommendation for SUBSCRIPTION_FAILURE: CARD_DECLINED,2026-08-27T07:16:04.130466
REC-8944b39e,CASE-2786,TEMPORARY_FAILURE,80,RETRY,30,1324.98,AI Recommendation for SUBSCRIPTION_FAILURE: CARD_DECLINED,2026-08-27T15:16:04.130466
REC-61c61358,CASE-2787,INSUFFICIENT_FUNDS,42,RETRY,30,686.12,AI Recommendation for SUBSCRIPTION_FAILURE: CARD_DECLINED,2026-08-28T04:16:04.130466
REC-25f65294,CASE-2788,INSUFFICIENT_FUNDS,69,RETRY,30,450.05,AI Recommendation for SUBSCRIPTION_FAILURE: CARD_DECLINED,2026-08-27T15:16:04.130466
REC-85f58a72,CASE-2789,INSUFFICIENT_FUNDS,58,RETRY,30,955.11,AI Recommendation for SUBSCRIPTION_FAILURE: CARD_DECLINED,2026-08-27T01:16:04.130466
REC-4fb06402,CASE-2790,INSUFFICIENT_FUNDS,45,RETRY,30,736.55,AI Recommendation for SUBSCRIPTION_FAILURE: CARD_DECLINED,2026-08-26T23:16:04.131474
REC-4c43195f,CASE-2791,INSUFFICIENT_FUNDS,69,RETRY,30,5970.05,AI Recommendation for SUBSCRIPTION_FAILURE: CARD_DECLINED,2026-08-27T09:16:04.131474
REC-a9c3cab6,CASE-2792,INSUFFICIENT_FUNDS,55,RETRY,30,904.68,AI Recommendation for SUBSCRIPTION_FAILURE: CARD_DECLINED,2026-08-27T22:16:04.131474
REC-e42f1218,CASE-2793,TEMPORARY_FAILURE,76,RETRY,30,1257.73,AI Recommendation for SUBSCRIPTION_FAILURE: CARD_DECLINED,2026-08-28T10:16:04.131474
REC-094f5d8f,CASE-2794,TEMPORARY_FAILURE,86,RETRY,30,7445.86,AI Recommendation for SUBSCRIPTION_FAILURE: CARD_DECLINED,2026-08-27T03:16:04.131474
REC-4feac798,CASE-2795,INSUFFICIENT_FUNDS,70,RETRY,30,6056.86,AI Recommendation for SUBSCRIPTION_FAILURE: CARD_DECLINED,2026-08-27T21:16:04.131474
REC-e08fde4d,CASE-2796,TEMPORARY_FAILURE,75,RETRY,30,490.92,AI Recommendation for SUBSCRIPTION_FAILURE: CARD_DECLINED,2026-08-28T04:16:04.131474
REC-47514cd0,CASE-2797,INSUFFICIENT_FUNDS,58,RETRY,30,2695.11,AI Recommendation for SUBSCRIPTION_FAILURE: CARD_DECLINED,2026-08-27T06:16:04.131474
REC-e0f63cd0,CASE-2798,INSUFFICIENT_FUNDS,50,RETRY,30,2320.61,AI Recommendation for SUBSCRIPTION_FAILURE: CARD_DECLINED,2026-08-27T07:16:04.131474
REC-317948ea,CASE-2799,TEMPORARY_FAILURE,85,RETRY,30,1409.05,AI Recommendation for SUBSCRIPTION_FAILURE: CARD_DECLINED,2026-08-26T20:16:04.131474
REC-0c3b727c,CASE-2800,TEMPORARY_FAILURE,85,RETRY,30,7359.05,AI Recommendation for SUBSCRIPTION_FAILURE: CARD_DECLINED,2026-08-26T16:16:04.131474
REC-7d676111,CASE-2801,TEMPORARY_FAILURE,73,RETRY,30,3397.3,AI Recommendation for SUBSCRIPTION_FAILURE: CARD_DECLINED,2026-08-27T19:16:04.131474
REC-69d2250e,CASE-2802,TEMPORARY_FAILURE,83,RETRY,30,1375.42,AI Recommendation for SUBSCRIPTION_FAILURE: CARD_DECLINED,2026-08-28T09:16:04.131474
REC-34287c00,CASE-2803,INSUFFICIENT_FUNDS,43,RETRY,30,1992.93,AI Recommendation for SUBSCRIPTION_FAILURE: CARD_DECLINED,2026-08-27T07:16:04.131474
REC-3a3aaa58,CASE-2804,INSUFFICIENT_FUNDS,63,RETRY,30,409.17,AI Recommendation for SUBSCRIPTION_FAILURE: CARD_DECLINED,2026-08-27T01:16:04.131474
REC-62b8ae45,CASE-2805,TEMPORARY_FAILURE,75,RETRY,30,490.92,AI Recommendation for SUBSCRIPTION_FAILURE: CARD_DECLINED,2026-08-27T21:16:04.131474
REC-14e1891a,CASE-2806,TEMPORARY_FAILURE,81,RETRY,30,531.8,AI Recommendation for SUBSCRIPTION_FAILURE: CARD_DECLINED,2026-08-27T22:16:04.131474
REC-a82fa226,CASE-2807,INSUFFICIENT_FUNDS,62,RETRY,30,2882.36,AI Recommendation for SUBSCRIPTION_FAILURE: CARD_DECLINED,2026-08-28T09:16:04.131474
REC-452277cf,CASE-2808,INSUFFICIENT_FUNDS,63,RETRY,30,409.17,AI Recommendation for SUBSCRIPTION_FAILURE: CARD_DECLINED,2026-08-27T04:16:04.131474
REC-31c8c361,CASE-2809,INSUFFICIENT_FUNDS,70,RETRY,30,456.86,AI Recommendation for SUBSCRIPTION_FAILURE: CARD_DECLINED,2026-08-26T21:16:04.131474
REC-8371a478,CASE-2810,TEMPORARY_FAILURE,83,RETRY,30,3865.42,AI Recommendation for SUBSCRIPTION_FAILURE: CARD_DECLINED,2026-08-28T07:16:04.131474
REC-a81aa428,CASE-2811,INSUFFICIENT_FUNDS,65,RETRY,30,422.8,AI Recommendation for SUBSCRIPTION_FAILURE: CARD_DECLINED,2026-08-28T06:16:04.131474
REC-a8af102b,CASE-2812,INSUFFICIENT_FUNDS,57,RETRY,30,938.3,AI Recommendation for SUBSCRIPTION_FAILURE: CARD_DECLINED,2026-08-28T03:16:04.131474
REC-177f306f,CASE-2813,TEMPORARY_FAILURE,73,RETRY,30,1207.3,AI Recommendation for SUBSCRIPTION_FAILURE: CARD_DECLINED,2026-08-26T17:16:04.131474
REC-a573a0f0,CASE-2814,INSUFFICIENT_FUNDS,70,RETRY,30,1156.86,AI Recommendation for SUBSCRIPTION_FAILURE: CARD_DECLINED,2026-08-26T13:16:04.131474
REC-80c47d66,CASE-2815,INSUFFICIENT_FUNDS,58,RETRY,30,375.11,AI Recommendation for SUBSCRIPTION_FAILURE: CARD_DECLINED,2026-08-27T22:16:04.131474
REC-f89800c0,CASE-2816,INSUFFICIENT_FUNDS,66,RETRY,30,3069.61,AI Recommendation for SUBSCRIPTION_FAILURE: CARD_DECLINED,2026-08-26T19:16:04.131474
REC-19c2307e,CASE-2817,TEMPORARY_FAILURE,71,RETRY,30,3303.67,AI Recommendation for SUBSCRIPTION_FAILURE: CARD_DECLINED,2026-08-27T17:16:04.131474
REC-7554cd1d,CASE-2818,INSUFFICIENT_FUNDS,59,RETRY,30,971.93,AI Recommendation for SUBSCRIPTION_FAILURE: CARD_DECLINED,2026-08-27T06:16:04.131474
REC-5caed939,CASE-2819,INSUFFICIENT_FUNDS,58,RETRY,30,2695.11,AI Recommendation for SUBSCRIPTION_FAILURE: CARD_DECLINED,2026-08-27T18:16:04.131474
REC-e7a5810e,CASE-2820,INSUFFICIENT_FUNDS,50,RETRY,30,4320.61,AI Recommendation for SUBSCRIPTION_FAILURE: CARD_DECLINED,2026-08-28T01:16:04.135327
REC-28f474fc,CASE-2821,INSUFFICIENT_FUNDS,50,RETRY,30,820.62,AI Recommendation for SUBSCRIPTION_FAILURE: CARD_DECLINED,2026-08-27T16:16:04.135327
REC-45dc8598,CASE-2822,INSUFFICIENT_FUNDS,68,RETRY,30,1123.24,AI Recommendation for SUBSCRIPTION_FAILURE: CARD_DECLINED,2026-08-27T23:16:04.135327
REC-f4ed7f9f,CASE-2823,TEMPORARY_FAILURE,82,RETRY,30,538.61,AI Recommendation for SUBSCRIPTION_FAILURE: CARD_DECLINED,2026-08-27T13:16:04.135327
REC-19801b1d,CASE-2824,TEMPORARY_FAILURE,74,RETRY,30,6404.11,AI Recommendation for SUBSCRIPTION_FAILURE: CARD_DECLINED,2026-08-28T11:16:04.135327
REC-382c96df,CASE-2825,TEMPORARY_FAILURE,71,RETRY,30,6143.67,AI Recommendation for SUBSCRIPTION_FAILURE: CARD_DECLINED,2026-08-28T03:16:04.135327
REC-20471515,CASE-2826,TEMPORARY_FAILURE,87,RETRY,30,572.67,AI Recommendation for SUBSCRIPTION_FAILURE: CARD_DECLINED,2026-08-26T15:16:04.135327
REC-14797c5d,CASE-2827,INSUFFICIENT_FUNDS,70,RETRY,30,3256.86,AI Recommendation for SUBSCRIPTION_FAILURE: CARD_DECLINED,2026-08-26T14:16:04.135327
REC-f39ae44f,CASE-2828,INSUFFICIENT_FUNDS,61,RETRY,30,5275.55,AI Recommendation for SUBSCRIPTION_FAILURE: CARD_DECLINED,2026-08-28T04:16:04.135327
REC-04ade2a8,CASE-2829,INSUFFICIENT_FUNDS,59,RETRY,30,381.93,AI Recommendation for SUBSCRIPTION_FAILURE: CARD_DECLINED,2026-08-27T22:16:04.135327
REC-55ed5362,CASE-2830,INSUFFICIENT_FUNDS,62,RETRY,30,5362.36,AI Recommendation for SUBSCRIPTION_FAILURE: CARD_DECLINED,2026-08-26T22:16:04.135327
REC-7d4e8fad,CASE-2831,TEMPORARY_FAILURE,77,RETRY,30,1274.55,AI Recommendation for SUBSCRIPTION_FAILURE: CARD_DECLINED,2026-08-28T00:16:04.135327
REC-dece8b4d,CASE-2832,INSUFFICIENT_FUNDS,45,RETRY,30,286.55,AI Recommendation for SUBSCRIPTION_FAILURE: CARD_DECLINED,2026-08-26T18:16:04.135327
REC-8b5a020f,CASE-2833,TEMPORARY_FAILURE,72,RETRY,30,470.49,AI Recommendation for SUBSCRIPTION_FAILURE: CARD_DECLINED,2026-08-27T16:16:04.135327
REC-80bd20f6,CASE-2834,TEMPORARY_FAILURE,82,RETRY,30,538.61,AI Recommendation for SUBSCRIPTION_FAILURE: CARD_DECLINED,2026-08-26T15:16:04.135327
REC-02f6f026,CASE-2835,INSUFFICIENT_FUNDS,63,RETRY,30,5449.17,AI Recommendation for SUBSCRIPTION_FAILURE: CARD_DECLINED,2026-08-27T18:16:04.135327
REC-e689dd36,CASE-2836,INSUFFICIENT_FUNDS,62,RETRY,30,2882.36,AI Recommendation for SUBSCRIPTION_FAILURE: CARD_DECLINED,2026-08-28T07:16:04.135327
REC-3e7c91e8,CASE-2837,TEMPORARY_FAILURE,86,RETRY,30,1425.86,AI Recommendation for SUBSCRIPTION_FAILURE: CARD_DECLINED,2026-08-27T18:16:04.135327
REC-7d1b3dec,CASE-2838,TEMPORARY_FAILURE,86,RETRY,30,1425.86,AI Recommendation for SUBSCRIPTION_FAILURE: CARD_DECLINED,2026-08-26T23:16:04.135327
REC-267cdd79,CASE-2839,INSUFFICIENT_FUNDS,49,RETRY,30,313.8,AI Recommendation for SUBSCRIPTION_FAILURE: CARD_DECLINED,2026-08-27T03:16:04.135327
REC-20a4ca7f,CASE-2840,INSUFFICIENT_FUNDS,44,RETRY,30,2039.74,AI Recommendation for SUBSCRIPTION_FAILURE: CARD_DECLINED,2026-08-27T10:16:04.135327
REC-4efa7979,CASE-2841,INSUFFICIENT_FUNDS,66,RETRY,30,3069.61,AI Recommendation for SUBSCRIPTION_FAILURE: CARD_DECLINED,2026-08-27T00:16:04.135327
REC-7b0050c6,CASE-2842,INSUFFICIENT_FUNDS,52,RETRY,30,854.24,AI Recommendation for SUBSCRIPTION_FAILURE: CARD_DECLINED,2026-08-27T01:16:04.135327
REC-d8872fa4,CASE-2843,INSUFFICIENT_FUNDS,42,RETRY,30,3626.12,AI Recommendation for SUBSCRIPTION_FAILURE: CARD_DECLINED,2026-08-27T01:16:04.135327
REC-60460602,CASE-2844,INSUFFICIENT_FUNDS,54,RETRY,30,4667.86,AI Recommendation for SUBSCRIPTION_FAILURE: CARD_DECLINED,2026-08-27T20:16:04.135327
REC-33d6e4bb,CASE-2845,TEMPORARY_FAILURE,80,RETRY,30,3724.98,AI Recommendation for SUBSCRIPTION_FAILURE: CARD_DECLINED,2026-08-26T18:16:04.135327
REC-175419e3,CASE-2846,INSUFFICIENT_FUNDS,66,RETRY,30,3069.61,AI Recommendation for SUBSCRIPTION_FAILURE: CARD_DECLINED,2026-08-26T19:16:04.135327
REC-e7afae5b,CASE-2847,INSUFFICIENT_FUNDS,41,RETRY,30,669.3,AI Recommendation for SUBSCRIPTION_FAILURE: CARD_DECLINED,2026-08-28T08:16:04.135327
REC-17cb05e5,CASE-2848,TEMPORARY_FAILURE,77,RETRY,30,3584.55,AI Recommendation for SUBSCRIPTION_FAILURE: CARD_DECLINED,2026-08-26T20:16:04.135327
REC-68ecec29,CASE-2849,TEMPORARY_FAILURE,74,ESCALATE,30,8624.85,AI Recommendation for OVERDUE_INVOICE: OVERDUE_PAYMENT_PROMISE,2026-08-26T14:16:04.135327
REC-0c959ef1,CASE-2850,INSUFFICIENT_FUNDS,46,ESCALATE,30,1443.83,AI Recommendation for OVERDUE_INVOICE: OVERDUE_PAYMENT_PROMISE,2026-08-27T16:16:04.135327
REC-64be994f,CASE-2851,TEMPORARY_FAILURE,74,ESCALATE,30,8624.85,AI Recommendation for OVERDUE_INVOICE: OVERDUE_PAYMENT_PROMISE,2026-08-28T09:16:04.135327
REC-90097e4c,CASE-2852,INSUFFICIENT_FUNDS,53,ESCALATE,30,3256.58,AI Recommendation for OVERDUE_INVOICE: OVERDUE_PAYMENT_PROMISE,2026-08-27T18:16:04.135327
REC-7a74fa93,CASE-2853,INSUFFICIENT_FUNDS,63,ESCALATE,30,3874.8,AI Recommendation for OVERDUE_INVOICE: OVERDUE_PAYMENT_PROMISE,2026-08-28T01:16:04.135327
REC-3ab0924a,CASE-2854,INSUFFICIENT_FUNDS,68,ESCALATE,30,2143.92,AI Recommendation for OVERDUE_INVOICE: OVERDUE_PAYMENT_PROMISE,2026-08-26T17:16:04.140441
REC-7330e4b2,CASE-2855,INSUFFICIENT_FUNDS,47,ESCALATE,30,2885.65,AI Recommendation for OVERDUE_INVOICE: OVERDUE_PAYMENT_PROMISE,2026-08-26T23:16:04.140441
REC-05826941,CASE-2856,INSUFFICIENT_FUNDS,39,ESCALATE,30,2391.07,AI Recommendation for OVERDUE_INVOICE: OVERDUE_PAYMENT_PROMISE,2026-08-27T18:16:04.140441
REC-5bccafb5,CASE-2857,INSUFFICIENT_FUNDS,61,ESCALATE,30,3751.16,AI Recommendation for OVERDUE_INVOICE: OVERDUE_PAYMENT_PROMISE,2026-08-28T06:16:04.140441
REC-62cdcdec,CASE-2858,INSUFFICIENT_FUNDS,39,ESCALATE,30,1728.07,AI Recommendation for OVERDUE_INVOICE: OVERDUE_PAYMENT_PROMISE,2026-08-27T01:16:04.140441
REC-0deee1a3,CASE-2859,INSUFFICIENT_FUNDS,56,ESCALATE,30,1762.05,AI Recommendation for OVERDUE_INVOICE: OVERDUE_PAYMENT_PROMISE,2026-08-28T04:16:04.140441
REC-82ecb16a,CASE-2860,INSUFFICIENT_FUNDS,60,ESCALATE,30,1889.34,AI Recommendation for OVERDUE_INVOICE: OVERDUE_PAYMENT_PROMISE,2026-08-27T13:16:04.140441
REC-a8af8382,CASE-2861,INSUFFICIENT_FUNDS,58,ESCALATE,30,2579.69,AI Recommendation for OVERDUE_INVOICE: OVERDUE_PAYMENT_PROMISE,2026-08-26T15:16:04.140441
REC-601838c3,CASE-2862,INSUFFICIENT_FUNDS,31,ESCALATE,30,1896.49,AI Recommendation for OVERDUE_INVOICE: OVERDUE_PAYMENT_PROMISE,2026-08-26T16:16:04.140441
REC-d1e5ab89,CASE-2863,TEMPORARY_FAILURE,74,ESCALATE,30,3296.85,AI Recommendation for OVERDUE_INVOICE: OVERDUE_PAYMENT_PROMISE,2026-08-27T23:16:04.140441
REC-7bfb793d,CASE-2864,INSUFFICIENT_FUNDS,35,ESCALATE,30,1548.78,AI Recommendation for OVERDUE_INVOICE: OVERDUE_PAYMENT_PROMISE,2026-08-28T11:16:04.140441
REC-db52209d,CASE-2865,INSUFFICIENT_FUNDS,57,ESCALATE,30,6638.87,AI Recommendation for OVERDUE_INVOICE: OVERDUE_PAYMENT_PROMISE,2026-08-28T10:16:04.140441
REC-66cb852a,CASE-2866,INSUFFICIENT_FUNDS,60,ESCALATE,30,1889.34,AI Recommendation for OVERDUE_INVOICE: OVERDUE_PAYMENT_PROMISE,2026-08-28T08:16:04.140441
REC-332d72a4,CASE-2867,TEMPORARY_FAILURE,72,ESCALATE,30,4431.21,AI Recommendation for OVERDUE_INVOICE: OVERDUE_PAYMENT_PROMISE,2026-08-26T22:16:04.140441
REC-8a93f5a2,CASE-2868,INSUFFICIENT_FUNDS,67,ESCALATE,30,2983.09,AI Recommendation for OVERDUE_INVOICE: OVERDUE_PAYMENT_PROMISE,2026-08-27T14:16:04.140441
REC-33883c6a,CASE-2869,INSUFFICIENT_FUNDS,35,ESCALATE,30,1093.78,AI Recommendation for OVERDUE_INVOICE: OVERDUE_PAYMENT_PROMISE,2026-08-27T14:16:04.140441
REC-01a871ba,CASE-2870,INSUFFICIENT_FUNDS,40,ESCALATE,30,2452.89,AI Recommendation for OVERDUE_INVOICE: OVERDUE_PAYMENT_PROMISE,2026-08-27T00:16:04.140441
REC-d013974d,CASE-2871,INSUFFICIENT_FUNDS,36,ESCALATE,30,1125.6,AI Recommendation for OVERDUE_INVOICE: OVERDUE_PAYMENT_PROMISE,2026-08-27T23:16:04.140441
REC-51b05cb6,CASE-2872,INSUFFICIENT_FUNDS,48,ESCALATE,30,2131.47,AI Recommendation for OVERDUE_INVOICE: OVERDUE_PAYMENT_PROMISE,2026-08-28T06:16:04.140441
REC-18cabec5,CASE-2873,INSUFFICIENT_FUNDS,62,ESCALATE,30,2758.98,AI Recommendation for OVERDUE_INVOICE: OVERDUE_PAYMENT_PROMISE,2026-08-26T23:16:04.140441
REC-b9b03672,CASE-2874,INSUFFICIENT_FUNDS,58,ESCALATE,30,2579.69,AI Recommendation for OVERDUE_INVOICE: OVERDUE_PAYMENT_PROMISE,2026-08-27T12:16:04.140441
REC-d688ac2f,CASE-2875,INSUFFICIENT_FUNDS,43,ESCALATE,30,5003.36,AI Recommendation for OVERDUE_INVOICE: OVERDUE_PAYMENT_PROMISE,2026-08-28T05:16:04.140441
REC-0acff120,CASE-2876,INSUFFICIENT_FUNDS,37,ESCALATE,30,2267.43,AI Recommendation for OVERDUE_INVOICE: OVERDUE_PAYMENT_PROMISE,2026-08-28T04:16:04.140441
REC-d49babd3,CASE-2877,INSUFFICIENT_FUNDS,53,ESCALATE,30,6171.58,AI Recommendation for OVERDUE_INVOICE: OVERDUE_PAYMENT_PROMISE,2026-08-27T16:16:04.140441
REC-7bc30b13,CASE-2878,INSUFFICIENT_FUNDS,37,ESCALATE,30,4302.43,AI Recommendation for OVERDUE_INVOICE: OVERDUE_PAYMENT_PROMISE,2026-08-26T22:16:04.140441
REC-f3d10365,CASE-2879,TEMPORARY_FAILURE,73,ESCALATE,30,4493.03,AI Recommendation for OVERDUE_INVOICE: OVERDUE_PAYMENT_PROMISE,2026-08-27T10:16:04.140441
REC-f8f99460,CASE-2880,INSUFFICIENT_FUNDS,57,ESCALATE,30,3503.87,AI Recommendation for OVERDUE_INVOICE: OVERDUE_PAYMENT_PROMISE,2026-08-26T17:16:04.140441
REC-fa72a125,CASE-2881,INSUFFICIENT_FUNDS,41,ESCALATE,30,2514.71,AI Recommendation for OVERDUE_INVOICE: OVERDUE_PAYMENT_PROMISE,2026-08-28T06:16:04.140441
REC-a027ee3c,CASE-2882,INSUFFICIENT_FUNDS,58,ESCALATE,30,6755.69,AI Recommendation for OVERDUE_INVOICE: OVERDUE_PAYMENT_PROMISE,2026-08-28T03:16:04.140441
REC-4101e419,CASE-2883,INSUFFICIENT_FUNDS,55,ESCALATE,30,6405.23,AI Recommendation for OVERDUE_INVOICE: OVERDUE_PAYMENT_PROMISE,2026-08-27T13:16:04.140441
REC-8549b20e,CASE-2884,INSUFFICIENT_FUNDS,51,ESCALATE,30,2265.94,AI Recommendation for OVERDUE_INVOICE: OVERDUE_PAYMENT_PROMISE,2026-08-27T22:16:04.140441
REC-27260c72,CASE-2885,INSUFFICIENT_FUNDS,61,ESCALATE,30,7106.16,AI Recommendation for OVERDUE_INVOICE: OVERDUE_PAYMENT_PROMISE,2026-08-27T11:16:04.140441
REC-4f30c6de,CASE-2886,INSUFFICIENT_FUNDS,60,ESCALATE,30,3689.34,AI Recommendation for OVERDUE_INVOICE: OVERDUE_PAYMENT_PROMISE,2026-08-27T19:16:04.140441
REC-9e302bbf,CASE-2887,INSUFFICIENT_FUNDS,59,ESCALATE,30,2624.52,AI Recommendation for OVERDUE_INVOICE: OVERDUE_PAYMENT_PROMISE,2026-08-27T05:16:04.140441
REC-cb9ae6f2,CASE-2888,INSUFFICIENT_FUNDS,44,ESCALATE,30,5120.18,AI Recommendation for OVERDUE_INVOICE: OVERDUE_PAYMENT_PROMISE,2026-08-26T13:16:04.140441
REC-426cf314,CASE-2889,INSUFFICIENT_FUNDS,34,ESCALATE,30,1061.96,AI Recommendation for OVERDUE_INVOICE: OVERDUE_PAYMENT_PROMISE,2026-08-27T12:16:04.144967
REC-25543908,CASE-2890,INSUFFICIENT_FUNDS,39,ESCALATE,30,2391.07,AI Recommendation for OVERDUE_INVOICE: OVERDUE_PAYMENT_PROMISE,2026-08-26T18:16:04.144967
REC-880f7b05,CASE-2891,INSUFFICIENT_FUNDS,59,ESCALATE,30,6872.52,AI Recommendation for OVERDUE_INVOICE: OVERDUE_PAYMENT_PROMISE,2026-08-27T05:16:04.144967
REC-4c121d60,CASE-2892,INSUFFICIENT_FUNDS,62,ESCALATE,30,7222.98,AI Recommendation for OVERDUE_INVOICE: OVERDUE_PAYMENT_PROMISE,2026-08-27T02:16:04.144967
REC-ab030797,CASE-2893,INSUFFICIENT_FUNDS,32,ESCALATE,30,998.31,AI Recommendation for OVERDUE_INVOICE: OVERDUE_PAYMENT_PROMISE,2026-08-27T08:16:04.144967
REC-9ca21b63,CASE-2894,INSUFFICIENT_FUNDS,54,ESCALATE,30,3318.4,AI Recommendation for OVERDUE_INVOICE: OVERDUE_PAYMENT_PROMISE,2026-08-28T10:16:04.144967
REC-acecd10d,CASE-2895,INSUFFICIENT_FUNDS,65,ESCALATE,30,2893.45,AI Recommendation for OVERDUE_INVOICE: OVERDUE_PAYMENT_PROMISE,2026-08-27T09:16:04.144967
REC-a8f31a7b,CASE-2896,INSUFFICIENT_FUNDS,49,ESCALATE,30,2176.29,AI Recommendation for OVERDUE_INVOICE: OVERDUE_PAYMENT_PROMISE,2026-08-27T00:16:04.144967
REC-d4b26a0d,CASE-2897,TEMPORARY_FAILURE,72,ESCALATE,30,8391.21,AI Recommendation for OVERDUE_INVOICE: OVERDUE_PAYMENT_PROMISE,2026-08-27T01:16:04.144967
REC-4ecf295b,CASE-2898,INSUFFICIENT_FUNDS,62,ESCALATE,30,2758.98,AI Recommendation for OVERDUE_INVOICE: OVERDUE_PAYMENT_PROMISE,2026-08-27T05:16:04.146521
REC-437bb7ef,CASE-2899,INSUFFICIENT_FUNDS,69,ESCALATE,30,8040.74,AI Recommendation for OVERDUE_INVOICE: OVERDUE_PAYMENT_PROMISE,2026-08-28T09:16:04.146521
REC-be85722a,CASE-2900,INSUFFICIENT_FUNDS,67,ESCALATE,30,2112.09,AI Recommendation for OVERDUE_INVOICE: OVERDUE_PAYMENT_PROMISE,2026-08-27T14:16:04.146521
REC-4b0acfc2,CASE-2901,INSUFFICIENT_FUNDS,70,ESCALATE,30,2207.56,AI Recommendation for OVERDUE_INVOICE: OVERDUE_PAYMENT_PROMISE,2026-08-27T09:16:04.146521
REC-0a6c7a14,CASE-2902,INSUFFICIENT_FUNDS,52,ESCALATE,30,3194.76,AI Recommendation for OVERDUE_INVOICE: OVERDUE_PAYMENT_PROMISE,2026-08-26T18:16:04.146521
REC-a8fbfbbe,CASE-2903,INSUFFICIENT_FUNDS,45,ESCALATE,30,1997.0,AI Recommendation for OVERDUE_INVOICE: OVERDUE_PAYMENT_PROMISE,2026-08-28T07:16:04.146521
REC-68b96fbb,CASE-2904,INSUFFICIENT_FUNDS,49,ESCALATE,30,1539.29,AI Recommendation for OVERDUE_INVOICE: OVERDUE_PAYMENT_PROMISE,2026-08-28T11:16:04.146521
REC-c42c4c81,CASE-2905,INSUFFICIENT_FUNDS,32,ESCALATE,30,1958.31,AI Recommendation for OVERDUE_INVOICE: OVERDUE_PAYMENT_PROMISE,2026-08-27T04:16:04.146521
REC-fd0877b2,CASE-2906,INSUFFICIENT_FUNDS,47,ESCALATE,30,5470.65,AI Recommendation for OVERDUE_INVOICE: OVERDUE_PAYMENT_PROMISE,2026-08-28T11:16:04.147539
REC-eb2ca18a,CASE-2907,INSUFFICIENT_FUNDS,54,ESCALATE,30,3318.4,AI Recommendation for OVERDUE_INVOICE: OVERDUE_PAYMENT_PROMISE,2026-08-27T00:16:04.147539
REC-ee6f7764,CASE-2908,INSUFFICIENT_FUNDS,61,ESCALATE,30,1921.16,AI Recommendation for OVERDUE_INVOICE: OVERDUE_PAYMENT_PROMISE,2026-08-27T05:16:04.148558
REC-97152607,CASE-2909,INSUFFICIENT_FUNDS,40,ESCALATE,30,2452.89,AI Recommendation for OVERDUE_INVOICE: OVERDUE_PAYMENT_PROMISE,2026-08-28T00:16:04.148558
REC-8ec002ff,CASE-2910,INSUFFICIENT_FUNDS,70,ESCALATE,30,8157.56,AI Recommendation for OVERDUE_INVOICE: OVERDUE_PAYMENT_PROMISE,2026-08-27T20:16:04.148558
REC-dbb408b2,CASE-2911,INSUFFICIENT_FUNDS,49,ESCALATE,30,1539.29,AI Recommendation for OVERDUE_INVOICE: OVERDUE_PAYMENT_PROMISE,2026-08-26T21:16:04.148558
REC-d8754a26,CASE-2912,TEMPORARY_FAILURE,75,ESCALATE,30,2366.67,AI Recommendation for OVERDUE_INVOICE: OVERDUE_PAYMENT_PROMISE,2026-08-27T15:16:04.148558
REC-14ece0d0,CASE-2913,INSUFFICIENT_FUNDS,34,ESCALATE,30,2081.96,AI Recommendation for OVERDUE_INVOICE: OVERDUE_PAYMENT_PROMISE,2026-08-27T23:16:04.148558
REC-24aa6352,CASE-2914,INSUFFICIENT_FUNDS,34,ESCALATE,30,2081.96,AI Recommendation for OVERDUE_INVOICE: OVERDUE_PAYMENT_PROMISE,2026-08-26T18:16:04.148558
REC-13dcc849,CASE-2915,INSUFFICIENT_FUNDS,42,ESCALATE,30,2576.54,AI Recommendation for OVERDUE_INVOICE: OVERDUE_PAYMENT_PROMISE,2026-08-26T21:16:04.148558
REC-d6014053,CASE-2916,TEMPORARY_FAILURE,72,ESCALATE,30,8391.21,AI Recommendation for OVERDUE_INVOICE: OVERDUE_PAYMENT_PROMISE,2026-08-26T20:16:04.148558
REC-e095cd49,CASE-2917,INSUFFICIENT_FUNDS,66,ESCALATE,30,2938.27,AI Recommendation for OVERDUE_INVOICE: OVERDUE_PAYMENT_PROMISE,2026-08-26T13:16:04.148558
REC-254fd9f7,CASE-2918,INSUFFICIENT_FUNDS,47,ESCALATE,30,5470.65,AI Recommendation for OVERDUE_INVOICE: OVERDUE_PAYMENT_PROMISE,2026-08-26T14:16:04.148558
REC-810b6e87,CASE-2919,INSUFFICIENT_FUNDS,63,ESCALATE,30,1984.8,AI Recommendation for OVERDUE_INVOICE: OVERDUE_PAYMENT_PROMISE,2026-08-28T03:16:04.148558
REC-cb3c2369,CASE-2920,INSUFFICIENT_FUNDS,39,ESCALATE,30,1728.07,AI Recommendation for OVERDUE_INVOICE: OVERDUE_PAYMENT_PROMISE,2026-08-27T16:16:04.148558
REC-1d498ac7,CASE-2921,INSUFFICIENT_FUNDS,70,ESCALATE,30,2207.56,AI Recommendation for OVERDUE_INVOICE: OVERDUE_PAYMENT_PROMISE,2026-08-27T18:16:04.148558
REC-c44fad79,CASE-2922,INSUFFICIENT_FUNDS,46,ESCALATE,30,2041.83,AI Recommendation for OVERDUE_INVOICE: OVERDUE_PAYMENT_PROMISE,2026-08-28T05:16:04.148558
REC-643edea6,CASE-2923,INSUFFICIENT_FUNDS,42,ESCALATE,30,1862.54,AI Recommendation for OVERDUE_INVOICE: OVERDUE_PAYMENT_PROMISE,2026-08-27T07:16:04.148558
REC-5bebf245,CASE-2924,INSUFFICIENT_FUNDS,65,ESCALATE,30,7573.45,AI Recommendation for OVERDUE_INVOICE: OVERDUE_PAYMENT_PROMISE,2026-08-28T10:16:04.148558
REC-f4246525,CASE-2925,INSUFFICIENT_FUNDS,40,ESCALATE,30,1772.89,AI Recommendation for OVERDUE_INVOICE: OVERDUE_PAYMENT_PROMISE,2026-08-27T20:16:04.148558
REC-9129eb17,CASE-2926,TEMPORARY_FAILURE,72,ESCALATE,30,4431.21,AI Recommendation for OVERDUE_INVOICE: OVERDUE_PAYMENT_PROMISE,2026-08-28T10:16:04.148558
REC-31525f73,CASE-2927,INSUFFICIENT_FUNDS,31,ESCALATE,30,3601.49,AI Recommendation for OVERDUE_INVOICE: OVERDUE_PAYMENT_PROMISE,2026-08-26T22:16:04.148558
REC-54b1bf8d,CASE-2928,INSUFFICIENT_FUNDS,34,ESCALATE,30,2081.96,AI Recommendation for OVERDUE_INVOICE: OVERDUE_PAYMENT_PROMISE,2026-08-26T18:16:04.148558
REC-b3aefcb4,CASE-2929,INSUFFICIENT_FUNDS,55,ESCALATE,30,1730.23,AI Recommendation for OVERDUE_INVOICE: OVERDUE_PAYMENT_PROMISE,2026-08-27T00:16:04.148558
REC-2f11c567,CASE-2930,INSUFFICIENT_FUNDS,63,ESCALATE,30,1984.8,AI Recommendation for OVERDUE_INVOICE: OVERDUE_PAYMENT_PROMISE,2026-08-28T07:16:04.148558
REC-50966582,CASE-2931,INSUFFICIENT_FUNDS,68,ESCALATE,30,3027.92,AI Recommendation for OVERDUE_INVOICE: OVERDUE_PAYMENT_PROMISE,2026-08-26T23:16:04.148558
REC-0451f5c9,CASE-2932,INSUFFICIENT_FUNDS,45,ESCALATE,30,5237.0,AI Recommendation for OVERDUE_INVOICE: OVERDUE_PAYMENT_PROMISE,2026-08-28T06:16:04.148558
REC-cde47207,CASE-2933,INSUFFICIENT_FUNDS,43,ESCALATE,30,1907.36,AI Recommendation for OVERDUE_INVOICE: OVERDUE_PAYMENT_PROMISE,2026-08-27T20:16:04.148558
REC-85419008,CASE-2934,INSUFFICIENT_FUNDS,61,ESCALATE,30,1921.16,AI Recommendation for OVERDUE_INVOICE: OVERDUE_PAYMENT_PROMISE,2026-08-28T05:16:04.148558
REC-b1d4165f,CASE-2935,INSUFFICIENT_FUNDS,64,ESCALATE,30,3936.63,AI Recommendation for OVERDUE_INVOICE: OVERDUE_PAYMENT_PROMISE,2026-08-27T21:16:04.148558
REC-c7a01803,CASE-2936,INSUFFICIENT_FUNDS,39,ESCALATE,30,2391.07,AI Recommendation for OVERDUE_INVOICE: OVERDUE_PAYMENT_PROMISE,2026-08-27T13:16:04.148558
REC-12f32346,CASE-2937,INSUFFICIENT_FUNDS,31,ESCALATE,30,1896.49,AI Recommendation for OVERDUE_INVOICE: OVERDUE_PAYMENT_PROMISE,2026-08-26T18:16:04.148558
REC-011456f0,CASE-2938,INSUFFICIENT_FUNDS,46,ESCALATE,30,2041.83,AI Recommendation for OVERDUE_INVOICE: OVERDUE_PAYMENT_PROMISE,2026-08-26T20:16:04.148558
REC-486eeea6,CASE-2939,TEMPORARY_FAILURE,73,ESCALATE,30,4493.03,AI Recommendation for OVERDUE_INVOICE: OVERDUE_PAYMENT_PROMISE,2026-08-27T12:16:04.148558
REC-8b2b7fc1,CASE-2940,INSUFFICIENT_FUNDS,55,ESCALATE,30,1730.23,AI Recommendation for OVERDUE_INVOICE: OVERDUE_PAYMENT_PROMISE,2026-08-27T21:16:04.148558
REC-7b66e87e,CASE-2941,INSUFFICIENT_FUNDS,43,ESCALATE,30,2638.36,AI Recommendation for OVERDUE_INVOICE: OVERDUE_PAYMENT_PROMISE,2026-08-27T16:16:04.148558
REC-c85bae31,CASE-2942,INSUFFICIENT_FUNDS,32,ESCALATE,30,3718.31,AI Recommendation for OVERDUE_INVOICE: OVERDUE_PAYMENT_PROMISE,2026-08-27T06:16:04.148558
REC-dba9d260,CASE-2943,INSUFFICIENT_FUNDS,51,ESCALATE,30,5937.94,AI Recommendation for OVERDUE_INVOICE: OVERDUE_PAYMENT_PROMISE,2026-08-26T16:16:04.153348
REC-16b7c958,CASE-2944,INSUFFICIENT_FUNDS,62,ESCALATE,30,3812.98,AI Recommendation for OVERDUE_INVOICE: OVERDUE_PAYMENT_PROMISE,2026-08-26T22:16:04.153348
REC-d1508a00,CASE-2945,INSUFFICIENT_FUNDS,59,ESCALATE,30,3627.52,AI Recommendation for OVERDUE_INVOICE: OVERDUE_PAYMENT_PROMISE,2026-08-26T19:16:04.153348
REC-480b75b6,CASE-2946,INSUFFICIENT_FUNDS,70,ESCALATE,30,3117.56,AI Recommendation for OVERDUE_INVOICE: OVERDUE_PAYMENT_PROMISE,2026-08-27T11:16:04.153348
REC-31be3627,CASE-2947,INSUFFICIENT_FUNDS,70,ESCALATE,30,3117.56,AI Recommendation for OVERDUE_INVOICE: OVERDUE_PAYMENT_PROMISE,2026-08-28T07:16:04.154416
REC-742e546a,CASE-2948,INSUFFICIENT_FUNDS,40,ESCALATE,30,1252.89,AI Recommendation for OVERDUE_INVOICE: OVERDUE_PAYMENT_PROMISE,2026-08-26T17:16:04.154949
REC-981c5267,CASE-2949,INSUFFICIENT_FUNDS,50,ESCALATE,30,5821.11,AI Recommendation for OVERDUE_INVOICE: OVERDUE_PAYMENT_PROMISE,2026-08-28T04:16:04.154949
REC-a562f650,CASE-2950,INSUFFICIENT_FUNDS,41,ESCALATE,30,2514.71,AI Recommendation for OVERDUE_INVOICE: OVERDUE_PAYMENT_PROMISE,2026-08-28T07:16:04.154949
REC-a056962f,CASE-2951,INSUFFICIENT_FUNDS,53,ESCALATE,30,6171.58,AI Recommendation for OVERDUE_INVOICE: OVERDUE_PAYMENT_PROMISE,2026-08-27T00:16:04.154949
REC-ae5996a7,CASE-2952,INSUFFICIENT_FUNDS,31,ESCALATE,30,1369.49,AI Recommendation for OVERDUE_INVOICE: OVERDUE_PAYMENT_PROMISE,2026-08-27T07:16:04.154949
REC-05bac2a9,CASE-2953,INSUFFICIENT_FUNDS,46,ESCALATE,30,2041.83,AI Recommendation for OVERDUE_INVOICE: OVERDUE_PAYMENT_PROMISE,2026-08-26T21:16:04.154949
REC-5cd89985,CASE-2954,INSUFFICIENT_FUNDS,68,ESCALATE,30,7923.92,AI Recommendation for OVERDUE_INVOICE: OVERDUE_PAYMENT_PROMISE,2026-08-27T13:16:04.154949
REC-3476b225,CASE-2955,INSUFFICIENT_FUNDS,66,ESCALATE,30,2938.27,AI Recommendation for OVERDUE_INVOICE: OVERDUE_PAYMENT_PROMISE,2026-08-27T03:16:04.154949
REC-85173726,CASE-2956,INSUFFICIENT_FUNDS,59,ESCALATE,30,6872.52,AI Recommendation for OVERDUE_INVOICE: OVERDUE_PAYMENT_PROMISE,2026-08-26T15:16:04.154949
REC-c932d47a,CASE-2957,INSUFFICIENT_FUNDS,42,ESCALATE,30,1862.54,AI Recommendation for OVERDUE_INVOICE: OVERDUE_PAYMENT_PROMISE,2026-08-27T05:16:04.154949
REC-b2e57a8c,CASE-2958,INSUFFICIENT_FUNDS,38,ESCALATE,30,4419.25,AI Recommendation for OVERDUE_INVOICE: OVERDUE_PAYMENT_PROMISE,2026-08-27T23:16:04.154949
REC-af98f7c3,CASE-2959,TEMPORARY_FAILURE,73,ESCALATE,30,4493.03,AI Recommendation for OVERDUE_INVOICE: OVERDUE_PAYMENT_PROMISE,2026-08-27T10:16:04.154949
REC-9c2f519e,CASE-2960,INSUFFICIENT_FUNDS,31,ESCALATE,30,1369.49,AI Recommendation for OVERDUE_INVOICE: OVERDUE_PAYMENT_PROMISE,2026-08-26T21:16:04.154949
REC-f77bb180,CASE-2961,INSUFFICIENT_FUNDS,45,ESCALATE,30,5237.0,AI Recommendation for OVERDUE_INVOICE: OVERDUE_PAYMENT_PROMISE,2026-08-28T12:16:04.157121
REC-dd61a2db,CASE-2962,INSUFFICIENT_FUNDS,38,ESCALATE,30,4419.25,AI Recommendation for OVERDUE_INVOICE: OVERDUE_PAYMENT_PROMISE,2026-08-27T23:16:04.157121
REC-5264f44e,CASE-2963,TEMPORARY_FAILURE,75,ESCALATE,30,8741.67,AI Recommendation for OVERDUE_INVOICE: OVERDUE_PAYMENT_PROMISE,2026-08-28T06:16:04.157121
REC-aa43b8ae,CASE-2964,INSUFFICIENT_FUNDS,33,ESCALATE,30,1030.14,AI Recommendation for OVERDUE_INVOICE: OVERDUE_PAYMENT_PROMISE,2026-08-27T14:16:04.157121
REC-090e5bc0,CASE-2965,INSUFFICIENT_FUNDS,30,ESCALATE,30,934.67,AI Recommendation for OVERDUE_INVOICE: OVERDUE_PAYMENT_PROMISE,2026-08-27T11:16:04.157121
REC-e720de21,CASE-2966,INSUFFICIENT_FUNDS,38,ESCALATE,30,2329.25,AI Recommendation for OVERDUE_INVOICE: OVERDUE_PAYMENT_PROMISE,2026-08-28T01:16:04.157121
REC-b91207d3,CASE-2967,INSUFFICIENT_FUNDS,40,ESCALATE,30,2452.89,AI Recommendation for OVERDUE_INVOICE: OVERDUE_PAYMENT_PROMISE,2026-08-27T07:16:04.157121
REC-1c6b2b6f,CASE-2968,INSUFFICIENT_FUNDS,35,ESCALATE,30,1548.78,AI Recommendation for OVERDUE_INVOICE: OVERDUE_PAYMENT_PROMISE,2026-08-27T20:16:04.157121
REC-8f1ca96e,CASE-2969,INSUFFICIENT_FUNDS,50,ESCALATE,30,1571.12,AI Recommendation for OVERDUE_INVOICE: OVERDUE_PAYMENT_PROMISE,2026-08-27T19:16:04.157121
REC-551ce5db,CASE-2970,INSUFFICIENT_FUNDS,57,ESCALATE,30,3503.87,AI Recommendation for OVERDUE_INVOICE: OVERDUE_PAYMENT_PROMISE,2026-08-27T20:16:04.157121
REC-8e67f7c2,CASE-2971,INSUFFICIENT_FUNDS,57,ESCALATE,30,3503.87,AI Recommendation for OVERDUE_INVOICE: OVERDUE_PAYMENT_PROMISE,2026-08-27T05:16:04.157121
REC-f07bf7a1,CASE-2972,INSUFFICIENT_FUNDS,65,ESCALATE,30,2893.45,AI Recommendation for OVERDUE_INVOICE: OVERDUE_PAYMENT_PROMISE,2026-08-28T03:16:04.157121
REC-9713de19,CASE-2973,INSUFFICIENT_FUNDS,44,ESCALATE,30,1380.18,AI Recommendation for OVERDUE_INVOICE: OVERDUE_PAYMENT_PROMISE,2026-08-27T20:16:04.157121
REC-4eb1e377,CASE-2974,TEMPORARY_FAILURE,75,ESCALATE,30,3341.67,AI Recommendation for OVERDUE_INVOICE: OVERDUE_PAYMENT_PROMISE,2026-08-27T05:16:04.157121
REC-4d7b15e2,CASE-2975,INSUFFICIENT_FUNDS,58,ESCALATE,30,1825.69,AI Recommendation for OVERDUE_INVOICE: OVERDUE_PAYMENT_PROMISE,2026-08-27T05:16:04.157121
REC-064f9b49,CASE-2976,INSUFFICIENT_FUNDS,39,ESCALATE,30,1221.07,AI Recommendation for OVERDUE_INVOICE: OVERDUE_PAYMENT_PROMISE,2026-08-27T23:16:04.157121
REC-c224b891,CASE-2977,INSUFFICIENT_FUNDS,41,ESCALATE,30,2514.71,AI Recommendation for OVERDUE_INVOICE: OVERDUE_PAYMENT_PROMISE,2026-08-26T18:16:04.157121
REC-89587614,CASE-2978,INSUFFICIENT_FUNDS,67,ESCALATE,30,2983.09,AI Recommendation for OVERDUE_INVOICE: OVERDUE_PAYMENT_PROMISE,2026-08-28T08:16:04.157121
REC-9db8cee9,CASE-2979,INSUFFICIENT_FUNDS,61,ESCALATE,30,2714.16,AI Recommendation for OVERDUE_INVOICE: OVERDUE_PAYMENT_PROMISE,2026-08-27T18:16:04.157121
REC-7e7c22ef,CASE-2980,INSUFFICIENT_FUNDS,55,ESCALATE,30,1730.23,AI Recommendation for OVERDUE_INVOICE: OVERDUE_PAYMENT_PROMISE,2026-08-28T03:16:04.157121
REC-c0876b37,CASE-2981,INSUFFICIENT_FUNDS,35,ESCALATE,30,1093.78,AI Recommendation for OVERDUE_INVOICE: OVERDUE_PAYMENT_PROMISE,2026-08-26T20:16:04.157121
REC-f624958d,CASE-2982,INSUFFICIENT_FUNDS,68,ESCALATE,30,4183.92,AI Recommendation for OVERDUE_INVOICE: OVERDUE_PAYMENT_PROMISE,2026-08-26T19:16:04.157121
REC-30fc8f4d,CASE-2983,INSUFFICIENT_FUNDS,50,ESCALATE,30,5821.11,AI Recommendation for OVERDUE_INVOICE: OVERDUE_PAYMENT_PROMISE,2026-08-28T09:16:04.157121
REC-1aa410e0,CASE-2984,INSUFFICIENT_FUNDS,50,ESCALATE,30,3071.11,AI Recommendation for OVERDUE_INVOICE: OVERDUE_PAYMENT_PROMISE,2026-08-26T22:16:04.160473
REC-c26d658c,CASE-2985,INSUFFICIENT_FUNDS,35,ESCALATE,30,4068.78,AI Recommendation for OVERDUE_INVOICE: OVERDUE_PAYMENT_PROMISE,2026-08-27T21:16:04.160473
REC-b58847ed,CASE-2986,INSUFFICIENT_FUNDS,35,ESCALATE,30,4068.78,AI Recommendation for OVERDUE_INVOICE: OVERDUE_PAYMENT_PROMISE,2026-08-27T12:16:04.160473
REC-4084e2f4,CASE-2987,INSUFFICIENT_FUNDS,48,ESCALATE,30,5587.47,AI Recommendation for OVERDUE_INVOICE: OVERDUE_PAYMENT_PROMISE,2026-08-27T05:16:04.160473
REC-b0ba40ee,CASE-2988,INSUFFICIENT_FUNDS,49,ESCALATE,30,5704.29,AI Recommendation for OVERDUE_INVOICE: OVERDUE_PAYMENT_PROMISE,2026-08-28T06:16:04.160473
REC-dacdb605,CASE-2989,INSUFFICIENT_FUNDS,62,ESCALATE,30,3812.98,AI Recommendation for OVERDUE_INVOICE: OVERDUE_PAYMENT_PROMISE,2026-08-27T12:16:04.160473
REC-5b11f1ef,CASE-2990,INSUFFICIENT_FUNDS,47,ESCALATE,30,5470.65,AI Recommendation for OVERDUE_INVOICE: OVERDUE_PAYMENT_PROMISE,2026-08-27T09:16:04.160473
REC-5db1f5d1,CASE-2991,INSUFFICIENT_FUNDS,69,ESCALATE,30,4245.74,AI Recommendation for OVERDUE_INVOICE: OVERDUE_PAYMENT_PROMISE,2026-08-27T09:16:04.160473
REC-84866366,CASE-2992,INSUFFICIENT_FUNDS,32,ESCALATE,30,998.31,AI Recommendation for OVERDUE_INVOICE: OVERDUE_PAYMENT_PROMISE,2026-08-26T17:16:04.160473
REC-c44a8492,CASE-2993,TEMPORARY_FAILURE,71,ESCALATE,30,3162.38,AI Recommendation for OVERDUE_INVOICE: OVERDUE_PAYMENT_PROMISE,2026-08-26T20:16:04.160473
REC-b803d978,CASE-2994,INSUFFICIENT_FUNDS,48,ESCALATE,30,1507.47,AI Recommendation for OVERDUE_INVOICE: OVERDUE_PAYMENT_PROMISE,2026-08-27T06:16:04.160473
REC-e434dabb,CASE-2995,INSUFFICIENT_FUNDS,39,ESCALATE,30,2391.07,AI Recommendation for OVERDUE_INVOICE: OVERDUE_PAYMENT_PROMISE,2026-08-27T03:16:04.160473
REC-befbd8f2,CASE-2996,INSUFFICIENT_FUNDS,48,ESCALATE,30,5587.47,AI Recommendation for OVERDUE_INVOICE: OVERDUE_PAYMENT_PROMISE,2026-08-28T08:16:04.160473
REC-9ace5db5,CASE-2997,INSUFFICIENT_FUNDS,62,ESCALATE,30,1952.98,AI Recommendation for OVERDUE_INVOICE: OVERDUE_PAYMENT_PROMISE,2026-08-28T06:16:04.160473
REC-31926ef0,CASE-2998,TEMPORARY_FAILURE,72,ESCALATE,30,8391.21,AI Recommendation for OVERDUE_INVOICE: OVERDUE_PAYMENT_PROMISE,2026-08-27T20:16:04.160473
REC-6b98493c,CASE-2999,INSUFFICIENT_FUNDS,62,ESCALATE,30,1953.08,AI Recommendation for OVERDUE_INVOICE: OVERDUE_PAYMENT_PROMISE,2026-08-26T18:16:04.160473
