id,source_type,source_id,customer_id,amount_at_risk,problem_type,recovery_score,risk_level,recommended_action,policy_decision,status,retry_count,max_retries,created_at
CASE-1021,TRANSACTION,TX-F4EF814A,CUST-1177,2000.0,FAILED_PAYMENT,87,LOW,RETRY,AUTO,SCHEDULED,0,2,2026-08-28T09:16:03.992776
CASE-1032,TRANSACTION,TX-C001E456,CUST-1036,8500.0,CHECKOUT_ABANDONMENT,75,MEDIUM,REMIND,HUMAN,AWAITING_APPROVAL,0,2,2026-08-27T18:16:03.992776
CASE-1048,TRANSACTION,TX-72C0009E,CUST-1210,25000.0,FAILED_PAYMENT,10,HIGH,STOP,BLOCK,BLOCKED,0,2,2026-08-26T19:16:03.992776
CASE-1088,TRANSACTION,TX-A30F151F,CUST-1216,2000.0,SUBSCRIPTION_FAILURE,65,MEDIUM,RETRY,HUMAN,OPEN,1,2,2026-08-27T08:16:03.992776
CASE-1102,TRANSACTION,TX-A1186826,CUST-1194,75000.0,OVERDUE_INVOICE,55,HIGH,ESCALATE,HUMAN,AWAITING_APPROVAL,0,2,2026-08-26T17:16:03.995285
CASE-2005,TRANSACTION,TX-CF14CE57,CUST-1069,11682.23,FAILED_PAYMENT,79,MEDIUM,RETRY,HUMAN,AWAITING_APPROVAL,0,2,2026-08-28T01:16:03.995285
CASE-2006,TRANSACTION,TX-9FEB4669,CUST-1271,7182.23,FAILED_PAYMENT,70,MEDIUM,RETRY,HUMAN,AWAITING_APPROVAL,0,2,2026-08-27T22:16:03.995285
CASE-2007,TRANSACTION,TX-AAA9B5DB,CUST-1153,1181.23,FAILED_PAYMENT,93,LOW,RETRY,AUTO,RECOVERED,0,2,2026-08-26T14:16:03.995285
CASE-2008,TRANSACTION,TX-C8269751,CUST-1273,7182.23,FAILED_PAYMENT,72,MEDIUM,RETRY,HUMAN,AWAITING_APPROVAL,0,2,2026-08-27T21:16:03.995285
CASE-2009,TRANSACTION,TX-0C4419D0,CUST-1080,4681.23,FAILED_PAYMENT,67,MEDIUM,RETRY,HUMAN,AWAITING_APPROVAL,0,2,2026-08-26T14:16:03.995285
CASE-2010,TRANSACTION,TX-B80E60AA,CUST-1215,1181.23,FAILED_PAYMENT,47,MEDIUM,RETRY,HUMAN,AWAITING_APPROVAL,0,2,2026-08-27T23:16:03.996318
CASE-2011,TRANSACTION,TX-7965BC27,CUST-1018,1181.23,FAILED_PAYMENT,51,MEDIUM,RETRY,HUMAN,AWAITING_APPROVAL,0,2,2026-08-26T17:16:03.996318
CASE-2012,TRANSACTION,TX-E1373104,CUST-1126,11682.23,FAILED_PAYMENT,48,MEDIUM,RETRY,HUMAN,AWAITING_APPROVAL,0,2,2026-08-27T08:16:03.996318
CASE-2013,TRANSACTION,TX-BED09C24,CUST-1112,2181.23,FAILED_PAYMENT,79,MEDIUM,RETRY,HUMAN,AWAITING_APPROVAL,0,2,2026-08-27T04:16:03.996318
CASE-2014,TRANSACTION,TX-D5958EAE,CUST-1295,3681.23,FAILED_PAYMENT,59,MEDIUM,RETRY,HUMAN,AWAITING_APPROVAL,0,2,2026-08-26T22:16:03.996318
CASE-2015,TRANSACTION,TX-60763F0C,CUST-1122,11682.23,FAILED_PAYMENT,65,MEDIUM,RETRY,HUMAN,AWAITING_APPROVAL,0,2,2026-08-26T18:16:03.996318
CASE-2016,TRANSACTION,TX-1D4370CC,CUST-1212,7182.23,FAILED_PAYMENT,59,MEDIUM,RETRY,HUMAN,AWAITING_APPROVAL,0,2,2026-08-28T09:16:03.996318
CASE-2017,TRANSACTION,TX-8589C36A,CUST-1090,7182.23,FAILED_PAYMENT,82,MEDIUM,RETRY,HUMAN,AWAITING_APPROVAL,0,2,2026-08-27T05:16:03.996318
CASE-2018,TRANSACTION,TX-013A4757,CUST-1196,1181.23,FAILED_PAYMENT,67,MEDIUM,RETRY,HUMAN,AWAITING_APPROVAL,0,2,2026-08-27T10:16:03.996318
CASE-2019,TRANSACTION,TX-A7A9CBF0,CUST-1154,4681.23,FAILED_PAYMENT,54,MEDIUM,RETRY,HUMAN,AWAITING_APPROVAL,0,2,2026-08-27T02:16:03.997328
CASE-2020,TRANSACTION,TX-2ADE7832,CUST-1116,4681.23,FAILED_PAYMENT,60,MEDIUM,RETRY,HUMAN,AWAITING_APPROVAL,0,2,2026-08-28T03:16:03.997328
CASE-2021,TRANSACTION,TX-F9DDA4CB,CUST-1288,4681.23,FAILED_PAYMENT,48,MEDIUM,RETRY,HUMAN,AWAITING_APPROVAL,0,2,2026-08-27T01:16:03.997328
CASE-2022,TRANSACTION,TX-7F9D851D,CUST-1199,7182.23,FAILED_PAYMENT,53,MEDIUM,RETRY,HUMAN,AWAITING_APPROVAL,0,2,2026-08-27T23:16:03.997328
CASE-2023,TRANSACTION,TX-F6D9B1A8,CUST-1231,3681.23,FAILED_PAYMENT,86,LOW,RETRY,AUTO,RECOVERED,0,2,2026-08-27T02:16:03.997328
CASE-2024,TRANSACTION,TX-B0FB15B8,CUST-1027,11682.23,FAILED_PAYMENT,57,MEDIUM,RETRY,HUMAN,AWAITING_APPROVAL,0,2,2026-08-26T17:16:03.997328
CASE-2025,TRANSACTION,TX-6EA4D61A,CUST-1021,7182.23,FAILED_PAYMENT,83,MEDIUM,RETRY,HUMAN,AWAITING_APPROVAL,0,2,2026-08-26T23:16:03.998341
CASE-2026,TRANSACTION,TX-E7C8D81D,CUST-1287,11682.23,FAILED_PAYMENT,87,MEDIUM,RETRY,HUMAN,AWAITING_APPROVAL,0,2,2026-08-27T23:16:03.998341
CASE-2027,TRANSACTION,TX-13DEA4CF,CUST-1008,3681.23,FAILED_PAYMENT,64,MEDIUM,RETRY,HUMAN,AWAITING_APPROVAL,0,2,2026-08-26T13:16:03.998341
CASE-2028,TRANSACTION,TX-A9741BAF,CUST-1246,1181.23,FAILED_PAYMENT,92,LOW,RETRY,AUTO,BLOCKED,0,2,2026-08-26T22:16:03.998341
CASE-2029,TRANSACTION,TX-4823F44B,CUST-1204,11682.23,FAILED_PAYMENT,58,MEDIUM,RETRY,HUMAN,AWAITING_APPROVAL,0,2,2026-08-27T16:16:03.998341
CASE-2030,TRANSACTION,TX-BE137601,CUST-1239,3681.23,FAILED_PAYMENT,69,MEDIUM,RETRY,HUMAN,AWAITING_APPROVAL,0,2,2026-08-27T20:16:03.998341
CASE-2031,TRANSACTION,TX-377CC20D,CUST-1255,3681.23,FAILED_PAYMENT,77,MEDIUM,RETRY,HUMAN,AWAITING_APPROVAL,0,2,2026-08-26T14:16:03.998341
CASE-2032,TRANSACTION,TX-6BCC6868,CUST-1105,4681.23,FAILED_PAYMENT,93,LOW,RETRY,AUTO,BLOCKED,0,2,2026-08-27T10:16:03.998341
CASE-2033,TRANSACTION,TX-4E5C72D8,CUST-1075,1181.23,FAILED_PAYMENT,81,LOW,RETRY,AUTO,BLOCKED,0,2,2026-08-27T01:16:03.998341
CASE-2034,TRANSACTION,TX-D26E8879,CUST-1214,7182.23,FAILED_PAYMENT,82,MEDIUM,RETRY,HUMAN,AWAITING_APPROVAL,0,2,2026-08-28T00:16:03.998341
CASE-2035,TRANSACTION,TX-A279B11F,CUST-1195,3681.23,FAILED_PAYMENT,59,MEDIUM,RETRY,HUMAN,AWAITING_APPROVAL,0,2,2026-08-27T01:16:03.998341
CASE-2036,TRANSACTION,TX-ECCB8FFF,CUST-1173,11682.23,FAILED_PAYMENT,88,MEDIUM,RETRY,HUMAN,AWAITING_APPROVAL,0,2,2026-08-26T14:16:03.998341
CASE-2037,TRANSACTION,TX-43CAB66F,CUST-1252,11682.23,FAILED_PAYMENT,92,MEDIUM,RETRY,HUMAN,AWAITING_APPROVAL,0,2,2026-08-26T14:16:03.998341
CASE-2038,TRANSACTION,TX-0C52E383,CUST-1072,3681.23,FAILED_PAYMENT,55,MEDIUM,RETRY,HUMAN,AWAITING_APPROVAL,0,2,2026-08-27T02:16:03.998341
CASE-2039,TRANSACTION,TX-3641C3A4,CUST-1269,11682.23,FAILED_PAYMENT,48,MEDIUM,RETRY,HUMAN,AWAITING_APPROVAL,0,2,2026-08-26T18:16:03.998341
CASE-2040,TRANSACTION,TX-6B13ED83,CUST-1071,1181.23,FAILED_PAYMENT,93,LOW,RETRY,AUTO,RECOVERED,0,2,2026-08-26T15:16:03.998341
CASE-2041,TRANSACTION,TX-F608565B,CUST-1112,2181.23,FAILED_PAYMENT,45,MEDIUM,RETRY,HUMAN,AWAITING_APPROVAL,0,2,2026-08-28T09:16:03.998341
CASE-2042,TRANSACTION,TX-7370908D,CUST-1248,7182.23,FAILED_PAYMENT,85,MEDIUM,RETRY,HUMAN,AWAITING_APPROVAL,0,2,2026-08-28T12:16:03.998341
CASE-2043,TRANSACTION,TX-8E3DA66A,CUST-1211,7182.23,FAILED_PAYMENT,80,MEDIUM,RETRY,HUMAN,AWAITING_APPROVAL,0,2,2026-08-27T03:16:03.998341
CASE-2044,TRANSACTION,TX-2163A5B6,CUST-1275,11682.23,FAILED_PAYMENT,62,MEDIUM,RETRY,HUMAN,AWAITING_APPROVAL,0,2,2026-08-27T04:16:03.998341
CASE-2045,TRANSACTION,TX-90491C27,CUST-1221,11682.23,FAILED_PAYMENT,88,MEDIUM,RETRY,HUMAN,AWAITING_APPROVAL,0,2,2026-08-28T06:16:03.998341
CASE-2046,TRANSACTION,TX-F9801D3A,CUST-1124,7182.23,FAILED_PAYMENT,54,MEDIUM,RETRY,HUMAN,AWAITING_APPROVAL,0,2,2026-08-27T03:16:03.998341
CASE-2047,TRANSACTION,TX-40633F1A,CUST-1137,3681.23,FAILED_PAYMENT,67,MEDIUM,RETRY,HUMAN,AWAITING_APPROVAL,0,2,2026-08-27T13:16:03.998341
CASE-2048,TRANSACTION,TX-54D5E1D2,CUST-1290,4681.23,FAILED_PAYMENT,74,MEDIUM,RETRY,HUMAN,AWAITING_APPROVAL,0,2,2026-08-27T22:16:03.998341
CASE-2049,TRANSACTION,TX-0077EA58,CUST-1042,3681.23,FAILED_PAYMENT,88,LOW,RETRY,AUTO,BLOCKED,0,2,2026-08-27T11:16:03.998341
CASE-2050,TRANSACTION,TX-BA883A73,CUST-1283,4681.23,FAILED_PAYMENT,69,MEDIUM,RETRY,HUMAN,AWAITING_APPROVAL,0,2,2026-08-26T20:16:03.998341
CASE-2051,TRANSACTION,TX-313411EE,CUST-1256,1181.23,FAILED_PAYMENT,89,LOW,RETRY,AUTO,RECOVERED,0,2,2026-08-27T15:16:03.998341
CASE-2052,TRANSACTION,TX-8B7CD480,CUST-1271,7182.23,FAILED_PAYMENT,51,MEDIUM,RETRY,HUMAN,AWAITING_APPROVAL,0,2,2026-08-27T23:16:03.998341
CASE-2053,TRANSACTION,TX-ED98CD78,CUST-1244,11682.23,FAILED_PAYMENT,81,MEDIUM,RETRY,HUMAN,AWAITING_APPROVAL,0,2,2026-08-28T08:16:03.998341
CASE-2054,TRANSACTION,TX-BFBA72CB,CUST-1279,11682.23,FAILED_PAYMENT,62,MEDIUM,RETRY,HUMAN,AWAITING_APPROVAL,0,2,2026-08-27T16:16:03.998341
CASE-2055,TRANSACTION,TX-BF47CAD9,CUST-1074,1181.23,FAILED_PAYMENT,58,MEDIUM,RETRY,HUMAN,AWAITING_APPROVAL,0,2,2026-08-27T17:16:03.998341
CASE-2056,TRANSACTION,TX-DF8B1964,CUST-1200,2181.23,FAILED_PAYMENT,81,LOW,RETRY,AUTO,RECOVERED,0,2,2026-08-26T13:16:03.998341
CASE-2057,TRANSACTION,TX-6EACC37F,CUST-1041,2181.23,FAILED_PAYMENT,95,LOW,RETRY,AUTO,BLOCKED,0,2,2026-08-28T06:16:03.998341
CASE-2058,TRANSACTION,TX-4C75E8B1,CUST-1039,4681.23,FAILED_PAYMENT,59,MEDIUM,RETRY,HUMAN,AWAITING_APPROVAL,0,2,2026-08-26T21:16:03.998341
CASE-2059,TRANSACTION,TX-74A9045F,CUST-1168,7182.23,FAILED_PAYMENT,70,MEDIUM,RETRY,HUMAN,AWAITING_APPROVAL,0,2,2026-08-27T19:16:03.998341
CASE-2060,TRANSACTION,TX-692E8864,CUST-1117,4681.23,FAILED_PAYMENT,76,MEDIUM,RETRY,HUMAN,AWAITING_APPROVAL,0,2,2026-08-27T12:16:03.998341
CASE-2061,TRANSACTION,TX-1A2DA26A,CUST-1300,4681.23,FAILED_PAYMENT,56,MEDIUM,RETRY,HUMAN,AWAITING_APPROVAL,0,2,2026-08-26T21:16:03.998341
CASE-2062,TRANSACTION,TX-3F4B4470,CUST-1038,3681.23,FAILED_PAYMENT,60,MEDIUM,RETRY,HUMAN,AWAITING_APPROVAL,0,2,2026-08-28T03:16:03.998341
CASE-2063,TRANSACTION,TX-DDE5792F,CUST-1079,4681.23,FAILED_PAYMENT,90,LOW,RETRY,AUTO,BLOCKED,0,2,2026-08-27T13:16:04.003078
CASE-2064,TRANSACTION,TX-7FAA12CE,CUST-1003,1181.23,FAILED_PAYMENT,50,MEDIUM,RETRY,HUMAN,AWAITING_APPROVAL,0,2,2026-08-27T13:16:04.003078
CASE-2065,TRANSACTION,TX-1A85EBF3,CUST-1068,3681.23,FAILED_PAYMENT,51,MEDIUM,RETRY,HUMAN,AWAITING_APPROVAL,0,2,2026-08-27T09:16:04.003078
CASE-2066,TRANSACTION,TX-80767582,CUST-1209,4681.23,FAILED_PAYMENT,80,LOW,RETRY,AUTO,RECOVERED,0,2,2026-08-28T07:16:04.003078
CASE-2067,TRANSACTION,TX-649C0AD9,CUST-1167,3681.23,FAILED_PAYMENT,80,LOW,RETRY,AUTO,RECOVERED,0,2,2026-08-27T18:16:04.003078
CASE-2068,TRANSACTION,TX-F237BABB,CUST-1044,4681.23,FAILED_PAYMENT,69,MEDIUM,RETRY,HUMAN,AWAITING_APPROVAL,0,2,2026-08-27T03:16:04.003078
CASE-2069,TRANSACTION,TX-ACB42AAD,CUST-1072,2181.23,FAILED_PAYMENT,88,LOW,RETRY,AUTO,RECOVERED,0,2,2026-08-27T19:16:04.003078
CASE-2070,TRANSACTION,TX-30AEDF5E,CUST-1033,4681.23,FAILED_PAYMENT,54,MEDIUM,RETRY,HUMAN,AWAITING_APPROVAL,0,2,2026-08-27T19:16:04.003078
CASE-2071,TRANSACTION,TX-90884A63,CUST-1248,4681.23,FAILED_PAYMENT,64,MEDIUM,RETRY,HUMAN,AWAITING_APPROVAL,0,2,2026-08-27T20:16:04.003078
CASE-2072,TRANSACTION,TX-670F8D5B,CUST-1101,2181.23,FAILED_PAYMENT,91,LOW,RETRY,AUTO,RECOVERED,0,2,2026-08-28T04:16:04.003078
CASE-2073,TRANSACTION,TX-5067E35A,CUST-1203,3681.23,FAILED_PAYMENT,45,MEDIUM,RETRY,HUMAN,AWAITING_APPROVAL,0,2,2026-08-27T12:16:04.003078
CASE-2074,TRANSACTION,TX-2B9B6C7D,CUST-1172,3681.23,FAILED_PAYMENT,73,MEDIUM,RETRY,HUMAN,AWAITING_APPROVAL,0,2,2026-08-26T22:16:04.003078
CASE-2075,TRANSACTION,TX-73DB153C,CUST-1165,2181.23,FAILED_PAYMENT,64,MEDIUM,RETRY,HUMAN,AWAITING_APPROVAL,0,2,2026-08-27T16:16:04.003078
CASE-2076,TRANSACTION,TX-79A37509,CUST-1164,2181.23,FAILED_PAYMENT,70,MEDIUM,RETRY,HUMAN,AWAITING_APPROVAL,0,2,2026-08-26T16:16:04.003078
CASE-2077,TRANSACTION,TX-E4688444,CUST-1295,11682.23,FAILED_PAYMENT,76,MEDIUM,RETRY,HUMAN,AWAITING_APPROVAL,0,2,2026-08-27T12:16:04.005117
CASE-2078,TRANSACTION,TX-9AA264BE,CUST-1059,3681.23,FAILED_PAYMENT,95,LOW,RETRY,AUTO,RECOVERED,0,2,2026-08-27T02:16:04.005117
CASE-2079,TRANSACTION,TX-F488FDB4,CUST-1014,2181.23,FAILED_PAYMENT,88,LOW,RETRY,AUTO,BLOCKED,0,2,2026-08-27T23:16:04.005117
CASE-2080,TRANSACTION,TX-4E1585B2,CUST-1036,4681.23,FAILED_PAYMENT,63,MEDIUM,RETRY,HUMAN,AWAITING_APPROVAL,0,2,2026-08-27T05:16:04.005117
CASE-2081,TRANSACTION,TX-EE2B2780,CUST-1130,2181.23,FAILED_PAYMENT,85,LOW,RETRY,AUTO,RECOVERED,0,2,2026-08-27T09:16:04.005117
CASE-2082,TRANSACTION,TX-82933255,CUST-1230,4681.23,FAILED_PAYMENT,49,MEDIUM,RETRY,HUMAN,AWAITING_APPROVAL,0,2,2026-08-27T11:16:04.005117
CASE-2083,TRANSACTION,TX-E7340BF5,CUST-1215,7182.23,FAILED_PAYMENT,77,MEDIUM,RETRY,HUMAN,AWAITING_APPROVAL,0,2,2026-08-26T16:16:04.005117
CASE-2084,TRANSACTION,TX-890FCAC8,CUST-1044,7182.23,FAILED_PAYMENT,83,MEDIUM,RETRY,HUMAN,AWAITING_APPROVAL,0,2,2026-08-26T18:16:04.005117
CASE-2085,TRANSACTION,TX-CE611039,CUST-1086,11682.23,FAILED_PAYMENT,67,MEDIUM,RETRY,HUMAN,AWAITING_APPROVAL,0,2,2026-08-26T19:16:04.005117
CASE-2086,TRANSACTION,TX-9AA25F0C,CUST-1205,11682.23,FAILED_PAYMENT,86,MEDIUM,RETRY,HUMAN,AWAITING_APPROVAL,0,2,2026-08-28T06:16:04.005117
CASE-2087,TRANSACTION,TX-D1DC3E32,CUST-1133,1181.23,FAILED_PAYMENT,51,MEDIUM,RETRY,HUMAN,AWAITING_APPROVAL,0,2,2026-08-26T13:16:04.005117
CASE-2088,TRANSACTION,TX-C89DC3E3,CUST-1298,7182.23,FAILED_PAYMENT,80,MEDIUM,RETRY,HUMAN,AWAITING_APPROVAL,0,2,2026-08-27T13:16:04.005117
CASE-2089,TRANSACTION,TX-36508C35,CUST-1257,4681.23,FAILED_PAYMENT,74,MEDIUM,RETRY,HUMAN,AWAITING_APPROVAL,0,2,2026-08-28T11:16:04.005117
CASE-2090,TRANSACTION,TX-41E3F432,CUST-1152,4681.23,FAILED_PAYMENT,51,MEDIUM,RETRY,HUMAN,AWAITING_APPROVAL,0,2,2026-08-28T05:16:04.005117
CASE-2091,TRANSACTION,TX-AD7F7548,CUST-1179,11682.23,FAILED_PAYMENT,54,MEDIUM,RETRY,HUMAN,AWAITING_APPROVAL,0,2,2026-08-27T07:16:04.005117
CASE-2092,TRANSACTION,TX-5575635A,CUST-1248,2181.23,FAILED_PAYMENT,78,MEDIUM,RETRY,HUMAN,AWAITING_APPROVAL,0,2,2026-08-28T06:16:04.005117
CASE-2093,TRANSACTION,TX-0ACACFA0,CUST-1164,4681.23,FAILED_PAYMENT,91,LOW,RETRY,AUTO,RECOVERED,0,2,2026-08-28T10:16:04.005117
CASE-2094,TRANSACTION,TX-E0BCBB2A,CUST-1012,11682.23,FAILED_PAYMENT,52,MEDIUM,RETRY,HUMAN,AWAITING_APPROVAL,0,2,2026-08-28T06:16:04.005117
CASE-2095,TRANSACTION,TX-AE55520A,CUST-1125,11682.23,FAILED_PAYMENT,55,MEDIUM,RETRY,HUMAN,AWAITING_APPROVAL,0,2,2026-08-28T02:16:04.005117
CASE-2096,TRANSACTION,TX-FDA4140B,CUST-1237,3681.23,FAILED_PAYMENT,80,LOW,RETRY,AUTO,RECOVERED,0,2,2026-08-26T20:16:04.007252
CASE-2097,TRANSACTION,TX-0C367E51,CUST-1222,2181.23,FAILED_PAYMENT,56,MEDIUM,RETRY,HUMAN,AWAITING_APPROVAL,0,2,2026-08-26T13:16:04.007252
CASE-2098,TRANSACTION,TX-74947738,CUST-1231,7182.23,FAILED_PAYMENT,57,MEDIUM,RETRY,HUMAN,AWAITING_APPROVAL,0,2,2026-08-28T12:16:04.007252
CASE-2099,TRANSACTION,TX-D34FF986,CUST-1106,11682.23,FAILED_PAYMENT,58,MEDIUM,RETRY,HUMAN,AWAITING_APPROVAL,0,2,2026-08-28T08:16:04.007252
CASE-2100,TRANSACTION,TX-A99A0F77,CUST-1275,7182.23,FAILED_PAYMENT,51,MEDIUM,RETRY,HUMAN,AWAITING_APPROVAL,0,2,2026-08-27T16:16:04.007252
CASE-2101,TRANSACTION,TX-345B2583,CUST-1059,2181.23,FAILED_PAYMENT,74,MEDIUM,RETRY,HUMAN,AWAITING_APPROVAL,0,2,2026-08-27T05:16:04.007252
CASE-2102,TRANSACTION,TX-F94B0114,CUST-1161,7182.23,FAILED_PAYMENT,85,MEDIUM,RETRY,HUMAN,AWAITING_APPROVAL,0,2,2026-08-27T11:16:04.007252
CASE-2103,TRANSACTION,TX-EBE7A68C,CUST-1179,7182.23,FAILED_PAYMENT,52,MEDIUM,RETRY,HUMAN,AWAITING_APPROVAL,0,2,2026-08-26T21:16:04.007252
CASE-2104,TRANSACTION,TX-B54C538A,CUST-1153,2181.23,FAILED_PAYMENT,88,LOW,RETRY,AUTO,RECOVERED,0,2,2026-08-28T04:16:04.007252
CASE-2105,TRANSACTION,TX-D3092C56,CUST-1123,3681.23,FAILED_PAYMENT,52,MEDIUM,RETRY,HUMAN,AWAITING_APPROVAL,0,2,2026-08-28T01:16:04.009263
CASE-2106,TRANSACTION,TX-89737732,CUST-1199,3681.23,FAILED_PAYMENT,89,LOW,RETRY,AUTO,RECOVERED,0,2,2026-08-28T04:16:04.009263
CASE-2107,TRANSACTION,TX-39455AC8,CUST-1217,7182.23,FAILED_PAYMENT,69,MEDIUM,RETRY,HUMAN,AWAITING_APPROVAL,0,2,2026-08-26T20:16:04.009263
CASE-2108,TRANSACTION,TX-2305B920,CUST-1089,7182.23,FAILED_PAYMENT,89,MEDIUM,RETRY,HUMAN,AWAITING_APPROVAL,0,2,2026-08-27T18:16:04.009263
CASE-2109,TRANSACTION,TX-A699320D,CUST-1162,2181.23,FAILED_PAYMENT,56,MEDIUM,RETRY,HUMAN,AWAITING_APPROVAL,0,2,2026-08-28T09:16:04.009263
CASE-2110,TRANSACTION,TX-1E56DB0C,CUST-1249,3681.23,FAILED_PAYMENT,45,MEDIUM,RETRY,HUMAN,AWAITING_APPROVAL,0,2,2026-08-27T12:16:04.009263
CASE-2111,TRANSACTION,TX-343999A6,CUST-1254,7182.23,FAILED_PAYMENT,77,MEDIUM,RETRY,HUMAN,AWAITING_APPROVAL,0,2,2026-08-27T05:16:04.009263
CASE-2112,TRANSACTION,TX-D732725A,CUST-1251,4681.23,FAILED_PAYMENT,90,LOW,RETRY,AUTO,BLOCKED,0,2,2026-08-27T00:16:04.009263
CASE-2113,TRANSACTION,TX-5CB4408D,CUST-1150,1181.23,FAILED_PAYMENT,95,LOW,RETRY,AUTO,BLOCKED,0,2,2026-08-27T22:16:04.009263
CASE-2114,TRANSACTION,TX-66833505,CUST-1087,7182.23,FAILED_PAYMENT,63,MEDIUM,RETRY,HUMAN,AWAITING_APPROVAL,0,2,2026-08-26T13:16:04.009263
CASE-2115,TRANSACTION,TX-0F54A74D,CUST-1294,4681.23,FAILED_PAYMENT,80,LOW,RETRY,AUTO,RECOVERED,0,2,2026-08-27T02:16:04.011272
CASE-2116,TRANSACTION,TX-B3128D53,CUST-1022,3681.23,FAILED_PAYMENT,79,MEDIUM,RETRY,HUMAN,AWAITING_APPROVAL,0,2,2026-08-27T23:16:04.011272
CASE-2117,TRANSACTION,TX-E906EB7B,CUST-1127,4681.23,FAILED_PAYMENT,51,MEDIUM,RETRY,HUMAN,AWAITING_APPROVAL,0,2,2026-08-27T08:16:04.011272
CASE-2118,TRANSACTION,TX-811E761B,CUST-1045,3681.23,FAILED_PAYMENT,67,MEDIUM,RETRY,HUMAN,AWAITING_APPROVAL,0,2,2026-08-27T21:16:04.011272
CASE-2119,TRANSACTION,TX-35AB4631,CUST-1180,2181.23,FAILED_PAYMENT,92,LOW,RETRY,AUTO,RECOVERED,0,2,2026-08-26T21:16:04.011272
CASE-2120,TRANSACTION,TX-786543A1,CUST-1106,2181.23,FAILED_PAYMENT,95,LOW,RETRY,AUTO,RECOVERED,0,2,2026-08-27T14:16:04.011272
CASE-2121,TRANSACTION,TX-33F433AC,CUST-1276,7182.23,FAILED_PAYMENT,62,MEDIUM,RETRY,HUMAN,AWAITING_APPROVAL,0,2,2026-08-26T15:16:04.011272
CASE-2122,TRANSACTION,TX-B337D872,CUST-1294,3681.23,FAILED_PAYMENT,63,MEDIUM,RETRY,HUMAN,AWAITING_APPROVAL,0,2,2026-08-26T17:16:04.011272
CASE-2123,TRANSACTION,TX-1E05C528,CUST-1211,1181.23,FAILED_PAYMENT,53,MEDIUM,RETRY,HUMAN,AWAITING_APPROVAL,0,2,2026-08-26T19:16:04.011272
CASE-2124,TRANSACTION,TX-3486931E,CUST-1128,2181.23,FAILED_PAYMENT,89,LOW,RETRY,AUTO,BLOCKED,0,2,2026-08-27T16:16:04.013021
CASE-2125,TRANSACTION,TX-4E9B8545,CUST-1202,2181.23,FAILED_PAYMENT,93,LOW,RETRY,AUTO,BLOCKED,0,2,2026-08-27T00:16:04.013021
CASE-2126,TRANSACTION,TX-2623A7B1,CUST-1213,11682.23,FAILED_PAYMENT,62,MEDIUM,RETRY,HUMAN,AWAITING_APPROVAL,0,2,2026-08-28T08:16:04.013021
CASE-2127,TRANSACTION,TX-B796569B,CUST-1048,11682.23,FAILED_PAYMENT,95,MEDIUM,RETRY,HUMAN,AWAITING_APPROVAL,0,2,2026-08-26T13:16:04.013021
CASE-2128,TRANSACTION,TX-6112F61F,CUST-1189,3681.23,FAILED_PAYMENT,89,LOW,RETRY,AUTO,BLOCKED,0,2,2026-08-27T16:16:04.013021
CASE-2129,TRANSACTION,TX-AE5CCF3A,CUST-1048,7182.23,FAILED_PAYMENT,45,MEDIUM,RETRY,HUMAN,AWAITING_APPROVAL,0,2,2026-08-26T18:16:04.013021
CASE-2130,TRANSACTION,TX-7F889BB9,CUST-1033,11682.23,FAILED_PAYMENT,67,MEDIUM,RETRY,HUMAN,AWAITING_APPROVAL,0,2,2026-08-27T09:16:04.013021
CASE-2131,TRANSACTION,TX-896E93F9,CUST-1138,2181.23,FAILED_PAYMENT,76,MEDIUM,RETRY,HUMAN,AWAITING_APPROVAL,0,2,2026-08-27T15:16:04.013021
CASE-2132,TRANSACTION,TX-0AAE23BD,CUST-1067,7182.23,FAILED_PAYMENT,81,MEDIUM,RETRY,HUMAN,AWAITING_APPROVAL,0,2,2026-08-26T17:16:04.013021
CASE-2133,TRANSACTION,TX-F3F59FE3,CUST-1051,1181.23,FAILED_PAYMENT,47,MEDIUM,RETRY,HUMAN,AWAITING_APPROVAL,0,2,2026-08-28T05:16:04.014538
CASE-2134,TRANSACTION,TX-EAA5B918,CUST-1234,2181.23,FAILED_PAYMENT,73,MEDIUM,RETRY,HUMAN,AWAITING_APPROVAL,0,2,2026-08-28T00:16:04.014538
CASE-2135,TRANSACTION,TX-004BC9BF,CUST-1155,11682.23,FAILED_PAYMENT,53,MEDIUM,RETRY,HUMAN,AWAITING_APPROVAL,0,2,2026-08-28T07:16:04.014538
CASE-2136,TRANSACTION,TX-DE9D7B03,CUST-1129,11682.23,FAILED_PAYMENT,68,MEDIUM,RETRY,HUMAN,AWAITING_APPROVAL,0,2,2026-08-26T18:16:04.015101
CASE-2137,TRANSACTION,TX-CBFE85AF,CUST-1027,11682.23,FAILED_PAYMENT,55,MEDIUM,RETRY,HUMAN,AWAITING_APPROVAL,0,2,2026-08-27T17:16:04.015101
CASE-2138,TRANSACTION,TX-201EA7AC,CUST-1120,11682.23,FAILED_PAYMENT,89,MEDIUM,RETRY,HUMAN,AWAITING_APPROVAL,0,2,2026-08-28T07:16:04.015101
CASE-2139,TRANSACTION,TX-7520DD85,CUST-1001,11682.23,FAILED_PAYMENT,51,MEDIUM,RETRY,HUMAN,AWAITING_APPROVAL,0,2,2026-08-28T08:16:04.015101
CASE-2140,TRANSACTION,TX-92A6D472,CUST-1228,2181.23,FAILED_PAYMENT,82,LOW,RETRY,AUTO,RECOVERED,0,2,2026-08-26T16:16:04.015101
CASE-2141,TRANSACTION,TX-59F97DD2,CUST-1217,3681.23,FAILED_PAYMENT,52,MEDIUM,RETRY,HUMAN,AWAITING_APPROVAL,0,2,2026-08-28T08:16:04.015101
CASE-2142,TRANSACTION,TX-5B06BFD6,CUST-1046,2181.23,FAILED_PAYMENT,69,MEDIUM,RETRY,HUMAN,AWAITING_APPROVAL,0,2,2026-08-27T16:16:04.015101
CASE-2143,TRANSACTION,TX-31B1F130,CUST-1071,3681.23,FAILED_PAYMENT,64,MEDIUM,RETRY,HUMAN,AWAITING_APPROVAL,0,2,2026-08-26T19:16:04.015101
CASE-2144,TRANSACTION,TX-06219A56,CUST-1036,11682.23,FAILED_PAYMENT,54,MEDIUM,RETRY,HUMAN,AWAITING_APPROVAL,0,2,2026-08-26T19:16:04.015101
CASE-2145,TRANSACTION,TX-80503779,CUST-1180,2181.23,FAILED_PAYMENT,73,MEDIUM,RETRY,HUMAN,AWAITING_APPROVAL,0,2,2026-08-26T13:16:04.016420
CASE-2146,TRANSACTION,TX-F56CA920,CUST-1227,2181.23,FAILED_PAYMENT,71,MEDIUM,RETRY,HUMAN,AWAITING_APPROVAL,0,2,2026-08-28T06:16:04.016420
CASE-2147,TRANSACTION,TX-242F02C0,CUST-1197,2181.23,FAILED_PAYMENT,93,LOW,RETRY,AUTO,RECOVERED,0,2,2026-08-27T16:16:04.016420
CASE-2148,TRANSACTION,TX-ED6FBC58,CUST-1142,2181.23,FAILED_PAYMENT,60,MEDIUM,RETRY,HUMAN,AWAITING_APPROVAL,0,2,2026-08-27T01:16:04.016420
CASE-2149,TRANSACTION,TX-AC72EA0D,CUST-1146,7182.23,FAILED_PAYMENT,83,MEDIUM,RETRY,HUMAN,AWAITING_APPROVAL,0,2,2026-08-27T17:16:04.016420
CASE-2150,TRANSACTION,TX-AE6D7579,CUST-1261,2181.23,FAILED_PAYMENT,78,MEDIUM,RETRY,HUMAN,AWAITING_APPROVAL,0,2,2026-08-27T11:16:04.016420
CASE-2151,TRANSACTION,TX-3CC9A0F6,CUST-1123,3681.23,FAILED_PAYMENT,86,LOW,RETRY,AUTO,RECOVERED,0,2,2026-08-28T05:16:04.016420
CASE-2152,TRANSACTION,TX-45D54FD6,CUST-1037,2181.23,FAILED_PAYMENT,76,MEDIUM,RETRY,HUMAN,AWAITING_APPROVAL,0,2,2026-08-27T16:16:04.016420
CASE-2153,TRANSACTION,TX-05F9409F,CUST-1292,2181.23,FAILED_PAYMENT,69,MEDIUM,RETRY,HUMAN,AWAITING_APPROVAL,0,2,2026-08-27T02:16:04.016420
CASE-2154,TRANSACTION,TX-CCB3A275,CUST-1242,11682.23,FAILED_PAYMENT,56,MEDIUM,RETRY,HUMAN,AWAITING_APPROVAL,0,2,2026-08-26T23:16:04.016420
CASE-2155,TRANSACTION,TX-A0CA76E1,CUST-1135,1181.23,FAILED_PAYMENT,45,MEDIUM,RETRY,HUMAN,AWAITING_APPROVAL,0,2,2026-08-28T09:16:04.016420
CASE-2156,TRANSACTION,TX-7E831458,CUST-1147,4681.23,FAILED_PAYMENT,77,MEDIUM,RETRY,HUMAN,AWAITING_APPROVAL,0,2,2026-08-26T16:16:04.016420
CASE-2157,TRANSACTION,TX-EF57947A,CUST-1275,4681.23,FAILED_PAYMENT,50,MEDIUM,RETRY,HUMAN,AWAITING_APPROVAL,0,2,2026-08-28T07:16:04.016420
CASE-2158,TRANSACTION,TX-0D547BF7,CUST-1262,3681.23,FAILED_PAYMENT,50,MEDIUM,RETRY,HUMAN,AWAITING_APPROVAL,0,2,2026-08-27T02:16:04.016420
CASE-2159,TRANSACTION,TX-9C16B0CB,CUST-1034,3681.23,FAILED_PAYMENT,70,MEDIUM,RETRY,HUMAN,AWAITING_APPROVAL,0,2,2026-08-27T09:16:04.016420
CASE-2160,TRANSACTION,TX-7FFA1B5D,CUST-1030,11682.23,FAILED_PAYMENT,60,MEDIUM,RETRY,HUMAN,AWAITING_APPROVAL,0,2,2026-08-27T09:16:04.016420
CASE-2161,TRANSACTION,TX-1900311B,CUST-1029,1181.23,FAILED_PAYMENT,74,MEDIUM,RETRY,HUMAN,AWAITING_APPROVAL,0,2,2026-08-26T13:16:04.016420
CASE-2162,TRANSACTION,TX-377E762E,CUST-1090,11682.23,FAILED_PAYMENT,92,MEDIUM,RETRY,HUMAN,AWAITING_APPROVAL,0,2,2026-08-26T15:16:04.018430
CASE-2163,TRANSACTION,TX-524D0D98,CUST-1255,2181.23,FAILED_PAYMENT,89,LOW,RETRY,AUTO,RECOVERED,0,2,2026-08-27T03:16:04.018430
CASE-2164,TRANSACTION,TX-FC7DE8C0,CUST-1086,11682.23,FAILED_PAYMENT,61,MEDIUM,RETRY,HUMAN,AWAITING_APPROVAL,0,2,2026-08-26T13:16:04.018430
CASE-2165,TRANSACTION,TX-E233A025,CUST-1016,3681.23,FAILED_PAYMENT,91,LOW,RETRY,AUTO,BLOCKED,0,2,2026-08-27T19:16:04.018430
CASE-2166,TRANSACTION,TX-9862DB7E,CUST-1135,7182.23,FAILED_PAYMENT,49,MEDIUM,RETRY,HUMAN,AWAITING_APPROVAL,0,2,2026-08-27T07:16:04.018430
CASE-2167,TRANSACTION,TX-C5648992,CUST-1029,7182.23,FAILED_PAYMENT,68,MEDIUM,RETRY,HUMAN,AWAITING_APPROVAL,0,2,2026-08-28T02:16:04.018430
CASE-2168,TRANSACTION,TX-54FCE702,CUST-1131,3681.23,FAILED_PAYMENT,55,MEDIUM,RETRY,HUMAN,AWAITING_APPROVAL,0,2,2026-08-26T17:16:04.018430
CASE-2169,TRANSACTION,TX-B30959A0,CUST-1117,11682.23,FAILED_PAYMENT,52,MEDIUM,RETRY,HUMAN,AWAITING_APPROVAL,0,2,2026-08-28T12:16:04.019894
CASE-2170,TRANSACTION,TX-41DE2073,CUST-1242,2181.23,FAILED_PAYMENT,47,MEDIUM,RETRY,HUMAN,AWAITING_APPROVAL,0,2,2026-08-28T03:16:04.019894
CASE-2171,TRANSACTION,TX-65313F57,CUST-1284,2181.23,FAILED_PAYMENT,47,MEDIUM,RETRY,HUMAN,AWAITING_APPROVAL,0,2,2026-08-27T16:16:04.019894
CASE-2172,TRANSACTION,TX-5D0D067A,CUST-1164,2181.23,FAILED_PAYMENT,71,MEDIUM,RETRY,HUMAN,AWAITING_APPROVAL,0,2,2026-08-27T00:16:04.019894
CASE-2173,TRANSACTION,TX-5B916282,CUST-1258,3681.23,FAILED_PAYMENT,52,MEDIUM,RETRY,HUMAN,AWAITING_APPROVAL,0,2,2026-08-27T22:16:04.019894
CASE-2174,TRANSACTION,TX-EF27E23C,CUST-1206,7182.23,FAILED_PAYMENT,47,MEDIUM,RETRY,HUMAN,AWAITING_APPROVAL,0,2,2026-08-27T18:16:04.019894
CASE-2175,TRANSACTION,TX-9F9896AD,CUST-1045,3681.23,FAILED_PAYMENT,65,MEDIUM,RETRY,HUMAN,AWAITING_APPROVAL,0,2,2026-08-27T13:16:04.019894
CASE-2176,TRANSACTION,TX-C9BFD1D9,CUST-1289,2181.23,FAILED_PAYMENT,63,MEDIUM,RETRY,HUMAN,AWAITING_APPROVAL,0,2,2026-08-26T21:16:04.019894
CASE-2177,TRANSACTION,TX-D8703A2F,CUST-1189,2181.23,FAILED_PAYMENT,74,MEDIUM,RETRY,HUMAN,AWAITING_APPROVAL,0,2,2026-08-26T14:16:04.019894
CASE-2178,TRANSACTION,TX-516A1772,CUST-1126,7182.23,FAILED_PAYMENT,93,MEDIUM,RETRY,HUMAN,AWAITING_APPROVAL,0,2,2026-08-27T10:16:04.019894
CASE-2179,TRANSACTION,TX-CA9B2884,CUST-1278,1181.23,FAILED_PAYMENT,59,MEDIUM,RETRY,HUMAN,AWAITING_APPROVAL,0,2,2026-08-26T16:16:04.019894
CASE-2180,TRANSACTION,TX-B148B1E8,CUST-1001,1181.23,FAILED_PAYMENT,66,MEDIUM,RETRY,HUMAN,AWAITING_APPROVAL,0,2,2026-08-26T14:16:04.019894
CASE-2181,TRANSACTION,TX-8B3A76CD,CUST-1106,3681.23,FAILED_PAYMENT,51,MEDIUM,RETRY,HUMAN,AWAITING_APPROVAL,0,2,2026-08-27T05:16:04.019894
CASE-2182,TRANSACTION,TX-13476484,CUST-1144,1181.23,FAILED_PAYMENT,54,MEDIUM,RETRY,HUMAN,AWAITING_APPROVAL,0,2,2026-08-27T22:16:04.019894
CASE-2183,TRANSACTION,TX-668CE957,CUST-1191,7182.23,FAILED_PAYMENT,71,MEDIUM,RETRY,HUMAN,AWAITING_APPROVAL,0,2,2026-08-28T07:16:04.019894
CASE-2184,TRANSACTION,TX-E39A742B,CUST-1259,7182.23,FAILED_PAYMENT,51,MEDIUM,RETRY,HUMAN,AWAITING_APPROVAL,0,2,2026-08-27T11:16:04.019894
CASE-2185,TRANSACTION,TX-13BF77B6,CUST-1223,1181.23,FAILED_PAYMENT,82,LOW,RETRY,AUTO,RECOVERED,0,2,2026-08-27T18:16:04.019894
CASE-2186,TRANSACTION,TX-30F7144E,CUST-1202,3681.23,FAILED_PAYMENT,65,MEDIUM,RETRY,HUMAN,AWAITING_APPROVAL,0,2,2026-08-27T08:16:04.019894
CASE-2187,TRANSACTION,TX-A4DD725C,CUST-1039,3681.23,FAILED_PAYMENT,59,MEDIUM,RETRY,HUMAN,AWAITING_APPROVAL,0,2,2026-08-26T23:16:04.019894
CASE-2188,TRANSACTION,TX-3E861561,CUST-1055,1181.23,FAILED_PAYMENT,54,MEDIUM,RETRY,HUMAN,AWAITING_APPROVAL,0,2,2026-08-27T07:16:04.036549
CASE-2189,TRANSACTION,TX-D570D087,CUST-1062,3681.23,FAILED_PAYMENT,71,MEDIUM,RETRY,HUMAN,AWAITING_APPROVAL,0,2,2026-08-27T08:16:04.036549
CASE-2190,TRANSACTION,TX-7E547BDD,CUST-1136,3681.23,FAILED_PAYMENT,74,MEDIUM,RETRY,HUMAN,AWAITING_APPROVAL,0,2,2026-08-28T02:16:04.036549
CASE-2191,TRANSACTION,TX-FB4AA47D,CUST-1021,11682.23,FAILED_PAYMENT,64,MEDIUM,RETRY,HUMAN,AWAITING_APPROVAL,0,2,2026-08-28T03:16:04.036549
CASE-2192,TRANSACTION,TX-527A7ECD,CUST-1183,1181.23,FAILED_PAYMENT,90,LOW,RETRY,AUTO,RECOVERED,0,2,2026-08-28T09:16:04.036549
CASE-2193,TRANSACTION,TX-8AA46B26,CUST-1134,11682.23,FAILED_PAYMENT,64,MEDIUM,RETRY,HUMAN,AWAITING_APPROVAL,0,2,2026-08-27T11:16:04.036549
CASE-2194,TRANSACTION,TX-473F0A84,CUST-1128,4681.23,FAILED_PAYMENT,80,LOW,RETRY,AUTO,RECOVERED,0,2,2026-08-28T06:16:04.036549
CASE-2195,TRANSACTION,TX-D5FCF1B2,CUST-1007,2181.23,FAILED_PAYMENT,52,MEDIUM,RETRY,HUMAN,AWAITING_APPROVAL,0,2,2026-08-28T04:16:04.036549
CASE-2196,TRANSACTION,TX-27A3B9B8,CUST-1191,2181.23,FAILED_PAYMENT,70,MEDIUM,RETRY,HUMAN,AWAITING_APPROVAL,0,2,2026-08-26T23:16:04.036549
CASE-2197,TRANSACTION,TX-D2A474CE,CUST-1012,3681.23,FAILED_PAYMENT,49,MEDIUM,RETRY,HUMAN,AWAITING_APPROVAL,0,2,2026-08-26T19:16:04.036549
CASE-2198,TRANSACTION,TX-B8A6A3F1,CUST-1048,4681.23,FAILED_PAYMENT,53,MEDIUM,RETRY,HUMAN,AWAITING_APPROVAL,0,2,2026-08-28T10:16:04.036549
CASE-2199,TRANSACTION,TX-BA87EA2A,CUST-1087,4681.23,FAILED_PAYMENT,48,MEDIUM,RETRY,HUMAN,AWAITING_APPROVAL,0,2,2026-08-27T11:16:04.036549
CASE-2200,TRANSACTION,TX-44D0D4FA,CUST-1196,4681.23,FAILED_PAYMENT,46,MEDIUM,RETRY,HUMAN,AWAITING_APPROVAL,0,2,2026-08-27T14:16:04.036549
CASE-2201,TRANSACTION,TX-9590C822,CUST-1141,2181.23,FAILED_PAYMENT,56,MEDIUM,RETRY,HUMAN,AWAITING_APPROVAL,0,2,2026-08-28T03:16:04.036549
CASE-2202,TRANSACTION,TX-48215712,CUST-1126,1181.23,FAILED_PAYMENT,84,LOW,RETRY,AUTO,RECOVERED,0,2,2026-08-27T10:16:04.036549
CASE-2203,TRANSACTION,TX-2F80E1A0,CUST-1032,7182.23,FAILED_PAYMENT,75,MEDIUM,RETRY,HUMAN,AWAITING_APPROVAL,0,2,2026-08-27T12:16:04.036549
CASE-2204,TRANSACTION,TX-C1E8CE6F,CUST-1103,2181.23,FAILED_PAYMENT,71,MEDIUM,RETRY,HUMAN,AWAITING_APPROVAL,0,2,2026-08-27T02:16:04.045029
CASE-2205,TRANSACTION,TX-607BCBF7,CUST-1184,1181.23,FAILED_PAYMENT,69,MEDIUM,RETRY,HUMAN,AWAITING_APPROVAL,0,2,2026-08-27T05:16:04.045029
CASE-2206,TRANSACTION,TX-D2774052,CUST-1199,3681.23,FAILED_PAYMENT,81,LOW,RETRY,AUTO,RECOVERED,0,2,2026-08-28T11:16:04.045029
CASE-2207,TRANSACTION,TX-290032DC,CUST-1144,3681.23,FAILED_PAYMENT,83,LOW,RETRY,AUTO,RECOVERED,0,2,2026-08-27T03:16:04.045029
CASE-2208,TRANSACTION,TX-9E341C54,CUST-1120,3681.23,FAILED_PAYMENT,94,LOW,RETRY,AUTO,RECOVERED,0,2,2026-08-27T21:16:04.045029
CASE-2209,TRANSACTION,TX-249E7B8F,CUST-1137,11682.23,FAILED_PAYMENT,60,MEDIUM,RETRY,HUMAN,AWAITING_APPROVAL,0,2,2026-08-27T00:16:04.045029
CASE-2210,TRANSACTION,TX-B24C2AF9,CUST-1089,4681.23,FAILED_PAYMENT,67,MEDIUM,RETRY,HUMAN,AWAITING_APPROVAL,0,2,2026-08-26T23:16:04.045029
CASE-2211,TRANSACTION,TX-381AE720,CUST-1015,3681.23,FAILED_PAYMENT,92,LOW,RETRY,AUTO,RECOVERED,0,2,2026-08-27T00:16:04.045029
CASE-2212,TRANSACTION,TX-FEB98DB4,CUST-1253,2181.23,FAILED_PAYMENT,81,LOW,RETRY,AUTO,BLOCKED,0,2,2026-08-27T05:16:04.045029
CASE-2213,TRANSACTION,TX-18381213,CUST-1029,1181.23,FAILED_PAYMENT,50,MEDIUM,RETRY,HUMAN,AWAITING_APPROVAL,0,2,2026-08-27T22:16:04.045029
CASE-2214,TRANSACTION,TX-1E8F7AD4,CUST-1245,1181.23,FAILED_PAYMENT,78,MEDIUM,RETRY,HUMAN,AWAITING_APPROVAL,0,2,2026-08-26T21:16:04.045029
CASE-2215,TRANSACTION,TX-FD3BE20A,CUST-1175,2181.23,FAILED_PAYMENT,53,MEDIUM,RETRY,HUMAN,AWAITING_APPROVAL,0,2,2026-08-28T09:16:04.045029
CASE-2216,TRANSACTION,TX-C8703357,CUST-1073,1181.23,FAILED_PAYMENT,54,MEDIUM,RETRY,HUMAN,AWAITING_APPROVAL,0,2,2026-08-27T13:16:04.045029
CASE-2217,TRANSACTION,TX-75FAE190,CUST-1203,1181.23,FAILED_PAYMENT,68,MEDIUM,RETRY,HUMAN,AWAITING_APPROVAL,0,2,2026-08-27T17:16:04.045029
CASE-2218,TRANSACTION,TX-A2E7FB5D,CUST-1081,3681.23,FAILED_PAYMENT,53,MEDIUM,RETRY,HUMAN,AWAITING_APPROVAL,0,2,2026-08-27T05:16:04.045029
CASE-2219,TRANSACTION,TX-871E07BD,CUST-1090,11682.23,FAILED_PAYMENT,65,MEDIUM,RETRY,HUMAN,AWAITING_APPROVAL,0,2,2026-08-26T18:16:04.045029
CASE-2220,TRANSACTION,TX-51099577,CUST-1194,7182.23,FAILED_PAYMENT,56,MEDIUM,RETRY,HUMAN,AWAITING_APPROVAL,0,2,2026-08-26T16:16:04.045029
CASE-2221,TRANSACTION,TX-96BDC7FD,CUST-1091,3681.23,FAILED_PAYMENT,53,MEDIUM,RETRY,HUMAN,AWAITING_APPROVAL,0,2,2026-08-27T00:16:04.045029
CASE-2222,TRANSACTION,TX-E1BB889B,CUST-1017,4681.23,FAILED_PAYMENT,94,LOW,RETRY,AUTO,BLOCKED,0,2,2026-08-27T16:16:04.045029
CASE-2223,TRANSACTION,TX-28524801,CUST-1290,7182.23,FAILED_PAYMENT,59,MEDIUM,RETRY,HUMAN,AWAITING_APPROVAL,0,2,2026-08-28T03:16:04.045029
CASE-2224,TRANSACTION,TX-DE60671B,CUST-1178,3681.23,FAILED_PAYMENT,92,LOW,RETRY,AUTO,RECOVERED,0,2,2026-08-26T20:16:04.045029
CASE-2225,TRANSACTION,TX-0EE0B6FF,CUST-1172,1181.23,FAILED_PAYMENT,90,LOW,RETRY,AUTO,RECOVERED,0,2,2026-08-27T20:16:04.045029
CASE-2226,TRANSACTION,TX-0FB8ABC6,CUST-1035,2181.23,FAILED_PAYMENT,60,MEDIUM,RETRY,HUMAN,AWAITING_APPROVAL,0,2,2026-08-28T06:16:04.045029
CASE-2227,TRANSACTION,TX-4666422B,CUST-1025,11682.23,FAILED_PAYMENT,45,MEDIUM,RETRY,HUMAN,AWAITING_APPROVAL,0,2,2026-08-26T14:16:04.045029
CASE-2228,TRANSACTION,TX-1FABDB35,CUST-1212,4681.23,FAILED_PAYMENT,55,MEDIUM,RETRY,HUMAN,AWAITING_APPROVAL,0,2,2026-08-27T14:16:04.045029
CASE-2229,TRANSACTION,TX-68EC69C1,CUST-1052,7182.23,FAILED_PAYMENT,69,MEDIUM,RETRY,HUMAN,AWAITING_APPROVAL,0,2,2026-08-26T19:16:04.045029
CASE-2230,TRANSACTION,TX-E0543B0F,CUST-1084,11682.23,FAILED_PAYMENT,59,MEDIUM,RETRY,HUMAN,AWAITING_APPROVAL,0,2,2026-08-28T10:16:04.045029
CASE-2231,TRANSACTION,TX-E2775484,CUST-1164,3681.23,FAILED_PAYMENT,46,MEDIUM,RETRY,HUMAN,AWAITING_APPROVAL,0,2,2026-08-28T08:16:04.045029
CASE-2232,TRANSACTION,TX-D4D333F2,CUST-1193,3681.23,FAILED_PAYMENT,55,MEDIUM,RETRY,HUMAN,AWAITING_APPROVAL,0,2,2026-08-28T08:16:04.045029
CASE-2233,TRANSACTION,TX-397D8A4E,CUST-1174,7182.23,FAILED_PAYMENT,50,MEDIUM,RETRY,HUMAN,AWAITING_APPROVAL,0,2,2026-08-28T11:16:04.045029
CASE-2234,TRANSACTION,TX-C3093140,CUST-1223,4681.23,FAILED_PAYMENT,86,LOW,RETRY,AUTO,RECOVERED,0,2,2026-08-28T06:16:04.045029
CASE-2235,TRANSACTION,TX-AA98A2E2,CUST-1098,3681.23,FAILED_PAYMENT,58,MEDIUM,RETRY,HUMAN,AWAITING_APPROVAL,0,2,2026-08-27T01:16:04.045029
CASE-2236,TRANSACTION,TX-437A3133,CUST-1277,11682.23,FAILED_PAYMENT,91,MEDIUM,RETRY,HUMAN,AWAITING_APPROVAL,0,2,2026-08-27T18:16:04.045029
CASE-2237,TRANSACTION,TX-9002D22C,CUST-1050,3681.23,FAILED_PAYMENT,60,MEDIUM,RETRY,HUMAN,AWAITING_APPROVAL,0,2,2026-08-27T00:16:04.045029
CASE-2238,TRANSACTION,TX-E81881A8,CUST-1079,7182.23,FAILED_PAYMENT,76,MEDIUM,RETRY,HUMAN,AWAITING_APPROVAL,0,2,2026-08-28T12:16:04.045029
CASE-2239,TRANSACTION,TX-AF5E86F5,CUST-1151,4681.23,FAILED_PAYMENT,50,MEDIUM,RETRY,HUMAN,AWAITING_APPROVAL,0,2,2026-08-28T06:16:04.045029
CASE-2240,TRANSACTION,TX-92B4D124,CUST-1088,1181.23,FAILED_PAYMENT,58,MEDIUM,RETRY,HUMAN,AWAITING_APPROVAL,0,2,2026-08-27T06:16:04.045029
CASE-2241,TRANSACTION,TX-D34DAF31,CUST-1204,1181.23,FAILED_PAYMENT,64,MEDIUM,RETRY,HUMAN,AWAITING_APPROVAL,0,2,2026-08-26T18:16:04.045029
CASE-2242,TRANSACTION,TX-E3E1AEDA,CUST-1279,3681.23,FAILED_PAYMENT,50,MEDIUM,RETRY,HUMAN,AWAITING_APPROVAL,0,2,2026-08-27T13:16:04.045029
CASE-2243,TRANSACTION,TX-831BFEDF,CUST-1096,4681.23,FAILED_PAYMENT,68,MEDIUM,RETRY,HUMAN,AWAITING_APPROVAL,0,2,2026-08-27T20:16:04.045029
CASE-2244,TRANSACTION,TX-35537075,CUST-1135,4681.23,FAILED_PAYMENT,74,MEDIUM,RETRY,HUMAN,AWAITING_APPROVAL,0,2,2026-08-27T00:16:04.045029
CASE-2245,TRANSACTION,TX-9B05FFFC,CUST-1050,1181.23,FAILED_PAYMENT,54,MEDIUM,RETRY,HUMAN,AWAITING_APPROVAL,0,2,2026-08-27T14:16:04.045029
CASE-2246,TRANSACTION,TX-94CACB3F,CUST-1117,7182.23,FAILED_PAYMENT,71,MEDIUM,RETRY,HUMAN,AWAITING_APPROVAL,0,2,2026-08-27T03:16:04.045029
CASE-2247,TRANSACTION,TX-98580BCB,CUST-1244,4681.23,FAILED_PAYMENT,79,MEDIUM,RETRY,HUMAN,AWAITING_APPROVAL,0,2,2026-08-27T17:16:04.045029
CASE-2248,TRANSACTION,TX-D11D78F9,CUST-1018,1181.23,FAILED_PAYMENT,70,MEDIUM,RETRY,HUMAN,AWAITING_APPROVAL,0,2,2026-08-27T08:16:04.045029
CASE-2249,TRANSACTION,TX-D19C0637,CUST-1109,2181.23,FAILED_PAYMENT,55,MEDIUM,RETRY,HUMAN,AWAITING_APPROVAL,0,2,2026-08-28T10:16:04.045029
CASE-2250,TRANSACTION,TX-EF9E8015,CUST-1223,4681.23,FAILED_PAYMENT,50,MEDIUM,RETRY,HUMAN,AWAITING_APPROVAL,0,2,2026-08-28T03:16:04.045029
CASE-2251,TRANSACTION,TX-3C1DE46D,CUST-1164,7182.23,FAILED_PAYMENT,61,MEDIUM,RETRY,HUMAN,AWAITING_APPROVAL,0,2,2026-08-27T12:16:04.045029
CASE-2252,TRANSACTION,TX-7C99737A,CUST-1283,7182.23,FAILED_PAYMENT,70,MEDIUM,RETRY,HUMAN,AWAITING_APPROVAL,0,2,2026-08-27T03:16:04.050380
CASE-2253,TRANSACTION,TX-F5571814,CUST-1268,4681.23,FAILED_PAYMENT,45,MEDIUM,RETRY,HUMAN,AWAITING_APPROVAL,0,2,2026-08-27T10:16:04.050380
CASE-2254,TRANSACTION,TX-72FC7AA6,CUST-1291,2181.23,FAILED_PAYMENT,54,MEDIUM,RETRY,HUMAN,AWAITING_APPROVAL,0,2,2026-08-27T00:16:04.050380
CASE-2255,TRANSACTION,TX-AC19C337,CUST-1275,1181.23,FAILED_PAYMENT,95,LOW,RETRY,AUTO,RECOVERED,0,2,2026-08-27T20:16:04.050380
CASE-2256,TRANSACTION,TX-CD659147,CUST-1243,4681.23,FAILED_PAYMENT,86,LOW,RETRY,AUTO,RECOVERED,0,2,2026-08-27T19:16:04.050380
CASE-2257,TRANSACTION,TX-5A758631,CUST-1206,4681.23,FAILED_PAYMENT,54,MEDIUM,RETRY,HUMAN,AWAITING_APPROVAL,0,2,2026-08-27T15:16:04.050380
CASE-2258,TRANSACTION,TX-97F41D4A,CUST-1026,11682.23,FAILED_PAYMENT,60,MEDIUM,RETRY,HUMAN,AWAITING_APPROVAL,0,2,2026-08-27T13:16:04.050380
CASE-2259,TRANSACTION,TX-89B7F399,CUST-1156,1181.23,FAILED_PAYMENT,66,MEDIUM,RETRY,HUMAN,AWAITING_APPROVAL,0,2,2026-08-27T05:16:04.050380
CASE-2260,TRANSACTION,TX-5C664B29,CUST-1051,11682.23,FAILED_PAYMENT,88,MEDIUM,RETRY,HUMAN,AWAITING_APPROVAL,0,2,2026-08-27T17:16:04.050380
CASE-2261,TRANSACTION,TX-19AB056C,CUST-1165,11682.23,FAILED_PAYMENT,73,MEDIUM,RETRY,HUMAN,AWAITING_APPROVAL,0,2,2026-08-27T10:16:04.050380
CASE-2262,TRANSACTION,TX-347BB657,CUST-1046,7182.23,FAILED_PAYMENT,86,MEDIUM,RETRY,HUMAN,AWAITING_APPROVAL,0,2,2026-08-27T23:16:04.050380
CASE-2263,TRANSACTION,TX-9B5A30CF,CUST-1265,4681.23,FAILED_PAYMENT,92,LOW,RETRY,AUTO,RECOVERED,0,2,2026-08-27T04:16:04.050380
CASE-2264,TRANSACTION,TX-8C160F0F,CUST-1160,2181.23,FAILED_PAYMENT,49,MEDIUM,RETRY,HUMAN,AWAITING_APPROVAL,0,2,2026-08-27T03:16:04.050380
CASE-2265,TRANSACTION,TX-47AB448B,CUST-1089,7182.23,FAILED_PAYMENT,46,MEDIUM,RETRY,HUMAN,AWAITING_APPROVAL,0,2,2026-08-28T09:16:04.050380
CASE-2266,TRANSACTION,TX-3B57BF78,CUST-1234,2181.23,FAILED_PAYMENT,47,MEDIUM,RETRY,HUMAN,AWAITING_APPROVAL,0,2,2026-08-26T15:16:04.050380
CASE-2267,TRANSACTION,TX-FB974C05,CUST-1189,2181.23,FAILED_PAYMENT,62,MEDIUM,RETRY,HUMAN,AWAITING_APPROVAL,0,2,2026-08-27T11:16:04.050380
CASE-2268,TRANSACTION,TX-2ABC6B49,CUST-1016,11682.23,FAILED_PAYMENT,52,MEDIUM,RETRY,HUMAN,AWAITING_APPROVAL,0,2,2026-08-27T05:16:04.050380
CASE-2269,TRANSACTION,TX-1316EF21,CUST-1091,7182.23,FAILED_PAYMENT,73,MEDIUM,RETRY,HUMAN,AWAITING_APPROVAL,0,2,2026-08-27T01:16:04.050380
CASE-2270,TRANSACTION,TX-408C7E4B,CUST-1084,3681.23,FAILED_PAYMENT,67,MEDIUM,RETRY,HUMAN,AWAITING_APPROVAL,0,2,2026-08-26T16:16:04.050380
CASE-2271,TRANSACTION,TX-D55CF135,CUST-1015,1181.23,FAILED_PAYMENT,63,MEDIUM,RETRY,HUMAN,AWAITING_APPROVAL,0,2,2026-08-28T02:16:04.050380
CASE-2272,TRANSACTION,TX-224EF6C5,CUST-1110,7182.23,FAILED_PAYMENT,94,MEDIUM,RETRY,HUMAN,AWAITING_APPROVAL,0,2,2026-08-27T22:16:04.052420
CASE-2273,TRANSACTION,TX-C2B06572,CUST-1138,11682.23,FAILED_PAYMENT,58,MEDIUM,RETRY,HUMAN,AWAITING_APPROVAL,0,2,2026-08-28T11:16:04.052420
CASE-2274,TRANSACTION,TX-8A285F6C,CUST-1243,11682.23,FAILED_PAYMENT,45,MEDIUM,RETRY,HUMAN,AWAITING_APPROVAL,0,2,2026-08-28T01:16:04.052420
CASE-2275,TRANSACTION,TX-CAFB44DF,CUST-1115,7182.23,FAILED_PAYMENT,45,MEDIUM,RETRY,HUMAN,AWAITING_APPROVAL,0,2,2026-08-27T17:16:04.052420
CASE-2276,TRANSACTION,TX-CD4FA5E3,CUST-1141,11682.23,FAILED_PAYMENT,90,MEDIUM,RETRY,HUMAN,AWAITING_APPROVAL,0,2,2026-08-27T14:16:04.052420
CASE-2277,TRANSACTION,TX-2454CAFA,CUST-1112,4681.23,FAILED_PAYMENT,61,MEDIUM,RETRY,HUMAN,AWAITING_APPROVAL,0,2,2026-08-26T17:16:04.053260
CASE-2278,TRANSACTION,TX-9878F618,CUST-1204,7182.23,FAILED_PAYMENT,84,MEDIUM,RETRY,HUMAN,AWAITING_APPROVAL,0,2,2026-08-27T04:16:04.053260
CASE-2279,TRANSACTION,TX-D5E476C8,CUST-1288,11682.23,FAILED_PAYMENT,68,MEDIUM,RETRY,HUMAN,AWAITING_APPROVAL,0,2,2026-08-26T17:16:04.053260
CASE-2280,TRANSACTION,TX-CAF7D31C,CUST-1033,1181.23,FAILED_PAYMENT,75,MEDIUM,RETRY,HUMAN,AWAITING_APPROVAL,0,2,2026-08-26T20:16:04.053260
CASE-2281,TRANSACTION,TX-E72BF1A4,CUST-1134,3681.23,FAILED_PAYMENT,62,MEDIUM,RETRY,HUMAN,AWAITING_APPROVAL,0,2,2026-08-28T03:16:04.053260
CASE-2282,TRANSACTION,TX-DAAAB676,CUST-1124,7182.23,FAILED_PAYMENT,93,MEDIUM,RETRY,HUMAN,AWAITING_APPROVAL,0,2,2026-08-27T11:16:04.053260
CASE-2283,TRANSACTION,TX-749D2BD9,CUST-1072,11682.23,FAILED_PAYMENT,65,MEDIUM,RETRY,HUMAN,AWAITING_APPROVAL,0,2,2026-08-27T05:16:04.053260
CASE-2284,TRANSACTION,TX-A42D9061,CUST-1215,3681.23,FAILED_PAYMENT,61,MEDIUM,RETRY,HUMAN,AWAITING_APPROVAL,0,2,2026-08-26T13:16:04.053260
CASE-2285,TRANSACTION,TX-C634E8D8,CUST-1293,1181.23,FAILED_PAYMENT,82,LOW,RETRY,AUTO,RECOVERED,0,2,2026-08-26T14:16:04.053260
CASE-2286,TRANSACTION,TX-F966DB0F,CUST-1274,11682.23,FAILED_PAYMENT,59,MEDIUM,RETRY,HUMAN,AWAITING_APPROVAL,0,2,2026-08-27T14:16:04.053260
CASE-2287,TRANSACTION,TX-6D4711F2,CUST-1088,7182.23,FAILED_PAYMENT,64,MEDIUM,RETRY,HUMAN,AWAITING_APPROVAL,0,2,2026-08-28T06:16:04.053260
CASE-2288,TRANSACTION,TX-81466A24,CUST-1133,4681.23,FAILED_PAYMENT,53,MEDIUM,RETRY,HUMAN,AWAITING_APPROVAL,0,2,2026-08-27T15:16:04.053260
CASE-2289,TRANSACTION,TX-6D918866,CUST-1114,11682.23,FAILED_PAYMENT,50,MEDIUM,RETRY,HUMAN,AWAITING_APPROVAL,0,2,2026-08-26T13:16:04.053260
CASE-2290,TRANSACTION,TX-C562B555,CUST-1170,3681.23,FAILED_PAYMENT,71,MEDIUM,RETRY,HUMAN,AWAITING_APPROVAL,0,2,2026-08-26T23:16:04.055408
CASE-2291,TRANSACTION,TX-865808F4,CUST-1061,3681.23,FAILED_PAYMENT,74,MEDIUM,RETRY,HUMAN,AWAITING_APPROVAL,0,2,2026-08-26T20:16:04.055408
CASE-2292,TRANSACTION,TX-52E8631B,CUST-1037,7182.23,FAILED_PAYMENT,82,MEDIUM,RETRY,HUMAN,AWAITING_APPROVAL,0,2,2026-08-27T04:16:04.055408
CASE-2293,TRANSACTION,TX-E38B7A2D,CUST-1153,1181.23,FAILED_PAYMENT,88,LOW,RETRY,AUTO,RECOVERED,0,2,2026-08-28T03:16:04.055408
CASE-2294,TRANSACTION,TX-1D208663,CUST-1176,2181.23,FAILED_PAYMENT,57,MEDIUM,RETRY,HUMAN,AWAITING_APPROVAL,0,2,2026-08-27T07:16:04.055408
CASE-2295,TRANSACTION,TX-161C0E4C,CUST-1093,2181.23,FAILED_PAYMENT,65,MEDIUM,RETRY,HUMAN,AWAITING_APPROVAL,0,2,2026-08-27T15:16:04.055408
CASE-2296,TRANSACTION,TX-A2B6C755,CUST-1161,11682.23,FAILED_PAYMENT,56,MEDIUM,RETRY,HUMAN,AWAITING_APPROVAL,0,2,2026-08-27T08:16:04.055408
CASE-2297,TRANSACTION,TX-31580DA7,CUST-1087,3681.23,FAILED_PAYMENT,58,MEDIUM,RETRY,HUMAN,AWAITING_APPROVAL,0,2,2026-08-28T07:16:04.055408
CASE-2298,TRANSACTION,TX-0A82A930,CUST-1220,2181.23,FAILED_PAYMENT,84,LOW,RETRY,AUTO,RECOVERED,0,2,2026-08-27T06:16:04.055408
CASE-2299,TRANSACTION,TX-4DF4AEE2,CUST-1020,4681.23,FAILED_PAYMENT,45,MEDIUM,RETRY,HUMAN,AWAITING_APPROVAL,0,2,2026-08-27T13:16:04.055408
CASE-2300,TRANSACTION,TX-935899D8,CUST-1272,1181.23,FAILED_PAYMENT,65,MEDIUM,RETRY,HUMAN,AWAITING_APPROVAL,0,2,2026-08-26T17:16:04.055408
CASE-2301,TRANSACTION,TX-77FCA126,CUST-1116,1181.23,FAILED_PAYMENT,85,LOW,RETRY,AUTO,RECOVERED,0,2,2026-08-28T04:16:04.055408
CASE-2302,TRANSACTION,TX-D0FA418F,CUST-1258,1181.23,FAILED_PAYMENT,69,MEDIUM,RETRY,HUMAN,AWAITING_APPROVAL,0,2,2026-08-28T08:16:04.055408
CASE-2303,TRANSACTION,TX-8A1A0E25,CUST-1149,1181.23,FAILED_PAYMENT,64,MEDIUM,RETRY,HUMAN,AWAITING_APPROVAL,0,2,2026-08-27T03:16:04.055408
CASE-2304,TRANSACTION,TX-6E3F6EE6,CUST-1173,7182.23,FAILED_PAYMENT,78,MEDIUM,RETRY,HUMAN,AWAITING_APPROVAL,0,2,2026-08-28T04:16:04.055408
CASE-2305,TRANSACTION,TX-34068791,CUST-1184,3681.23,FAILED_PAYMENT,76,MEDIUM,RETRY,HUMAN,AWAITING_APPROVAL,0,2,2026-08-27T11:16:04.055408
CASE-2306,TRANSACTION,TX-B548E299,CUST-1115,1181.23,FAILED_PAYMENT,59,MEDIUM,RETRY,HUMAN,AWAITING_APPROVAL,0,2,2026-08-26T14:16:04.055408
CASE-2307,TRANSACTION,TX-B5182FB0,CUST-1064,1181.23,FAILED_PAYMENT,82,LOW,RETRY,AUTO,RECOVERED,0,2,2026-08-26T19:16:04.055408
CASE-2308,TRANSACTION,TX-4F834835,CUST-1131,1181.23,FAILED_PAYMENT,69,MEDIUM,RETRY,HUMAN,AWAITING_APPROVAL,0,2,2026-08-28T09:16:04.055408
CASE-2309,TRANSACTION,TX-ABD9FA2D,CUST-1011,11682.23,FAILED_PAYMENT,51,MEDIUM,RETRY,HUMAN,AWAITING_APPROVAL,0,2,2026-08-28T05:16:04.055408
CASE-2310,TRANSACTION,TX-4D9005BE,CUST-1195,4681.23,FAILED_PAYMENT,73,MEDIUM,RETRY,HUMAN,AWAITING_APPROVAL,0,2,2026-08-27T20:16:04.055408
CASE-2311,TRANSACTION,TX-B40E4D26,CUST-1005,4681.23,FAILED_PAYMENT,89,LOW,RETRY,AUTO,RECOVERED,0,2,2026-08-26T18:16:04.055408
CASE-2312,TRANSACTION,TX-0B943D00,CUST-1071,1181.23,FAILED_PAYMENT,87,LOW,RETRY,AUTO,RECOVERED,0,2,2026-08-27T04:16:04.055408
CASE-2313,TRANSACTION,TX-19F57296,CUST-1061,11682.23,FAILED_PAYMENT,84,MEDIUM,RETRY,HUMAN,AWAITING_APPROVAL,0,2,2026-08-28T06:16:04.055408
CASE-2314,TRANSACTION,TX-0FF7EC9A,CUST-1103,4681.23,FAILED_PAYMENT,57,MEDIUM,RETRY,HUMAN,AWAITING_APPROVAL,0,2,2026-08-28T00:16:04.055408
CASE-2315,TRANSACTION,TX-96AA70B5,CUST-1083,3681.23,FAILED_PAYMENT,90,LOW,RETRY,AUTO,RECOVERED,0,2,2026-08-27T05:16:04.055408
CASE-2316,TRANSACTION,TX-3D7DF81E,CUST-1170,2181.23,FAILED_PAYMENT,89,LOW,RETRY,AUTO,BLOCKED,0,2,2026-08-28T12:16:04.055408
CASE-2317,TRANSACTION,TX-75888452,CUST-1057,11682.23,FAILED_PAYMENT,50,MEDIUM,RETRY,HUMAN,AWAITING_APPROVAL,0,2,2026-08-28T07:16:04.055408
CASE-2318,TRANSACTION,TX-D89E0982,CUST-1052,7182.23,FAILED_PAYMENT,49,MEDIUM,RETRY,HUMAN,AWAITING_APPROVAL,0,2,2026-08-27T22:16:04.055408
CASE-2319,TRANSACTION,TX-090ADE22,CUST-1136,4681.23,FAILED_PAYMENT,63,MEDIUM,RETRY,HUMAN,AWAITING_APPROVAL,0,2,2026-08-28T06:16:04.055408
CASE-2320,TRANSACTION,TX-53F1A627,CUST-1149,2181.23,FAILED_PAYMENT,47,MEDIUM,RETRY,HUMAN,AWAITING_APPROVAL,0,2,2026-08-27T16:16:04.055408
CASE-2321,TRANSACTION,TX-11F984E7,CUST-1024,4681.23,FAILED_PAYMENT,92,LOW,RETRY,AUTO,RECOVERED,0,2,2026-08-26T18:16:04.055408
CASE-2322,TRANSACTION,TX-FAC98B6F,CUST-1169,11682.23,FAILED_PAYMENT,55,MEDIUM,RETRY,HUMAN,AWAITING_APPROVAL,0,2,2026-08-26T21:16:04.055408
CASE-2323,TRANSACTION,TX-61B408BB,CUST-1176,3681.23,FAILED_PAYMENT,91,LOW,RETRY,AUTO,RECOVERED,0,2,2026-08-27T11:16:04.055408
CASE-2324,TRANSACTION,TX-0EE78E2B,CUST-1140,4681.23,FAILED_PAYMENT,74,MEDIUM,RETRY,HUMAN,AWAITING_APPROVAL,0,2,2026-08-27T06:16:04.055408
CASE-2325,TRANSACTION,TX-06407674,CUST-1086,4681.23,FAILED_PAYMENT,86,LOW,RETRY,AUTO,BLOCKED,0,2,2026-08-26T16:16:04.055408
CASE-2326,TRANSACTION,TX-8ACFBBB7,CUST-1082,11682.23,FAILED_PAYMENT,48,MEDIUM,RETRY,HUMAN,AWAITING_APPROVAL,0,2,2026-08-26T23:16:04.055408
CASE-2327,TRANSACTION,TX-84656051,CUST-1093,4681.23,FAILED_PAYMENT,81,LOW,RETRY,AUTO,RECOVERED,0,2,2026-08-26T21:16:04.055408
CASE-2328,TRANSACTION,TX-3C07C8CE,CUST-1067,1181.23,FAILED_PAYMENT,88,LOW,RETRY,AUTO,BLOCKED,0,2,2026-08-28T05:16:04.055408
CASE-2329,TRANSACTION,TX-14B25827,CUST-1024,4681.23,FAILED_PAYMENT,73,MEDIUM,RETRY,HUMAN,AWAITING_APPROVAL,0,2,2026-08-26T19:16:04.055408
CASE-2330,TRANSACTION,TX-1DE7900D,CUST-1269,3681.23,FAILED_PAYMENT,45,MEDIUM,RETRY,HUMAN,AWAITING_APPROVAL,0,2,2026-08-27T15:16:04.055408
CASE-2331,TRANSACTION,TX-7079A67A,CUST-1049,7182.23,FAILED_PAYMENT,78,MEDIUM,RETRY,HUMAN,AWAITING_APPROVAL,0,2,2026-08-26T14:16:04.055408
CASE-2332,TRANSACTION,TX-F14CBDA2,CUST-1178,2181.23,FAILED_PAYMENT,75,MEDIUM,RETRY,HUMAN,AWAITING_APPROVAL,0,2,2026-08-27T01:16:04.055408
CASE-2333,TRANSACTION,TX-D78F4E74,CUST-1006,7182.23,FAILED_PAYMENT,48,MEDIUM,RETRY,HUMAN,AWAITING_APPROVAL,0,2,2026-08-27T06:16:04.055408
CASE-2334,TRANSACTION,TX-C335B41F,CUST-1039,4681.23,FAILED_PAYMENT,55,MEDIUM,RETRY,HUMAN,AWAITING_APPROVAL,0,2,2026-08-27T21:16:04.055408
CASE-2335,TRANSACTION,TX-440B881B,CUST-1026,3681.23,FAILED_PAYMENT,62,MEDIUM,RETRY,HUMAN,AWAITING_APPROVAL,0,2,2026-08-26T19:16:04.055408
CASE-2336,TRANSACTION,TX-84EE06D7,CUST-1121,4681.23,FAILED_PAYMENT,70,MEDIUM,RETRY,HUMAN,AWAITING_APPROVAL,0,2,2026-08-27T08:16:04.055408
CASE-2337,TRANSACTION,TX-788C7388,CUST-1046,7182.23,FAILED_PAYMENT,73,MEDIUM,RETRY,HUMAN,AWAITING_APPROVAL,0,2,2026-08-27T16:16:04.055408
CASE-2338,TRANSACTION,TX-18A19B7D,CUST-1010,1181.23,FAILED_PAYMENT,76,MEDIUM,RETRY,HUMAN,AWAITING_APPROVAL,0,2,2026-08-27T10:16:04.055408
CASE-2339,TRANSACTION,TX-3E0C98DE,CUST-1047,1181.23,FAILED_PAYMENT,80,LOW,RETRY,AUTO,RECOVERED,0,2,2026-08-27T01:16:04.055408
CASE-2340,TRANSACTION,TX-83E12716,CUST-1175,2181.23,FAILED_PAYMENT,86,LOW,RETRY,AUTO,RECOVERED,0,2,2026-08-27T22:16:04.055408
CASE-2341,TRANSACTION,TX-E090157F,CUST-1287,4681.23,FAILED_PAYMENT,66,MEDIUM,RETRY,HUMAN,AWAITING_APPROVAL,0,2,2026-08-26T18:16:04.055408
CASE-2342,TRANSACTION,TX-F64C4EF2,CUST-1050,3681.23,FAILED_PAYMENT,90,LOW,RETRY,AUTO,RECOVERED,0,2,2026-08-27T15:16:04.055408
CASE-2343,TRANSACTION,TX-B2ED5E20,CUST-1150,3681.23,FAILED_PAYMENT,85,LOW,RETRY,AUTO,BLOCKED,0,2,2026-08-28T06:16:04.055408
CASE-2344,TRANSACTION,TX-78FB8F35,CUST-1253,1181.23,FAILED_PAYMENT,55,MEDIUM,RETRY,HUMAN,AWAITING_APPROVAL,0,2,2026-08-26T13:16:04.055408
CASE-2345,TRANSACTION,TX-37AD7469,CUST-1055,11682.23,FAILED_PAYMENT,71,MEDIUM,RETRY,HUMAN,AWAITING_APPROVAL,0,2,2026-08-28T00:16:04.055408
CASE-2346,TRANSACTION,TX-C2CACE76,CUST-1202,2181.23,FAILED_PAYMENT,52,MEDIUM,RETRY,HUMAN,AWAITING_APPROVAL,0,2,2026-08-28T00:16:04.055408
CASE-2347,TRANSACTION,TX-A51DC58A,CUST-1056,11682.23,FAILED_PAYMENT,66,MEDIUM,RETRY,HUMAN,AWAITING_APPROVAL,0,2,2026-08-26T20:16:04.055408
CASE-2348,TRANSACTION,TX-E43CBAFB,CUST-1064,11682.23,FAILED_PAYMENT,82,MEDIUM,RETRY,HUMAN,AWAITING_APPROVAL,0,2,2026-08-26T18:16:04.055408
CASE-2349,TRANSACTION,TX-ECF80890,CUST-1069,7182.23,FAILED_PAYMENT,77,MEDIUM,RETRY,HUMAN,AWAITING_APPROVAL,0,2,2026-08-27T03:16:04.055408
CASE-2350,TRANSACTION,TX-469C6F8B,CUST-1284,11682.23,FAILED_PAYMENT,48,MEDIUM,RETRY,HUMAN,AWAITING_APPROVAL,0,2,2026-08-27T06:16:04.055408
CASE-2351,TRANSACTION,TX-4BEB977E,CUST-1091,7182.23,FAILED_PAYMENT,94,MEDIUM,RETRY,HUMAN,AWAITING_APPROVAL,0,2,2026-08-28T04:16:04.055408
CASE-2352,TRANSACTION,TX-0F528999,CUST-1165,1181.23,FAILED_PAYMENT,69,MEDIUM,RETRY,HUMAN,AWAITING_APPROVAL,0,2,2026-08-26T22:16:04.055408
CASE-2353,TRANSACTION,TX-ED027753,CUST-1128,11682.23,FAILED_PAYMENT,93,MEDIUM,RETRY,HUMAN,AWAITING_APPROVAL,0,2,2026-08-27T15:16:04.055408
CASE-2354,TRANSACTION,TX-02A44248,CUST-1069,3681.23,FAILED_PAYMENT,73,MEDIUM,RETRY,HUMAN,AWAITING_APPROVAL,0,2,2026-08-26T22:16:04.055408
CASE-2355,TRANSACTION,TX-588E8757,CUST-1263,11682.23,FAILED_PAYMENT,92,MEDIUM,RETRY,HUMAN,AWAITING_APPROVAL,0,2,2026-08-27T01:16:04.055408
CASE-2356,TRANSACTION,TX-338C1407,CUST-1284,3681.23,FAILED_PAYMENT,90,LOW,RETRY,AUTO,RECOVERED,0,2,2026-08-27T23:16:04.055408
CASE-2357,TRANSACTION,TX-717D8602,CUST-1149,7182.23,FAILED_PAYMENT,90,MEDIUM,RETRY,HUMAN,AWAITING_APPROVAL,0,2,2026-08-28T04:16:04.055408
CASE-2358,TRANSACTION,TX-43FB393A,CUST-1092,11682.23,FAILED_PAYMENT,86,MEDIUM,RETRY,HUMAN,AWAITING_APPROVAL,0,2,2026-08-28T05:16:04.055408
CASE-2359,TRANSACTION,TX-4F56BF68,CUST-1293,3681.23,FAILED_PAYMENT,80,LOW,RETRY,AUTO,RECOVERED,0,2,2026-08-26T13:16:04.055408
CASE-2360,TRANSACTION,TX-AA979A54,CUST-1217,7182.23,FAILED_PAYMENT,63,MEDIUM,RETRY,HUMAN,AWAITING_APPROVAL,0,2,2026-08-28T06:16:04.055408
CASE-2361,TRANSACTION,TX-CBAE29B5,CUST-1075,1181.23,FAILED_PAYMENT,69,MEDIUM,RETRY,HUMAN,AWAITING_APPROVAL,0,2,2026-08-28T09:16:04.055408
CASE-2362,TRANSACTION,TX-BB244E86,CUST-1083,2181.23,FAILED_PAYMENT,62,MEDIUM,RETRY,HUMAN,AWAITING_APPROVAL,0,2,2026-08-27T20:16:04.055408
CASE-2363,TRANSACTION,TX-E9661297,CUST-1152,2181.23,FAILED_PAYMENT,48,MEDIUM,RETRY,HUMAN,AWAITING_APPROVAL,0,2,2026-08-28T10:16:04.055408
CASE-2364,TRANSACTION,TX-65046273,CUST-1053,3681.23,FAILED_PAYMENT,73,MEDIUM,RETRY,HUMAN,AWAITING_APPROVAL,0,2,2026-08-26T19:16:04.055408
CASE-2365,TRANSACTION,TX-E84B7469,CUST-1122,7182.23,FAILED_PAYMENT,69,MEDIUM,RETRY,HUMAN,AWAITING_APPROVAL,0,2,2026-08-26T18:16:04.055408
CASE-2366,TRANSACTION,TX-604E5AC6,CUST-1199,1181.23,FAILED_PAYMENT,69,MEDIUM,RETRY,HUMAN,AWAITING_APPROVAL,0,2,2026-08-27T16:16:04.055408
CASE-2367,TRANSACTION,TX-0E6B0E91,CUST-1007,7182.23,FAILED_PAYMENT,48,MEDIUM,RETRY,HUMAN,AWAITING_APPROVAL,0,2,2026-08-26T21:16:04.055408
CASE-2368,TRANSACTION,TX-D023F38B,CUST-1189,4681.23,FAILED_PAYMENT,59,MEDIUM,RETRY,HUMAN,AWAITING_APPROVAL,0,2,2026-08-28T00:16:04.065175
CASE-2369,TRANSACTION,TX-7E310469,CUST-1091,3681.23,FAILED_PAYMENT,73,MEDIUM,RETRY,HUMAN,AWAITING_APPROVAL,0,2,2026-08-28T01:16:04.065175
CASE-2370,TRANSACTION,TX-A8BD67ED,CUST-1062,11682.23,FAILED_PAYMENT,77,MEDIUM,RETRY,HUMAN,AWAITING_APPROVAL,0,2,2026-08-27T09:16:04.065175
CASE-2371,TRANSACTION,TX-5E2EF645,CUST-1083,3681.23,FAILED_PAYMENT,80,LOW,RETRY,AUTO,RECOVERED,0,2,2026-08-27T15:16:04.065175
CASE-2372,TRANSACTION,TX-F818C443,CUST-1021,4681.23,FAILED_PAYMENT,90,LOW,RETRY,AUTO,BLOCKED,0,2,2026-08-26T22:16:04.065175
CASE-2373,TRANSACTION,TX-69C93DDE,CUST-1155,1181.23,FAILED_PAYMENT,94,LOW,RETRY,AUTO,BLOCKED,0,2,2026-08-27T01:16:04.065175
CASE-2374,TRANSACTION,TX-B182AEDF,CUST-1163,3681.23,FAILED_PAYMENT,49,MEDIUM,RETRY,HUMAN,AWAITING_APPROVAL,0,2,2026-08-27T03:16:04.065175
CASE-2375,TRANSACTION,TX-CEE6DAA1,CUST-1213,1181.23,FAILED_PAYMENT,95,LOW,RETRY,AUTO,RECOVERED,0,2,2026-08-27T14:16:04.065175
CASE-2376,TRANSACTION,TX-611679FC,CUST-1170,2181.23,FAILED_PAYMENT,58,MEDIUM,RETRY,HUMAN,AWAITING_APPROVAL,0,2,2026-08-27T18:16:04.065175
CASE-2377,TRANSACTION,TX-2D94D596,CUST-1244,2181.23,FAILED_PAYMENT,93,LOW,RETRY,AUTO,RECOVERED,0,2,2026-08-26T18:16:04.065175
CASE-2378,TRANSACTION,TX-7253B954,CUST-1124,3681.23,FAILED_PAYMENT,73,MEDIUM,RETRY,HUMAN,AWAITING_APPROVAL,0,2,2026-08-26T17:16:04.065175
CASE-2379,TRANSACTION,TX-9C046471,CUST-1059,3681.23,FAILED_PAYMENT,69,MEDIUM,RETRY,HUMAN,AWAITING_APPROVAL,0,2,2026-08-27T02:16:04.065175
CASE-2380,TRANSACTION,TX-994FDFFE,CUST-1013,11682.23,FAILED_PAYMENT,63,MEDIUM,RETRY,HUMAN,AWAITING_APPROVAL,0,2,2026-08-27T04:16:04.065175
CASE-2381,TRANSACTION,TX-33541531,CUST-1023,4681.23,FAILED_PAYMENT,76,MEDIUM,RETRY,HUMAN,AWAITING_APPROVAL,0,2,2026-08-28T00:16:04.066571
CASE-2382,TRANSACTION,TX-AE4FBAAD,CUST-1043,3681.23,FAILED_PAYMENT,77,MEDIUM,RETRY,HUMAN,AWAITING_APPROVAL,0,2,2026-08-27T02:16:04.066571
CASE-2383,TRANSACTION,TX-5AE83F40,CUST-1034,7182.23,FAILED_PAYMENT,45,MEDIUM,RETRY,HUMAN,AWAITING_APPROVAL,0,2,2026-08-26T20:16:04.066571
CASE-2384,TRANSACTION,TX-50FD6E0C,CUST-1054,2181.23,FAILED_PAYMENT,88,LOW,RETRY,AUTO,RECOVERED,0,2,2026-08-26T16:16:04.066571
CASE-2385,TRANSACTION,TX-E36413FF,CUST-1223,11682.23,FAILED_PAYMENT,94,MEDIUM,RETRY,HUMAN,AWAITING_APPROVAL,0,2,2026-08-26T17:16:04.066571
CASE-2386,TRANSACTION,TX-C2D242D4,CUST-1236,2181.23,FAILED_PAYMENT,46,MEDIUM,RETRY,HUMAN,AWAITING_APPROVAL,0,2,2026-08-28T07:16:04.066571
CASE-2387,TRANSACTION,TX-07A39913,CUST-1092,1181.23,FAILED_PAYMENT,48,MEDIUM,RETRY,HUMAN,AWAITING_APPROVAL,0,2,2026-08-28T08:16:04.066571
CASE-2388,TRANSACTION,TX-9070E0A9,CUST-1133,7182.23,FAILED_PAYMENT,59,MEDIUM,RETRY,HUMAN,AWAITING_APPROVAL,0,2,2026-08-27T08:16:04.066571
CASE-2389,TRANSACTION,TX-4B833100,CUST-1222,11682.23,FAILED_PAYMENT,70,MEDIUM,RETRY,HUMAN,AWAITING_APPROVAL,0,2,2026-08-27T12:16:04.066571
CASE-2390,TRANSACTION,TX-C79295B2,CUST-1274,11682.23,FAILED_PAYMENT,52,MEDIUM,RETRY,HUMAN,AWAITING_APPROVAL,0,2,2026-08-26T14:16:04.066571
CASE-2391,TRANSACTION,TX-2DAADA86,CUST-1300,7182.23,FAILED_PAYMENT,49,MEDIUM,RETRY,HUMAN,AWAITING_APPROVAL,0,2,2026-08-28T08:16:04.066571
CASE-2392,TRANSACTION,TX-E9D4BC40,CUST-1055,3681.23,FAILED_PAYMENT,77,MEDIUM,RETRY,HUMAN,AWAITING_APPROVAL,0,2,2026-08-27T17:16:04.066571
CASE-2393,TRANSACTION,TX-5302F50C,CUST-1145,7182.23,FAILED_PAYMENT,50,MEDIUM,RETRY,HUMAN,AWAITING_APPROVAL,0,2,2026-08-27T11:16:04.066571
CASE-2394,TRANSACTION,TX-6691A39F,CUST-1243,11682.23,FAILED_PAYMENT,46,MEDIUM,RETRY,HUMAN,AWAITING_APPROVAL,0,2,2026-08-27T22:16:04.066571
CASE-2395,TRANSACTION,TX-CEC91F93,CUST-1280,2181.23,FAILED_PAYMENT,92,LOW,RETRY,AUTO,RECOVERED,0,2,2026-08-28T03:16:04.066571
CASE-2396,TRANSACTION,TX-82605CA4,CUST-1192,3681.23,FAILED_PAYMENT,88,LOW,RETRY,AUTO,BLOCKED,0,2,2026-08-27T01:16:04.066571
CASE-2397,TRANSACTION,TX-2703F9A6,CUST-1022,2181.23,FAILED_PAYMENT,52,MEDIUM,RETRY,HUMAN,AWAITING_APPROVAL,0,2,2026-08-26T22:16:04.066571
CASE-2398,TRANSACTION,TX-19297EE2,CUST-1281,4681.23,FAILED_PAYMENT,79,MEDIUM,RETRY,HUMAN,AWAITING_APPROVAL,0,2,2026-08-27T23:16:04.068385
CASE-2399,TRANSACTION,TX-42D86A92,CUST-1177,11682.23,FAILED_PAYMENT,92,MEDIUM,RETRY,HUMAN,AWAITING_APPROVAL,0,2,2026-08-26T19:16:04.068385
CASE-2400,TRANSACTION,TX-7D9F2913,CUST-1095,2681.23,CHECKOUT_ABANDONMENT,60,LOW,REMIND,AUTO,OPEN,0,2,2026-08-27T20:16:04.068385
CASE-2401,TRANSACTION,TX-D5E3332B,CUST-1093,2681.23,CHECKOUT_ABANDONMENT,57,LOW,REMIND,AUTO,OPEN,0,2,2026-08-27T07:16:04.068385
CASE-2402,TRANSACTION,TX-62796E79,CUST-1035,882.23,CHECKOUT_ABANDONMENT,68,LOW,REMIND,AUTO,OPEN,0,2,2026-08-28T00:16:04.068927
CASE-2403,TRANSACTION,TX-1E040D89,CUST-1183,8182.23,CHECKOUT_ABANDONMENT,71,MEDIUM,REMIND,HUMAN,OPEN,0,2,2026-08-26T19:16:04.068927
CASE-2404,TRANSACTION,TX-06631A0A,CUST-1146,2681.23,CHECKOUT_ABANDONMENT,56,LOW,REMIND,AUTO,OPEN,0,2,2026-08-27T16:16:04.068927
CASE-2405,TRANSACTION,TX-1E5229A7,CUST-1169,8182.23,CHECKOUT_ABANDONMENT,78,MEDIUM,REMIND,HUMAN,OPEN,0,2,2026-08-26T23:16:04.068927
CASE-2406,TRANSACTION,TX-94AC8FEE,CUST-1291,2681.23,CHECKOUT_ABANDONMENT,86,LOW,REMIND,AUTO,OPEN,0,2,2026-08-27T09:16:04.068927
CASE-2407,TRANSACTION,TX-A7C28F85,CUST-1161,2681.23,CHECKOUT_ABANDONMENT,50,LOW,REMIND,AUTO,OPEN,0,2,2026-08-26T15:16:04.068927
CASE-2408,TRANSACTION,TX-F1D015B0,CUST-1185,8182.23,CHECKOUT_ABANDONMENT,67,MEDIUM,REMIND,HUMAN,OPEN,0,2,2026-08-26T14:16:04.068927
CASE-2409,TRANSACTION,TX-2DF04CAA,CUST-1237,4482.23,CHECKOUT_ABANDONMENT,80,LOW,REMIND,AUTO,OPEN,0,2,2026-08-27T17:16:04.068927
CASE-2410,TRANSACTION,TX-DAF1099B,CUST-1056,8182.23,CHECKOUT_ABANDONMENT,85,MEDIUM,REMIND,HUMAN,OPEN,0,2,2026-08-26T22:16:04.068927
CASE-2411,TRANSACTION,TX-448B75EF,CUST-1072,882.23,CHECKOUT_ABANDONMENT,67,LOW,REMIND,AUTO,OPEN,0,2,2026-08-26T14:16:04.069938
CASE-2412,TRANSACTION,TX-6804398F,CUST-1010,882.23,CHECKOUT_ABANDONMENT,54,LOW,REMIND,AUTO,OPEN,0,2,2026-08-26T23:16:04.069938
CASE-2413,TRANSACTION,TX-0BC6DA29,CUST-1109,8182.23,CHECKOUT_ABANDONMENT,87,MEDIUM,REMIND,HUMAN,OPEN,0,2,2026-08-27T20:16:04.069938
CASE-2414,TRANSACTION,TX-BAEFAFBE,CUST-1188,8182.23,CHECKOUT_ABANDONMENT,59,MEDIUM,REMIND,HUMAN,OPEN,0,2,2026-08-26T23:16:04.069938
CASE-2415,TRANSACTION,TX-97DAD29B,CUST-1238,4482.23,CHECKOUT_ABANDONMENT,58,LOW,REMIND,AUTO,OPEN,0,2,2026-08-27T13:16:04.069938
CASE-2416,TRANSACTION,TX-0E056BE7,CUST-1085,882.23,CHECKOUT_ABANDONMENT,65,LOW,REMIND,AUTO,OPEN,0,2,2026-08-28T02:16:04.069938
CASE-2417,TRANSACTION,TX-2D72AD19,CUST-1290,2681.23,CHECKOUT_ABANDONMENT,86,LOW,REMIND,AUTO,OPEN,0,2,2026-08-26T14:16:04.072015
CASE-2418,TRANSACTION,TX-6EF328BA,CUST-1021,8182.23,CHECKOUT_ABANDONMENT,72,MEDIUM,REMIND,HUMAN,OPEN,0,2,2026-08-27T22:16:04.072015
CASE-2419,TRANSACTION,TX-47214208,CUST-1190,882.23,CHECKOUT_ABANDONMENT,66,LOW,REMIND,AUTO,OPEN,0,2,2026-08-26T18:16:04.072015
CASE-2420,TRANSACTION,TX-6EA42703,CUST-1185,2681.23,CHECKOUT_ABANDONMENT,83,LOW,REMIND,AUTO,OPEN,0,2,2026-08-27T07:16:04.072015
CASE-2421,TRANSACTION,TX-4F24C96D,CUST-1166,882.23,CHECKOUT_ABANDONMENT,52,LOW,REMIND,AUTO,OPEN,0,2,2026-08-27T03:16:04.072015
CASE-2422,TRANSACTION,TX-D5D854D7,CUST-1297,4482.23,CHECKOUT_ABANDONMENT,66,LOW,REMIND,AUTO,OPEN,0,2,2026-08-26T19:16:04.072015
CASE-2423,TRANSACTION,TX-68376942,CUST-1040,8182.23,CHECKOUT_ABANDONMENT,73,MEDIUM,REMIND,HUMAN,OPEN,0,2,2026-08-27T22:16:04.072015
CASE-2424,TRANSACTION,TX-944A0C15,CUST-1177,8182.23,CHECKOUT_ABANDONMENT,72,MEDIUM,REMIND,HUMAN,OPEN,0,2,2026-08-26T22:16:04.072015
CASE-2425,TRANSACTION,TX-CD807120,CUST-1072,882.23,CHECKOUT_ABANDONMENT,82,LOW,REMIND,AUTO,OPEN,0,2,2026-08-27T22:16:04.072015
CASE-2426,TRANSACTION,TX-1B45D9D7,CUST-1144,882.23,CHECKOUT_ABANDONMENT,82,LOW,REMIND,AUTO,OPEN,0,2,2026-08-28T01:16:04.074025
CASE-2427,TRANSACTION,TX-9E1946E1,CUST-1061,2681.23,CHECKOUT_ABANDONMENT,73,LOW,REMIND,AUTO,OPEN,0,2,2026-08-27T15:16:04.074025
CASE-2428,TRANSACTION,TX-1B3ED412,CUST-1246,882.23,CHECKOUT_ABANDONMENT,80,LOW,REMIND,AUTO,OPEN,0,2,2026-08-26T23:16:04.074025
CASE-2429,TRANSACTION,TX-7B236776,CUST-1012,2681.23,CHECKOUT_ABANDONMENT,76,LOW,REMIND,AUTO,OPEN,0,2,2026-08-28T04:16:04.074025
CASE-2430,TRANSACTION,TX-36931894,CUST-1263,2681.23,CHECKOUT_ABANDONMENT,58,LOW,REMIND,AUTO,OPEN,0,2,2026-08-28T03:16:04.075035
CASE-2431,TRANSACTION,TX-60E4B5F2,CUST-1133,882.23,CHECKOUT_ABANDONMENT,60,LOW,REMIND,AUTO,OPEN,0,2,2026-08-27T11:16:04.075035
CASE-2432,TRANSACTION,TX-BB309B68,CUST-1044,882.23,CHECKOUT_ABANDONMENT,68,LOW,REMIND,AUTO,OPEN,0,2,2026-08-26T22:16:04.075035
CASE-2433,TRANSACTION,TX-D3BC33E7,CUST-1088,8182.23,CHECKOUT_ABANDONMENT,80,MEDIUM,REMIND,HUMAN,OPEN,0,2,2026-08-26T22:16:04.075035
CASE-2434,TRANSACTION,TX-33513BED,CUST-1094,2681.23,CHECKOUT_ABANDONMENT,87,LOW,REMIND,AUTO,OPEN,0,2,2026-08-26T14:16:04.075035
CASE-2435,TRANSACTION,TX-D815CB5F,CUST-1036,4482.23,CHECKOUT_ABANDONMENT,79,LOW,REMIND,AUTO,OPEN,0,2,2026-08-27T12:16:04.075035
CASE-2436,TRANSACTION,TX-A55401EB,CUST-1009,2681.23,CHECKOUT_ABANDONMENT,56,LOW,REMIND,AUTO,OPEN,0,2,2026-08-27T04:16:04.077129
CASE-2437,TRANSACTION,TX-FB7D1E3F,CUST-1050,8182.23,CHECKOUT_ABANDONMENT,59,MEDIUM,REMIND,HUMAN,OPEN,0,2,2026-08-26T21:16:04.077129
CASE-2438,TRANSACTION,TX-B16B3320,CUST-1258,882.23,CHECKOUT_ABANDONMENT,84,LOW,REMIND,AUTO,OPEN,0,2,2026-08-27T06:16:04.077129
CASE-2439,TRANSACTION,TX-E7653C9C,CUST-1277,2681.23,CHECKOUT_ABANDONMENT,88,LOW,REMIND,AUTO,OPEN,0,2,2026-08-26T19:16:04.077129
CASE-2440,TRANSACTION,TX-07D114F7,CUST-1216,8182.23,CHECKOUT_ABANDONMENT,83,MEDIUM,REMIND,HUMAN,OPEN,0,2,2026-08-26T16:16:04.077129
CASE-2441,TRANSACTION,TX-1A64C1A9,CUST-1247,8182.23,CHECKOUT_ABANDONMENT,64,MEDIUM,REMIND,HUMAN,OPEN,0,2,2026-08-26T23:16:04.077129
CASE-2442,TRANSACTION,TX-405378E1,CUST-1069,882.23,CHECKOUT_ABANDONMENT,77,LOW,REMIND,AUTO,OPEN,0,2,2026-08-27T22:16:04.077129
CASE-2443,TRANSACTION,TX-D495188A,CUST-1279,882.23,CHECKOUT_ABANDONMENT,68,LOW,REMIND,AUTO,OPEN,0,2,2026-08-28T00:16:04.077129
CASE-2444,TRANSACTION,TX-048C4520,CUST-1296,882.23,CHECKOUT_ABANDONMENT,50,LOW,REMIND,AUTO,OPEN,0,2,2026-08-28T12:16:04.077129
CASE-2445,TRANSACTION,TX-F6CA9A54,CUST-1162,8182.23,CHECKOUT_ABANDONMENT,63,MEDIUM,REMIND,HUMAN,OPEN,0,2,2026-08-28T06:16:04.079134
CASE-2446,TRANSACTION,TX-8999E894,CUST-1300,2681.23,CHECKOUT_ABANDONMENT,77,LOW,REMIND,AUTO,OPEN,0,2,2026-08-27T02:16:04.079134
CASE-2447,TRANSACTION,TX-77AF8EE3,CUST-1188,8182.23,CHECKOUT_ABANDONMENT,86,MEDIUM,REMIND,HUMAN,OPEN,0,2,2026-08-27T11:16:04.079134
CASE-2448,TRANSACTION,TX-59B70C2C,CUST-1283,2681.23,CHECKOUT_ABANDONMENT,76,LOW,REMIND,AUTO,OPEN,0,2,2026-08-27T13:16:04.079134
CASE-2449,TRANSACTION,TX-66CFD85F,CUST-1158,8182.23,CHECKOUT_ABANDONMENT,66,MEDIUM,REMIND,HUMAN,OPEN,0,2,2026-08-27T11:16:04.079134
CASE-2450,TRANSACTION,TX-9C43DA45,CUST-1118,2681.23,CHECKOUT_ABANDONMENT,57,LOW,REMIND,AUTO,OPEN,0,2,2026-08-28T02:16:04.079134
CASE-2451,TRANSACTION,TX-5FD09417,CUST-1261,882.23,CHECKOUT_ABANDONMENT,63,LOW,REMIND,AUTO,OPEN,0,2,2026-08-27T01:16:04.079134
CASE-2452,TRANSACTION,TX-CFDEE385,CUST-1200,882.23,CHECKOUT_ABANDONMENT,60,LOW,REMIND,AUTO,OPEN,0,2,2026-08-28T03:16:04.079134
CASE-2453,TRANSACTION,TX-8A655B8F,CUST-1223,8182.23,CHECKOUT_ABANDONMENT,88,MEDIUM,REMIND,HUMAN,OPEN,0,2,2026-08-27T20:16:04.079134
CASE-2454,TRANSACTION,TX-187474D1,CUST-1041,2681.23,CHECKOUT_ABANDONMENT,73,LOW,REMIND,AUTO,OPEN,0,2,2026-08-27T12:16:04.079134
CASE-2455,TRANSACTION,TX-6B79405B,CUST-1267,8182.23,CHECKOUT_ABANDONMENT,89,MEDIUM,REMIND,HUMAN,OPEN,0,2,2026-08-26T22:16:04.079134
CASE-2456,TRANSACTION,TX-E80A3BF5,CUST-1254,882.23,CHECKOUT_ABANDONMENT,61,LOW,REMIND,AUTO,OPEN,0,2,2026-08-28T00:16:04.081145
CASE-2457,TRANSACTION,TX-DFD84E65,CUST-1018,4482.23,CHECKOUT_ABANDONMENT,62,LOW,REMIND,AUTO,OPEN,0,2,2026-08-28T02:16:04.081145
CASE-2458,TRANSACTION,TX-BB0BD127,CUST-1123,882.23,CHECKOUT_ABANDONMENT,73,LOW,REMIND,AUTO,OPEN,0,2,2026-08-28T07:16:04.081145
CASE-2459,TRANSACTION,TX-EE8AF38D,CUST-1181,4482.23,CHECKOUT_ABANDONMENT,75,LOW,REMIND,AUTO,OPEN,0,2,2026-08-26T23:16:04.081145
CASE-2460,TRANSACTION,TX-FBAD9F9C,CUST-1008,2681.23,CHECKOUT_ABANDONMENT,83,LOW,REMIND,AUTO,OPEN,0,2,2026-08-27T01:16:04.081145
CASE-2461,TRANSACTION,TX-261CB25C,CUST-1299,4482.23,CHECKOUT_ABANDONMENT,85,LOW,REMIND,AUTO,OPEN,0,2,2026-08-27T19:16:04.081145
CASE-2462,TRANSACTION,TX-85CD59C6,CUST-1100,2681.23,CHECKOUT_ABANDONMENT,88,LOW,REMIND,AUTO,OPEN,0,2,2026-08-27T00:16:04.081145
CASE-2463,TRANSACTION,TX-4CAF1891,CUST-1090,882.23,CHECKOUT_ABANDONMENT,66,LOW,REMIND,AUTO,OPEN,0,2,2026-08-28T06:16:04.081145
CASE-2464,TRANSACTION,TX-11332E16,CUST-1151,882.23,CHECKOUT_ABANDONMENT,82,LOW,REMIND,AUTO,OPEN,0,2,2026-08-27T04:16:04.081145
CASE-2465,TRANSACTION,TX-8062740A,CUST-1295,4482.23,CHECKOUT_ABANDONMENT,84,LOW,REMIND,AUTO,OPEN,0,2,2026-08-27T08:16:04.081145
CASE-2466,TRANSACTION,TX-3BF1A072,CUST-1248,8182.23,CHECKOUT_ABANDONMENT,86,MEDIUM,REMIND,HUMAN,OPEN,0,2,2026-08-27T07:16:04.081145
CASE-2467,TRANSACTION,TX-25298369,CUST-1015,8182.23,CHECKOUT_ABANDONMENT,87,MEDIUM,REMIND,HUMAN,OPEN,0,2,2026-08-27T20:16:04.081145
CASE-2468,TRANSACTION,TX-52779F78,CUST-1113,882.23,CHECKOUT_ABANDONMENT,74,LOW,REMIND,AUTO,OPEN,0,2,2026-08-27T10:16:04.081145
CASE-2469,TRANSACTION,TX-C7B407BD,CUST-1275,4482.23,CHECKOUT_ABANDONMENT,83,LOW,REMIND,AUTO,OPEN,0,2,2026-08-27T20:16:04.081145
CASE-2470,TRANSACTION,TX-8E156AD2,CUST-1048,2681.23,CHECKOUT_ABANDONMENT,68,LOW,REMIND,AUTO,OPEN,0,2,2026-08-26T13:16:04.081145
CASE-2471,TRANSACTION,TX-4DB569CC,CUST-1284,4482.23,CHECKOUT_ABANDONMENT,54,LOW,REMIND,AUTO,OPEN,0,2,2026-08-27T16:16:04.081145
CASE-2472,TRANSACTION,TX-39615EB5,CUST-1294,4482.23,CHECKOUT_ABANDONMENT,63,LOW,REMIND,AUTO,OPEN,0,2,2026-08-26T13:16:04.081145
CASE-2473,TRANSACTION,TX-0D4053F1,CUST-1103,2681.23,CHECKOUT_ABANDONMENT,81,LOW,REMIND,AUTO,OPEN,0,2,2026-08-27T21:16:04.081145
CASE-2474,TRANSACTION,TX-CBE48782,CUST-1118,4482.23,CHECKOUT_ABANDONMENT,63,LOW,REMIND,AUTO,OPEN,0,2,2026-08-26T21:16:04.081145
CASE-2475,TRANSACTION,TX-E0263890,CUST-1055,4482.23,CHECKOUT_ABANDONMENT,59,LOW,REMIND,AUTO,OPEN,0,2,2026-08-26T17:16:04.081145
CASE-2476,TRANSACTION,TX-E0403FE9,CUST-1004,8182.23,CHECKOUT_ABANDONMENT,89,MEDIUM,REMIND,HUMAN,OPEN,0,2,2026-08-27T13:16:04.081145
CASE-2477,TRANSACTION,TX-50A2E5A1,CUST-1295,4482.23,CHECKOUT_ABANDONMENT,81,LOW,REMIND,AUTO,OPEN,0,2,2026-08-28T01:16:04.081145
CASE-2478,TRANSACTION,TX-D87CFFA2,CUST-1114,4482.23,CHECKOUT_ABANDONMENT,75,LOW,REMIND,AUTO,OPEN,0,2,2026-08-27T03:16:04.083152
CASE-2479,TRANSACTION,TX-4FE6BFE2,CUST-1277,8182.23,CHECKOUT_ABANDONMENT,80,MEDIUM,REMIND,HUMAN,OPEN,0,2,2026-08-27T14:16:04.083152
CASE-2480,TRANSACTION,TX-54D5EE35,CUST-1235,8182.23,CHECKOUT_ABANDONMENT,61,MEDIUM,REMIND,HUMAN,OPEN,0,2,2026-08-27T03:16:04.083152
CASE-2481,TRANSACTION,TX-A11AEBB2,CUST-1005,8182.23,CHECKOUT_ABANDONMENT,70,MEDIUM,REMIND,HUMAN,OPEN,0,2,2026-08-27T23:16:04.083152
CASE-2482,TRANSACTION,TX-C1E2B062,CUST-1052,8182.23,CHECKOUT_ABANDONMENT,87,MEDIUM,REMIND,HUMAN,OPEN,0,2,2026-08-26T21:16:04.083152
CASE-2483,TRANSACTION,TX-E2927433,CUST-1281,4482.23,CHECKOUT_ABANDONMENT,61,LOW,REMIND,AUTO,OPEN,0,2,2026-08-27T19:16:04.083152
CASE-2484,TRANSACTION,TX-3484EC74,CUST-1176,8182.23,CHECKOUT_ABANDONMENT,89,MEDIUM,REMIND,HUMAN,OPEN,0,2,2026-08-27T05:16:04.083152
CASE-2485,TRANSACTION,TX-7EEF6C9B,CUST-1215,8182.23,CHECKOUT_ABANDONMENT,63,MEDIUM,REMIND,HUMAN,OPEN,0,2,2026-08-27T11:16:04.083152
CASE-2486,TRANSACTION,TX-7F02FB8E,CUST-1093,4482.23,CHECKOUT_ABANDONMENT,78,LOW,REMIND,AUTO,OPEN,0,2,2026-08-26T17:16:04.083152
CASE-2487,TRANSACTION,TX-319C41CB,CUST-1139,2681.23,CHECKOUT_ABANDONMENT,56,LOW,REMIND,AUTO,OPEN,0,2,2026-08-27T09:16:04.083152
CASE-2488,TRANSACTION,TX-FA978583,CUST-1075,8182.23,CHECKOUT_ABANDONMENT,62,MEDIUM,REMIND,HUMAN,OPEN,0,2,2026-08-28T12:16:04.084160
CASE-2489,TRANSACTION,TX-E598B27F,CUST-1256,2681.23,CHECKOUT_ABANDONMENT,76,LOW,REMIND,AUTO,OPEN,0,2,2026-08-27T03:16:04.084160
CASE-2490,TRANSACTION,TX-57A81200,CUST-1154,4482.23,CHECKOUT_ABANDONMENT,81,LOW,REMIND,AUTO,OPEN,0,2,2026-08-27T00:16:04.084160
CASE-2491,TRANSACTION,TX-5BA31C2F,CUST-1051,882.23,CHECKOUT_ABANDONMENT,75,LOW,REMIND,AUTO,OPEN,0,2,2026-08-27T23:16:04.084160
CASE-2492,TRANSACTION,TX-F9254252,CUST-1050,4482.23,CHECKOUT_ABANDONMENT,80,LOW,REMIND,AUTO,OPEN,0,2,2026-08-27T15:16:04.085166
CASE-2493,TRANSACTION,TX-92BDFAF5,CUST-1185,4482.23,CHECKOUT_ABANDONMENT,73,LOW,REMIND,AUTO,OPEN,0,2,2026-08-28T11:16:04.085166
CASE-2494,TRANSACTION,TX-513E7AFC,CUST-1180,8182.23,CHECKOUT_ABANDONMENT,57,MEDIUM,REMIND,HUMAN,OPEN,0,2,2026-08-27T00:16:04.085166
CASE-2495,TRANSACTION,TX-05E314C2,CUST-1182,2681.23,CHECKOUT_ABANDONMENT,68,LOW,REMIND,AUTO,OPEN,0,2,2026-08-27T04:16:04.085166
CASE-2496,TRANSACTION,TX-0DE2E115,CUST-1041,8182.23,CHECKOUT_ABANDONMENT,78,MEDIUM,REMIND,HUMAN,OPEN,0,2,2026-08-27T18:16:04.085166
CASE-2497,TRANSACTION,TX-EA050A64,CUST-1075,8182.23,CHECKOUT_ABANDONMENT,90,MEDIUM,REMIND,HUMAN,OPEN,0,2,2026-08-27T15:16:04.085166
CASE-2498,TRANSACTION,TX-5BF41850,CUST-1293,8182.23,CHECKOUT_ABANDONMENT,90,MEDIUM,REMIND,HUMAN,OPEN,0,2,2026-08-28T07:16:04.085166
CASE-2499,TRANSACTION,TX-0FD182CA,CUST-1117,2681.23,CHECKOUT_ABANDONMENT,71,LOW,REMIND,AUTO,OPEN,0,2,2026-08-26T19:16:04.085166
CASE-2500,TRANSACTION,TX-578A0181,CUST-1203,4482.23,CHECKOUT_ABANDONMENT,67,LOW,REMIND,AUTO,OPEN,0,2,2026-08-27T13:16:04.085166
CASE-2501,TRANSACTION,TX-74676570,CUST-1086,8182.23,CHECKOUT_ABANDONMENT,76,MEDIUM,REMIND,HUMAN,OPEN,0,2,2026-08-28T04:16:04.086554
CASE-2502,TRANSACTION,TX-F4FA2A9A,CUST-1041,2681.23,CHECKOUT_ABANDONMENT,66,LOW,REMIND,AUTO,OPEN,0,2,2026-08-27T11:16:04.086554
CASE-2503,TRANSACTION,TX-43E825E3,CUST-1033,882.23,CHECKOUT_ABANDONMENT,56,LOW,REMIND,AUTO,OPEN,0,2,2026-08-28T09:16:04.086554
CASE-2504,TRANSACTION,TX-7D72A6DC,CUST-1269,882.23,CHECKOUT_ABANDONMENT,75,LOW,REMIND,AUTO,OPEN,0,2,2026-08-27T20:16:04.086554
CASE-2505,TRANSACTION,TX-3CCD9382,CUST-1200,2681.23,CHECKOUT_ABANDONMENT,55,LOW,REMIND,AUTO,OPEN,0,2,2026-08-27T21:16:04.086554
CASE-2506,TRANSACTION,TX-8568D7FC,CUST-1065,4482.23,CHECKOUT_ABANDONMENT,78,LOW,REMIND,AUTO,OPEN,0,2,2026-08-28T02:16:04.086554
CASE-2507,TRANSACTION,TX-17654EF6,CUST-1183,882.23,CHECKOUT_ABANDONMENT,52,LOW,REMIND,AUTO,OPEN,0,2,2026-08-27T07:16:04.086554
CASE-2508,TRANSACTION,TX-2579F564,CUST-1228,4482.23,CHECKOUT_ABANDONMENT,85,LOW,REMIND,AUTO,OPEN,0,2,2026-08-27T02:16:04.086554
CASE-2509,TRANSACTION,TX-5F1409DA,CUST-1234,2681.23,CHECKOUT_ABANDONMENT,87,LOW,REMIND,AUTO,OPEN,0,2,2026-08-26T20:16:04.086554
CASE-2510,TRANSACTION,TX-AACD0E28,CUST-1247,4482.23,CHECKOUT_ABANDONMENT,72,LOW,REMIND,AUTO,OPEN,0,2,2026-08-27T08:16:04.086554
CASE-2511,TRANSACTION,TX-76070294,CUST-1212,4482.23,CHECKOUT_ABANDONMENT,73,LOW,REMIND,AUTO,OPEN,0,2,2026-08-27T17:16:04.086554
CASE-2512,TRANSACTION,TX-96410814,CUST-1268,882.23,CHECKOUT_ABANDONMENT,50,LOW,REMIND,AUTO,OPEN,0,2,2026-08-27T18:16:04.086554
CASE-2513,TRANSACTION,TX-EFDD8D59,CUST-1005,8182.23,CHECKOUT_ABANDONMENT,84,MEDIUM,REMIND,HUMAN,OPEN,0,2,2026-08-27T17:16:04.086554
CASE-2514,TRANSACTION,TX-19A62277,CUST-1150,882.23,CHECKOUT_ABANDONMENT,77,LOW,REMIND,AUTO,OPEN,0,2,2026-08-27T01:16:04.089060
CASE-2515,TRANSACTION,TX-4975CCD7,CUST-1211,4482.23,CHECKOUT_ABANDONMENT,62,LOW,REMIND,AUTO,OPEN,0,2,2026-08-27T21:16:04.089060
CASE-2516,TRANSACTION,TX-8F547FD4,CUST-1194,2681.23,CHECKOUT_ABANDONMENT,74,LOW,REMIND,AUTO,OPEN,0,2,2026-08-28T07:16:04.089060
CASE-2517,TRANSACTION,TX-5AE62DC5,CUST-1123,8182.23,CHECKOUT_ABANDONMENT,90,MEDIUM,REMIND,HUMAN,OPEN,0,2,2026-08-26T19:16:04.089060
CASE-2518,TRANSACTION,TX-DC1C1585,CUST-1097,4482.23,CHECKOUT_ABANDONMENT,76,LOW,REMIND,AUTO,OPEN,0,2,2026-08-28T04:16:04.089060
CASE-2519,TRANSACTION,TX-5FD08F9E,CUST-1234,4482.23,CHECKOUT_ABANDONMENT,57,LOW,REMIND,AUTO,OPEN,0,2,2026-08-26T16:16:04.089060
CASE-2520,TRANSACTION,TX-0852BA78,CUST-1165,8182.23,CHECKOUT_ABANDONMENT,62,MEDIUM,REMIND,HUMAN,OPEN,0,2,2026-08-28T09:16:04.089060
CASE-2521,TRANSACTION,TX-60304288,CUST-1053,882.23,CHECKOUT_ABANDONMENT,61,LOW,REMIND,AUTO,OPEN,0,2,2026-08-28T04:16:04.089060
CASE-2522,TRANSACTION,TX-119FCAEE,CUST-1120,8182.23,CHECKOUT_ABANDONMENT,50,MEDIUM,REMIND,HUMAN,OPEN,0,2,2026-08-28T12:16:04.089060
CASE-2523,TRANSACTION,TX-DE831999,CUST-1176,8182.23,CHECKOUT_ABANDONMENT,63,MEDIUM,REMIND,HUMAN,OPEN,0,2,2026-08-27T05:16:04.089060
CASE-2524,TRANSACTION,TX-2F52387A,CUST-1017,4482.23,CHECKOUT_ABANDONMENT,79,LOW,REMIND,AUTO,OPEN,0,2,2026-08-28T03:16:04.089060
CASE-2525,TRANSACTION,TX-AB5AF2F9,CUST-1201,882.23,CHECKOUT_ABANDONMENT,67,LOW,REMIND,AUTO,OPEN,0,2,2026-08-27T06:16:04.091096
CASE-2526,TRANSACTION,TX-05284841,CUST-1129,2681.23,CHECKOUT_ABANDONMENT,62,LOW,REMIND,AUTO,OPEN,0,2,2026-08-28T05:16:04.091096
CASE-2527,TRANSACTION,TX-15755DC6,CUST-1227,2681.23,CHECKOUT_ABANDONMENT,74,LOW,REMIND,AUTO,OPEN,0,2,2026-08-28T10:16:04.091096
CASE-2528,TRANSACTION,TX-13B3529C,CUST-1049,2681.23,CHECKOUT_ABANDONMENT,79,LOW,REMIND,AUTO,OPEN,0,2,2026-08-27T12:16:04.091096
CASE-2529,TRANSACTION,TX-58B5D276,CUST-1082,4482.23,CHECKOUT_ABANDONMENT,70,LOW,REMIND,AUTO,OPEN,0,2,2026-08-27T01:16:04.091096
CASE-2530,TRANSACTION,TX-D1B491E9,CUST-1247,882.23,CHECKOUT_ABANDONMENT,66,LOW,REMIND,AUTO,OPEN,0,2,2026-08-27T13:16:04.091096
CASE-2531,TRANSACTION,TX-8FB43476,CUST-1058,882.23,CHECKOUT_ABANDONMENT,63,LOW,REMIND,AUTO,OPEN,0,2,2026-08-27T09:16:04.091096
CASE-2532,TRANSACTION,TX-8DF6CB18,CUST-1086,4482.23,CHECKOUT_ABANDONMENT,50,LOW,REMIND,AUTO,OPEN,0,2,2026-08-28T05:16:04.091096
CASE-2533,TRANSACTION,TX-3D4B31C4,CUST-1005,8182.23,CHECKOUT_ABANDONMENT,65,MEDIUM,REMIND,HUMAN,OPEN,0,2,2026-08-26T16:16:04.091096
CASE-2534,TRANSACTION,TX-D195E00C,CUST-1080,8182.23,CHECKOUT_ABANDONMENT,88,MEDIUM,REMIND,HUMAN,OPEN,0,2,2026-08-27T21:16:04.091096
CASE-2535,TRANSACTION,TX-61CD09D0,CUST-1047,2681.23,CHECKOUT_ABANDONMENT,81,LOW,REMIND,AUTO,OPEN,0,2,2026-08-28T09:16:04.091096
CASE-2536,TRANSACTION,TX-C6269480,CUST-1079,882.23,CHECKOUT_ABANDONMENT,72,LOW,REMIND,AUTO,OPEN,0,2,2026-08-27T05:16:04.093106
CASE-2537,TRANSACTION,TX-CE111026,CUST-1286,2681.23,CHECKOUT_ABANDONMENT,70,LOW,REMIND,AUTO,OPEN,0,2,2026-08-26T14:16:04.093106
CASE-2538,TRANSACTION,TX-9E0D3592,CUST-1194,2681.23,CHECKOUT_ABANDONMENT,51,LOW,REMIND,AUTO,OPEN,0,2,2026-08-28T04:16:04.093106
CASE-2539,TRANSACTION,TX-82778CD2,CUST-1249,4482.23,CHECKOUT_ABANDONMENT,52,LOW,REMIND,AUTO,OPEN,0,2,2026-08-27T18:16:04.093106
CASE-2540,TRANSACTION,TX-537636DB,CUST-1291,8182.23,CHECKOUT_ABANDONMENT,62,MEDIUM,REMIND,HUMAN,OPEN,0,2,2026-08-27T14:16:04.093106
CASE-2541,TRANSACTION,TX-A4C8485A,CUST-1141,4482.23,CHECKOUT_ABANDONMENT,79,LOW,REMIND,AUTO,OPEN,0,2,2026-08-27T03:16:04.093106
CASE-2542,TRANSACTION,TX-3A916C91,CUST-1152,2681.23,CHECKOUT_ABANDONMENT,78,LOW,REMIND,AUTO,OPEN,0,2,2026-08-27T13:16:04.093106
CASE-2543,TRANSACTION,TX-BDA501E0,CUST-1260,8182.23,CHECKOUT_ABANDONMENT,50,MEDIUM,REMIND,HUMAN,OPEN,0,2,2026-08-28T01:16:04.093106
CASE-2544,TRANSACTION,TX-C38125D5,CUST-1187,882.23,CHECKOUT_ABANDONMENT,89,LOW,REMIND,AUTO,OPEN,0,2,2026-08-26T14:16:04.093106
CASE-2545,TRANSACTION,TX-DD41C9F1,CUST-1199,882.23,CHECKOUT_ABANDONMENT,84,LOW,REMIND,AUTO,OPEN,0,2,2026-08-26T17:16:04.093106
CASE-2546,TRANSACTION,TX-F42E8632,CUST-1079,8182.23,CHECKOUT_ABANDONMENT,85,MEDIUM,REMIND,HUMAN,OPEN,0,2,2026-08-27T10:16:04.093106
CASE-2547,TRANSACTION,TX-0282D1FB,CUST-1050,4482.23,CHECKOUT_ABANDONMENT,57,LOW,REMIND,AUTO,OPEN,0,2,2026-08-28T04:16:04.093106
CASE-2548,TRANSACTION,TX-73248373,CUST-1104,2681.23,CHECKOUT_ABANDONMENT,52,LOW,REMIND,AUTO,OPEN,0,2,2026-08-28T00:16:04.095114
CASE-2549,TRANSACTION,TX-E222C8C4,CUST-1293,882.23,CHECKOUT_ABANDONMENT,52,LOW,REMIND,AUTO,OPEN,0,2,2026-08-27T05:16:04.095114
CASE-2550,TRANSACTION,TX-40615C0B,CUST-1188,4482.23,CHECKOUT_ABANDONMENT,53,LOW,REMIND,AUTO,OPEN,0,2,2026-08-26T15:16:04.095114
CASE-2551,TRANSACTION,TX-C219EF32,CUST-1107,882.23,CHECKOUT_ABANDONMENT,50,LOW,REMIND,AUTO,OPEN,0,2,2026-08-27T07:16:04.095114
CASE-2552,TRANSACTION,TX-8D69107A,CUST-1286,882.23,CHECKOUT_ABANDONMENT,73,LOW,REMIND,AUTO,OPEN,0,2,2026-08-26T15:16:04.095114
CASE-2553,TRANSACTION,TX-464FFD6F,CUST-1137,882.23,CHECKOUT_ABANDONMENT,89,LOW,REMIND,AUTO,OPEN,0,2,2026-08-28T08:16:04.095114
CASE-2554,TRANSACTION,TX-3674BBF0,CUST-1111,4482.23,CHECKOUT_ABANDONMENT,54,LOW,REMIND,AUTO,OPEN,0,2,2026-08-26T14:16:04.095114
CASE-2555,TRANSACTION,TX-EDC748EC,CUST-1198,2681.23,CHECKOUT_ABANDONMENT,84,LOW,REMIND,AUTO,OPEN,0,2,2026-08-27T03:16:04.095114
CASE-2556,TRANSACTION,TX-92564716,CUST-1092,2681.23,CHECKOUT_ABANDONMENT,86,LOW,REMIND,AUTO,OPEN,0,2,2026-08-28T06:16:04.095114
CASE-2557,TRANSACTION,TX-1584E670,CUST-1219,4482.23,CHECKOUT_ABANDONMENT,79,LOW,REMIND,AUTO,OPEN,0,2,2026-08-28T01:16:04.095114
CASE-2558,TRANSACTION,TX-C3CA3360,CUST-1173,8182.23,CHECKOUT_ABANDONMENT,82,MEDIUM,REMIND,HUMAN,OPEN,0,2,2026-08-26T22:16:04.095114
CASE-2559,TRANSACTION,TX-20EBFA7E,CUST-1162,8182.23,CHECKOUT_ABANDONMENT,72,MEDIUM,REMIND,HUMAN,OPEN,0,2,2026-08-27T10:16:04.095114
CASE-2560,TRANSACTION,TX-FE16A25F,CUST-1124,8182.23,CHECKOUT_ABANDONMENT,70,MEDIUM,REMIND,HUMAN,OPEN,0,2,2026-08-27T01:16:04.095114
CASE-2561,TRANSACTION,TX-81855C9E,CUST-1232,4482.23,CHECKOUT_ABANDONMENT,73,LOW,REMIND,AUTO,OPEN,0,2,2026-08-28T12:16:04.097232
CASE-2562,TRANSACTION,TX-22276C30,CUST-1009,882.23,CHECKOUT_ABANDONMENT,68,LOW,REMIND,AUTO,OPEN,0,2,2026-08-28T12:16:04.097232
CASE-2563,TRANSACTION,TX-615FA3E8,CUST-1110,4482.23,CHECKOUT_ABANDONMENT,64,LOW,REMIND,AUTO,OPEN,0,2,2026-08-26T16:16:04.097232
CASE-2564,TRANSACTION,TX-A1ED651D,CUST-1262,4482.23,CHECKOUT_ABANDONMENT,85,LOW,REMIND,AUTO,OPEN,0,2,2026-08-28T10:16:04.097232
CASE-2565,TRANSACTION,TX-6D0AB813,CUST-1080,8182.23,CHECKOUT_ABANDONMENT,72,MEDIUM,REMIND,HUMAN,OPEN,0,2,2026-08-27T13:16:04.097232
CASE-2566,TRANSACTION,TX-FE49B364,CUST-1132,2681.23,CHECKOUT_ABANDONMENT,64,LOW,REMIND,AUTO,OPEN,0,2,2026-08-27T00:16:04.097232
CASE-2567,TRANSACTION,TX-F2C4938F,CUST-1112,8182.23,CHECKOUT_ABANDONMENT,86,MEDIUM,REMIND,HUMAN,OPEN,0,2,2026-08-27T16:16:04.097232
CASE-2568,TRANSACTION,TX-3B55F7AA,CUST-1250,8182.23,CHECKOUT_ABANDONMENT,61,MEDIUM,REMIND,HUMAN,OPEN,0,2,2026-08-26T19:16:04.097232
CASE-2569,TRANSACTION,TX-6FE8CE8C,CUST-1296,4482.23,CHECKOUT_ABANDONMENT,52,LOW,REMIND,AUTO,OPEN,0,2,2026-08-28T09:16:04.097232
CASE-2570,TRANSACTION,TX-8C924E6C,CUST-1223,4482.23,CHECKOUT_ABANDONMENT,72,LOW,REMIND,AUTO,OPEN,0,2,2026-08-27T22:16:04.097232
CASE-2571,TRANSACTION,TX-E0C9691A,CUST-1196,882.23,CHECKOUT_ABANDONMENT,90,LOW,REMIND,AUTO,OPEN,0,2,2026-08-27T03:16:04.099248
CASE-2572,TRANSACTION,TX-13E61CDA,CUST-1277,882.23,CHECKOUT_ABANDONMENT,70,LOW,REMIND,AUTO,OPEN,0,2,2026-08-27T04:16:04.099248
CASE-2573,TRANSACTION,TX-C9366A78,CUST-1026,2681.23,CHECKOUT_ABANDONMENT,59,LOW,REMIND,AUTO,OPEN,0,2,2026-08-26T22:16:04.099248
CASE-2574,TRANSACTION,TX-BB81E53E,CUST-1222,882.23,CHECKOUT_ABANDONMENT,64,LOW,REMIND,AUTO,OPEN,0,2,2026-08-28T03:16:04.099248
CASE-2575,TRANSACTION,TX-C9653841,CUST-1043,2681.23,CHECKOUT_ABANDONMENT,71,LOW,REMIND,AUTO,OPEN,0,2,2026-08-26T13:16:04.099248
CASE-2576,TRANSACTION,TX-4E1EB382,CUST-1205,882.23,CHECKOUT_ABANDONMENT,85,LOW,REMIND,AUTO,OPEN,0,2,2026-08-27T11:16:04.099248
CASE-2577,TRANSACTION,TX-B11064E9,CUST-1070,8182.23,CHECKOUT_ABANDONMENT,58,MEDIUM,REMIND,HUMAN,OPEN,0,2,2026-08-28T00:16:04.100266
CASE-2578,TRANSACTION,TX-0C99B5CC,CUST-1293,8182.23,CHECKOUT_ABANDONMENT,75,MEDIUM,REMIND,HUMAN,OPEN,0,2,2026-08-26T21:16:04.100266
CASE-2579,TRANSACTION,TX-6A40E5E4,CUST-1037,2681.23,CHECKOUT_ABANDONMENT,65,LOW,REMIND,AUTO,OPEN,0,2,2026-08-27T16:16:04.100266
CASE-2580,TRANSACTION,TX-56A1B23F,CUST-1212,882.23,CHECKOUT_ABANDONMENT,57,LOW,REMIND,AUTO,OPEN,0,2,2026-08-27T14:16:04.100266
CASE-2581,TRANSACTION,TX-B0781259,CUST-1177,2681.23,CHECKOUT_ABANDONMENT,70,LOW,REMIND,AUTO,OPEN,0,2,2026-08-28T02:16:04.100266
CASE-2582,TRANSACTION,TX-CEFBF727,CUST-1227,4482.23,CHECKOUT_ABANDONMENT,89,LOW,REMIND,AUTO,OPEN,0,2,2026-08-28T10:16:04.100266
CASE-2583,TRANSACTION,TX-834E1C85,CUST-1192,2681.23,CHECKOUT_ABANDONMENT,62,LOW,REMIND,AUTO,OPEN,0,2,2026-08-28T07:16:04.100266
CASE-2584,TRANSACTION,TX-1B84821C,CUST-1125,882.23,CHECKOUT_ABANDONMENT,53,LOW,REMIND,AUTO,OPEN,0,2,2026-08-28T12:16:04.100266
CASE-2585,TRANSACTION,TX-96412FB3,CUST-1157,4482.23,CHECKOUT_ABANDONMENT,57,LOW,REMIND,AUTO,OPEN,0,2,2026-08-28T11:16:04.100266
CASE-2586,TRANSACTION,TX-336B50AF,CUST-1276,4482.23,CHECKOUT_ABANDONMENT,63,LOW,REMIND,AUTO,OPEN,0,2,2026-08-27T02:16:04.100266
CASE-2587,TRANSACTION,TX-3F741A98,CUST-1248,4482.23,CHECKOUT_ABANDONMENT,85,LOW,REMIND,AUTO,OPEN,0,2,2026-08-26T16:16:04.100266
CASE-2588,TRANSACTION,TX-27DDF42C,CUST-1299,882.23,CHECKOUT_ABANDONMENT,74,LOW,REMIND,AUTO,OPEN,0,2,2026-08-28T02:16:04.100266
CASE-2589,TRANSACTION,TX-A1424227,CUST-1103,882.23,CHECKOUT_ABANDONMENT,68,LOW,REMIND,AUTO,OPEN,0,2,2026-08-27T07:16:04.100266
CASE-2590,TRANSACTION,TX-B8D30C80,CUST-1199,882.23,CHECKOUT_ABANDONMENT,54,LOW,REMIND,AUTO,OPEN,0,2,2026-08-26T18:16:04.100266
CASE-2591,TRANSACTION,TX-4D6AEA2C,CUST-1010,4482.23,CHECKOUT_ABANDONMENT,56,LOW,REMIND,AUTO,OPEN,0,2,2026-08-27T12:16:04.100266
CASE-2592,TRANSACTION,TX-1DDD1B28,CUST-1261,2681.23,CHECKOUT_ABANDONMENT,74,LOW,REMIND,AUTO,OPEN,0,2,2026-08-27T05:16:04.100266
CASE-2593,TRANSACTION,TX-CF46F490,CUST-1102,882.23,CHECKOUT_ABANDONMENT,61,LOW,REMIND,AUTO,OPEN,0,2,2026-08-26T15:16:04.100266
CASE-2594,TRANSACTION,TX-183229B8,CUST-1127,882.23,CHECKOUT_ABANDONMENT,52,LOW,REMIND,AUTO,OPEN,0,2,2026-08-27T05:16:04.100266
CASE-2595,TRANSACTION,TX-9CE3E04D,CUST-1010,8182.23,CHECKOUT_ABANDONMENT,60,MEDIUM,REMIND,HUMAN,OPEN,0,2,2026-08-27T14:16:04.100266
CASE-2596,TRANSACTION,TX-2B5FAB76,CUST-1155,4482.23,CHECKOUT_ABANDONMENT,90,LOW,REMIND,AUTO,OPEN,0,2,2026-08-27T19:16:04.100266
CASE-2597,TRANSACTION,TX-D4357FF6,CUST-1132,882.23,CHECKOUT_ABANDONMENT,90,LOW,REMIND,AUTO,OPEN,0,2,2026-08-27T01:16:04.100266
CASE-2598,TRANSACTION,TX-D5A5ACE4,CUST-1078,4482.23,CHECKOUT_ABANDONMENT,64,LOW,REMIND,AUTO,OPEN,0,2,2026-08-26T18:16:04.100266
CASE-2599,TRANSACTION,TX-FB4DAECA,CUST-1196,2681.23,CHECKOUT_ABANDONMENT,55,LOW,REMIND,AUTO,OPEN,0,2,2026-08-27T21:16:04.100266
CASE-2600,TRANSACTION,TX-9EAE28DE,CUST-1160,2681.23,CHECKOUT_ABANDONMENT,77,LOW,REMIND,AUTO,OPEN,0,2,2026-08-27T02:16:04.100266
CASE-2601,TRANSACTION,TX-8F040026,CUST-1071,2681.23,CHECKOUT_ABANDONMENT,63,LOW,REMIND,AUTO,OPEN,0,2,2026-08-27T17:16:04.100266
CASE-2602,TRANSACTION,TX-DB4F8EAB,CUST-1075,2681.23,CHECKOUT_ABANDONMENT,77,LOW,REMIND,AUTO,OPEN,0,2,2026-08-28T08:16:04.100266
CASE-2603,TRANSACTION,TX-846D0E31,CUST-1163,882.23,CHECKOUT_ABANDONMENT,61,LOW,REMIND,AUTO,OPEN,0,2,2026-08-28T11:16:04.100266
CASE-2604,TRANSACTION,TX-1A5DD85F,CUST-1211,4482.23,CHECKOUT_ABANDONMENT,76,LOW,REMIND,AUTO,OPEN,0,2,2026-08-26T13:16:04.100266
CASE-2605,TRANSACTION,TX-C7AC8C93,CUST-1097,4482.23,CHECKOUT_ABANDONMENT,59,LOW,REMIND,AUTO,OPEN,0,2,2026-08-28T01:16:04.100266
CASE-2606,TRANSACTION,TX-D4AC2AB6,CUST-1137,882.23,CHECKOUT_ABANDONMENT,89,LOW,REMIND,AUTO,OPEN,0,2,2026-08-27T22:16:04.103769
CASE-2607,TRANSACTION,TX-8C8A273A,CUST-1184,2681.23,CHECKOUT_ABANDONMENT,51,LOW,REMIND,AUTO,OPEN,0,2,2026-08-27T06:16:04.103769
CASE-2608,TRANSACTION,TX-F7BD5A5A,CUST-1241,2681.23,CHECKOUT_ABANDONMENT,82,LOW,REMIND,AUTO,OPEN,0,2,2026-08-27T12:16:04.103769
CASE-2609,TRANSACTION,TX-B3D8FA85,CUST-1071,8182.23,CHECKOUT_ABANDONMENT,80,MEDIUM,REMIND,HUMAN,OPEN,0,2,2026-08-27T22:16:04.103769
CASE-2610,TRANSACTION,TX-F8A9CE99,CUST-1008,882.23,CHECKOUT_ABANDONMENT,76,LOW,REMIND,AUTO,OPEN,0,2,2026-08-27T22:16:04.103769
CASE-2611,TRANSACTION,TX-C4234D67,CUST-1034,2681.23,CHECKOUT_ABANDONMENT,63,LOW,REMIND,AUTO,OPEN,0,2,2026-08-26T21:16:04.103769
CASE-2612,TRANSACTION,TX-7108B2F1,CUST-1235,8182.23,CHECKOUT_ABANDONMENT,70,MEDIUM,REMIND,HUMAN,OPEN,0,2,2026-08-27T11:16:04.103769
CASE-2613,TRANSACTION,TX-0A52A5F6,CUST-1195,882.23,CHECKOUT_ABANDONMENT,88,LOW,REMIND,AUTO,OPEN,0,2,2026-08-26T21:16:04.103769
CASE-2614,TRANSACTION,TX-09AE2EFB,CUST-1056,882.23,CHECKOUT_ABANDONMENT,83,LOW,REMIND,AUTO,OPEN,0,2,2026-08-28T10:16:04.103769
CASE-2615,TRANSACTION,TX-F9B154D2,CUST-1276,2681.23,CHECKOUT_ABANDONMENT,83,LOW,REMIND,AUTO,OPEN,0,2,2026-08-28T10:16:04.105293
CASE-2616,TRANSACTION,TX-8B959054,CUST-1026,8182.23,CHECKOUT_ABANDONMENT,83,MEDIUM,REMIND,HUMAN,OPEN,0,2,2026-08-27T08:16:04.105293
CASE-2617,TRANSACTION,TX-96335338,CUST-1147,8182.23,CHECKOUT_ABANDONMENT,69,MEDIUM,REMIND,HUMAN,OPEN,0,2,2026-08-27T09:16:04.105293
CASE-2618,TRANSACTION,TX-8F2791C2,CUST-1028,4482.23,CHECKOUT_ABANDONMENT,89,LOW,REMIND,AUTO,OPEN,0,2,2026-08-26T19:16:04.105293
CASE-2619,TRANSACTION,TX-31041DBF,CUST-1257,8182.23,CHECKOUT_ABANDONMENT,55,MEDIUM,REMIND,HUMAN,OPEN,0,2,2026-08-26T23:16:04.105293
CASE-2620,TRANSACTION,TX-05D888C1,CUST-1212,2681.23,CHECKOUT_ABANDONMENT,75,LOW,REMIND,AUTO,OPEN,0,2,2026-08-28T11:16:04.105293
CASE-2621,TRANSACTION,TX-FB45FF83,CUST-1104,2681.23,CHECKOUT_ABANDONMENT,79,LOW,REMIND,AUTO,OPEN,0,2,2026-08-27T20:16:04.105293
CASE-2622,TRANSACTION,TX-1BB412AB,CUST-1064,4482.23,CHECKOUT_ABANDONMENT,60,LOW,REMIND,AUTO,OPEN,0,2,2026-08-26T15:16:04.106484
CASE-2623,TRANSACTION,TX-8EC1190E,CUST-1186,8182.23,CHECKOUT_ABANDONMENT,90,MEDIUM,REMIND,HUMAN,OPEN,0,2,2026-08-26T15:16:04.106484
CASE-2624,TRANSACTION,TX-9CEE4A40,CUST-1082,8182.23,CHECKOUT_ABANDONMENT,82,MEDIUM,REMIND,HUMAN,OPEN,0,2,2026-08-27T12:16:04.106484
CASE-2625,TRANSACTION,TX-A877433F,CUST-1172,882.23,CHECKOUT_ABANDONMENT,60,LOW,REMIND,AUTO,OPEN,0,2,2026-08-28T03:16:04.106484
CASE-2626,TRANSACTION,TX-B63B900E,CUST-1215,2681.23,CHECKOUT_ABANDONMENT,53,LOW,REMIND,AUTO,OPEN,0,2,2026-08-26T14:16:04.106484
CASE-2627,TRANSACTION,TX-34EC6EE9,CUST-1093,8182.23,CHECKOUT_ABANDONMENT,68,MEDIUM,REMIND,HUMAN,OPEN,0,2,2026-08-28T00:16:04.106484
CASE-2628,TRANSACTION,TX-A5FA64F6,CUST-1130,882.23,CHECKOUT_ABANDONMENT,89,LOW,REMIND,AUTO,OPEN,0,2,2026-08-27T05:16:04.106484
CASE-2629,TRANSACTION,TX-DF401F24,CUST-1003,8182.23,CHECKOUT_ABANDONMENT,84,MEDIUM,REMIND,HUMAN,OPEN,0,2,2026-08-27T23:16:04.106484
CASE-2630,TRANSACTION,TX-34739637,CUST-1210,8182.23,CHECKOUT_ABANDONMENT,79,MEDIUM,REMIND,HUMAN,OPEN,0,2,2026-08-26T22:16:04.106484
CASE-2631,TRANSACTION,TX-40866D31,CUST-1281,882.23,CHECKOUT_ABANDONMENT,65,LOW,REMIND,AUTO,OPEN,0,2,2026-08-26T20:16:04.106484
CASE-2632,TRANSACTION,TX-7F73C91C,CUST-1095,2681.23,CHECKOUT_ABANDONMENT,53,LOW,REMIND,AUTO,OPEN,0,2,2026-08-26T19:16:04.106484
CASE-2633,TRANSACTION,TX-A07520F3,CUST-1075,4482.23,CHECKOUT_ABANDONMENT,52,LOW,REMIND,AUTO,OPEN,0,2,2026-08-27T00:16:04.106484
CASE-2634,TRANSACTION,TX-C8A0EF4D,CUST-1045,4482.23,CHECKOUT_ABANDONMENT,71,LOW,REMIND,AUTO,OPEN,0,2,2026-08-27T10:16:04.106484
CASE-2635,TRANSACTION,TX-BBDE7A4A,CUST-1146,2681.23,CHECKOUT_ABANDONMENT,60,LOW,REMIND,AUTO,OPEN,0,2,2026-08-26T13:16:04.106484
CASE-2636,TRANSACTION,TX-8549BF31,CUST-1048,4482.23,CHECKOUT_ABANDONMENT,52,LOW,REMIND,AUTO,OPEN,0,2,2026-08-27T13:16:04.106484
CASE-2637,TRANSACTION,TX-D4A7F703,CUST-1219,8182.23,CHECKOUT_ABANDONMENT,54,MEDIUM,REMIND,HUMAN,OPEN,0,2,2026-08-27T06:16:04.106484
CASE-2638,TRANSACTION,TX-ACF1ED14,CUST-1141,2681.23,CHECKOUT_ABANDONMENT,57,LOW,REMIND,AUTO,OPEN,0,2,2026-08-27T10:16:04.108495
CASE-2639,TRANSACTION,TX-A0649487,CUST-1030,2681.23,CHECKOUT_ABANDONMENT,63,LOW,REMIND,AUTO,OPEN,0,2,2026-08-26T14:16:04.108495
CASE-2640,TRANSACTION,TX-6CC95370,CUST-1148,882.23,CHECKOUT_ABANDONMENT,80,LOW,REMIND,AUTO,OPEN,0,2,2026-08-27T16:16:04.108495
CASE-2641,TRANSACTION,TX-5FB738AC,CUST-1295,4482.23,CHECKOUT_ABANDONMENT,83,LOW,REMIND,AUTO,OPEN,0,2,2026-08-26T21:16:04.108495
CASE-2642,TRANSACTION,TX-D1E488B1,CUST-1255,8182.23,CHECKOUT_ABANDONMENT,83,MEDIUM,REMIND,HUMAN,OPEN,0,2,2026-08-26T21:16:04.108495
CASE-2643,TRANSACTION,TX-60F087A3,CUST-1100,2681.23,CHECKOUT_ABANDONMENT,68,LOW,REMIND,AUTO,OPEN,0,2,2026-08-28T11:16:04.108495
CASE-2644,TRANSACTION,TX-17B42FBC,CUST-1061,8182.23,CHECKOUT_ABANDONMENT,90,MEDIUM,REMIND,HUMAN,OPEN,0,2,2026-08-27T10:16:04.108495
CASE-2645,TRANSACTION,TX-7C5180F1,CUST-1171,8182.23,CHECKOUT_ABANDONMENT,52,MEDIUM,REMIND,HUMAN,OPEN,0,2,2026-08-26T20:16:04.108495
CASE-2646,TRANSACTION,TX-65A91282,CUST-1104,2681.23,CHECKOUT_ABANDONMENT,50,LOW,REMIND,AUTO,OPEN,0,2,2026-08-28T08:16:04.108495
CASE-2647,TRANSACTION,TX-0A46186F,CUST-1260,4482.23,CHECKOUT_ABANDONMENT,69,LOW,REMIND,AUTO,OPEN,0,2,2026-08-28T05:16:04.108495
CASE-2648,TRANSACTION,TX-BC6C3493,CUST-1203,4482.23,CHECKOUT_ABANDONMENT,71,LOW,REMIND,AUTO,OPEN,0,2,2026-08-28T00:16:04.108495
CASE-2649,TRANSACTION,TX-699F5A7A,CUST-1246,4482.23,CHECKOUT_ABANDONMENT,71,LOW,REMIND,AUTO,OPEN,0,2,2026-08-26T19:16:04.108495
CASE-2650,TRANSACTION,TX-49E46690,CUST-1080,1681.23,SUBSCRIPTION_FAILURE,70,MEDIUM,RETRY,HUMAN,SCHEDULED,0,2,2026-08-27T15:16:04.108495
CASE-2651,TRANSACTION,TX-2EAF4913,CUST-1029,8681.23,SUBSCRIPTION_FAILURE,66,MEDIUM,RETRY,HUMAN,SCHEDULED,0,2,2026-08-26T14:16:04.108495
CASE-2652,TRANSACTION,TX-1F0C42AE,CUST-1275,4681.23,SUBSCRIPTION_FAILURE,75,MEDIUM,RETRY,HUMAN,SCHEDULED,0,2,2026-08-27T00:16:04.108495
CASE-2653,TRANSACTION,TX-C3AF3743,CUST-1034,4681.23,SUBSCRIPTION_FAILURE,62,MEDIUM,RETRY,HUMAN,SCHEDULED,0,2,2026-08-28T11:16:04.108495
CASE-2654,TRANSACTION,TX-9DF05909,CUST-1274,4681.23,SUBSCRIPTION_FAILURE,64,MEDIUM,RETRY,HUMAN,SCHEDULED,0,2,2026-08-26T22:16:04.108495
CASE-2655,TRANSACTION,TX-7598F5EC,CUST-1060,8681.23,SUBSCRIPTION_FAILURE,51,MEDIUM,RETRY,HUMAN,SCHEDULED,0,2,2026-08-27T16:16:04.108495
CASE-2656,TRANSACTION,TX-397AA83E,CUST-1212,681.23,SUBSCRIPTION_FAILURE,57,MEDIUM,RETRY,HUMAN,SCHEDULED,0,2,2026-08-27T21:16:04.108495
CASE-2657,TRANSACTION,TX-AB335F4A,CUST-1155,4681.23,SUBSCRIPTION_FAILURE,68,MEDIUM,RETRY,HUMAN,SCHEDULED,0,2,2026-08-27T17:16:04.108495
CASE-2658,TRANSACTION,TX-221CCB52,CUST-1192,1681.23,SUBSCRIPTION_FAILURE,47,MEDIUM,RETRY,HUMAN,SCHEDULED,0,2,2026-08-28T07:16:04.108495
CASE-2659,TRANSACTION,TX-5F95B40D,CUST-1013,8681.23,SUBSCRIPTION_FAILURE,72,MEDIUM,RETRY,HUMAN,SCHEDULED,0,2,2026-08-28T03:16:04.108495
CASE-2660,TRANSACTION,TX-22DFE788,CUST-1248,1681.23,SUBSCRIPTION_FAILURE,61,MEDIUM,RETRY,HUMAN,SCHEDULED,0,2,2026-08-28T03:16:04.108495
CASE-2661,TRANSACTION,TX-5ED62FE5,CUST-1068,681.23,SUBSCRIPTION_FAILURE,73,MEDIUM,RETRY,HUMAN,SCHEDULED,0,2,2026-08-28T10:16:04.108495
CASE-2662,TRANSACTION,TX-D5A27D78,CUST-1268,8681.23,SUBSCRIPTION_FAILURE,64,MEDIUM,RETRY,HUMAN,SCHEDULED,0,2,2026-08-27T17:16:04.108495
CASE-2663,TRANSACTION,TX-AF33604E,CUST-1045,681.23,SUBSCRIPTION_FAILURE,83,LOW,RETRY,AUTO,SCHEDULED,0,2,2026-08-28T10:16:04.108495
CASE-2664,TRANSACTION,TX-557AAA79,CUST-1160,681.23,SUBSCRIPTION_FAILURE,73,MEDIUM,RETRY,HUMAN,SCHEDULED,0,2,2026-08-27T17:16:04.108495
CASE-2665,TRANSACTION,TX-CA9A3560,CUST-1103,1681.23,SUBSCRIPTION_FAILURE,60,MEDIUM,RETRY,HUMAN,SCHEDULED,0,2,2026-08-27T19:16:04.108495
CASE-2666,TRANSACTION,TX-8D9CF8D6,CUST-1061,4681.23,SUBSCRIPTION_FAILURE,68,MEDIUM,RETRY,HUMAN,SCHEDULED,0,2,2026-08-28T02:16:04.108495
CASE-2667,TRANSACTION,TX-3F01FBF3,CUST-1008,4681.23,SUBSCRIPTION_FAILURE,47,MEDIUM,RETRY,HUMAN,SCHEDULED,0,2,2026-08-27T02:16:04.108495
CASE-2668,TRANSACTION,TX-5283BBF7,CUST-1164,4681.23,SUBSCRIPTION_FAILURE,75,MEDIUM,RETRY,HUMAN,SCHEDULED,0,2,2026-08-26T15:16:04.108495
CASE-2669,TRANSACTION,TX-C3918FF2,CUST-1126,4681.23,SUBSCRIPTION_FAILURE,76,MEDIUM,RETRY,HUMAN,SCHEDULED,0,2,2026-08-27T17:16:04.108495
CASE-2670,TRANSACTION,TX-33A49345,CUST-1228,4681.23,SUBSCRIPTION_FAILURE,74,MEDIUM,RETRY,HUMAN,SCHEDULED,0,2,2026-08-28T11:16:04.108495
CASE-2671,TRANSACTION,TX-4C9B36C7,CUST-1026,8681.23,SUBSCRIPTION_FAILURE,83,MEDIUM,RETRY,HUMAN,SCHEDULED,0,2,2026-08-28T09:16:04.108495
CASE-2672,TRANSACTION,TX-B1E8624E,CUST-1201,681.23,SUBSCRIPTION_FAILURE,67,MEDIUM,RETRY,HUMAN,SCHEDULED,0,2,2026-08-26T22:16:04.108495
CASE-2673,TRANSACTION,TX-67095F58,CUST-1183,8681.23,SUBSCRIPTION_FAILURE,79,MEDIUM,RETRY,HUMAN,SCHEDULED,0,2,2026-08-28T00:16:04.108495
CASE-2674,TRANSACTION,TX-2B7EC399,CUST-1239,681.23,SUBSCRIPTION_FAILURE,88,LOW,RETRY,AUTO,SCHEDULED,0,2,2026-08-26T16:16:04.108495
CASE-2675,TRANSACTION,TX-E87A39BF,CUST-1234,8681.23,SUBSCRIPTION_FAILURE,46,MEDIUM,RETRY,HUMAN,SCHEDULED,0,2,2026-08-26T19:16:04.108495
CASE-2676,TRANSACTION,TX-62298B03,CUST-1119,8681.23,SUBSCRIPTION_FAILURE,70,MEDIUM,RETRY,HUMAN,SCHEDULED,0,2,2026-08-26T21:16:04.108495
CASE-2677,TRANSACTION,TX-2FD055A3,CUST-1201,4681.23,SUBSCRIPTION_FAILURE,63,MEDIUM,RETRY,HUMAN,SCHEDULED,0,2,2026-08-26T18:16:04.108495
CASE-2678,TRANSACTION,TX-45D0E1F3,CUST-1233,4681.23,SUBSCRIPTION_FAILURE,60,MEDIUM,RETRY,HUMAN,SCHEDULED,0,2,2026-08-28T08:16:04.108495
CASE-2679,TRANSACTION,TX-F4B8EF62,CUST-1180,8681.23,SUBSCRIPTION_FAILURE,47,MEDIUM,RETRY,HUMAN,SCHEDULED,0,2,2026-08-28T02:16:04.108495
CASE-2680,TRANSACTION,TX-A7AF5561,CUST-1295,4681.23,SUBSCRIPTION_FAILURE,62,MEDIUM,RETRY,HUMAN,SCHEDULED,0,2,2026-08-28T06:16:04.108495
CASE-2681,TRANSACTION,TX-5F204BF3,CUST-1055,8681.23,SUBSCRIPTION_FAILURE,85,MEDIUM,RETRY,HUMAN,SCHEDULED,0,2,2026-08-26T19:16:04.108495
CASE-2682,TRANSACTION,TX-1D77F4CD,CUST-1273,681.23,SUBSCRIPTION_FAILURE,59,MEDIUM,RETRY,HUMAN,SCHEDULED,0,2,2026-08-26T23:16:04.108495
CASE-2683,TRANSACTION,TX-75A53D74,CUST-1125,8681.23,SUBSCRIPTION_FAILURE,55,MEDIUM,RETRY,HUMAN,SCHEDULED,0,2,2026-08-27T12:16:04.108495
CASE-2684,TRANSACTION,TX-876093F8,CUST-1107,681.23,SUBSCRIPTION_FAILURE,61,MEDIUM,RETRY,HUMAN,SCHEDULED,0,2,2026-08-27T00:16:04.108495
CASE-2685,TRANSACTION,TX-649C8301,CUST-1121,4681.23,SUBSCRIPTION_FAILURE,74,MEDIUM,RETRY,HUMAN,SCHEDULED,0,2,2026-08-26T18:16:04.108495
CASE-2686,TRANSACTION,TX-5BF2B7FD,CUST-1294,681.23,SUBSCRIPTION_FAILURE,87,LOW,RETRY,AUTO,SCHEDULED,0,2,2026-08-26T23:16:04.108495
CASE-2687,TRANSACTION,TX-39E49507,CUST-1285,8681.23,SUBSCRIPTION_FAILURE,60,MEDIUM,RETRY,HUMAN,SCHEDULED,0,2,2026-08-28T01:16:04.108495
CASE-2688,TRANSACTION,TX-E60134FB,CUST-1036,4681.23,SUBSCRIPTION_FAILURE,65,MEDIUM,RETRY,HUMAN,SCHEDULED,0,2,2026-08-26T22:16:04.108495
CASE-2689,TRANSACTION,TX-93066A91,CUST-1254,8681.23,SUBSCRIPTION_FAILURE,60,MEDIUM,RETRY,HUMAN,SCHEDULED,0,2,2026-08-27T23:16:04.114846
CASE-2690,TRANSACTION,TX-6C61D9FB,CUST-1001,1681.23,SUBSCRIPTION_FAILURE,77,MEDIUM,RETRY,HUMAN,SCHEDULED,0,2,2026-08-28T03:16:04.114846
CASE-2691,TRANSACTION,TX-BDC05B0E,CUST-1150,8681.23,SUBSCRIPTION_FAILURE,74,MEDIUM,RETRY,HUMAN,SCHEDULED,0,2,2026-08-27T00:16:04.115460
CASE-2692,TRANSACTION,TX-02556D99,CUST-1106,8681.23,SUBSCRIPTION_FAILURE,52,MEDIUM,RETRY,HUMAN,SCHEDULED,0,2,2026-08-27T00:16:04.115460
CASE-2693,TRANSACTION,TX-F2E16C20,CUST-1177,4681.23,SUBSCRIPTION_FAILURE,67,MEDIUM,RETRY,HUMAN,SCHEDULED,0,2,2026-08-28T12:16:04.115460
CASE-2694,TRANSACTION,TX-7AE8A8B2,CUST-1151,8681.23,SUBSCRIPTION_FAILURE,48,MEDIUM,RETRY,HUMAN,SCHEDULED,0,2,2026-08-27T01:16:04.115460
CASE-2695,TRANSACTION,TX-C75A1107,CUST-1287,681.23,SUBSCRIPTION_FAILURE,40,MEDIUM,RETRY,HUMAN,SCHEDULED,0,2,2026-08-27T18:16:04.115460
CASE-2696,TRANSACTION,TX-7103AF2C,CUST-1222,681.23,SUBSCRIPTION_FAILURE,55,MEDIUM,RETRY,HUMAN,SCHEDULED,0,2,2026-08-27T16:16:04.115460
CASE-2697,TRANSACTION,TX-9BCF1F8D,CUST-1196,8681.23,SUBSCRIPTION_FAILURE,65,MEDIUM,RETRY,HUMAN,SCHEDULED,0,2,2026-08-27T23:16:04.115460
CASE-2698,TRANSACTION,TX-C00E0901,CUST-1072,1681.23,SUBSCRIPTION_FAILURE,70,MEDIUM,RETRY,HUMAN,SCHEDULED,0,2,2026-08-27T12:16:04.115460
CASE-2699,TRANSACTION,TX-45AE3A86,CUST-1079,4681.23,SUBSCRIPTION_FAILURE,66,MEDIUM,RETRY,HUMAN,SCHEDULED,0,2,2026-08-28T04:16:04.115460
CASE-2700,TRANSACTION,TX-3FCBD6C4,CUST-1037,1681.23,SUBSCRIPTION_FAILURE,40,MEDIUM,RETRY,HUMAN,SCHEDULED,0,2,2026-08-26T14:16:04.115460
CASE-2701,TRANSACTION,TX-581F98ED,CUST-1224,8681.23,SUBSCRIPTION_FAILURE,82,MEDIUM,RETRY,HUMAN,SCHEDULED,0,2,2026-08-28T04:16:04.115460
CASE-2702,TRANSACTION,TX-CB4FADC8,CUST-1218,8681.23,SUBSCRIPTION_FAILURE,69,MEDIUM,RETRY,HUMAN,SCHEDULED,0,2,2026-08-27T04:16:04.115460
CASE-2703,TRANSACTION,TX-4DC8D21F,CUST-1231,8681.23,SUBSCRIPTION_FAILURE,75,MEDIUM,RETRY,HUMAN,SCHEDULED,0,2,2026-08-27T22:16:04.115460
CASE-2704,TRANSACTION,TX-0FE5884E,CUST-1004,1681.23,SUBSCRIPTION_FAILURE,67,MEDIUM,RETRY,HUMAN,SCHEDULED,0,2,2026-08-27T21:16:04.115460
CASE-2705,TRANSACTION,TX-F9A70BE2,CUST-1280,4681.23,SUBSCRIPTION_FAILURE,66,MEDIUM,RETRY,HUMAN,SCHEDULED,0,2,2026-08-28T10:16:04.115460
CASE-2706,TRANSACTION,TX-A9455E94,CUST-1189,8681.23,SUBSCRIPTION_FAILURE,85,MEDIUM,RETRY,HUMAN,SCHEDULED,0,2,2026-08-27T06:16:04.115460
CASE-2707,TRANSACTION,TX-4B96DAE7,CUST-1270,681.23,SUBSCRIPTION_FAILURE,49,MEDIUM,RETRY,HUMAN,SCHEDULED,0,2,2026-08-27T03:16:04.115460
CASE-2708,TRANSACTION,TX-2AB066C3,CUST-1046,681.23,SUBSCRIPTION_FAILURE,73,MEDIUM,RETRY,HUMAN,SCHEDULED,0,2,2026-08-26T20:16:04.115460
CASE-2709,TRANSACTION,TX-9AEC7DDF,CUST-1277,681.23,SUBSCRIPTION_FAILURE,83,LOW,RETRY,AUTO,SCHEDULED,0,2,2026-08-28T09:16:04.115460
CASE-2710,TRANSACTION,TX-A8FEEA79,CUST-1006,4681.23,SUBSCRIPTION_FAILURE,74,MEDIUM,RETRY,HUMAN,SCHEDULED,0,2,2026-08-27T04:16:04.115460
CASE-2711,TRANSACTION,TX-F6ACEDE5,CUST-1170,8681.23,SUBSCRIPTION_FAILURE,76,MEDIUM,RETRY,HUMAN,SCHEDULED,0,2,2026-08-27T18:16:04.115460
CASE-2712,TRANSACTION,TX-0CCF267B,CUST-1019,4681.23,SUBSCRIPTION_FAILURE,50,MEDIUM,RETRY,HUMAN,SCHEDULED,0,2,2026-08-27T00:16:04.115460
CASE-2713,TRANSACTION,TX-1045973D,CUST-1243,4681.23,SUBSCRIPTION_FAILURE,43,MEDIUM,RETRY,HUMAN,SCHEDULED,0,2,2026-08-28T09:16:04.115460
CASE-2714,TRANSACTION,TX-F28E9D14,CUST-1014,4681.23,SUBSCRIPTION_FAILURE,87,LOW,RETRY,AUTO,SCHEDULED,0,2,2026-08-28T07:16:04.115460
CASE-2715,TRANSACTION,TX-9403CC87,CUST-1040,1681.23,SUBSCRIPTION_FAILURE,72,MEDIUM,RETRY,HUMAN,SCHEDULED,0,2,2026-08-28T04:16:04.115460
CASE-2716,TRANSACTION,TX-AE3A9DA6,CUST-1132,4681.23,SUBSCRIPTION_FAILURE,57,MEDIUM,RETRY,HUMAN,SCHEDULED,0,2,2026-08-28T05:16:04.115460
CASE-2717,TRANSACTION,TX-F5134757,CUST-1078,1681.23,SUBSCRIPTION_FAILURE,77,MEDIUM,RETRY,HUMAN,SCHEDULED,0,2,2026-08-28T01:16:04.115460
CASE-2718,TRANSACTION,TX-8B0E379A,CUST-1121,4681.23,SUBSCRIPTION_FAILURE,84,LOW,RETRY,AUTO,SCHEDULED,0,2,2026-08-27T03:16:04.115460
CASE-2719,TRANSACTION,TX-3BEA0A6A,CUST-1044,681.23,SUBSCRIPTION_FAILURE,61,MEDIUM,RETRY,HUMAN,SCHEDULED,0,2,2026-08-28T03:16:04.115460
CASE-2720,TRANSACTION,TX-CAD34215,CUST-1212,8681.23,SUBSCRIPTION_FAILURE,88,MEDIUM,RETRY,HUMAN,SCHEDULED,0,2,2026-08-26T18:16:04.115460
CASE-2721,TRANSACTION,TX-7127FBE1,CUST-1086,8681.23,SUBSCRIPTION_FAILURE,86,MEDIUM,RETRY,HUMAN,SCHEDULED,0,2,2026-08-26T14:16:04.115460
CASE-2722,TRANSACTION,TX-C14A9B04,CUST-1136,4681.23,SUBSCRIPTION_FAILURE,43,MEDIUM,RETRY,HUMAN,SCHEDULED,0,2,2026-08-28T02:16:04.115460
CASE-2723,TRANSACTION,TX-FE369AFC,CUST-1244,8681.23,SUBSCRIPTION_FAILURE,65,MEDIUM,RETRY,HUMAN,SCHEDULED,0,2,2026-08-26T13:16:04.115460
CASE-2724,TRANSACTION,TX-72120746,CUST-1200,1681.23,SUBSCRIPTION_FAILURE,64,MEDIUM,RETRY,HUMAN,SCHEDULED,0,2,2026-08-28T03:16:04.115460
CASE-2725,TRANSACTION,TX-F88015F2,CUST-1148,8681.23,SUBSCRIPTION_FAILURE,40,MEDIUM,RETRY,HUMAN,SCHEDULED,0,2,2026-08-26T17:16:04.115460
CASE-2726,TRANSACTION,TX-5EC0E68A,CUST-1022,4681.23,SUBSCRIPTION_FAILURE,73,MEDIUM,RETRY,HUMAN,SCHEDULED,0,2,2026-08-26T20:16:04.115460
CASE-2727,TRANSACTION,TX-9FAED012,CUST-1140,4681.23,SUBSCRIPTION_FAILURE,67,MEDIUM,RETRY,HUMAN,SCHEDULED,0,2,2026-08-27T19:16:04.115460
CASE-2728,TRANSACTION,TX-D15E9A81,CUST-1300,681.23,SUBSCRIPTION_FAILURE,56,MEDIUM,RETRY,HUMAN,SCHEDULED,0,2,2026-08-26T17:16:04.115460
CASE-2729,TRANSACTION,TX-00542339,CUST-1100,1681.23,SUBSCRIPTION_FAILURE,86,LOW,RETRY,AUTO,SCHEDULED,0,2,2026-08-26T16:16:04.115460
CASE-2730,TRANSACTION,TX-E4E0CD11,CUST-1281,1681.23,SUBSCRIPTION_FAILURE,60,MEDIUM,RETRY,HUMAN,SCHEDULED,0,2,2026-08-28T12:16:04.115460
CASE-2731,TRANSACTION,TX-9FED8994,CUST-1211,681.23,SUBSCRIPTION_FAILURE,40,MEDIUM,RETRY,HUMAN,SCHEDULED,0,2,2026-08-28T06:16:04.115460
CASE-2732,TRANSACTION,TX-3986E4CE,CUST-1113,8681.23,SUBSCRIPTION_FAILURE,62,MEDIUM,RETRY,HUMAN,SCHEDULED,0,2,2026-08-28T00:16:04.115460
CASE-2733,TRANSACTION,TX-48FC4BD4,CUST-1048,681.23,SUBSCRIPTION_FAILURE,41,MEDIUM,RETRY,HUMAN,SCHEDULED,0,2,2026-08-26T18:16:04.115460
CASE-2734,TRANSACTION,TX-2B5E69F3,CUST-1063,1681.23,SUBSCRIPTION_FAILURE,78,MEDIUM,RETRY,HUMAN,SCHEDULED,0,2,2026-08-26T22:16:04.115460
CASE-2735,TRANSACTION,TX-2348297D,CUST-1290,1681.23,SUBSCRIPTION_FAILURE,64,MEDIUM,RETRY,HUMAN,SCHEDULED,0,2,2026-08-26T16:16:04.115460
CASE-2736,TRANSACTION,TX-08D7FB96,CUST-1151,1681.23,SUBSCRIPTION_FAILURE,56,MEDIUM,RETRY,HUMAN,SCHEDULED,0,2,2026-08-28T08:16:04.115460
CASE-2737,TRANSACTION,TX-59326830,CUST-1219,8681.23,SUBSCRIPTION_FAILURE,57,MEDIUM,RETRY,HUMAN,SCHEDULED,0,2,2026-08-28T02:16:04.115460
CASE-2738,TRANSACTION,TX-716EDF1A,CUST-1032,681.23,SUBSCRIPTION_FAILURE,57,MEDIUM,RETRY,HUMAN,SCHEDULED,0,2,2026-08-27T15:16:04.115460
CASE-2739,TRANSACTION,TX-D0358F18,CUST-1136,681.23,SUBSCRIPTION_FAILURE,56,MEDIUM,RETRY,HUMAN,SCHEDULED,0,2,2026-08-28T08:16:04.125265
CASE-2740,TRANSACTION,TX-A4E46A10,CUST-1202,8681.23,SUBSCRIPTION_FAILURE,52,MEDIUM,RETRY,HUMAN,SCHEDULED,0,2,2026-08-27T05:16:04.125265
CASE-2741,TRANSACTION,TX-10FEF30F,CUST-1277,681.23,SUBSCRIPTION_FAILURE,49,MEDIUM,RETRY,HUMAN,SCHEDULED,0,2,2026-08-26T21:16:04.125265
CASE-2742,TRANSACTION,TX-7C32B736,CUST-1133,681.23,SUBSCRIPTION_FAILURE,68,MEDIUM,RETRY,HUMAN,SCHEDULED,0,2,2026-08-28T08:16:04.125265
CASE-2743,TRANSACTION,TX-B5B53D16,CUST-1129,681.23,SUBSCRIPTION_FAILURE,76,MEDIUM,RETRY,HUMAN,SCHEDULED,0,2,2026-08-27T05:16:04.125265
CASE-2744,TRANSACTION,TX-65747715,CUST-1001,1681.23,SUBSCRIPTION_FAILURE,81,LOW,RETRY,AUTO,SCHEDULED,0,2,2026-08-27T12:16:04.125265
CASE-2745,TRANSACTION,TX-678E4006,CUST-1169,4681.23,SUBSCRIPTION_FAILURE,49,MEDIUM,RETRY,HUMAN,SCHEDULED,0,2,2026-08-28T12:16:04.125265
CASE-2746,TRANSACTION,TX-35AE9CFC,CUST-1224,8681.23,SUBSCRIPTION_FAILURE,70,MEDIUM,RETRY,HUMAN,SCHEDULED,0,2,2026-08-28T08:16:04.125265
CASE-2747,TRANSACTION,TX-05FE9351,CUST-1197,1681.23,SUBSCRIPTION_FAILURE,40,MEDIUM,RETRY,HUMAN,SCHEDULED,0,2,2026-08-27T00:16:04.125265
CASE-2748,TRANSACTION,TX-91242CB8,CUST-1156,4681.23,SUBSCRIPTION_FAILURE,61,MEDIUM,RETRY,HUMAN,SCHEDULED,0,2,2026-08-26T20:16:04.125265
CASE-2749,TRANSACTION,TX-4DE6E086,CUST-1274,681.23,SUBSCRIPTION_FAILURE,63,MEDIUM,RETRY,HUMAN,SCHEDULED,0,2,2026-08-27T07:16:04.126426
CASE-2750,TRANSACTION,TX-7E310585,CUST-1104,4681.23,SUBSCRIPTION_FAILURE,81,LOW,RETRY,AUTO,SCHEDULED,0,2,2026-08-28T10:16:04.126426
CASE-2751,TRANSACTION,TX-3FAB6439,CUST-1098,8681.23,SUBSCRIPTION_FAILURE,82,MEDIUM,RETRY,HUMAN,SCHEDULED,0,2,2026-08-27T12:16:04.126426
CASE-2752,TRANSACTION,TX-2F8E00D5,CUST-1184,681.23,SUBSCRIPTION_FAILURE,80,LOW,RETRY,AUTO,SCHEDULED,0,2,2026-08-26T20:16:04.126426
CASE-2753,TRANSACTION,TX-CD9D01CB,CUST-1098,8681.23,SUBSCRIPTION_FAILURE,87,MEDIUM,RETRY,HUMAN,SCHEDULED,0,2,2026-08-28T00:16:04.126426
CASE-2754,TRANSACTION,TX-56A954D8,CUST-1123,681.23,SUBSCRIPTION_FAILURE,86,LOW,RETRY,AUTO,SCHEDULED,0,2,2026-08-28T08:16:04.126426
CASE-2755,TRANSACTION,TX-DF009767,CUST-1274,4681.23,SUBSCRIPTION_FAILURE,71,MEDIUM,RETRY,HUMAN,SCHEDULED,0,2,2026-08-28T10:16:04.126426
CASE-2756,TRANSACTION,TX-E9684EFB,CUST-1173,4681.23,SUBSCRIPTION_FAILURE,43,MEDIUM,RETRY,HUMAN,SCHEDULED,0,2,2026-08-28T05:16:04.126426
CASE-2757,TRANSACTION,TX-B820CAEC,CUST-1268,1681.23,SUBSCRIPTION_FAILURE,81,LOW,RETRY,AUTO,SCHEDULED,0,2,2026-08-27T02:16:04.126426
CASE-2758,TRANSACTION,TX-9F79ADFE,CUST-1297,1681.23,SUBSCRIPTION_FAILURE,87,LOW,RETRY,AUTO,SCHEDULED,0,2,2026-08-28T10:16:04.126426
CASE-2759,TRANSACTION,TX-4A5AC827,CUST-1010,1681.23,SUBSCRIPTION_FAILURE,71,MEDIUM,RETRY,HUMAN,SCHEDULED,0,2,2026-08-28T10:16:04.126426
CASE-2760,TRANSACTION,TX-579F1DC5,CUST-1067,1681.23,SUBSCRIPTION_FAILURE,84,LOW,RETRY,AUTO,SCHEDULED,0,2,2026-08-26T20:16:04.126426
CASE-2761,TRANSACTION,TX-1BD4EB3F,CUST-1050,681.23,SUBSCRIPTION_FAILURE,59,MEDIUM,RETRY,HUMAN,SCHEDULED,0,2,2026-08-28T02:16:04.126426
CASE-2762,TRANSACTION,TX-7D4E73A4,CUST-1059,681.23,SUBSCRIPTION_FAILURE,46,MEDIUM,RETRY,HUMAN,SCHEDULED,0,2,2026-08-26T21:16:04.126426
CASE-2763,TRANSACTION,TX-1E2222DC,CUST-1104,1681.23,SUBSCRIPTION_FAILURE,44,MEDIUM,RETRY,HUMAN,SCHEDULED,0,2,2026-08-26T13:16:04.126426
CASE-2764,TRANSACTION,TX-3FB915DD,CUST-1062,8681.23,SUBSCRIPTION_FAILURE,60,MEDIUM,RETRY,HUMAN,SCHEDULED,0,2,2026-08-27T23:16:04.128436
CASE-2765,TRANSACTION,TX-8A689E5D,CUST-1089,681.23,SUBSCRIPTION_FAILURE,77,MEDIUM,RETRY,HUMAN,SCHEDULED,0,2,2026-08-28T05:16:04.128436
CASE-2766,TRANSACTION,TX-99164E87,CUST-1213,4681.23,SUBSCRIPTION_FAILURE,49,MEDIUM,RETRY,HUMAN,SCHEDULED,0,2,2026-08-27T13:16:04.128436
CASE-2767,TRANSACTION,TX-338255F9,CUST-1125,1681.23,SUBSCRIPTION_FAILURE,68,MEDIUM,RETRY,HUMAN,SCHEDULED,0,2,2026-08-28T06:16:04.128436
CASE-2768,TRANSACTION,TX-82BEBD9B,CUST-1009,8681.23,SUBSCRIPTION_FAILURE,50,MEDIUM,RETRY,HUMAN,SCHEDULED,0,2,2026-08-28T12:16:04.128436
CASE-2769,TRANSACTION,TX-A0D0F23D,CUST-1046,681.23,SUBSCRIPTION_FAILURE,51,MEDIUM,RETRY,HUMAN,SCHEDULED,0,2,2026-08-26T16:16:04.128436
CASE-2770,TRANSACTION,TX-3E5BBE4F,CUST-1065,8681.23,SUBSCRIPTION_FAILURE,84,MEDIUM,RETRY,HUMAN,SCHEDULED,0,2,2026-08-26T20:16:04.128436
CASE-2771,TRANSACTION,TX-B906AD2F,CUST-1231,4681.23,SUBSCRIPTION_FAILURE,73,MEDIUM,RETRY,HUMAN,SCHEDULED,0,2,2026-08-28T01:16:04.128436
CASE-2772,TRANSACTION,TX-6EF8D341,CUST-1093,681.23,SUBSCRIPTION_FAILURE,78,MEDIUM,RETRY,HUMAN,SCHEDULED,0,2,2026-08-28T07:16:04.128436
CASE-2773,TRANSACTION,TX-9EA4A491,CUST-1215,4681.23,SUBSCRIPTION_FAILURE,62,MEDIUM,RETRY,HUMAN,SCHEDULED,0,2,2026-08-27T21:16:04.128436
CASE-2774,TRANSACTION,TX-BCDA00EA,CUST-1272,1681.23,SUBSCRIPTION_FAILURE,47,MEDIUM,RETRY,HUMAN,SCHEDULED,0,2,2026-08-27T13:16:04.128436
CASE-2775,TRANSACTION,TX-D12F1611,CUST-1107,1681.23,SUBSCRIPTION_FAILURE,69,MEDIUM,RETRY,HUMAN,SCHEDULED,0,2,2026-08-28T00:16:04.128436
CASE-2776,TRANSACTION,TX-1A29B264,CUST-1243,681.23,SUBSCRIPTION_FAILURE,49,MEDIUM,RETRY,HUMAN,SCHEDULED,0,2,2026-08-28T02:16:04.128436
CASE-2777,TRANSACTION,TX-64312E34,CUST-1187,681.23,SUBSCRIPTION_FAILURE,43,MEDIUM,RETRY,HUMAN,SCHEDULED,0,2,2026-08-27T09:16:04.128436
CASE-2778,TRANSACTION,TX-0DE2A648,CUST-1233,4681.23,SUBSCRIPTION_FAILURE,61,MEDIUM,RETRY,HUMAN,SCHEDULED,0,2,2026-08-26T13:16:04.128436
CASE-2779,TRANSACTION,TX-ACE772D5,CUST-1091,681.23,SUBSCRIPTION_FAILURE,74,MEDIUM,RETRY,HUMAN,SCHEDULED,0,2,2026-08-27T05:16:04.128436
CASE-2780,TRANSACTION,TX-6A95F284,CUST-1121,681.23,SUBSCRIPTION_FAILURE,44,MEDIUM,RETRY,HUMAN,SCHEDULED,0,2,2026-08-26T23:16:04.128436
CASE-2781,TRANSACTION,TX-36BC733C,CUST-1102,4681.23,SUBSCRIPTION_FAILURE,66,MEDIUM,RETRY,HUMAN,SCHEDULED,0,2,2026-08-28T05:16:04.130466
CASE-2782,TRANSACTION,TX-798FB1E8,CUST-1051,4681.23,SUBSCRIPTION_FAILURE,54,MEDIUM,RETRY,HUMAN,SCHEDULED,0,2,2026-08-27T10:16:04.130466
CASE-2783,TRANSACTION,TX-E30CE058,CUST-1113,1681.23,SUBSCRIPTION_FAILURE,64,MEDIUM,RETRY,HUMAN,SCHEDULED,0,2,2026-08-26T23:16:04.130466
CASE-2784,TRANSACTION,TX-370FB704,CUST-1224,8681.23,SUBSCRIPTION_FAILURE,43,MEDIUM,RETRY,HUMAN,SCHEDULED,0,2,2026-08-26T21:16:04.130466
CASE-2785,TRANSACTION,TX-FAA027BB,CUST-1199,8681.23,SUBSCRIPTION_FAILURE,51,MEDIUM,RETRY,HUMAN,SCHEDULED,0,2,2026-08-27T07:16:04.130466
CASE-2786,TRANSACTION,TX-AFB3BA6D,CUST-1184,1681.23,SUBSCRIPTION_FAILURE,80,LOW,RETRY,AUTO,SCHEDULED,0,2,2026-08-27T15:16:04.130466
CASE-2787,TRANSACTION,TX-674A5A61,CUST-1292,1681.23,SUBSCRIPTION_FAILURE,42,MEDIUM,RETRY,HUMAN,SCHEDULED,0,2,2026-08-28T04:16:04.130466
CASE-2788,TRANSACTION,TX-34A8B307,CUST-1235,681.23,SUBSCRIPTION_FAILURE,69,MEDIUM,RETRY,HUMAN,SCHEDULED,0,2,2026-08-27T15:16:04.130466
CASE-2789,TRANSACTION,TX-C6D7B97E,CUST-1081,1681.23,SUBSCRIPTION_FAILURE,58,MEDIUM,RETRY,HUMAN,SCHEDULED,0,2,2026-08-27T01:16:04.130466
CASE-2790,TRANSACTION,TX-920B4143,CUST-1211,1681.23,SUBSCRIPTION_FAILURE,45,MEDIUM,RETRY,HUMAN,SCHEDULED,0,2,2026-08-26T23:16:04.131474
CASE-2791,TRANSACTION,TX-9BA5AB8F,CUST-1143,8681.23,SUBSCRIPTION_FAILURE,69,MEDIUM,RETRY,HUMAN,SCHEDULED,0,2,2026-08-27T09:16:04.131474
CASE-2792,TRANSACTION,TX-E9F67782,CUST-1168,1681.23,SUBSCRIPTION_FAILURE,55,MEDIUM,RETRY,HUMAN,SCHEDULED,0,2,2026-08-27T22:16:04.131474
CASE-2793,TRANSACTION,TX-AD67C82A,CUST-1003,1681.23,SUBSCRIPTION_FAILURE,76,MEDIUM,RETRY,HUMAN,SCHEDULED,0,2,2026-08-28T10:16:04.131474
CASE-2794,TRANSACTION,TX-8B18C039,CUST-1259,8681.23,SUBSCRIPTION_FAILURE,86,MEDIUM,RETRY,HUMAN,SCHEDULED,0,2,2026-08-27T03:16:04.131474
CASE-2795,TRANSACTION,TX-A28221FF,CUST-1051,8681.23,SUBSCRIPTION_FAILURE,70,MEDIUM,RETRY,HUMAN,SCHEDULED,0,2,2026-08-27T21:16:04.131474
CASE-2796,TRANSACTION,TX-752A6C88,CUST-1007,681.23,SUBSCRIPTION_FAILURE,75,MEDIUM,RETRY,HUMAN,SCHEDULED,0,2,2026-08-28T04:16:04.131474
CASE-2797,TRANSACTION,TX-2033EDA2,CUST-1123,4681.23,SUBSCRIPTION_FAILURE,58,MEDIUM,RETRY,HUMAN,SCHEDULED,0,2,2026-08-27T06:16:04.131474
CASE-2798,TRANSACTION,TX-B5C104E4,CUST-1236,4681.23,SUBSCRIPTION_FAILURE,50,MEDIUM,RETRY,HUMAN,SCHEDULED,0,2,2026-08-27T07:16:04.131474
CASE-2799,TRANSACTION,TX-A199FB86,CUST-1208,1681.23,SUBSCRIPTION_FAILURE,85,LOW,RETRY,AUTO,SCHEDULED,0,2,2026-08-26T20:16:04.131474
CASE-2800,TRANSACTION,TX-21A27192,CUST-1001,8681.23,SUBSCRIPTION_FAILURE,85,MEDIUM,RETRY,HUMAN,SCHEDULED,0,2,2026-08-26T16:16:04.131474
CASE-2801,TRANSACTION,TX-FC58E43F,CUST-1017,4681.23,SUBSCRIPTION_FAILURE,73,MEDIUM,RETRY,HUMAN,SCHEDULED,0,2,2026-08-27T19:16:04.131474
CASE-2802,TRANSACTION,TX-24ED0028,CUST-1042,1681.23,SUBSCRIPTION_FAILURE,83,LOW,RETRY,AUTO,SCHEDULED,0,2,2026-08-28T09:16:04.131474
CASE-2803,TRANSACTION,TX-3FB081F6,CUST-1057,4681.23,SUBSCRIPTION_FAILURE,43,MEDIUM,RETRY,HUMAN,SCHEDULED,0,2,2026-08-27T07:16:04.131474
CASE-2804,TRANSACTION,TX-C5EE839F,CUST-1188,681.23,SUBSCRIPTION_FAILURE,63,MEDIUM,RETRY,HUMAN,SCHEDULED,0,2,2026-08-27T01:16:04.131474
CASE-2805,TRANSACTION,TX-9576CB57,CUST-1105,681.23,SUBSCRIPTION_FAILURE,75,MEDIUM,RETRY,HUMAN,SCHEDULED,0,2,2026-08-27T21:16:04.131474
CASE-2806,TRANSACTION,TX-FD364576,CUST-1245,681.23,SUBSCRIPTION_FAILURE,81,LOW,RETRY,AUTO,SCHEDULED,0,2,2026-08-27T22:16:04.131474
CASE-2807,TRANSACTION,TX-4F573488,CUST-1137,4681.23,SUBSCRIPTION_FAILURE,62,MEDIUM,RETRY,HUMAN,SCHEDULED,0,2,2026-08-28T09:16:04.131474
CASE-2808,TRANSACTION,TX-E1BADD8A,CUST-1177,681.23,SUBSCRIPTION_FAILURE,63,MEDIUM,RETRY,HUMAN,SCHEDULED,0,2,2026-08-27T04:16:04.131474
CASE-2809,TRANSACTION,TX-EE4FDA5A,CUST-1273,681.23,SUBSCRIPTION_FAILURE,70,MEDIUM,RETRY,HUMAN,SCHEDULED,0,2,2026-08-26T21:16:04.131474
CASE-2810,TRANSACTION,TX-DBC49A4F,CUST-1034,4681.23,SUBSCRIPTION_FAILURE,83,LOW,RETRY,AUTO,SCHEDULED,0,2,2026-08-28T07:16:04.131474
CASE-2811,TRANSACTION,TX-07B2D8FF,CUST-1092,681.23,SUBSCRIPTION_FAILURE,65,MEDIUM,RETRY,HUMAN,SCHEDULED,0,2,2026-08-28T06:16:04.131474
CASE-2812,TRANSACTION,TX-38B6102B,CUST-1058,1681.23,SUBSCRIPTION_FAILURE,57,MEDIUM,RETRY,HUMAN,SCHEDULED,0,2,2026-08-28T03:16:04.131474
CASE-2813,TRANSACTION,TX-2D1DE55F,CUST-1012,1681.23,SUBSCRIPTION_FAILURE,73,MEDIUM,RETRY,HUMAN,SCHEDULED,0,2,2026-08-26T17:16:04.131474
CASE-2814,TRANSACTION,TX-451826AA,CUST-1178,1681.23,SUBSCRIPTION_FAILURE,70,MEDIUM,RETRY,HUMAN,SCHEDULED,0,2,2026-08-26T13:16:04.131474
CASE-2815,TRANSACTION,TX-56669257,CUST-1097,681.23,SUBSCRIPTION_FAILURE,58,MEDIUM,RETRY,HUMAN,SCHEDULED,0,2,2026-08-27T22:16:04.131474
CASE-2816,TRANSACTION,TX-062583D8,CUST-1297,4681.23,SUBSCRIPTION_FAILURE,66,MEDIUM,RETRY,HUMAN,SCHEDULED,0,2,2026-08-26T19:16:04.131474
CASE-2817,TRANSACTION,TX-1A5E61C9,CUST-1272,4681.23,SUBSCRIPTION_FAILURE,71,MEDIUM,RETRY,HUMAN,SCHEDULED,0,2,2026-08-27T17:16:04.131474
CASE-2818,TRANSACTION,TX-1701E967,CUST-1088,1681.23,SUBSCRIPTION_FAILURE,59,MEDIUM,RETRY,HUMAN,SCHEDULED,0,2,2026-08-27T06:16:04.131474
CASE-2819,TRANSACTION,TX-16F0257A,CUST-1025,4681.23,SUBSCRIPTION_FAILURE,58,MEDIUM,RETRY,HUMAN,SCHEDULED,0,2,2026-08-27T18:16:04.131474
CASE-2820,TRANSACTION,TX-E901B2AB,CUST-1083,8681.23,SUBSCRIPTION_FAILURE,50,MEDIUM,RETRY,HUMAN,SCHEDULED,0,2,2026-08-28T01:16:04.135327
CASE-2821,TRANSACTION,TX-93AE5307,CUST-1122,1681.23,SUBSCRIPTION_FAILURE,50,MEDIUM,RETRY,HUMAN,SCHEDULED,0,2,2026-08-27T16:16:04.135327
CASE-2822,TRANSACTION,TX-7B90F066,CUST-1134,1681.23,SUBSCRIPTION_FAILURE,68,MEDIUM,RETRY,HUMAN,SCHEDULED,0,2,2026-08-27T23:16:04.135327
CASE-2823,TRANSACTION,TX-4DD6D4F9,CUST-1163,681.23,SUBSCRIPTION_FAILURE,82,LOW,RETRY,AUTO,SCHEDULED,0,2,2026-08-27T13:16:04.135327
CASE-2824,TRANSACTION,TX-712643E8,CUST-1084,8681.23,SUBSCRIPTION_FAILURE,74,MEDIUM,RETRY,HUMAN,SCHEDULED,0,2,2026-08-28T11:16:04.135327
CASE-2825,TRANSACTION,TX-825F80F5,CUST-1075,8681.23,SUBSCRIPTION_FAILURE,71,MEDIUM,RETRY,HUMAN,SCHEDULED,0,2,2026-08-28T03:16:04.135327
CASE-2826,TRANSACTION,TX-B8A7CD21,CUST-1280,681.23,SUBSCRIPTION_FAILURE,87,LOW,RETRY,AUTO,SCHEDULED,0,2,2026-08-26T15:16:04.135327
CASE-2827,TRANSACTION,TX-DA6382DB,CUST-1149,4681.23,SUBSCRIPTION_FAILURE,70,MEDIUM,RETRY,HUMAN,SCHEDULED,0,2,2026-08-26T14:16:04.135327
CASE-2828,TRANSACTION,TX-E82220B5,CUST-1058,8681.23,SUBSCRIPTION_FAILURE,61,MEDIUM,RETRY,HUMAN,SCHEDULED,0,2,2026-08-28T04:16:04.135327
CASE-2829,TRANSACTION,TX-C0B3A4F4,CUST-1013,681.23,SUBSCRIPTION_FAILURE,59,MEDIUM,RETRY,HUMAN,SCHEDULED,0,2,2026-08-27T22:16:04.135327
CASE-2830,TRANSACTION,TX-203BD02E,CUST-1048,8681.23,SUBSCRIPTION_FAILURE,62,MEDIUM,RETRY,HUMAN,SCHEDULED,0,2,2026-08-26T22:16:04.135327
CASE-2831,TRANSACTION,TX-A4FB29E0,CUST-1270,1681.23,SUBSCRIPTION_FAILURE,77,MEDIUM,RETRY,HUMAN,SCHEDULED,0,2,2026-08-28T00:16:04.135327
CASE-2832,TRANSACTION,TX-4A0D3751,CUST-1276,681.23,SUBSCRIPTION_FAILURE,45,MEDIUM,RETRY,HUMAN,SCHEDULED,0,2,2026-08-26T18:16:04.135327
CASE-2833,TRANSACTION,TX-13A70BB6,CUST-1202,681.23,SUBSCRIPTION_FAILURE,72,MEDIUM,RETRY,HUMAN,SCHEDULED,0,2,2026-08-27T16:16:04.135327
CASE-2834,TRANSACTION,TX-8E08A3C0,CUST-1185,681.23,SUBSCRIPTION_FAILURE,82,LOW,RETRY,AUTO,SCHEDULED,0,2,2026-08-26T15:16:04.135327
CASE-2835,TRANSACTION,TX-06CE453C,CUST-1198,8681.23,SUBSCRIPTION_FAILURE,63,MEDIUM,RETRY,HUMAN,SCHEDULED,0,2,2026-08-27T18:16:04.135327
CASE-2836,TRANSACTION,TX-5DB7FB38,CUST-1158,4681.23,SUBSCRIPTION_FAILURE,62,MEDIUM,RETRY,HUMAN,SCHEDULED,0,2,2026-08-28T07:16:04.135327
CASE-2837,TRANSACTION,TX-8AA93DCA,CUST-1228,1681.23,SUBSCRIPTION_FAILURE,86,LOW,RETRY,AUTO,SCHEDULED,0,2,2026-08-27T18:16:04.135327
CASE-2838,TRANSACTION,TX-4DB07E71,CUST-1218,1681.23,SUBSCRIPTION_FAILURE,86,LOW,RETRY,AUTO,SCHEDULED,0,2,2026-08-26T23:16:04.135327
CASE-2839,TRANSACTION,TX-CF73F8AA,CUST-1107,681.23,SUBSCRIPTION_FAILURE,49,MEDIUM,RETRY,HUMAN,SCHEDULED,0,2,2026-08-27T03:16:04.135327
CASE-2840,TRANSACTION,TX-7EFCE3A2,CUST-1193,4681.23,SUBSCRIPTION_FAILURE,44,MEDIUM,RETRY,HUMAN,SCHEDULED,0,2,2026-08-27T10:16:04.135327
CASE-2841,TRANSACTION,TX-544B1AD3,CUST-1090,4681.23,SUBSCRIPTION_FAILURE,66,MEDIUM,RETRY,HUMAN,SCHEDULED,0,2,2026-08-27T00:16:04.135327
CASE-2842,TRANSACTION,TX-FE0445A6,CUST-1096,1681.23,SUBSCRIPTION_FAILURE,52,MEDIUM,RETRY,HUMAN,SCHEDULED,0,2,2026-08-27T01:16:04.135327
CASE-2843,TRANSACTION,TX-61C5A9CB,CUST-1155,8681.23,SUBSCRIPTION_FAILURE,42,MEDIUM,RETRY,HUMAN,SCHEDULED,0,2,2026-08-27T01:16:04.135327
CASE-2844,TRANSACTION,TX-B1FA791C,CUST-1014,8681.23,SUBSCRIPTION_FAILURE,54,MEDIUM,RETRY,HUMAN,SCHEDULED,0,2,2026-08-27T20:16:04.135327
CASE-2845,TRANSACTION,TX-1E573338,CUST-1242,4681.23,SUBSCRIPTION_FAILURE,80,LOW,RETRY,AUTO,SCHEDULED,0,2,2026-08-26T18:16:04.135327
CASE-2846,TRANSACTION,TX-DBFA6C6B,CUST-1092,4681.23,SUBSCRIPTION_FAILURE,66,MEDIUM,RETRY,HUMAN,SCHEDULED,0,2,2026-08-26T19:16:04.135327
CASE-2847,TRANSACTION,TX-06CF9C70,CUST-1062,1681.23,SUBSCRIPTION_FAILURE,41,MEDIUM,RETRY,HUMAN,SCHEDULED,0,2,2026-08-28T08:16:04.135327
CASE-2848,TRANSACTION,TX-07CFE3FB,CUST-1247,4681.23,SUBSCRIPTION_FAILURE,77,MEDIUM,RETRY,HUMAN,SCHEDULED,0,2,2026-08-26T20:16:04.135327
CASE-2849,TRANSACTION,TX-3CAAF8B1,CUST-1062,11682.23,OVERDUE_INVOICE,74,MEDIUM,ESCALATE,HUMAN,AWAITING_APPROVAL,0,2,2026-08-26T14:16:04.135327
CASE-2850,TRANSACTION,TX-37AEB886,CUST-1084,3182.23,OVERDUE_INVOICE,46,MEDIUM,ESCALATE,HUMAN,AWAITING_APPROVAL,0,2,2026-08-27T16:16:04.135327
CASE-2851,TRANSACTION,TX-2F940EA1,CUST-1070,11682.23,OVERDUE_INVOICE,74,MEDIUM,ESCALATE,HUMAN,AWAITING_APPROVAL,0,2,2026-08-28T09:16:04.135327
CASE-2852,TRANSACTION,TX-8AB00C2B,CUST-1215,6182.23,OVERDUE_INVOICE,53,MEDIUM,ESCALATE,HUMAN,AWAITING_APPROVAL,0,2,2026-08-27T18:16:04.135327
CASE-2853,TRANSACTION,TX-7B5D0B7E,CUST-1040,6182.23,OVERDUE_INVOICE,63,MEDIUM,ESCALATE,HUMAN,AWAITING_APPROVAL,0,2,2026-08-28T01:16:04.135327
CASE-2854,TRANSACTION,TX-F602729C,CUST-1086,3182.23,OVERDUE_INVOICE,68,MEDIUM,ESCALATE,HUMAN,AWAITING_APPROVAL,0,2,2026-08-26T17:16:04.140441
CASE-2855,TRANSACTION,TX-A9B15696,CUST-1186,6182.23,OVERDUE_INVOICE,47,MEDIUM,ESCALATE,HUMAN,AWAITING_APPROVAL,0,2,2026-08-26T23:16:04.140441
CASE-2856,TRANSACTION,TX-4373A8B5,CUST-1007,6182.23,OVERDUE_INVOICE,39,MEDIUM,ESCALATE,HUMAN,AWAITING_APPROVAL,0,2,2026-08-27T18:16:04.140441
CASE-2857,TRANSACTION,TX-C055F1C6,CUST-1211,6182.23,OVERDUE_INVOICE,61,MEDIUM,ESCALATE,HUMAN,AWAITING_APPROVAL,0,2,2026-08-28T06:16:04.140441
CASE-2858,TRANSACTION,TX-1CFB8630,CUST-1258,4482.23,OVERDUE_INVOICE,39,MEDIUM,ESCALATE,HUMAN,AWAITING_APPROVAL,0,2,2026-08-27T01:16:04.140441
CASE-2859,TRANSACTION,TX-A9AC3927,CUST-1236,3182.23,OVERDUE_INVOICE,56,MEDIUM,ESCALATE,HUMAN,AWAITING_APPROVAL,0,2,2026-08-28T04:16:04.140441
CASE-2860,TRANSACTION,TX-726D02EA,CUST-1179,3182.23,OVERDUE_INVOICE,60,MEDIUM,ESCALATE,HUMAN,AWAITING_APPROVAL,0,2,2026-08-27T13:16:04.140441
CASE-2861,TRANSACTION,TX-73FB9614,CUST-1268,4482.23,OVERDUE_INVOICE,58,MEDIUM,ESCALATE,HUMAN,AWAITING_APPROVAL,0,2,2026-08-26T15:16:04.140441
CASE-2862,TRANSACTION,TX-6FC5D9C1,CUST-1061,6182.23,OVERDUE_INVOICE,31,MEDIUM,ESCALATE,HUMAN,AWAITING_APPROVAL,0,2,2026-08-26T16:16:04.140441
CASE-2863,TRANSACTION,TX-896861A4,CUST-1117,4482.23,OVERDUE_INVOICE,74,MEDIUM,ESCALATE,HUMAN,AWAITING_APPROVAL,0,2,2026-08-27T23:16:04.140441
CASE-2864,TRANSACTION,TX-7B99F8AE,CUST-1218,4482.23,OVERDUE_INVOICE,35,MEDIUM,ESCALATE,HUMAN,AWAITING_APPROVAL,0,2,2026-08-28T11:16:04.140441
CASE-2865,TRANSACTION,TX-70157DF7,CUST-1022,11682.23,OVERDUE_INVOICE,57,MEDIUM,ESCALATE,HUMAN,AWAITING_APPROVAL,0,2,2026-08-28T10:16:04.140441
CASE-2866,TRANSACTION,TX-04FF2B48,CUST-1061,3182.23,OVERDUE_INVOICE,60,MEDIUM,ESCALATE,HUMAN,AWAITING_APPROVAL,0,2,2026-08-28T08:16:04.140441
CASE-2867,TRANSACTION,TX-8582BFA3,CUST-1006,6182.23,OVERDUE_INVOICE,72,MEDIUM,ESCALATE,HUMAN,AWAITING_APPROVAL,0,2,2026-08-26T22:16:04.140441
CASE-2868,TRANSACTION,TX-0FBCEA0A,CUST-1103,4482.23,OVERDUE_INVOICE,67,MEDIUM,ESCALATE,HUMAN,AWAITING_APPROVAL,0,2,2026-08-27T14:16:04.140441
CASE-2869,TRANSACTION,TX-A8DCFACD,CUST-1075,3182.23,OVERDUE_INVOICE,35,MEDIUM,ESCALATE,HUMAN,AWAITING_APPROVAL,0,2,2026-08-27T14:16:04.140441
CASE-2870,TRANSACTION,TX-FC8BF889,CUST-1257,6182.23,OVERDUE_INVOICE,40,MEDIUM,ESCALATE,HUMAN,AWAITING_APPROVAL,0,2,2026-08-27T00:16:04.140441
CASE-2871,TRANSACTION,TX-D5FACDA9,CUST-1297,3182.23,OVERDUE_INVOICE,36,MEDIUM,ESCALATE,HUMAN,AWAITING_APPROVAL,0,2,2026-08-27T23:16:04.140441
CASE-2872,TRANSACTION,TX-E2B74128,CUST-1088,4482.23,OVERDUE_INVOICE,48,MEDIUM,ESCALATE,HUMAN,AWAITING_APPROVAL,0,2,2026-08-28T06:16:04.140441
CASE-2873,TRANSACTION,TX-2B588ABE,CUST-1244,4482.23,OVERDUE_INVOICE,62,MEDIUM,ESCALATE,HUMAN,AWAITING_APPROVAL,0,2,2026-08-26T23:16:04.140441
CASE-2874,TRANSACTION,TX-1F15F066,CUST-1055,4482.23,OVERDUE_INVOICE,58,MEDIUM,ESCALATE,HUMAN,AWAITING_APPROVAL,0,2,2026-08-27T12:16:04.140441
CASE-2875,TRANSACTION,TX-D3BD72BC,CUST-1264,11682.23,OVERDUE_INVOICE,43,MEDIUM,ESCALATE,HUMAN,AWAITING_APPROVAL,0,2,2026-08-28T05:16:04.140441
CASE-2876,TRANSACTION,TX-E5693165,CUST-1239,6182.23,OVERDUE_INVOICE,37,MEDIUM,ESCALATE,HUMAN,AWAITING_APPROVAL,0,2,2026-08-28T04:16:04.140441
CASE-2877,TRANSACTION,TX-B7C4784E,CUST-1148,11682.23,OVERDUE_INVOICE,53,MEDIUM,ESCALATE,HUMAN,AWAITING_APPROVAL,0,2,2026-08-27T16:16:04.140441
CASE-2878,TRANSACTION,TX-7A56385A,CUST-1198,11682.23,OVERDUE_INVOICE,37,MEDIUM,ESCALATE,HUMAN,AWAITING_APPROVAL,0,2,2026-08-26T22:16:04.140441
CASE-2879,TRANSACTION,TX-9402A6EF,CUST-1228,6182.23,OVERDUE_INVOICE,73,MEDIUM,ESCALATE,HUMAN,AWAITING_APPROVAL,0,2,2026-08-27T10:16:04.140441
CASE-2880,TRANSACTION,TX-EBAC270A,CUST-1097,6182.23,OVERDUE_INVOICE,57,MEDIUM,ESCALATE,HUMAN,AWAITING_APPROVAL,0,2,2026-08-26T17:16:04.140441
CASE-2881,TRANSACTION,TX-B4C812F8,CUST-1007,6182.23,OVERDUE_INVOICE,41,MEDIUM,ESCALATE,HUMAN,AWAITING_APPROVAL,0,2,2026-08-28T06:16:04.140441
CASE-2882,TRANSACTION,TX-D50073B3,CUST-1268,11682.23,OVERDUE_INVOICE,58,MEDIUM,ESCALATE,HUMAN,AWAITING_APPROVAL,0,2,2026-08-28T03:16:04.140441
CASE-2883,TRANSACTION,TX-B27EEBF9,CUST-1053,11682.23,OVERDUE_INVOICE,55,MEDIUM,ESCALATE,HUMAN,AWAITING_APPROVAL,0,2,2026-08-27T13:16:04.140441
CASE-2884,TRANSACTION,TX-82E8F0A5,CUST-1103,4482.23,OVERDUE_INVOICE,51,MEDIUM,ESCALATE,HUMAN,AWAITING_APPROVAL,0,2,2026-08-27T22:16:04.140441
CASE-2885,TRANSACTION,TX-DE0DFDE1,CUST-1143,11682.23,OVERDUE_INVOICE,61,MEDIUM,ESCALATE,HUMAN,AWAITING_APPROVAL,0,2,2026-08-27T11:16:04.140441
CASE-2886,TRANSACTION,TX-7E89671E,CUST-1208,6182.23,OVERDUE_INVOICE,60,MEDIUM,ESCALATE,HUMAN,AWAITING_APPROVAL,0,2,2026-08-27T19:16:04.140441
CASE-2887,TRANSACTION,TX-55B9766C,CUST-1056,4482.23,OVERDUE_INVOICE,59,MEDIUM,ESCALATE,HUMAN,AWAITING_APPROVAL,0,2,2026-08-27T05:16:04.140441
CASE-2888,TRANSACTION,TX-41941D82,CUST-1069,11682.23,OVERDUE_INVOICE,44,MEDIUM,ESCALATE,HUMAN,AWAITING_APPROVAL,0,2,2026-08-26T13:16:04.140441
CASE-2889,TRANSACTION,TX-C9E76AC2,CUST-1256,3182.23,OVERDUE_INVOICE,34,MEDIUM,ESCALATE,HUMAN,AWAITING_APPROVAL,0,2,2026-08-27T12:16:04.144967
CASE-2890,TRANSACTION,TX-C6733F6A,CUST-1156,6182.23,OVERDUE_INVOICE,39,MEDIUM,ESCALATE,HUMAN,AWAITING_APPROVAL,0,2,2026-08-26T18:16:04.144967
CASE-2891,TRANSACTION,TX-144FD649,CUST-1104,11682.23,OVERDUE_INVOICE,59,MEDIUM,ESCALATE,HUMAN,AWAITING_APPROVAL,0,2,2026-08-27T05:16:04.144967
CASE-2892,TRANSACTION,TX-BD29341E,CUST-1134,11682.23,OVERDUE_INVOICE,62,MEDIUM,ESCALATE,HUMAN,AWAITING_APPROVAL,0,2,2026-08-27T02:16:04.144967
CASE-2893,TRANSACTION,TX-A7E14A84,CUST-1221,3182.23,OVERDUE_INVOICE,32,MEDIUM,ESCALATE,HUMAN,AWAITING_APPROVAL,0,2,2026-08-27T08:16:04.144967
CASE-2894,TRANSACTION,TX-B3190F99,CUST-1227,6182.23,OVERDUE_INVOICE,54,MEDIUM,ESCALATE,HUMAN,AWAITING_APPROVAL,0,2,2026-08-28T10:16:04.144967
CASE-2895,TRANSACTION,TX-CCD0908C,CUST-1156,4482.23,OVERDUE_INVOICE,65,MEDIUM,ESCALATE,HUMAN,AWAITING_APPROVAL,0,2,2026-08-27T09:16:04.144967
CASE-2896,TRANSACTION,TX-9294A8EF,CUST-1200,4482.23,OVERDUE_INVOICE,49,MEDIUM,ESCALATE,HUMAN,AWAITING_APPROVAL,0,2,2026-08-27T00:16:04.144967
CASE-2897,TRANSACTION,TX-224A33A3,CUST-1284,11682.23,OVERDUE_INVOICE,72,MEDIUM,ESCALATE,HUMAN,AWAITING_APPROVAL,0,2,2026-08-27T01:16:04.144967
CASE-2898,TRANSACTION,TX-CEEF25FE,CUST-1029,4482.23,OVERDUE_INVOICE,62,MEDIUM,ESCALATE,HUMAN,AWAITING_APPROVAL,0,2,2026-08-27T05:16:04.146521
CASE-2899,TRANSACTION,TX-798835BE,CUST-1181,11682.23,OVERDUE_INVOICE,69,MEDIUM,ESCALATE,HUMAN,AWAITING_APPROVAL,0,2,2026-08-28T09:16:04.146521
CASE-2900,TRANSACTION,TX-7F1B8F06,CUST-1024,3182.23,OVERDUE_INVOICE,67,MEDIUM,ESCALATE,HUMAN,AWAITING_APPROVAL,0,2,2026-08-27T14:16:04.146521
CASE-2901,TRANSACTION,TX-66342D2D,CUST-1175,3182.23,OVERDUE_INVOICE,70,MEDIUM,ESCALATE,HUMAN,AWAITING_APPROVAL,0,2,2026-08-27T09:16:04.146521
CASE-2902,TRANSACTION,TX-243FE3AE,CUST-1211,6182.23,OVERDUE_INVOICE,52,MEDIUM,ESCALATE,HUMAN,AWAITING_APPROVAL,0,2,2026-08-26T18:16:04.146521
CASE-2903,TRANSACTION,TX-1E5E8996,CUST-1121,4482.23,OVERDUE_INVOICE,45,MEDIUM,ESCALATE,HUMAN,AWAITING_APPROVAL,0,2,2026-08-28T07:16:04.146521
CASE-2904,TRANSACTION,TX-3B305585,CUST-1059,3182.23,OVERDUE_INVOICE,49,MEDIUM,ESCALATE,HUMAN,AWAITING_APPROVAL,0,2,2026-08-28T11:16:04.146521
CASE-2905,TRANSACTION,TX-117C6BD4,CUST-1236,6182.23,OVERDUE_INVOICE,32,MEDIUM,ESCALATE,HUMAN,AWAITING_APPROVAL,0,2,2026-08-27T04:16:04.146521
CASE-2906,TRANSACTION,TX-2282055C,CUST-1011,11682.23,OVERDUE_INVOICE,47,MEDIUM,ESCALATE,HUMAN,AWAITING_APPROVAL,0,2,2026-08-28T11:16:04.147539
CASE-2907,TRANSACTION,TX-12B32761,CUST-1293,6182.23,OVERDUE_INVOICE,54,MEDIUM,ESCALATE,HUMAN,AWAITING_APPROVAL,0,2,2026-08-27T00:16:04.147539
CASE-2908,TRANSACTION,TX-F8BB5A73,CUST-1052,3182.23,OVERDUE_INVOICE,61,MEDIUM,ESCALATE,HUMAN,AWAITING_APPROVAL,0,2,2026-08-27T05:16:04.148558
CASE-2909,TRANSACTION,TX-B7CE0380,CUST-1154,6182.23,OVERDUE_INVOICE,40,MEDIUM,ESCALATE,HUMAN,AWAITING_APPROVAL,0,2,2026-08-28T00:16:04.148558
CASE-2910,TRANSACTION,TX-BD538128,CUST-1039,11682.23,OVERDUE_INVOICE,70,MEDIUM,ESCALATE,HUMAN,AWAITING_APPROVAL,0,2,2026-08-27T20:16:04.148558
CASE-2911,TRANSACTION,TX-582D917E,CUST-1294,3182.23,OVERDUE_INVOICE,49,MEDIUM,ESCALATE,HUMAN,AWAITING_APPROVAL,0,2,2026-08-26T21:16:04.148558
CASE-2912,TRANSACTION,TX-0DAE8564,CUST-1297,3182.23,OVERDUE_INVOICE,75,MEDIUM,ESCALATE,HUMAN,AWAITING_APPROVAL,0,2,2026-08-27T15:16:04.148558
CASE-2913,TRANSACTION,TX-EBBD8EAA,CUST-1291,6182.23,OVERDUE_INVOICE,34,MEDIUM,ESCALATE,HUMAN,AWAITING_APPROVAL,0,2,2026-08-27T23:16:04.148558
CASE-2914,TRANSACTION,TX-947A5D2E,CUST-1155,6182.23,OVERDUE_INVOICE,34,MEDIUM,ESCALATE,HUMAN,AWAITING_APPROVAL,0,2,2026-08-26T18:16:04.148558
CASE-2915,TRANSACTION,TX-9CDB59ED,CUST-1213,6182.23,OVERDUE_INVOICE,42,MEDIUM,ESCALATE,HUMAN,AWAITING_APPROVAL,0,2,2026-08-26T21:16:04.148558
CASE-2916,TRANSACTION,TX-6F100B70,CUST-1281,11682.23,OVERDUE_INVOICE,72,MEDIUM,ESCALATE,HUMAN,AWAITING_APPROVAL,0,2,2026-08-26T20:16:04.148558
CASE-2917,TRANSACTION,TX-6871DE3A,CUST-1256,4482.23,OVERDUE_INVOICE,66,MEDIUM,ESCALATE,HUMAN,AWAITING_APPROVAL,0,2,2026-08-26T13:16:04.148558
CASE-2918,TRANSACTION,TX-FE54308B,CUST-1273,11682.23,OVERDUE_INVOICE,47,MEDIUM,ESCALATE,HUMAN,AWAITING_APPROVAL,0,2,2026-08-26T14:16:04.148558
CASE-2919,TRANSACTION,TX-5F0446B8,CUST-1103,3182.23,OVERDUE_INVOICE,63,MEDIUM,ESCALATE,HUMAN,AWAITING_APPROVAL,0,2,2026-08-28T03:16:04.148558
CASE-2920,TRANSACTION,TX-9BB893FF,CUST-1154,4482.23,OVERDUE_INVOICE,39,MEDIUM,ESCALATE,HUMAN,AWAITING_APPROVAL,0,2,2026-08-27T16:16:04.148558
CASE-2921,TRANSACTION,TX-57242BE7,CUST-1105,3182.23,OVERDUE_INVOICE,70,MEDIUM,ESCALATE,HUMAN,AWAITING_APPROVAL,0,2,2026-08-27T18:16:04.148558
CASE-2922,TRANSACTION,TX-F981A2B4,CUST-1121,4482.23,OVERDUE_INVOICE,46,MEDIUM,ESCALATE,HUMAN,AWAITING_APPROVAL,0,2,2026-08-28T05:16:04.148558
CASE-2923,TRANSACTION,TX-656D334C,CUST-1015,4482.23,OVERDUE_INVOICE,42,MEDIUM,ESCALATE,HUMAN,AWAITING_APPROVAL,0,2,2026-08-27T07:16:04.148558
CASE-2924,TRANSACTION,TX-C9440A8D,CUST-1224,11682.23,OVERDUE_INVOICE,65,MEDIUM,ESCALATE,HUMAN,AWAITING_APPROVAL,0,2,2026-08-28T10:16:04.148558
CASE-2925,TRANSACTION,TX-82E135A8,CUST-1140,4482.23,OVERDUE_INVOICE,40,MEDIUM,ESCALATE,HUMAN,AWAITING_APPROVAL,0,2,2026-08-27T20:16:04.148558
CASE-2926,TRANSACTION,TX-876A4C41,CUST-1282,6182.23,OVERDUE_INVOICE,72,MEDIUM,ESCALATE,HUMAN,AWAITING_APPROVAL,0,2,2026-08-28T10:16:04.148558
CASE-2927,TRANSACTION,TX-5C7B5CF2,CUST-1029,11682.23,OVERDUE_INVOICE,31,MEDIUM,ESCALATE,HUMAN,AWAITING_APPROVAL,0,2,2026-08-26T22:16:04.148558
CASE-2928,TRANSACTION,TX-0869E707,CUST-1209,6182.23,OVERDUE_INVOICE,34,MEDIUM,ESCALATE,HUMAN,AWAITING_APPROVAL,0,2,2026-08-26T18:16:04.148558
CASE-2929,TRANSACTION,TX-06CAAC1F,CUST-1072,3182.23,OVERDUE_INVOICE,55,MEDIUM,ESCALATE,HUMAN,AWAITING_APPROVAL,0,2,2026-08-27T00:16:04.148558
CASE-2930,TRANSACTION,TX-E2DA8230,CUST-1298,3182.23,OVERDUE_INVOICE,63,MEDIUM,ESCALATE,HUMAN,AWAITING_APPROVAL,0,2,2026-08-28T07:16:04.148558
CASE-2931,TRANSACTION,TX-30CEA6C2,CUST-1063,4482.23,OVERDUE_INVOICE,68,MEDIUM,ESCALATE,HUMAN,AWAITING_APPROVAL,0,2,2026-08-26T23:16:04.148558
CASE-2932,TRANSACTION,TX-594AB218,CUST-1217,11682.23,OVERDUE_INVOICE,45,MEDIUM,ESCALATE,HUMAN,AWAITING_APPROVAL,0,2,2026-08-28T06:16:04.148558
CASE-2933,TRANSACTION,TX-47FDBCFB,CUST-1141,4482.23,OVERDUE_INVOICE,43,MEDIUM,ESCALATE,HUMAN,AWAITING_APPROVAL,0,2,2026-08-27T20:16:04.148558
CASE-2934,TRANSACTION,TX-81D0DAFE,CUST-1274,3182.23,OVERDUE_INVOICE,61,MEDIUM,ESCALATE,HUMAN,AWAITING_APPROVAL,0,2,2026-08-28T05:16:04.148558
CASE-2935,TRANSACTION,TX-0A7F3729,CUST-1217,6182.23,OVERDUE_INVOICE,64,MEDIUM,ESCALATE,HUMAN,AWAITING_APPROVAL,0,2,2026-08-27T21:16:04.148558
CASE-2936,TRANSACTION,TX-BA08A140,CUST-1186,6182.23,OVERDUE_INVOICE,39,MEDIUM,ESCALATE,HUMAN,AWAITING_APPROVAL,0,2,2026-08-27T13:16:04.148558
CASE-2937,TRANSACTION,TX-0D09114A,CUST-1018,6182.23,OVERDUE_INVOICE,31,MEDIUM,ESCALATE,HUMAN,AWAITING_APPROVAL,0,2,2026-08-26T18:16:04.148558
CASE-2938,TRANSACTION,TX-3D23D947,CUST-1283,4482.23,OVERDUE_INVOICE,46,MEDIUM,ESCALATE,HUMAN,AWAITING_APPROVAL,0,2,2026-08-26T20:16:04.148558
CASE-2939,TRANSACTION,TX-E4E40D9C,CUST-1063,6182.23,OVERDUE_INVOICE,73,MEDIUM,ESCALATE,HUMAN,AWAITING_APPROVAL,0,2,2026-08-27T12:16:04.148558
CASE-2940,TRANSACTION,TX-5D5BC226,CUST-1131,3182.23,OVERDUE_INVOICE,55,MEDIUM,ESCALATE,HUMAN,AWAITING_APPROVAL,0,2,2026-08-27T21:16:04.148558
CASE-2941,TRANSACTION,TX-E75F60D1,CUST-1083,6182.23,OVERDUE_INVOICE,43,MEDIUM,ESCALATE,HUMAN,AWAITING_APPROVAL,0,2,2026-08-27T16:16:04.148558
CASE-2942,TRANSACTION,TX-F616A6A8,CUST-1141,11682.23,OVERDUE_INVOICE,32,MEDIUM,ESCALATE,HUMAN,AWAITING_APPROVAL,0,2,2026-08-27T06:16:04.148558
CASE-2943,TRANSACTION,TX-34EAF4A4,CUST-1217,11682.23,OVERDUE_INVOICE,51,MEDIUM,ESCALATE,HUMAN,AWAITING_APPROVAL,0,2,2026-08-26T16:16:04.153348
CASE-2944,TRANSACTION,TX-6EDFD7EC,CUST-1034,6182.23,OVERDUE_INVOICE,62,MEDIUM,ESCALATE,HUMAN,AWAITING_APPROVAL,0,2,2026-08-26T22:16:04.153348
CASE-2945,TRANSACTION,TX-3D88B204,CUST-1015,6182.23,OVERDUE_INVOICE,59,MEDIUM,ESCALATE,HUMAN,AWAITING_APPROVAL,0,2,2026-08-26T19:16:04.153348
CASE-2946,TRANSACTION,TX-6C7F2676,CUST-1228,4482.23,OVERDUE_INVOICE,70,MEDIUM,ESCALATE,HUMAN,AWAITING_APPROVAL,0,2,2026-08-27T11:16:04.153348
CASE-2947,TRANSACTION,TX-A2AB7C93,CUST-1157,4482.23,OVERDUE_INVOICE,70,MEDIUM,ESCALATE,HUMAN,AWAITING_APPROVAL,0,2,2026-08-28T07:16:04.154416
CASE-2948,TRANSACTION,TX-38FE1FA6,CUST-1128,3182.23,OVERDUE_INVOICE,40,MEDIUM,ESCALATE,HUMAN,AWAITING_APPROVAL,0,2,2026-08-26T17:16:04.154949
CASE-2949,TRANSACTION,TX-D6A39211,CUST-1232,11682.23,OVERDUE_INVOICE,50,MEDIUM,ESCALATE,HUMAN,AWAITING_APPROVAL,0,2,2026-08-28T04:16:04.154949
CASE-2950,TRANSACTION,TX-68681D8C,CUST-1168,6182.23,OVERDUE_INVOICE,41,MEDIUM,ESCALATE,HUMAN,AWAITING_APPROVAL,0,2,2026-08-28T07:16:04.154949
CASE-2951,TRANSACTION,TX-5A1820D4,CUST-1094,11682.23,OVERDUE_INVOICE,53,MEDIUM,ESCALATE,HUMAN,AWAITING_APPROVAL,0,2,2026-08-27T00:16:04.154949
CASE-2952,TRANSACTION,TX-0D0EC6EB,CUST-1012,4482.23,OVERDUE_INVOICE,31,MEDIUM,ESCALATE,HUMAN,AWAITING_APPROVAL,0,2,2026-08-27T07:16:04.154949
CASE-2953,TRANSACTION,TX-E35E591E,CUST-1087,4482.23,OVERDUE_INVOICE,46,MEDIUM,ESCALATE,HUMAN,AWAITING_APPROVAL,0,2,2026-08-26T21:16:04.154949
CASE-2954,TRANSACTION,TX-1F7F14FF,CUST-1134,11682.23,OVERDUE_INVOICE,68,MEDIUM,ESCALATE,HUMAN,AWAITING_APPROVAL,0,2,2026-08-27T13:16:04.154949
CASE-2955,TRANSACTION,TX-CCAAE373,CUST-1061,4482.23,OVERDUE_INVOICE,66,MEDIUM,ESCALATE,HUMAN,AWAITING_APPROVAL,0,2,2026-08-27T03:16:04.154949
CASE-2956,TRANSACTION,TX-E011BA0B,CUST-1254,11682.23,OVERDUE_INVOICE,59,MEDIUM,ESCALATE,HUMAN,AWAITING_APPROVAL,0,2,2026-08-26T15:16:04.154949
CASE-2957,TRANSACTION,TX-89632493,CUST-1137,4482.23,OVERDUE_INVOICE,42,MEDIUM,ESCALATE,HUMAN,AWAITING_APPROVAL,0,2,2026-08-27T05:16:04.154949
CASE-2958,TRANSACTION,TX-E8CB6053,CUST-1221,11682.23,OVERDUE_INVOICE,38,MEDIUM,ESCALATE,HUMAN,AWAITING_APPROVAL,0,2,2026-08-27T23:16:04.154949
CASE-2959,TRANSACTION,TX-44D2F8C6,CUST-1097,6182.23,OVERDUE_INVOICE,73,MEDIUM,ESCALATE,HUMAN,AWAITING_APPROVAL,0,2,2026-08-27T10:16:04.154949
CASE-2960,TRANSACTION,TX-FB02FA3D,CUST-1149,4482.23,OVERDUE_INVOICE,31,MEDIUM,ESCALATE,HUMAN,AWAITING_APPROVAL,0,2,2026-08-26T21:16:04.154949
CASE-2961,TRANSACTION,TX-05C97D69,CUST-1190,11682.23,OVERDUE_INVOICE,45,MEDIUM,ESCALATE,HUMAN,AWAITING_APPROVAL,0,2,2026-08-28T12:16:04.157121
CASE-2962,TRANSACTION,TX-C962C8C6,CUST-1166,11682.23,OVERDUE_INVOICE,38,MEDIUM,ESCALATE,HUMAN,AWAITING_APPROVAL,0,2,2026-08-27T23:16:04.157121
CASE-2963,TRANSACTION,TX-4615A372,CUST-1217,11682.23,OVERDUE_INVOICE,75,MEDIUM,ESCALATE,HUMAN,AWAITING_APPROVAL,0,2,2026-08-28T06:16:04.157121
CASE-2964,TRANSACTION,TX-61C092E7,CUST-1171,3182.23,OVERDUE_INVOICE,33,MEDIUM,ESCALATE,HUMAN,AWAITING_APPROVAL,0,2,2026-08-27T14:16:04.157121
CASE-2965,TRANSACTION,TX-111A10F2,CUST-1130,3182.23,OVERDUE_INVOICE,30,MEDIUM,ESCALATE,HUMAN,AWAITING_APPROVAL,0,2,2026-08-27T11:16:04.157121
CASE-2966,TRANSACTION,TX-A1CEDD86,CUST-1287,6182.23,OVERDUE_INVOICE,38,MEDIUM,ESCALATE,HUMAN,AWAITING_APPROVAL,0,2,2026-08-28T01:16:04.157121
CASE-2967,TRANSACTION,TX-C6B25D73,CUST-1258,6182.23,OVERDUE_INVOICE,40,MEDIUM,ESCALATE,HUMAN,AWAITING_APPROVAL,0,2,2026-08-27T07:16:04.157121
CASE-2968,TRANSACTION,TX-E127B49C,CUST-1163,4482.23,OVERDUE_INVOICE,35,MEDIUM,ESCALATE,HUMAN,AWAITING_APPROVAL,0,2,2026-08-27T20:16:04.157121
CASE-2969,TRANSACTION,TX-810E0102,CUST-1023,3182.23,OVERDUE_INVOICE,50,MEDIUM,ESCALATE,HUMAN,AWAITING_APPROVAL,0,2,2026-08-27T19:16:04.157121
CASE-2970,TRANSACTION,TX-3FC3E0AC,CUST-1145,6182.23,OVERDUE_INVOICE,57,MEDIUM,ESCALATE,HUMAN,AWAITING_APPROVAL,0,2,2026-08-27T20:16:04.157121
CASE-2971,TRANSACTION,TX-1AA18882,CUST-1085,6182.23,OVERDUE_INVOICE,57,MEDIUM,ESCALATE,HUMAN,AWAITING_APPROVAL,0,2,2026-08-27T05:16:04.157121
CASE-2972,TRANSACTION,TX-214A1446,CUST-1226,4482.23,OVERDUE_INVOICE,65,MEDIUM,ESCALATE,HUMAN,AWAITING_APPROVAL,0,2,2026-08-28T03:16:04.157121
CASE-2973,TRANSACTION,TX-F0E6831A,CUST-1094,3182.23,OVERDUE_INVOICE,44,MEDIUM,ESCALATE,HUMAN,AWAITING_APPROVAL,0,2,2026-08-27T20:16:04.157121
CASE-2974,TRANSACTION,TX-053ABB56,CUST-1240,4482.23,OVERDUE_INVOICE,75,MEDIUM,ESCALATE,HUMAN,AWAITING_APPROVAL,0,2,2026-08-27T05:16:04.157121
CASE-2975,TRANSACTION,TX-7DB6F158,CUST-1183,3182.23,OVERDUE_INVOICE,58,MEDIUM,ESCALATE,HUMAN,AWAITING_APPROVAL,0,2,2026-08-27T05:16:04.157121
CASE-2976,TRANSACTION,TX-7DFB9C7F,CUST-1064,3182.23,OVERDUE_INVOICE,39,MEDIUM,ESCALATE,HUMAN,AWAITING_APPROVAL,0,2,2026-08-27T23:16:04.157121
CASE-2977,TRANSACTION,TX-8F1F98A8,CUST-1087,6182.23,OVERDUE_INVOICE,41,MEDIUM,ESCALATE,HUMAN,AWAITING_APPROVAL,0,2,2026-08-26T18:16:04.157121
CASE-2978,TRANSACTION,TX-0D38467C,CUST-1003,4482.23,OVERDUE_INVOICE,67,MEDIUM,ESCALATE,HUMAN,AWAITING_APPROVAL,0,2,2026-08-28T08:16:04.157121
CASE-2979,TRANSACTION,TX-B8BB86C5,CUST-1049,4482.23,OVERDUE_INVOICE,61,MEDIUM,ESCALATE,HUMAN,AWAITING_APPROVAL,0,2,2026-08-27T18:16:04.157121
CASE-2980,TRANSACTION,TX-A0D497B2,CUST-1192,3182.23,OVERDUE_INVOICE,55,MEDIUM,ESCALATE,HUMAN,AWAITING_APPROVAL,0,2,2026-08-28T03:16:04.157121
CASE-2981,TRANSACTION,TX-BC20110E,CUST-1236,3182.23,OVERDUE_INVOICE,35,MEDIUM,ESCALATE,HUMAN,AWAITING_APPROVAL,0,2,2026-08-26T20:16:04.157121
CASE-2982,TRANSACTION,TX-3861385C,CUST-1003,6182.23,OVERDUE_INVOICE,68,MEDIUM,ESCALATE,HUMAN,AWAITING_APPROVAL,0,2,2026-08-26T19:16:04.157121
CASE-2983,TRANSACTION,TX-CEF90E14,CUST-1292,11682.23,OVERDUE_INVOICE,50,MEDIUM,ESCALATE,HUMAN,AWAITING_APPROVAL,0,2,2026-08-28T09:16:04.157121
CASE-2984,TRANSACTION,TX-911FFCC5,CUST-1029,6182.23,OVERDUE_INVOICE,50,MEDIUM,ESCALATE,HUMAN,AWAITING_APPROVAL,0,2,2026-08-26T22:16:04.160473
CASE-2985,TRANSACTION,TX-6E013303,CUST-1205,11682.23,OVERDUE_INVOICE,35,MEDIUM,ESCALATE,HUMAN,AWAITING_APPROVAL,0,2,2026-08-27T21:16:04.160473
CASE-2986,TRANSACTION,TX-1D0559E3,CUST-1011,11682.23,OVERDUE_INVOICE,35,MEDIUM,ESCALATE,HUMAN,AWAITING_APPROVAL,0,2,2026-08-27T12:16:04.160473
CASE-2987,TRANSACTION,TX-F2EF8B4B,CUST-1079,11682.23,OVERDUE_INVOICE,48,MEDIUM,ESCALATE,HUMAN,AWAITING_APPROVAL,0,2,2026-08-27T05:16:04.160473
CASE-2988,TRANSACTION,TX-167BF093,CUST-1068,11682.23,OVERDUE_INVOICE,49,MEDIUM,ESCALATE,HUMAN,AWAITING_APPROVAL,0,2,2026-08-28T06:16:04.160473
CASE-2989,TRANSACTION,TX-1768EE95,CUST-1103,6182.23,OVERDUE_INVOICE,62,MEDIUM,ESCALATE,HUMAN,AWAITING_APPROVAL,0,2,2026-08-27T12:16:04.160473
CASE-2990,TRANSACTION,TX-725EE838,CUST-1289,11682.23,OVERDUE_INVOICE,47,MEDIUM,ESCALATE,HUMAN,AWAITING_APPROVAL,0,2,2026-08-27T09:16:04.160473
CASE-2991,TRANSACTION,TX-B3ADAD79,CUST-1096,6182.23,OVERDUE_INVOICE,69,MEDIUM,ESCALATE,HUMAN,AWAITING_APPROVAL,0,2,2026-08-27T09:16:04.160473
CASE-2992,TRANSACTION,TX-4D816E99,CUST-1263,3182.23,OVERDUE_INVOICE,32,MEDIUM,ESCALATE,HUMAN,AWAITING_APPROVAL,0,2,2026-08-26T17:16:04.160473
CASE-2993,TRANSACTION,TX-A794E8FD,CUST-1080,4482.23,OVERDUE_INVOICE,71,MEDIUM,ESCALATE,HUMAN,AWAITING_APPROVAL,0,2,2026-08-26T20:16:04.160473
CASE-2994,TRANSACTION,TX-115BBC28,CUST-1240,3182.23,OVERDUE_INVOICE,48,MEDIUM,ESCALATE,HUMAN,AWAITING_APPROVAL,0,2,2026-08-27T06:16:04.160473
CASE-2995,TRANSACTION,TX-BA1455BF,CUST-1066,6182.23,OVERDUE_INVOICE,39,MEDIUM,ESCALATE,HUMAN,AWAITING_APPROVAL,0,2,2026-08-27T03:16:04.160473
CASE-2996,TRANSACTION,TX-569C05F1,CUST-1292,11682.23,OVERDUE_INVOICE,48,MEDIUM,ESCALATE,HUMAN,AWAITING_APPROVAL,0,2,2026-08-28T08:16:04.160473
CASE-2997,TRANSACTION,TX-8766970C,CUST-1056,3182.23,OVERDUE_INVOICE,62,MEDIUM,ESCALATE,HUMAN,AWAITING_APPROVAL,0,2,2026-08-28T06:16:04.160473
CASE-2998,TRANSACTION,TX-5B5D1C56,CUST-1292,11682.23,OVERDUE_INVOICE,72,MEDIUM,ESCALATE,HUMAN,AWAITING_APPROVAL,0,2,2026-08-27T20:16:04.160473
CASE-2999,TRANSACTION,TX-55D96792,CUST-1009,3182.38,OVERDUE_INVOICE,62,MEDIUM,ESCALATE,HUMAN,AWAITING_APPROVAL,0,2,2026-08-26T18:16:04.160473
