id,customer_id,amount,currency,payment_method,status,failure_reason,payment_state,possible_customer_debit,fraud_signal,retry_count,created_at
TX-F4EF814A,CUST-1177,2000.0,INR,CARD,FAILED,TEMPORARY_BANK_ERROR,CLEAR,False,False,0,2026-08-27T02:16:03.992776
TX-C001E456,CUST-1036,8500.0,INR,NACH,FAILED,SESSION_TIMEOUT,CLEAR,False,False,0,2026-08-28T10:16:03.992776
TX-72C0009E,CUST-1210,25000.0,INR,UPI,AMBIGUOUS,GATEWAY_TIMEOUT_AMBIGUOUS,AMBIGUOUS,True,False,0,2026-08-28T04:16:03.992776
TX-A30F151F,CUST-1216,2000.0,INR,NETBANKING,FAILED,CARD_EXPIRED,CLEAR,False,False,1,2026-08-27T12:16:03.992776
TX-A1186826,CUST-1194,75000.0,INR,NACH,FAILED,INVOICE_OVERDUE_18_DAYS,CLEAR,False,False,0,2026-08-28T07:16:03.992776
TX-CF14CE57,CUST-1069,11682.23,INR,NETBANKING,FAILED,INSUFFICIENT_FUNDS,CLEAR,False,False,0,2026-08-28T05:16:03.995285
TX-9FEB4669,CUST-1271,7182.23,INR,UPI,FAILED,INSUFFICIENT_FUNDS,CLEAR,False,False,0,2026-08-26T14:16:03.995285
TX-AAA9B5DB,CUST-1153,1181.23,INR,NACH,SUCCESS,INSUFFICIENT_FUNDS,CLEAR,False,False,0,2026-08-26T17:16:03.995285
TX-C8269751,CUST-1273,7182.23,INR,NACH,FAILED,INSUFFICIENT_FUNDS,CLEAR,False,False,0,2026-08-27T22:16:03.995285
TX-0C4419D0,CUST-1080,4681.23,INR,NETBANKING,FAILED,INSUFFICIENT_FUNDS,CLEAR,False,False,0,2026-08-28T00:16:03.995285
TX-B80E60AA,CUST-1215,1181.23,INR,CARD,FAILED,INSUFFICIENT_FUNDS,CLEAR,False,False,0,2026-08-27T21:16:03.995285
TX-7965BC27,CUST-1018,1181.23,INR,NACH,FAILED,INSUFFICIENT_FUNDS,CLEAR,False,False,0,2026-08-26T22:16:03.996318
TX-E1373104,CUST-1126,11682.23,INR,CARD,FAILED,INSUFFICIENT_FUNDS,CLEAR,False,False,0,2026-08-27T11:16:03.996318
TX-BED09C24,CUST-1112,2181.23,INR,CARD,FAILED,INSUFFICIENT_FUNDS,CLEAR,False,False,0,2026-08-28T04:16:03.996318
TX-D5958EAE,CUST-1295,3681.23,INR,NETBANKING,FAILED,INSUFFICIENT_FUNDS,CLEAR,False,False,0,2026-08-27T00:16:03.996318
TX-60763F0C,CUST-1122,11682.23,INR,NETBANKING,FAILED,INSUFFICIENT_FUNDS,CLEAR,False,False,0,2026-08-28T03:16:03.996318
TX-1D4370CC,CUST-1212,7182.23,INR,NETBANKING,FAILED,INSUFFICIENT_FUNDS,CLEAR,False,False,0,2026-08-27T19:16:03.996318
TX-8589C36A,CUST-1090,7182.23,INR,NACH,FAILED,INSUFFICIENT_FUNDS,CLEAR,False,False,0,2026-08-27T01:16:03.996318
TX-013A4757,CUST-1196,1181.23,INR,NETBANKING,FAILED,INSUFFICIENT_FUNDS,CLEAR,False,False,0,2026-08-26T16:16:03.996318
TX-A7A9CBF0,CUST-1154,4681.23,INR,NACH,FAILED,INSUFFICIENT_FUNDS,CLEAR,False,False,0,2026-08-28T01:16:03.997328
TX-2ADE7832,CUST-1116,4681.23,INR,NETBANKING,FAILED,INSUFFICIENT_FUNDS,CLEAR,False,False,0,2026-08-26T15:16:03.997328
TX-F9DDA4CB,CUST-1288,4681.23,INR,NACH,FAILED,INSUFFICIENT_FUNDS,CLEAR,False,False,0,2026-08-27T10:16:03.997328
TX-7F9D851D,CUST-1199,7182.23,INR,UPI,FAILED,INSUFFICIENT_FUNDS,CLEAR,False,False,0,2026-08-27T20:16:03.997328
TX-F6D9B1A8,CUST-1231,3681.23,INR,NETBANKING,SUCCESS,INSUFFICIENT_FUNDS,CLEAR,False,False,0,2026-08-28T07:16:03.997328
TX-B0FB15B8,CUST-1027,11682.23,INR,NETBANKING,FAILED,INSUFFICIENT_FUNDS,CLEAR,False,False,0,2026-08-27T12:16:03.997328
TX-6EA4D61A,CUST-1021,7182.23,INR,CARD,FAILED,INSUFFICIENT_FUNDS,CLEAR,False,False,0,2026-08-28T00:16:03.998341
TX-E7C8D81D,CUST-1287,11682.23,INR,UPI,FAILED,INSUFFICIENT_FUNDS,CLEAR,False,False,0,2026-08-27T06:16:03.998341
TX-13DEA4CF,CUST-1008,3681.23,INR,UPI,FAILED,INSUFFICIENT_FUNDS,CLEAR,False,False,0,2026-08-28T00:16:03.998341
TX-A9741BAF,CUST-1246,1181.23,INR,UPI,FAILED,INSUFFICIENT_FUNDS,CLEAR,False,False,0,2026-08-26T16:16:03.998341
TX-4823F44B,CUST-1204,11682.23,INR,UPI,FAILED,INSUFFICIENT_FUNDS,CLEAR,False,False,0,2026-08-27T01:16:03.998341
TX-BE137601,CUST-1239,3681.23,INR,NETBANKING,FAILED,INSUFFICIENT_FUNDS,CLEAR,False,False,0,2026-08-27T17:16:03.998341
TX-377CC20D,CUST-1255,3681.23,INR,NACH,FAILED,INSUFFICIENT_FUNDS,CLEAR,False,False,0,2026-08-28T06:16:03.998341
TX-6BCC6868,CUST-1105,4681.23,INR,NETBANKING,FAILED,INSUFFICIENT_FUNDS,CLEAR,False,False,0,2026-08-27T16:16:03.998341
TX-4E5C72D8,CUST-1075,1181.23,INR,CARD,FAILED,INSUFFICIENT_FUNDS,CLEAR,False,False,0,2026-08-27T20:16:03.998341
TX-D26E8879,CUST-1214,7182.23,INR,NETBANKING,FAILED,INSUFFICIENT_FUNDS,CLEAR,False,False,0,2026-08-28T03:16:03.998341
TX-A279B11F,CUST-1195,3681.23,INR,UPI,FAILED,INSUFFICIENT_FUNDS,CLEAR,False,False,0,2026-08-27T05:16:03.998341
TX-ECCB8FFF,CUST-1173,11682.23,INR,NETBANKING,FAILED,INSUFFICIENT_FUNDS,CLEAR,False,False,0,2026-08-27T05:16:03.998341
TX-43CAB66F,CUST-1252,11682.23,INR,NACH,FAILED,INSUFFICIENT_FUNDS,CLEAR,False,False,0,2026-08-28T02:16:03.998341
TX-0C52E383,CUST-1072,3681.23,INR,NACH,FAILED,INSUFFICIENT_FUNDS,CLEAR,False,False,0,2026-08-28T01:16:03.998341
TX-3641C3A4,CUST-1269,11682.23,INR,CARD,FAILED,INSUFFICIENT_FUNDS,CLEAR,False,False,0,2026-08-28T08:16:03.998341
TX-6B13ED83,CUST-1071,1181.23,INR,UPI,SUCCESS,INSUFFICIENT_FUNDS,CLEAR,False,False,0,2026-08-28T08:16:03.998341
TX-F608565B,CUST-1112,2181.23,INR,NACH,FAILED,INSUFFICIENT_FUNDS,CLEAR,False,False,0,2026-08-27T13:16:03.998341
TX-7370908D,CUST-1248,7182.23,INR,NACH,FAILED,INSUFFICIENT_FUNDS,CLEAR,False,False,0,2026-08-28T11:16:03.998341
TX-8E3DA66A,CUST-1211,7182.23,INR,CARD,FAILED,INSUFFICIENT_FUNDS,CLEAR,False,False,0,2026-08-28T11:16:03.998341
TX-2163A5B6,CUST-1275,11682.23,INR,NETBANKING,FAILED,INSUFFICIENT_FUNDS,CLEAR,False,False,0,2026-08-28T11:16:03.998341
TX-90491C27,CUST-1221,11682.23,INR,UPI,FAILED,INSUFFICIENT_FUNDS,CLEAR,False,False,0,2026-08-28T06:16:03.998341
TX-F9801D3A,CUST-1124,7182.23,INR,UPI,FAILED,INSUFFICIENT_FUNDS,CLEAR,False,False,0,2026-08-26T21:16:03.998341
TX-40633F1A,CUST-1137,3681.23,INR,NACH,FAILED,INSUFFICIENT_FUNDS,CLEAR,False,False,0,2026-08-28T07:16:03.998341
TX-54D5E1D2,CUST-1290,4681.23,INR,UPI,FAILED,INSUFFICIENT_FUNDS,CLEAR,False,False,0,2026-08-26T16:16:03.998341
TX-0077EA58,CUST-1042,3681.23,INR,CARD,FAILED,INSUFFICIENT_FUNDS,CLEAR,False,False,0,2026-08-28T07:16:03.998341
TX-BA883A73,CUST-1283,4681.23,INR,NACH,FAILED,INSUFFICIENT_FUNDS,CLEAR,False,False,0,2026-08-28T09:16:03.998341
TX-313411EE,CUST-1256,1181.23,INR,NACH,SUCCESS,INSUFFICIENT_FUNDS,CLEAR,False,False,0,2026-08-26T19:16:03.998341
TX-8B7CD480,CUST-1271,7182.23,INR,CARD,FAILED,INSUFFICIENT_FUNDS,CLEAR,False,False,0,2026-08-27T22:16:03.998341
TX-ED98CD78,CUST-1244,11682.23,INR,NETBANKING,FAILED,INSUFFICIENT_FUNDS,CLEAR,False,False,0,2026-08-28T10:16:03.998341
TX-BFBA72CB,CUST-1279,11682.23,INR,CARD,FAILED,INSUFFICIENT_FUNDS,CLEAR,False,False,0,2026-08-28T01:16:03.998341
TX-BF47CAD9,CUST-1074,1181.23,INR,NACH,FAILED,INSUFFICIENT_FUNDS,CLEAR,False,False,0,2026-08-28T08:16:03.998341
TX-DF8B1964,CUST-1200,2181.23,INR,NETBANKING,SUCCESS,INSUFFICIENT_FUNDS,CLEAR,False,False,0,2026-08-27T12:16:03.998341
TX-6EACC37F,CUST-1041,2181.23,INR,NETBANKING,FAILED,INSUFFICIENT_FUNDS,CLEAR,False,False,0,2026-08-28T09:16:03.998341
TX-4C75E8B1,CUST-1039,4681.23,INR,NETBANKING,FAILED,INSUFFICIENT_FUNDS,CLEAR,False,False,0,2026-08-26T22:16:03.998341
TX-74A9045F,CUST-1168,7182.23,INR,CARD,FAILED,INSUFFICIENT_FUNDS,CLEAR,False,False,0,2026-08-26T20:16:03.998341
TX-692E8864,CUST-1117,4681.23,INR,NETBANKING,FAILED,INSUFFICIENT_FUNDS,CLEAR,False,False,0,2026-08-27T01:16:03.998341
TX-1A2DA26A,CUST-1300,4681.23,INR,NACH,FAILED,INSUFFICIENT_FUNDS,CLEAR,False,False,0,2026-08-28T07:16:03.998341
TX-3F4B4470,CUST-1038,3681.23,INR,CARD,FAILED,INSUFFICIENT_FUNDS,CLEAR,False,False,0,2026-08-27T19:16:03.998341
TX-DDE5792F,CUST-1079,4681.23,INR,NACH,FAILED,INSUFFICIENT_FUNDS,CLEAR,False,False,0,2026-08-27T16:16:04.003078
TX-7FAA12CE,CUST-1003,1181.23,INR,NETBANKING,FAILED,INSUFFICIENT_FUNDS,CLEAR,False,False,0,2026-08-27T08:16:04.003078
TX-1A85EBF3,CUST-1068,3681.23,INR,CARD,FAILED,INSUFFICIENT_FUNDS,CLEAR,False,False,0,2026-08-28T01:16:04.003078
TX-80767582,CUST-1209,4681.23,INR,CARD,SUCCESS,INSUFFICIENT_FUNDS,CLEAR,False,False,0,2026-08-28T11:16:04.003078
TX-649C0AD9,CUST-1167,3681.23,INR,NACH,SUCCESS,INSUFFICIENT_FUNDS,CLEAR,False,False,0,2026-08-28T12:16:04.003078
TX-F237BABB,CUST-1044,4681.23,INR,UPI,FAILED,INSUFFICIENT_FUNDS,CLEAR,False,False,0,2026-08-27T00:16:04.003078
TX-ACB42AAD,CUST-1072,2181.23,INR,NETBANKING,SUCCESS,INSUFFICIENT_FUNDS,CLEAR,False,False,0,2026-08-27T17:16:04.003078
TX-30AEDF5E,CUST-1033,4681.23,INR,UPI,FAILED,INSUFFICIENT_FUNDS,CLEAR,False,False,0,2026-08-27T09:16:04.003078
TX-90884A63,CUST-1248,4681.23,INR,CARD,FAILED,INSUFFICIENT_FUNDS,CLEAR,False,False,0,2026-08-27T13:16:04.003078
TX-670F8D5B,CUST-1101,2181.23,INR,NACH,SUCCESS,INSUFFICIENT_FUNDS,CLEAR,False,False,0,2026-08-28T06:16:04.003078
TX-5067E35A,CUST-1203,3681.23,INR,NETBANKING,FAILED,INSUFFICIENT_FUNDS,CLEAR,False,False,0,2026-08-26T21:16:04.003078
TX-2B9B6C7D,CUST-1172,3681.23,INR,NACH,FAILED,INSUFFICIENT_FUNDS,CLEAR,False,False,0,2026-08-26T19:16:04.003078
TX-73DB153C,CUST-1165,2181.23,INR,UPI,FAILED,INSUFFICIENT_FUNDS,CLEAR,False,False,0,2026-08-27T06:16:04.003078
TX-79A37509,CUST-1164,2181.23,INR,NETBANKING,FAILED,INSUFFICIENT_FUNDS,CLEAR,False,False,0,2026-08-26T13:16:04.003078
TX-E4688444,CUST-1295,11682.23,INR,UPI,FAILED,INSUFFICIENT_FUNDS,CLEAR,False,False,0,2026-08-27T16:16:04.005117
TX-9AA264BE,CUST-1059,3681.23,INR,UPI,SUCCESS,INSUFFICIENT_FUNDS,CLEAR,False,False,0,2026-08-26T23:16:04.005117
TX-F488FDB4,CUST-1014,2181.23,INR,NACH,FAILED,INSUFFICIENT_FUNDS,CLEAR,False,False,0,2026-08-26T15:16:04.005117
TX-4E1585B2,CUST-1036,4681.23,INR,NACH,FAILED,INSUFFICIENT_FUNDS,CLEAR,False,False,0,2026-08-26T17:16:04.005117
TX-EE2B2780,CUST-1130,2181.23,INR,UPI,SUCCESS,INSUFFICIENT_FUNDS,CLEAR,False,False,0,2026-08-26T15:16:04.005117
TX-82933255,CUST-1230,4681.23,INR,NACH,FAILED,INSUFFICIENT_FUNDS,CLEAR,False,False,0,2026-08-26T23:16:04.005117
TX-E7340BF5,CUST-1215,7182.23,INR,CARD,FAILED,INSUFFICIENT_FUNDS,CLEAR,False,False,0,2026-08-27T13:16:04.005117
TX-890FCAC8,CUST-1044,7182.23,INR,CARD,FAILED,INSUFFICIENT_FUNDS,CLEAR,False,False,0,2026-08-27T21:16:04.005117
TX-CE611039,CUST-1086,11682.23,INR,CARD,FAILED,INSUFFICIENT_FUNDS,CLEAR,False,False,0,2026-08-27T00:16:04.005117
TX-9AA25F0C,CUST-1205,11682.23,INR,NETBANKING,FAILED,INSUFFICIENT_FUNDS,CLEAR,False,False,0,2026-08-27T09:16:04.005117
TX-D1DC3E32,CUST-1133,1181.23,INR,UPI,FAILED,INSUFFICIENT_FUNDS,CLEAR,False,False,0,2026-08-27T04:16:04.005117
TX-C89DC3E3,CUST-1298,7182.23,INR,UPI,FAILED,INSUFFICIENT_FUNDS,CLEAR,False,False,0,2026-08-27T08:16:04.005117
TX-36508C35,CUST-1257,4681.23,INR,UPI,FAILED,INSUFFICIENT_FUNDS,CLEAR,False,False,0,2026-08-27T14:16:04.005117
TX-41E3F432,CUST-1152,4681.23,INR,NACH,FAILED,INSUFFICIENT_FUNDS,CLEAR,False,False,0,2026-08-28T07:16:04.005117
TX-AD7F7548,CUST-1179,11682.23,INR,NETBANKING,FAILED,INSUFFICIENT_FUNDS,CLEAR,False,False,0,2026-08-27T15:16:04.005117
TX-5575635A,CUST-1248,2181.23,INR,NETBANKING,FAILED,INSUFFICIENT_FUNDS,CLEAR,False,False,0,2026-08-27T06:16:04.005117
TX-0ACACFA0,CUST-1164,4681.23,INR,CARD,SUCCESS,INSUFFICIENT_FUNDS,CLEAR,False,False,0,2026-08-27T17:16:04.005117
TX-E0BCBB2A,CUST-1012,11682.23,INR,NETBANKING,FAILED,INSUFFICIENT_FUNDS,CLEAR,False,False,0,2026-08-26T19:16:04.005117
TX-AE55520A,CUST-1125,11682.23,INR,UPI,FAILED,INSUFFICIENT_FUNDS,CLEAR,False,False,0,2026-08-27T01:16:04.005117
TX-FDA4140B,CUST-1237,3681.23,INR,UPI,SUCCESS,INSUFFICIENT_FUNDS,CLEAR,False,False,0,2026-08-27T11:16:04.007252
TX-0C367E51,CUST-1222,2181.23,INR,NACH,FAILED,INSUFFICIENT_FUNDS,CLEAR,False,False,0,2026-08-28T11:16:04.007252
TX-74947738,CUST-1231,7182.23,INR,NACH,FAILED,INSUFFICIENT_FUNDS,CLEAR,False,False,0,2026-08-27T12:16:04.007252
TX-D34FF986,CUST-1106,11682.23,INR,NETBANKING,FAILED,INSUFFICIENT_FUNDS,CLEAR,False,False,0,2026-08-26T15:16:04.007252
TX-A99A0F77,CUST-1275,7182.23,INR,UPI,FAILED,INSUFFICIENT_FUNDS,CLEAR,False,False,0,2026-08-27T13:16:04.007252
TX-345B2583,CUST-1059,2181.23,INR,NETBANKING,FAILED,INSUFFICIENT_FUNDS,CLEAR,False,False,0,2026-08-26T18:16:04.007252
TX-F94B0114,CUST-1161,7182.23,INR,NACH,FAILED,INSUFFICIENT_FUNDS,CLEAR,False,False,0,2026-08-26T21:16:04.007252
TX-EBE7A68C,CUST-1179,7182.23,INR,NETBANKING,FAILED,INSUFFICIENT_FUNDS,CLEAR,False,False,0,2026-08-27T07:16:04.007252
TX-B54C538A,CUST-1153,2181.23,INR,CARD,SUCCESS,INSUFFICIENT_FUNDS,CLEAR,False,False,0,2026-08-26T17:16:04.007252
TX-D3092C56,CUST-1123,3681.23,INR,NETBANKING,FAILED,INSUFFICIENT_FUNDS,CLEAR,False,False,0,2026-08-28T05:16:04.009263
TX-89737732,CUST-1199,3681.23,INR,NACH,SUCCESS,INSUFFICIENT_FUNDS,CLEAR,False,False,0,2026-08-26T22:16:04.009263
TX-39455AC8,CUST-1217,7182.23,INR,UPI,FAILED,INSUFFICIENT_FUNDS,CLEAR,False,False,0,2026-08-27T05:16:04.009263
TX-2305B920,CUST-1089,7182.23,INR,UPI,FAILED,INSUFFICIENT_FUNDS,CLEAR,False,False,0,2026-08-27T05:16:04.009263
TX-A699320D,CUST-1162,2181.23,INR,NACH,FAILED,INSUFFICIENT_FUNDS,CLEAR,False,False,0,2026-08-26T21:16:04.009263
TX-1E56DB0C,CUST-1249,3681.23,INR,UPI,FAILED,INSUFFICIENT_FUNDS,CLEAR,False,False,0,2026-08-28T00:16:04.009263
TX-343999A6,CUST-1254,7182.23,INR,NACH,FAILED,INSUFFICIENT_FUNDS,CLEAR,False,False,0,2026-08-26T17:16:04.009263
TX-D732725A,CUST-1251,4681.23,INR,UPI,FAILED,INSUFFICIENT_FUNDS,CLEAR,False,False,0,2026-08-28T07:16:04.009263
TX-5CB4408D,CUST-1150,1181.23,INR,CARD,FAILED,INSUFFICIENT_FUNDS,CLEAR,False,False,0,2026-08-27T19:16:04.009263
TX-66833505,CUST-1087,7182.23,INR,NACH,FAILED,INSUFFICIENT_FUNDS,CLEAR,False,False,0,2026-08-27T00:16:04.009263
TX-0F54A74D,CUST-1294,4681.23,INR,CARD,SUCCESS,INSUFFICIENT_FUNDS,CLEAR,False,False,0,2026-08-27T19:16:04.011272
TX-B3128D53,CUST-1022,3681.23,INR,NACH,FAILED,INSUFFICIENT_FUNDS,CLEAR,False,False,0,2026-08-27T02:16:04.011272
TX-E906EB7B,CUST-1127,4681.23,INR,NETBANKING,FAILED,INSUFFICIENT_FUNDS,CLEAR,False,False,0,2026-08-28T10:16:04.011272
TX-811E761B,CUST-1045,3681.23,INR,NACH,FAILED,INSUFFICIENT_FUNDS,CLEAR,False,False,0,2026-08-28T05:16:04.011272
TX-35AB4631,CUST-1180,2181.23,INR,NACH,SUCCESS,INSUFFICIENT_FUNDS,CLEAR,False,False,0,2026-08-28T02:16:04.011272
TX-786543A1,CUST-1106,2181.23,INR,CARD,SUCCESS,INSUFFICIENT_FUNDS,CLEAR,False,False,0,2026-08-27T00:16:04.011272
TX-33F433AC,CUST-1276,7182.23,INR,UPI,FAILED,INSUFFICIENT_FUNDS,CLEAR,False,False,0,2026-08-27T16:16:04.011272
TX-B337D872,CUST-1294,3681.23,INR,NETBANKING,FAILED,INSUFFICIENT_FUNDS,CLEAR,False,False,0,2026-08-27T04:16:04.011272
TX-1E05C528,CUST-1211,1181.23,INR,CARD,FAILED,INSUFFICIENT_FUNDS,CLEAR,False,False,0,2026-08-27T19:16:04.011272
TX-3486931E,CUST-1128,2181.23,INR,UPI,FAILED,INSUFFICIENT_FUNDS,CLEAR,False,False,0,2026-08-26T15:16:04.013021
TX-4E9B8545,CUST-1202,2181.23,INR,NACH,FAILED,INSUFFICIENT_FUNDS,CLEAR,False,False,0,2026-08-28T03:16:04.013021
TX-2623A7B1,CUST-1213,11682.23,INR,NACH,FAILED,INSUFFICIENT_FUNDS,CLEAR,False,False,0,2026-08-27T08:16:04.013021
TX-B796569B,CUST-1048,11682.23,INR,NACH,FAILED,INSUFFICIENT_FUNDS,CLEAR,False,False,0,2026-08-27T04:16:04.013021
TX-6112F61F,CUST-1189,3681.23,INR,NACH,FAILED,INSUFFICIENT_FUNDS,CLEAR,False,False,0,2026-08-27T05:16:04.013021
TX-AE5CCF3A,CUST-1048,7182.23,INR,NACH,FAILED,INSUFFICIENT_FUNDS,CLEAR,False,False,0,2026-08-26T20:16:04.013021
TX-7F889BB9,CUST-1033,11682.23,INR,NACH,FAILED,INSUFFICIENT_FUNDS,CLEAR,False,False,0,2026-08-27T23:16:04.013021
TX-896E93F9,CUST-1138,2181.23,INR,NETBANKING,FAILED,INSUFFICIENT_FUNDS,CLEAR,False,False,0,2026-08-27T18:16:04.013021
TX-0AAE23BD,CUST-1067,7182.23,INR,NACH,FAILED,INSUFFICIENT_FUNDS,CLEAR,False,False,0,2026-08-27T15:16:04.013021
TX-F3F59FE3,CUST-1051,1181.23,INR,NACH,FAILED,INSUFFICIENT_FUNDS,CLEAR,False,False,0,2026-08-28T11:16:04.014538
TX-EAA5B918,CUST-1234,2181.23,INR,CARD,FAILED,INSUFFICIENT_FUNDS,CLEAR,False,False,0,2026-08-27T09:16:04.014538
TX-004BC9BF,CUST-1155,11682.23,INR,UPI,FAILED,INSUFFICIENT_FUNDS,CLEAR,False,False,0,2026-08-27T19:16:04.014538
TX-DE9D7B03,CUST-1129,11682.23,INR,CARD,FAILED,INSUFFICIENT_FUNDS,CLEAR,False,False,0,2026-08-27T13:16:04.015101
TX-CBFE85AF,CUST-1027,11682.23,INR,NACH,FAILED,INSUFFICIENT_FUNDS,CLEAR,False,False,0,2026-08-26T20:16:04.015101
TX-201EA7AC,CUST-1120,11682.23,INR,NACH,FAILED,INSUFFICIENT_FUNDS,CLEAR,False,False,0,2026-08-26T19:16:04.015101
TX-7520DD85,CUST-1001,11682.23,INR,UPI,FAILED,INSUFFICIENT_FUNDS,CLEAR,False,False,0,2026-08-27T06:16:04.015101
TX-92A6D472,CUST-1228,2181.23,INR,CARD,SUCCESS,INSUFFICIENT_FUNDS,CLEAR,False,False,0,2026-08-28T12:16:04.015101
TX-59F97DD2,CUST-1217,3681.23,INR,UPI,FAILED,INSUFFICIENT_FUNDS,CLEAR,False,False,0,2026-08-27T06:16:04.015101
TX-5B06BFD6,CUST-1046,2181.23,INR,CARD,FAILED,INSUFFICIENT_FUNDS,CLEAR,False,False,0,2026-08-28T06:16:04.015101
TX-31B1F130,CUST-1071,3681.23,INR,NACH,FAILED,INSUFFICIENT_FUNDS,CLEAR,False,False,0,2026-08-28T04:16:04.015101
TX-06219A56,CUST-1036,11682.23,INR,CARD,FAILED,INSUFFICIENT_FUNDS,CLEAR,False,False,0,2026-08-26T21:16:04.015101
TX-80503779,CUST-1180,2181.23,INR,UPI,FAILED,INSUFFICIENT_FUNDS,CLEAR,False,False,0,2026-08-26T20:16:04.015101
TX-F56CA920,CUST-1227,2181.23,INR,UPI,FAILED,INSUFFICIENT_FUNDS,CLEAR,False,False,0,2026-08-28T07:16:04.016420
TX-242F02C0,CUST-1197,2181.23,INR,NETBANKING,SUCCESS,INSUFFICIENT_FUNDS,CLEAR,False,False,0,2026-08-27T09:16:04.016420
TX-ED6FBC58,CUST-1142,2181.23,INR,CARD,FAILED,INSUFFICIENT_FUNDS,CLEAR,False,False,0,2026-08-27T21:16:04.016420
TX-AC72EA0D,CUST-1146,7182.23,INR,CARD,FAILED,INSUFFICIENT_FUNDS,CLEAR,False,False,0,2026-08-26T18:16:04.016420
TX-AE6D7579,CUST-1261,2181.23,INR,UPI,FAILED,INSUFFICIENT_FUNDS,CLEAR,False,False,0,2026-08-26T13:16:04.016420
TX-3CC9A0F6,CUST-1123,3681.23,INR,NACH,SUCCESS,INSUFFICIENT_FUNDS,CLEAR,False,False,0,2026-08-27T12:16:04.016420
TX-45D54FD6,CUST-1037,2181.23,INR,CARD,FAILED,INSUFFICIENT_FUNDS,CLEAR,False,False,0,2026-08-27T13:16:04.016420
TX-05F9409F,CUST-1292,2181.23,INR,NACH,FAILED,INSUFFICIENT_FUNDS,CLEAR,False,False,0,2026-08-27T13:16:04.016420
TX-CCB3A275,CUST-1242,11682.23,INR,CARD,FAILED,INSUFFICIENT_FUNDS,CLEAR,False,False,0,2026-08-28T11:16:04.016420
TX-A0CA76E1,CUST-1135,1181.23,INR,UPI,FAILED,INSUFFICIENT_FUNDS,CLEAR,False,False,0,2026-08-28T10:16:04.016420
TX-7E831458,CUST-1147,4681.23,INR,NACH,FAILED,INSUFFICIENT_FUNDS,CLEAR,False,False,0,2026-08-27T09:16:04.016420
TX-EF57947A,CUST-1275,4681.23,INR,UPI,FAILED,INSUFFICIENT_FUNDS,CLEAR,False,False,0,2026-08-27T19:16:04.016420
TX-0D547BF7,CUST-1262,3681.23,INR,UPI,FAILED,INSUFFICIENT_FUNDS,CLEAR,False,False,0,2026-08-28T03:16:04.016420
TX-9C16B0CB,CUST-1034,3681.23,INR,NETBANKING,FAILED,INSUFFICIENT_FUNDS,CLEAR,False,False,0,2026-08-26T16:16:04.016420
TX-7FFA1B5D,CUST-1030,11682.23,INR,UPI,FAILED,INSUFFICIENT_FUNDS,CLEAR,False,False,0,2026-08-28T07:16:04.016420
TX-1900311B,CUST-1029,1181.23,INR,NETBANKING,FAILED,INSUFFICIENT_FUNDS,CLEAR,False,False,0,2026-08-26T18:16:04.016420
TX-377E762E,CUST-1090,11682.23,INR,CARD,FAILED,INSUFFICIENT_FUNDS,CLEAR,False,False,0,2026-08-28T12:16:04.018430
TX-524D0D98,CUST-1255,2181.23,INR,NETBANKING,SUCCESS,INSUFFICIENT_FUNDS,CLEAR,False,False,0,2026-08-27T03:16:04.018430
TX-FC7DE8C0,CUST-1086,11682.23,INR,NETBANKING,FAILED,INSUFFICIENT_FUNDS,CLEAR,False,False,0,2026-08-28T04:16:04.018430
TX-E233A025,CUST-1016,3681.23,INR,NETBANKING,FAILED,INSUFFICIENT_FUNDS,CLEAR,False,False,0,2026-08-27T09:16:04.018430
TX-9862DB7E,CUST-1135,7182.23,INR,CARD,FAILED,INSUFFICIENT_FUNDS,CLEAR,False,False,0,2026-08-27T05:16:04.018430
TX-C5648992,CUST-1029,7182.23,INR,NACH,FAILED,INSUFFICIENT_FUNDS,CLEAR,False,False,0,2026-08-27T00:16:04.018430
TX-54FCE702,CUST-1131,3681.23,INR,CARD,FAILED,INSUFFICIENT_FUNDS,CLEAR,False,False,0,2026-08-27T00:16:04.018430
TX-B30959A0,CUST-1117,11682.23,INR,CARD,FAILED,INSUFFICIENT_FUNDS,CLEAR,False,False,0,2026-08-28T10:16:04.019894
TX-41DE2073,CUST-1242,2181.23,INR,NETBANKING,FAILED,INSUFFICIENT_FUNDS,CLEAR,False,False,0,2026-08-27T12:16:04.019894
TX-65313F57,CUST-1284,2181.23,INR,NACH,FAILED,INSUFFICIENT_FUNDS,CLEAR,False,False,0,2026-08-27T22:16:04.019894
TX-5D0D067A,CUST-1164,2181.23,INR,NETBANKING,FAILED,INSUFFICIENT_FUNDS,CLEAR,False,False,0,2026-08-28T08:16:04.019894
TX-5B916282,CUST-1258,3681.23,INR,CARD,FAILED,INSUFFICIENT_FUNDS,CLEAR,False,False,0,2026-08-28T01:16:04.019894
TX-EF27E23C,CUST-1206,7182.23,INR,CARD,FAILED,INSUFFICIENT_FUNDS,CLEAR,False,False,0,2026-08-27T07:16:04.019894
TX-9F9896AD,CUST-1045,3681.23,INR,NACH,FAILED,INSUFFICIENT_FUNDS,CLEAR,False,False,0,2026-08-28T12:16:04.019894
TX-C9BFD1D9,CUST-1289,2181.23,INR,NETBANKING,FAILED,INSUFFICIENT_FUNDS,CLEAR,False,False,0,2026-08-26T13:16:04.019894
TX-D8703A2F,CUST-1189,2181.23,INR,NACH,FAILED,INSUFFICIENT_FUNDS,CLEAR,False,False,0,2026-08-28T00:16:04.019894
TX-516A1772,CUST-1126,7182.23,INR,UPI,FAILED,INSUFFICIENT_FUNDS,CLEAR,False,False,0,2026-08-28T12:16:04.019894
TX-CA9B2884,CUST-1278,1181.23,INR,NETBANKING,FAILED,INSUFFICIENT_FUNDS,CLEAR,False,False,0,2026-08-26T20:16:04.019894
TX-B148B1E8,CUST-1001,1181.23,INR,NACH,FAILED,INSUFFICIENT_FUNDS,CLEAR,False,False,0,2026-08-26T13:16:04.019894
TX-8B3A76CD,CUST-1106,3681.23,INR,UPI,FAILED,INSUFFICIENT_FUNDS,CLEAR,False,False,0,2026-08-27T10:16:04.019894
TX-13476484,CUST-1144,1181.23,INR,CARD,FAILED,INSUFFICIENT_FUNDS,CLEAR,False,False,0,2026-08-28T10:16:04.019894
TX-668CE957,CUST-1191,7182.23,INR,NACH,FAILED,INSUFFICIENT_FUNDS,CLEAR,False,False,0,2026-08-26T13:16:04.019894
TX-E39A742B,CUST-1259,7182.23,INR,UPI,FAILED,INSUFFICIENT_FUNDS,CLEAR,False,False,0,2026-08-26T20:16:04.019894
TX-13BF77B6,CUST-1223,1181.23,INR,UPI,SUCCESS,INSUFFICIENT_FUNDS,CLEAR,False,False,0,2026-08-27T21:16:04.019894
TX-30F7144E,CUST-1202,3681.23,INR,NETBANKING,FAILED,INSUFFICIENT_FUNDS,CLEAR,False,False,0,2026-08-27T16:16:04.019894
TX-A4DD725C,CUST-1039,3681.23,INR,UPI,FAILED,INSUFFICIENT_FUNDS,CLEAR,False,False,0,2026-08-28T04:16:04.019894
TX-3E861561,CUST-1055,1181.23,INR,UPI,FAILED,INSUFFICIENT_FUNDS,CLEAR,False,False,0,2026-08-27T08:16:04.036549
TX-D570D087,CUST-1062,3681.23,INR,NETBANKING,FAILED,INSUFFICIENT_FUNDS,CLEAR,False,False,0,2026-08-27T23:16:04.036549
TX-7E547BDD,CUST-1136,3681.23,INR,CARD,FAILED,INSUFFICIENT_FUNDS,CLEAR,False,False,0,2026-08-28T07:16:04.036549
TX-FB4AA47D,CUST-1021,11682.23,INR,UPI,FAILED,INSUFFICIENT_FUNDS,CLEAR,False,False,0,2026-08-27T16:16:04.036549
TX-527A7ECD,CUST-1183,1181.23,INR,NACH,SUCCESS,INSUFFICIENT_FUNDS,CLEAR,False,False,0,2026-08-27T04:16:04.036549
TX-8AA46B26,CUST-1134,11682.23,INR,UPI,FAILED,INSUFFICIENT_FUNDS,CLEAR,False,False,0,2026-08-28T11:16:04.036549
TX-473F0A84,CUST-1128,4681.23,INR,CARD,SUCCESS,INSUFFICIENT_FUNDS,CLEAR,False,False,0,2026-08-27T07:16:04.036549
TX-D5FCF1B2,CUST-1007,2181.23,INR,CARD,FAILED,INSUFFICIENT_FUNDS,CLEAR,False,False,0,2026-08-27T22:16:04.036549
TX-27A3B9B8,CUST-1191,2181.23,INR,CARD,FAILED,INSUFFICIENT_FUNDS,CLEAR,False,False,0,2026-08-26T23:16:04.036549
TX-D2A474CE,CUST-1012,3681.23,INR,CARD,FAILED,INSUFFICIENT_FUNDS,CLEAR,False,False,0,2026-08-28T00:16:04.036549
TX-B8A6A3F1,CUST-1048,4681.23,INR,NETBANKING,FAILED,INSUFFICIENT_FUNDS,CLEAR,False,False,0,2026-08-28T05:16:04.036549
TX-BA87EA2A,CUST-1087,4681.23,INR,NACH,FAILED,INSUFFICIENT_FUNDS,CLEAR,False,False,0,2026-08-26T14:16:04.036549
TX-44D0D4FA,CUST-1196,4681.23,INR,NACH,FAILED,INSUFFICIENT_FUNDS,CLEAR,False,False,0,2026-08-28T01:16:04.036549
TX-9590C822,CUST-1141,2181.23,INR,NETBANKING,FAILED,INSUFFICIENT_FUNDS,CLEAR,False,False,0,2026-08-27T08:16:04.036549
TX-48215712,CUST-1126,1181.23,INR,NETBANKING,SUCCESS,INSUFFICIENT_FUNDS,CLEAR,False,False,0,2026-08-27T05:16:04.036549
TX-2F80E1A0,CUST-1032,7182.23,INR,CARD,FAILED,INSUFFICIENT_FUNDS,CLEAR,False,False,0,2026-08-27T19:16:04.036549
TX-C1E8CE6F,CUST-1103,2181.23,INR,UPI,FAILED,INSUFFICIENT_FUNDS,CLEAR,False,False,0,2026-08-26T20:16:04.045029
TX-607BCBF7,CUST-1184,1181.23,INR,NACH,FAILED,INSUFFICIENT_FUNDS,CLEAR,False,False,0,2026-08-27T02:16:04.045029
TX-D2774052,CUST-1199,3681.23,INR,NETBANKING,SUCCESS,INSUFFICIENT_FUNDS,CLEAR,False,False,0,2026-08-28T01:16:04.045029
TX-290032DC,CUST-1144,3681.23,INR,CARD,SUCCESS,INSUFFICIENT_FUNDS,CLEAR,False,False,0,2026-08-27T06:16:04.045029
TX-9E341C54,CUST-1120,3681.23,INR,UPI,SUCCESS,INSUFFICIENT_FUNDS,CLEAR,False,False,0,2026-08-28T06:16:04.045029
TX-249E7B8F,CUST-1137,11682.23,INR,CARD,FAILED,INSUFFICIENT_FUNDS,CLEAR,False,False,0,2026-08-27T22:16:04.045029
TX-B24C2AF9,CUST-1089,4681.23,INR,UPI,FAILED,INSUFFICIENT_FUNDS,CLEAR,False,False,0,2026-08-27T21:16:04.045029
TX-381AE720,CUST-1015,3681.23,INR,NETBANKING,SUCCESS,INSUFFICIENT_FUNDS,CLEAR,False,False,0,2026-08-27T00:16:04.045029
TX-FEB98DB4,CUST-1253,2181.23,INR,NETBANKING,FAILED,INSUFFICIENT_FUNDS,CLEAR,False,False,0,2026-08-28T01:16:04.045029
TX-18381213,CUST-1029,1181.23,INR,UPI,FAILED,INSUFFICIENT_FUNDS,CLEAR,False,False,0,2026-08-26T22:16:04.045029
TX-1E8F7AD4,CUST-1245,1181.23,INR,CARD,FAILED,INSUFFICIENT_FUNDS,CLEAR,False,False,0,2026-08-27T15:16:04.045029
TX-FD3BE20A,CUST-1175,2181.23,INR,UPI,FAILED,INSUFFICIENT_FUNDS,CLEAR,False,False,0,2026-08-27T16:16:04.045029
TX-C8703357,CUST-1073,1181.23,INR,CARD,FAILED,INSUFFICIENT_FUNDS,CLEAR,False,False,0,2026-08-27T03:16:04.045029
TX-75FAE190,CUST-1203,1181.23,INR,CARD,FAILED,INSUFFICIENT_FUNDS,CLEAR,False,False,0,2026-08-27T15:16:04.045029
TX-A2E7FB5D,CUST-1081,3681.23,INR,NACH,FAILED,INSUFFICIENT_FUNDS,CLEAR,False,False,0,2026-08-26T20:16:04.045029
TX-871E07BD,CUST-1090,11682.23,INR,NETBANKING,FAILED,INSUFFICIENT_FUNDS,CLEAR,False,False,0,2026-08-27T22:16:04.045029
TX-51099577,CUST-1194,7182.23,INR,NETBANKING,FAILED,INSUFFICIENT_FUNDS,CLEAR,False,False,0,2026-08-26T14:16:04.045029
TX-96BDC7FD,CUST-1091,3681.23,INR,CARD,FAILED,INSUFFICIENT_FUNDS,CLEAR,False,False,0,2026-08-26T16:16:04.045029
TX-E1BB889B,CUST-1017,4681.23,INR,UPI,FAILED,INSUFFICIENT_FUNDS,CLEAR,False,False,0,2026-08-26T22:16:04.045029
TX-28524801,CUST-1290,7182.23,INR,CARD,FAILED,INSUFFICIENT_FUNDS,CLEAR,False,False,0,2026-08-27T05:16:04.045029
TX-DE60671B,CUST-1178,3681.23,INR,NETBANKING,SUCCESS,INSUFFICIENT_FUNDS,CLEAR,False,False,0,2026-08-28T02:16:04.045029
TX-0EE0B6FF,CUST-1172,1181.23,INR,NACH,SUCCESS,INSUFFICIENT_FUNDS,CLEAR,False,False,0,2026-08-28T12:16:04.045029
TX-0FB8ABC6,CUST-1035,2181.23,INR,NETBANKING,FAILED,INSUFFICIENT_FUNDS,CLEAR,False,False,0,2026-08-27T20:16:04.045029
TX-4666422B,CUST-1025,11682.23,INR,NACH,FAILED,INSUFFICIENT_FUNDS,CLEAR,False,False,0,2026-08-27T08:16:04.045029
TX-1FABDB35,CUST-1212,4681.23,INR,NACH,FAILED,INSUFFICIENT_FUNDS,CLEAR,False,False,0,2026-08-27T12:16:04.045029
TX-68EC69C1,CUST-1052,7182.23,INR,NACH,FAILED,INSUFFICIENT_FUNDS,CLEAR,False,False,0,2026-08-27T00:16:04.045029
TX-E0543B0F,CUST-1084,11682.23,INR,NACH,FAILED,INSUFFICIENT_FUNDS,CLEAR,False,False,0,2026-08-28T08:16:04.045029
TX-E2775484,CUST-1164,3681.23,INR,NETBANKING,FAILED,INSUFFICIENT_FUNDS,CLEAR,False,False,0,2026-08-28T06:16:04.045029
TX-D4D333F2,CUST-1193,3681.23,INR,UPI,FAILED,INSUFFICIENT_FUNDS,CLEAR,False,False,0,2026-08-26T14:16:04.045029
TX-397D8A4E,CUST-1174,7182.23,INR,NACH,FAILED,INSUFFICIENT_FUNDS,CLEAR,False,False,0,2026-08-26T15:16:04.045029
TX-C3093140,CUST-1223,4681.23,INR,UPI,SUCCESS,INSUFFICIENT_FUNDS,CLEAR,False,False,0,2026-08-28T09:16:04.045029
TX-AA98A2E2,CUST-1098,3681.23,INR,NACH,FAILED,INSUFFICIENT_FUNDS,CLEAR,False,False,0,2026-08-26T16:16:04.045029
TX-437A3133,CUST-1277,11682.23,INR,NETBANKING,FAILED,INSUFFICIENT_FUNDS,CLEAR,False,False,0,2026-08-26T18:16:04.045029
TX-9002D22C,CUST-1050,3681.23,INR,CARD,FAILED,INSUFFICIENT_FUNDS,CLEAR,False,False,0,2026-08-27T11:16:04.045029
TX-E81881A8,CUST-1079,7182.23,INR,CARD,FAILED,INSUFFICIENT_FUNDS,CLEAR,False,False,0,2026-08-27T13:16:04.045029
TX-AF5E86F5,CUST-1151,4681.23,INR,NACH,FAILED,INSUFFICIENT_FUNDS,CLEAR,False,False,0,2026-08-28T00:16:04.045029
TX-92B4D124,CUST-1088,1181.23,INR,NETBANKING,FAILED,INSUFFICIENT_FUNDS,CLEAR,False,False,0,2026-08-28T07:16:04.045029
TX-D34DAF31,CUST-1204,1181.23,INR,NACH,FAILED,INSUFFICIENT_FUNDS,CLEAR,False,False,0,2026-08-27T05:16:04.045029
TX-E3E1AEDA,CUST-1279,3681.23,INR,NACH,FAILED,INSUFFICIENT_FUNDS,CLEAR,False,False,0,2026-08-28T01:16:04.045029
TX-831BFEDF,CUST-1096,4681.23,INR,NACH,FAILED,INSUFFICIENT_FUNDS,CLEAR,False,False,0,2026-08-28T10:16:04.045029
TX-35537075,CUST-1135,4681.23,INR,UPI,FAILED,INSUFFICIENT_FUNDS,CLEAR,False,False,0,2026-08-27T19:16:04.045029
TX-9B05FFFC,CUST-1050,1181.23,INR,CARD,FAILED,INSUFFICIENT_FUNDS,CLEAR,False,False,0,2026-08-26T18:16:04.045029
TX-94CACB3F,CUST-1117,7182.23,INR,CARD,FAILED,INSUFFICIENT_FUNDS,CLEAR,False,False,0,2026-08-27T12:16:04.045029
TX-98580BCB,CUST-1244,4681.23,INR,UPI,FAILED,INSUFFICIENT_FUNDS,CLEAR,False,False,0,2026-08-27T06:16:04.045029
TX-D11D78F9,CUST-1018,1181.23,INR,UPI,FAILED,INSUFFICIENT_FUNDS,CLEAR,False,False,0,2026-08-28T05:16:04.045029
TX-D19C0637,CUST-1109,2181.23,INR,UPI,FAILED,INSUFFICIENT_FUNDS,CLEAR,False,False,0,2026-08-28T04:16:04.045029
TX-EF9E8015,CUST-1223,4681.23,INR,UPI,FAILED,INSUFFICIENT_FUNDS,CLEAR,False,False,0,2026-08-26T20:16:04.045029
TX-3C1DE46D,CUST-1164,7182.23,INR,CARD,FAILED,INSUFFICIENT_FUNDS,CLEAR,False,False,0,2026-08-28T07:16:04.045029
TX-7C99737A,CUST-1283,7182.23,INR,NETBANKING,FAILED,INSUFFICIENT_FUNDS,CLEAR,False,False,0,2026-08-27T19:16:04.045029
TX-F5571814,CUST-1268,4681.23,INR,NACH,FAILED,INSUFFICIENT_FUNDS,CLEAR,False,False,0,2026-08-28T05:16:04.050380
TX-72FC7AA6,CUST-1291,2181.23,INR,CARD,FAILED,INSUFFICIENT_FUNDS,CLEAR,False,False,0,2026-08-28T06:16:04.050380
TX-AC19C337,CUST-1275,1181.23,INR,NETBANKING,SUCCESS,INSUFFICIENT_FUNDS,CLEAR,False,False,0,2026-08-27T10:16:04.050380
TX-CD659147,CUST-1243,4681.23,INR,CARD,SUCCESS,INSUFFICIENT_FUNDS,CLEAR,False,False,0,2026-08-28T01:16:04.050380
TX-5A758631,CUST-1206,4681.23,INR,CARD,FAILED,INSUFFICIENT_FUNDS,CLEAR,False,False,0,2026-08-27T11:16:04.050380
TX-97F41D4A,CUST-1026,11682.23,INR,NACH,FAILED,INSUFFICIENT_FUNDS,CLEAR,False,False,0,2026-08-27T19:16:04.050380
TX-89B7F399,CUST-1156,1181.23,INR,NETBANKING,FAILED,INSUFFICIENT_FUNDS,CLEAR,False,False,0,2026-08-27T19:16:04.050380
TX-5C664B29,CUST-1051,11682.23,INR,UPI,FAILED,INSUFFICIENT_FUNDS,CLEAR,False,False,0,2026-08-28T04:16:04.050380
TX-19AB056C,CUST-1165,11682.23,INR,NETBANKING,FAILED,INSUFFICIENT_FUNDS,CLEAR,False,False,0,2026-08-26T14:16:04.050380
TX-347BB657,CUST-1046,7182.23,INR,UPI,FAILED,INSUFFICIENT_FUNDS,CLEAR,False,False,0,2026-08-27T08:16:04.050380
TX-9B5A30CF,CUST-1265,4681.23,INR,NETBANKING,SUCCESS,INSUFFICIENT_FUNDS,CLEAR,False,False,0,2026-08-28T09:16:04.050380
TX-8C160F0F,CUST-1160,2181.23,INR,NACH,FAILED,INSUFFICIENT_FUNDS,CLEAR,False,False,0,2026-08-28T04:16:04.050380
TX-47AB448B,CUST-1089,7182.23,INR,UPI,FAILED,INSUFFICIENT_FUNDS,CLEAR,False,False,0,2026-08-28T00:16:04.050380
TX-3B57BF78,CUST-1234,2181.23,INR,CARD,FAILED,INSUFFICIENT_FUNDS,CLEAR,False,False,0,2026-08-27T13:16:04.050380
TX-FB974C05,CUST-1189,2181.23,INR,NACH,FAILED,INSUFFICIENT_FUNDS,CLEAR,False,False,0,2026-08-27T04:16:04.050380
TX-2ABC6B49,CUST-1016,11682.23,INR,UPI,FAILED,INSUFFICIENT_FUNDS,CLEAR,False,False,0,2026-08-27T13:16:04.050380
TX-1316EF21,CUST-1091,7182.23,INR,NACH,FAILED,INSUFFICIENT_FUNDS,CLEAR,False,False,0,2026-08-26T23:16:04.050380
TX-408C7E4B,CUST-1084,3681.23,INR,NETBANKING,FAILED,INSUFFICIENT_FUNDS,CLEAR,False,False,0,2026-08-26T13:16:04.050380
TX-D55CF135,CUST-1015,1181.23,INR,NACH,FAILED,INSUFFICIENT_FUNDS,CLEAR,False,False,0,2026-08-28T09:16:04.050380
TX-224EF6C5,CUST-1110,7182.23,INR,UPI,FAILED,INSUFFICIENT_FUNDS,CLEAR,False,False,0,2026-08-26T19:16:04.052420
TX-C2B06572,CUST-1138,11682.23,INR,NACH,FAILED,INSUFFICIENT_FUNDS,CLEAR,False,False,0,2026-08-27T04:16:04.052420
TX-8A285F6C,CUST-1243,11682.23,INR,UPI,FAILED,INSUFFICIENT_FUNDS,CLEAR,False,False,0,2026-08-26T19:16:04.052420
TX-CAFB44DF,CUST-1115,7182.23,INR,NETBANKING,FAILED,INSUFFICIENT_FUNDS,CLEAR,False,False,0,2026-08-26T22:16:04.052420
TX-CD4FA5E3,CUST-1141,11682.23,INR,NACH,FAILED,INSUFFICIENT_FUNDS,CLEAR,False,False,0,2026-08-27T12:16:04.052420
TX-2454CAFA,CUST-1112,4681.23,INR,NACH,FAILED,INSUFFICIENT_FUNDS,CLEAR,False,False,0,2026-08-27T17:16:04.053260
TX-9878F618,CUST-1204,7182.23,INR,CARD,FAILED,INSUFFICIENT_FUNDS,CLEAR,False,False,0,2026-08-28T12:16:04.053260
TX-D5E476C8,CUST-1288,11682.23,INR,NETBANKING,FAILED,INSUFFICIENT_FUNDS,CLEAR,False,False,0,2026-08-27T17:16:04.053260
TX-CAF7D31C,CUST-1033,1181.23,INR,NETBANKING,FAILED,INSUFFICIENT_FUNDS,CLEAR,False,False,0,2026-08-27T19:16:04.053260
TX-E72BF1A4,CUST-1134,3681.23,INR,NETBANKING,FAILED,INSUFFICIENT_FUNDS,CLEAR,False,False,0,2026-08-28T00:16:04.053260
TX-DAAAB676,CUST-1124,7182.23,INR,CARD,FAILED,INSUFFICIENT_FUNDS,CLEAR,False,False,0,2026-08-26T22:16:04.053260
TX-749D2BD9,CUST-1072,11682.23,INR,CARD,FAILED,INSUFFICIENT_FUNDS,CLEAR,False,False,0,2026-08-26T19:16:04.053260
TX-A42D9061,CUST-1215,3681.23,INR,NACH,FAILED,INSUFFICIENT_FUNDS,CLEAR,False,False,0,2026-08-27T12:16:04.053260
TX-C634E8D8,CUST-1293,1181.23,INR,UPI,SUCCESS,INSUFFICIENT_FUNDS,CLEAR,False,False,0,2026-08-27T15:16:04.053260
TX-F966DB0F,CUST-1274,11682.23,INR,NACH,FAILED,INSUFFICIENT_FUNDS,CLEAR,False,False,0,2026-08-26T18:16:04.053260
TX-6D4711F2,CUST-1088,7182.23,INR,UPI,FAILED,INSUFFICIENT_FUNDS,CLEAR,False,False,0,2026-08-27T18:16:04.053260
TX-81466A24,CUST-1133,4681.23,INR,UPI,FAILED,INSUFFICIENT_FUNDS,CLEAR,False,False,0,2026-08-26T17:16:04.053260
TX-6D918866,CUST-1114,11682.23,INR,NETBANKING,FAILED,INSUFFICIENT_FUNDS,CLEAR,False,False,0,2026-08-27T22:16:04.053260
TX-C562B555,CUST-1170,3681.23,INR,NETBANKING,FAILED,INSUFFICIENT_FUNDS,CLEAR,False,False,0,2026-08-27T20:16:04.055408
TX-865808F4,CUST-1061,3681.23,INR,NACH,FAILED,INSUFFICIENT_FUNDS,CLEAR,False,False,0,2026-08-28T09:16:04.055408
TX-52E8631B,CUST-1037,7182.23,INR,NACH,FAILED,INSUFFICIENT_FUNDS,CLEAR,False,False,0,2026-08-28T00:16:04.055408
TX-E38B7A2D,CUST-1153,1181.23,INR,NACH,SUCCESS,INSUFFICIENT_FUNDS,CLEAR,False,False,0,2026-08-28T09:16:04.055408
TX-1D208663,CUST-1176,2181.23,INR,NACH,FAILED,INSUFFICIENT_FUNDS,CLEAR,False,False,0,2026-08-27T00:16:04.055408
TX-161C0E4C,CUST-1093,2181.23,INR,CARD,FAILED,INSUFFICIENT_FUNDS,CLEAR,False,False,0,2026-08-27T05:16:04.055408
TX-A2B6C755,CUST-1161,11682.23,INR,CARD,FAILED,INSUFFICIENT_FUNDS,CLEAR,False,False,0,2026-08-28T12:16:04.055408
TX-31580DA7,CUST-1087,3681.23,INR,UPI,FAILED,INSUFFICIENT_FUNDS,CLEAR,False,False,0,2026-08-27T05:16:04.055408
TX-0A82A930,CUST-1220,2181.23,INR,NACH,SUCCESS,INSUFFICIENT_FUNDS,CLEAR,False,False,0,2026-08-27T09:16:04.055408
TX-4DF4AEE2,CUST-1020,4681.23,INR,UPI,FAILED,INSUFFICIENT_FUNDS,CLEAR,False,False,0,2026-08-26T14:16:04.055408
TX-935899D8,CUST-1272,1181.23,INR,UPI,FAILED,INSUFFICIENT_FUNDS,CLEAR,False,False,0,2026-08-28T11:16:04.055408
TX-77FCA126,CUST-1116,1181.23,INR,NETBANKING,SUCCESS,INSUFFICIENT_FUNDS,CLEAR,False,False,0,2026-08-27T17:16:04.055408
TX-D0FA418F,CUST-1258,1181.23,INR,NETBANKING,FAILED,INSUFFICIENT_FUNDS,CLEAR,False,False,0,2026-08-28T02:16:04.055408
TX-8A1A0E25,CUST-1149,1181.23,INR,NACH,FAILED,INSUFFICIENT_FUNDS,CLEAR,False,False,0,2026-08-26T14:16:04.055408
TX-6E3F6EE6,CUST-1173,7182.23,INR,NACH,FAILED,INSUFFICIENT_FUNDS,CLEAR,False,False,0,2026-08-26T17:16:04.055408
TX-34068791,CUST-1184,3681.23,INR,UPI,FAILED,INSUFFICIENT_FUNDS,CLEAR,False,False,0,2026-08-28T02:16:04.055408
TX-B548E299,CUST-1115,1181.23,INR,UPI,FAILED,INSUFFICIENT_FUNDS,CLEAR,False,False,0,2026-08-27T23:16:04.055408
TX-B5182FB0,CUST-1064,1181.23,INR,NETBANKING,SUCCESS,INSUFFICIENT_FUNDS,CLEAR,False,False,0,2026-08-26T15:16:04.055408
TX-4F834835,CUST-1131,1181.23,INR,CARD,FAILED,INSUFFICIENT_FUNDS,CLEAR,False,False,0,2026-08-26T22:16:04.055408
TX-ABD9FA2D,CUST-1011,11682.23,INR,CARD,FAILED,INSUFFICIENT_FUNDS,CLEAR,False,False,0,2026-08-26T16:16:04.055408
TX-4D9005BE,CUST-1195,4681.23,INR,CARD,FAILED,INSUFFICIENT_FUNDS,CLEAR,False,False,0,2026-08-27T01:16:04.055408
TX-B40E4D26,CUST-1005,4681.23,INR,NETBANKING,SUCCESS,INSUFFICIENT_FUNDS,CLEAR,False,False,0,2026-08-27T10:16:04.055408
TX-0B943D00,CUST-1071,1181.23,INR,NACH,SUCCESS,INSUFFICIENT_FUNDS,CLEAR,False,False,0,2026-08-28T06:16:04.055408
TX-19F57296,CUST-1061,11682.23,INR,NETBANKING,FAILED,INSUFFICIENT_FUNDS,CLEAR,False,False,0,2026-08-28T05:16:04.055408
TX-0FF7EC9A,CUST-1103,4681.23,INR,NETBANKING,FAILED,INSUFFICIENT_FUNDS,CLEAR,False,False,0,2026-08-27T03:16:04.055408
TX-96AA70B5,CUST-1083,3681.23,INR,CARD,SUCCESS,INSUFFICIENT_FUNDS,CLEAR,False,False,0,2026-08-27T01:16:04.055408
TX-3D7DF81E,CUST-1170,2181.23,INR,UPI,FAILED,INSUFFICIENT_FUNDS,CLEAR,False,False,0,2026-08-28T12:16:04.055408
TX-75888452,CUST-1057,11682.23,INR,NACH,FAILED,INSUFFICIENT_FUNDS,CLEAR,False,False,0,2026-08-28T03:16:04.055408
TX-D89E0982,CUST-1052,7182.23,INR,NETBANKING,FAILED,INSUFFICIENT_FUNDS,CLEAR,False,False,0,2026-08-26T19:16:04.055408
TX-090ADE22,CUST-1136,4681.23,INR,NACH,FAILED,INSUFFICIENT_FUNDS,CLEAR,False,False,0,2026-08-28T09:16:04.055408
TX-53F1A627,CUST-1149,2181.23,INR,NETBANKING,FAILED,INSUFFICIENT_FUNDS,CLEAR,False,False,0,2026-08-26T17:16:04.055408
TX-11F984E7,CUST-1024,4681.23,INR,CARD,SUCCESS,INSUFFICIENT_FUNDS,CLEAR,False,False,0,2026-08-28T04:16:04.055408
TX-FAC98B6F,CUST-1169,11682.23,INR,NETBANKING,FAILED,INSUFFICIENT_FUNDS,CLEAR,False,False,0,2026-08-27T08:16:04.055408
TX-61B408BB,CUST-1176,3681.23,INR,UPI,SUCCESS,INSUFFICIENT_FUNDS,CLEAR,False,False,0,2026-08-28T05:16:04.055408
TX-0EE78E2B,CUST-1140,4681.23,INR,NACH,FAILED,INSUFFICIENT_FUNDS,CLEAR,False,False,0,2026-08-26T16:16:04.055408
TX-06407674,CUST-1086,4681.23,INR,CARD,FAILED,INSUFFICIENT_FUNDS,CLEAR,False,False,0,2026-08-28T04:16:04.055408
TX-8ACFBBB7,CUST-1082,11682.23,INR,CARD,FAILED,INSUFFICIENT_FUNDS,CLEAR,False,False,0,2026-08-27T10:16:04.055408
TX-84656051,CUST-1093,4681.23,INR,NACH,SUCCESS,INSUFFICIENT_FUNDS,CLEAR,False,False,0,2026-08-27T14:16:04.055408
TX-3C07C8CE,CUST-1067,1181.23,INR,NACH,FAILED,INSUFFICIENT_FUNDS,CLEAR,False,False,0,2026-08-27T05:16:04.055408
TX-14B25827,CUST-1024,4681.23,INR,CARD,FAILED,INSUFFICIENT_FUNDS,CLEAR,False,False,0,2026-08-27T20:16:04.055408
TX-1DE7900D,CUST-1269,3681.23,INR,UPI,FAILED,INSUFFICIENT_FUNDS,CLEAR,False,False,0,2026-08-26T18:16:04.055408
TX-7079A67A,CUST-1049,7182.23,INR,NACH,FAILED,INSUFFICIENT_FUNDS,CLEAR,False,False,0,2026-08-26T18:16:04.055408
TX-F14CBDA2,CUST-1178,2181.23,INR,NACH,FAILED,INSUFFICIENT_FUNDS,CLEAR,False,False,0,2026-08-28T03:16:04.055408
TX-D78F4E74,CUST-1006,7182.23,INR,UPI,FAILED,INSUFFICIENT_FUNDS,CLEAR,False,False,0,2026-08-27T04:16:04.055408
TX-C335B41F,CUST-1039,4681.23,INR,NACH,FAILED,INSUFFICIENT_FUNDS,CLEAR,False,False,0,2026-08-27T16:16:04.055408
TX-440B881B,CUST-1026,3681.23,INR,UPI,FAILED,INSUFFICIENT_FUNDS,CLEAR,False,False,0,2026-08-27T01:16:04.055408
TX-84EE06D7,CUST-1121,4681.23,INR,CARD,FAILED,INSUFFICIENT_FUNDS,CLEAR,False,False,0,2026-08-27T07:16:04.055408
TX-788C7388,CUST-1046,7182.23,INR,NACH,FAILED,INSUFFICIENT_FUNDS,CLEAR,False,False,0,2026-08-27T08:16:04.055408
TX-18A19B7D,CUST-1010,1181.23,INR,CARD,FAILED,INSUFFICIENT_FUNDS,CLEAR,False,False,0,2026-08-27T11:16:04.055408
TX-3E0C98DE,CUST-1047,1181.23,INR,NETBANKING,SUCCESS,INSUFFICIENT_FUNDS,CLEAR,False,False,0,2026-08-27T04:16:04.055408
TX-83E12716,CUST-1175,2181.23,INR,NETBANKING,SUCCESS,INSUFFICIENT_FUNDS,CLEAR,False,False,0,2026-08-28T09:16:04.055408
TX-E090157F,CUST-1287,4681.23,INR,NACH,FAILED,INSUFFICIENT_FUNDS,CLEAR,False,False,0,2026-08-26T15:16:04.055408
TX-F64C4EF2,CUST-1050,3681.23,INR,UPI,SUCCESS,INSUFFICIENT_FUNDS,CLEAR,False,False,0,2026-08-28T12:16:04.055408
TX-B2ED5E20,CUST-1150,3681.23,INR,NETBANKING,FAILED,INSUFFICIENT_FUNDS,CLEAR,False,False,0,2026-08-26T16:16:04.055408
TX-78FB8F35,CUST-1253,1181.23,INR,UPI,FAILED,INSUFFICIENT_FUNDS,CLEAR,False,False,0,2026-08-26T15:16:04.055408
TX-37AD7469,CUST-1055,11682.23,INR,NETBANKING,FAILED,INSUFFICIENT_FUNDS,CLEAR,False,False,0,2026-08-26T21:16:04.055408
TX-C2CACE76,CUST-1202,2181.23,INR,UPI,FAILED,INSUFFICIENT_FUNDS,CLEAR,False,False,0,2026-08-27T07:16:04.055408
TX-A51DC58A,CUST-1056,11682.23,INR,NACH,FAILED,INSUFFICIENT_FUNDS,CLEAR,False,False,0,2026-08-28T10:16:04.055408
TX-E43CBAFB,CUST-1064,11682.23,INR,NACH,FAILED,INSUFFICIENT_FUNDS,CLEAR,False,False,0,2026-08-27T07:16:04.055408
TX-ECF80890,CUST-1069,7182.23,INR,NACH,FAILED,INSUFFICIENT_FUNDS,CLEAR,False,False,0,2026-08-28T12:16:04.055408
TX-469C6F8B,CUST-1284,11682.23,INR,NACH,FAILED,INSUFFICIENT_FUNDS,CLEAR,False,False,0,2026-08-26T23:16:04.055408
TX-4BEB977E,CUST-1091,7182.23,INR,UPI,FAILED,INSUFFICIENT_FUNDS,CLEAR,False,False,0,2026-08-26T14:16:04.055408
TX-0F528999,CUST-1165,1181.23,INR,NACH,FAILED,INSUFFICIENT_FUNDS,CLEAR,False,False,0,2026-08-27T10:16:04.055408
TX-ED027753,CUST-1128,11682.23,INR,NETBANKING,FAILED,INSUFFICIENT_FUNDS,CLEAR,False,False,0,2026-08-27T11:16:04.055408
TX-02A44248,CUST-1069,3681.23,INR,UPI,FAILED,INSUFFICIENT_FUNDS,CLEAR,False,False,0,2026-08-27T10:16:04.055408
TX-588E8757,CUST-1263,11682.23,INR,NETBANKING,FAILED,INSUFFICIENT_FUNDS,CLEAR,False,False,0,2026-08-26T16:16:04.055408
TX-338C1407,CUST-1284,3681.23,INR,UPI,SUCCESS,INSUFFICIENT_FUNDS,CLEAR,False,False,0,2026-08-28T00:16:04.055408
TX-717D8602,CUST-1149,7182.23,INR,NETBANKING,FAILED,INSUFFICIENT_FUNDS,CLEAR,False,False,0,2026-08-26T17:16:04.055408
TX-43FB393A,CUST-1092,11682.23,INR,NETBANKING,FAILED,INSUFFICIENT_FUNDS,CLEAR,False,False,0,2026-08-26T15:16:04.055408
TX-4F56BF68,CUST-1293,3681.23,INR,NACH,SUCCESS,INSUFFICIENT_FUNDS,CLEAR,False,False,0,2026-08-26T17:16:04.055408
TX-AA979A54,CUST-1217,7182.23,INR,CARD,FAILED,INSUFFICIENT_FUNDS,CLEAR,False,False,0,2026-08-27T03:16:04.055408
TX-CBAE29B5,CUST-1075,1181.23,INR,CARD,FAILED,INSUFFICIENT_FUNDS,CLEAR,False,False,0,2026-08-26T18:16:04.055408
TX-BB244E86,CUST-1083,2181.23,INR,NETBANKING,FAILED,INSUFFICIENT_FUNDS,CLEAR,False,False,0,2026-08-26T17:16:04.055408
TX-E9661297,CUST-1152,2181.23,INR,UPI,FAILED,INSUFFICIENT_FUNDS,CLEAR,False,False,0,2026-08-27T02:16:04.055408
TX-65046273,CUST-1053,3681.23,INR,UPI,FAILED,INSUFFICIENT_FUNDS,CLEAR,False,False,0,2026-08-26T13:16:04.055408
TX-E84B7469,CUST-1122,7182.23,INR,NETBANKING,FAILED,INSUFFICIENT_FUNDS,CLEAR,False,False,0,2026-08-26T16:16:04.055408
TX-604E5AC6,CUST-1199,1181.23,INR,NACH,FAILED,INSUFFICIENT_FUNDS,CLEAR,False,False,0,2026-08-26T17:16:04.055408
TX-0E6B0E91,CUST-1007,7182.23,INR,NETBANKING,FAILED,INSUFFICIENT_FUNDS,CLEAR,False,False,0,2026-08-28T00:16:04.055408
TX-D023F38B,CUST-1189,4681.23,INR,UPI,FAILED,INSUFFICIENT_FUNDS,CLEAR,False,False,0,2026-08-26T14:16:04.065175
TX-7E310469,CUST-1091,3681.23,INR,CARD,FAILED,INSUFFICIENT_FUNDS,CLEAR,False,False,0,2026-08-28T01:16:04.065175
TX-A8BD67ED,CUST-1062,11682.23,INR,NACH,FAILED,INSUFFICIENT_FUNDS,CLEAR,False,False,0,2026-08-28T10:16:04.065175
TX-5E2EF645,CUST-1083,3681.23,INR,NETBANKING,SUCCESS,INSUFFICIENT_FUNDS,CLEAR,False,False,0,2026-08-28T12:16:04.065175
TX-F818C443,CUST-1021,4681.23,INR,UPI,FAILED,INSUFFICIENT_FUNDS,CLEAR,False,False,0,2026-08-27T16:16:04.065175
TX-69C93DDE,CUST-1155,1181.23,INR,NACH,FAILED,INSUFFICIENT_FUNDS,CLEAR,False,False,0,2026-08-27T00:16:04.065175
TX-B182AEDF,CUST-1163,3681.23,INR,UPI,FAILED,INSUFFICIENT_FUNDS,CLEAR,False,False,0,2026-08-28T01:16:04.065175
TX-CEE6DAA1,CUST-1213,1181.23,INR,NACH,SUCCESS,INSUFFICIENT_FUNDS,CLEAR,False,False,0,2026-08-28T07:16:04.065175
TX-611679FC,CUST-1170,2181.23,INR,NETBANKING,FAILED,INSUFFICIENT_FUNDS,CLEAR,False,False,0,2026-08-27T13:16:04.065175
TX-2D94D596,CUST-1244,2181.23,INR,CARD,SUCCESS,INSUFFICIENT_FUNDS,CLEAR,False,False,0,2026-08-28T05:16:04.065175
TX-7253B954,CUST-1124,3681.23,INR,UPI,FAILED,INSUFFICIENT_FUNDS,CLEAR,False,False,0,2026-08-28T10:16:04.065175
TX-9C046471,CUST-1059,3681.23,INR,NACH,FAILED,INSUFFICIENT_FUNDS,CLEAR,False,False,0,2026-08-27T20:16:04.065175
TX-994FDFFE,CUST-1013,11682.23,INR,NETBANKING,FAILED,INSUFFICIENT_FUNDS,CLEAR,False,False,0,2026-08-27T04:16:04.065175
TX-33541531,CUST-1023,4681.23,INR,NETBANKING,FAILED,INSUFFICIENT_FUNDS,CLEAR,False,False,0,2026-08-26T19:16:04.066571
TX-AE4FBAAD,CUST-1043,3681.23,INR,CARD,FAILED,INSUFFICIENT_FUNDS,CLEAR,False,False,0,2026-08-28T02:16:04.066571
TX-5AE83F40,CUST-1034,7182.23,INR,UPI,FAILED,INSUFFICIENT_FUNDS,CLEAR,False,False,0,2026-08-26T18:16:04.066571
TX-50FD6E0C,CUST-1054,2181.23,INR,UPI,SUCCESS,INSUFFICIENT_FUNDS,CLEAR,False,False,0,2026-08-27T02:16:04.066571
TX-E36413FF,CUST-1223,11682.23,INR,CARD,FAILED,INSUFFICIENT_FUNDS,CLEAR,False,False,0,2026-08-26T13:16:04.066571
TX-C2D242D4,CUST-1236,2181.23,INR,NETBANKING,FAILED,INSUFFICIENT_FUNDS,CLEAR,False,False,0,2026-08-28T10:16:04.066571
TX-07A39913,CUST-1092,1181.23,INR,NETBANKING,FAILED,INSUFFICIENT_FUNDS,CLEAR,False,False,0,2026-08-27T01:16:04.066571
TX-9070E0A9,CUST-1133,7182.23,INR,NACH,FAILED,INSUFFICIENT_FUNDS,CLEAR,False,False,0,2026-08-27T12:16:04.066571
TX-4B833100,CUST-1222,11682.23,INR,NETBANKING,FAILED,INSUFFICIENT_FUNDS,CLEAR,False,False,0,2026-08-28T11:16:04.066571
TX-C79295B2,CUST-1274,11682.23,INR,CARD,FAILED,INSUFFICIENT_FUNDS,CLEAR,False,False,0,2026-08-26T19:16:04.066571
TX-2DAADA86,CUST-1300,7182.23,INR,CARD,FAILED,INSUFFICIENT_FUNDS,CLEAR,False,False,0,2026-08-26T16:16:04.066571
TX-E9D4BC40,CUST-1055,3681.23,INR,NETBANKING,FAILED,INSUFFICIENT_FUNDS,CLEAR,False,False,0,2026-08-26T17:16:04.066571
TX-5302F50C,CUST-1145,7182.23,INR,NACH,FAILED,INSUFFICIENT_FUNDS,CLEAR,False,False,0,2026-08-27T12:16:04.066571
TX-6691A39F,CUST-1243,11682.23,INR,UPI,FAILED,INSUFFICIENT_FUNDS,CLEAR,False,False,0,2026-08-27T02:16:04.066571
TX-CEC91F93,CUST-1280,2181.23,INR,NETBANKING,SUCCESS,INSUFFICIENT_FUNDS,CLEAR,False,False,0,2026-08-26T20:16:04.066571
TX-82605CA4,CUST-1192,3681.23,INR,CARD,FAILED,INSUFFICIENT_FUNDS,CLEAR,False,False,0,2026-08-27T01:16:04.066571
TX-2703F9A6,CUST-1022,2181.23,INR,CARD,FAILED,INSUFFICIENT_FUNDS,CLEAR,False,False,0,2026-08-27T00:16:04.066571
TX-19297EE2,CUST-1281,4681.23,INR,CARD,FAILED,INSUFFICIENT_FUNDS,CLEAR,False,False,0,2026-08-27T17:16:04.068385
TX-42D86A92,CUST-1177,11682.23,INR,UPI,FAILED,INSUFFICIENT_FUNDS,CLEAR,False,False,0,2026-08-27T10:16:04.068385
TX-7D9F2913,CUST-1095,2681.23,INR,UPI,FAILED,SESSION_TIMEOUT,CLEAR,False,False,0,2026-08-26T21:16:04.068385
TX-D5E3332B,CUST-1093,2681.23,INR,CARD,FAILED,SESSION_TIMEOUT,CLEAR,False,False,0,2026-08-27T01:16:04.068385
TX-62796E79,CUST-1035,882.23,INR,NETBANKING,FAILED,SESSION_TIMEOUT,CLEAR,False,False,0,2026-08-28T06:16:04.068927
TX-1E040D89,CUST-1183,8182.23,INR,UPI,FAILED,SESSION_TIMEOUT,CLEAR,False,False,0,2026-08-26T18:16:04.068927
TX-06631A0A,CUST-1146,2681.23,INR,CARD,FAILED,SESSION_TIMEOUT,CLEAR,False,False,0,2026-08-28T00:16:04.068927
TX-1E5229A7,CUST-1169,8182.23,INR,NETBANKING,FAILED,SESSION_TIMEOUT,CLEAR,False,False,0,2026-08-26T16:16:04.068927
TX-94AC8FEE,CUST-1291,2681.23,INR,NETBANKING,FAILED,SESSION_TIMEOUT,CLEAR,False,False,0,2026-08-27T16:16:04.068927
TX-A7C28F85,CUST-1161,2681.23,INR,UPI,FAILED,SESSION_TIMEOUT,CLEAR,False,False,0,2026-08-27T22:16:04.068927
TX-F1D015B0,CUST-1185,8182.23,INR,UPI,FAILED,SESSION_TIMEOUT,CLEAR,False,False,0,2026-08-26T17:16:04.068927
TX-2DF04CAA,CUST-1237,4482.23,INR,NACH,FAILED,SESSION_TIMEOUT,CLEAR,False,False,0,2026-08-27T14:16:04.068927
TX-DAF1099B,CUST-1056,8182.23,INR,UPI,FAILED,SESSION_TIMEOUT,CLEAR,False,False,0,2026-08-26T19:16:04.068927
TX-448B75EF,CUST-1072,882.23,INR,UPI,FAILED,SESSION_TIMEOUT,CLEAR,False,False,0,2026-08-27T20:16:04.069938
TX-6804398F,CUST-1010,882.23,INR,CARD,FAILED,SESSION_TIMEOUT,CLEAR,False,False,0,2026-08-26T23:16:04.069938
TX-0BC6DA29,CUST-1109,8182.23,INR,CARD,FAILED,SESSION_TIMEOUT,CLEAR,False,False,0,2026-08-27T01:16:04.069938
TX-BAEFAFBE,CUST-1188,8182.23,INR,NACH,FAILED,SESSION_TIMEOUT,CLEAR,False,False,0,2026-08-27T22:16:04.069938
TX-97DAD29B,CUST-1238,4482.23,INR,CARD,FAILED,SESSION_TIMEOUT,CLEAR,False,False,0,2026-08-27T11:16:04.069938
TX-0E056BE7,CUST-1085,882.23,INR,UPI,FAILED,SESSION_TIMEOUT,CLEAR,False,False,0,2026-08-27T08:16:04.069938
TX-2D72AD19,CUST-1290,2681.23,INR,UPI,FAILED,SESSION_TIMEOUT,CLEAR,False,False,0,2026-08-26T13:16:04.072015
TX-6EF328BA,CUST-1021,8182.23,INR,UPI,FAILED,SESSION_TIMEOUT,CLEAR,False,False,0,2026-08-27T05:16:04.072015
TX-47214208,CUST-1190,882.23,INR,UPI,FAILED,SESSION_TIMEOUT,CLEAR,False,False,0,2026-08-28T10:16:04.072015
TX-6EA42703,CUST-1185,2681.23,INR,NACH,FAILED,SESSION_TIMEOUT,CLEAR,False,False,0,2026-08-27T06:16:04.072015
TX-4F24C96D,CUST-1166,882.23,INR,CARD,FAILED,SESSION_TIMEOUT,CLEAR,False,False,0,2026-08-26T15:16:04.072015
TX-D5D854D7,CUST-1297,4482.23,INR,UPI,FAILED,SESSION_TIMEOUT,CLEAR,False,False,0,2026-08-27T12:16:04.072015
TX-68376942,CUST-1040,8182.23,INR,NETBANKING,FAILED,SESSION_TIMEOUT,CLEAR,False,False,0,2026-08-27T12:16:04.072015
TX-944A0C15,CUST-1177,8182.23,INR,NACH,FAILED,SESSION_TIMEOUT,CLEAR,False,False,0,2026-08-27T06:16:04.072015
TX-CD807120,CUST-1072,882.23,INR,NACH,FAILED,SESSION_TIMEOUT,CLEAR,False,False,0,2026-08-28T02:16:04.072015
TX-1B45D9D7,CUST-1144,882.23,INR,UPI,FAILED,SESSION_TIMEOUT,CLEAR,False,False,0,2026-08-28T03:16:04.074025
TX-9E1946E1,CUST-1061,2681.23,INR,UPI,FAILED,SESSION_TIMEOUT,CLEAR,False,False,0,2026-08-27T10:16:04.074025
TX-1B3ED412,CUST-1246,882.23,INR,NACH,FAILED,SESSION_TIMEOUT,CLEAR,False,False,0,2026-08-27T23:16:04.074025
TX-7B236776,CUST-1012,2681.23,INR,UPI,FAILED,SESSION_TIMEOUT,CLEAR,False,False,0,2026-08-28T10:16:04.074025
TX-36931894,CUST-1263,2681.23,INR,CARD,FAILED,SESSION_TIMEOUT,CLEAR,False,False,0,2026-08-27T00:16:04.075035
TX-60E4B5F2,CUST-1133,882.23,INR,UPI,FAILED,SESSION_TIMEOUT,CLEAR,False,False,0,2026-08-27T03:16:04.075035
TX-BB309B68,CUST-1044,882.23,INR,UPI,FAILED,SESSION_TIMEOUT,CLEAR,False,False,0,2026-08-27T08:16:04.075035
TX-D3BC33E7,CUST-1088,8182.23,INR,UPI,FAILED,SESSION_TIMEOUT,CLEAR,False,False,0,2026-08-27T10:16:04.075035
TX-33513BED,CUST-1094,2681.23,INR,NETBANKING,FAILED,SESSION_TIMEOUT,CLEAR,False,False,0,2026-08-28T02:16:04.075035
TX-D815CB5F,CUST-1036,4482.23,INR,UPI,FAILED,SESSION_TIMEOUT,CLEAR,False,False,0,2026-08-27T12:16:04.075035
TX-A55401EB,CUST-1009,2681.23,INR,UPI,FAILED,SESSION_TIMEOUT,CLEAR,False,False,0,2026-08-27T03:16:04.077129
TX-FB7D1E3F,CUST-1050,8182.23,INR,UPI,FAILED,SESSION_TIMEOUT,CLEAR,False,False,0,2026-08-27T06:16:04.077129
TX-B16B3320,CUST-1258,882.23,INR,CARD,FAILED,SESSION_TIMEOUT,CLEAR,False,False,0,2026-08-28T07:16:04.077129
TX-E7653C9C,CUST-1277,2681.23,INR,CARD,FAILED,SESSION_TIMEOUT,CLEAR,False,False,0,2026-08-26T17:16:04.077129
TX-07D114F7,CUST-1216,8182.23,INR,NETBANKING,FAILED,SESSION_TIMEOUT,CLEAR,False,False,0,2026-08-28T10:16:04.077129
TX-1A64C1A9,CUST-1247,8182.23,INR,NACH,FAILED,SESSION_TIMEOUT,CLEAR,False,False,0,2026-08-27T14:16:04.077129
TX-405378E1,CUST-1069,882.23,INR,NETBANKING,FAILED,SESSION_TIMEOUT,CLEAR,False,False,0,2026-08-27T06:16:04.077129
TX-D495188A,CUST-1279,882.23,INR,NACH,FAILED,SESSION_TIMEOUT,CLEAR,False,False,0,2026-08-27T20:16:04.077129
TX-048C4520,CUST-1296,882.23,INR,CARD,FAILED,SESSION_TIMEOUT,CLEAR,False,False,0,2026-08-27T03:16:04.077129
TX-F6CA9A54,CUST-1162,8182.23,INR,NACH,FAILED,SESSION_TIMEOUT,CLEAR,False,False,0,2026-08-27T13:16:04.077129
TX-8999E894,CUST-1300,2681.23,INR,NETBANKING,FAILED,SESSION_TIMEOUT,CLEAR,False,False,0,2026-08-27T20:16:04.079134
TX-77AF8EE3,CUST-1188,8182.23,INR,NETBANKING,FAILED,SESSION_TIMEOUT,CLEAR,False,False,0,2026-08-26T17:16:04.079134
TX-59B70C2C,CUST-1283,2681.23,INR,NACH,FAILED,SESSION_TIMEOUT,CLEAR,False,False,0,2026-08-28T01:16:04.079134
TX-66CFD85F,CUST-1158,8182.23,INR,NETBANKING,FAILED,SESSION_TIMEOUT,CLEAR,False,False,0,2026-08-26T15:16:04.079134
TX-9C43DA45,CUST-1118,2681.23,INR,NACH,FAILED,SESSION_TIMEOUT,CLEAR,False,False,0,2026-08-26T16:16:04.079134
TX-5FD09417,CUST-1261,882.23,INR,NACH,FAILED,SESSION_TIMEOUT,CLEAR,False,False,0,2026-08-27T15:16:04.079134
TX-CFDEE385,CUST-1200,882.23,INR,CARD,FAILED,SESSION_TIMEOUT,CLEAR,False,False,0,2026-08-28T07:16:04.079134
TX-8A655B8F,CUST-1223,8182.23,INR,CARD,FAILED,SESSION_TIMEOUT,CLEAR,False,False,0,2026-08-28T08:16:04.079134
TX-187474D1,CUST-1041,2681.23,INR,CARD,FAILED,SESSION_TIMEOUT,CLEAR,False,False,0,2026-08-26T14:16:04.079134
TX-6B79405B,CUST-1267,8182.23,INR,NETBANKING,FAILED,SESSION_TIMEOUT,CLEAR,False,False,0,2026-08-26T15:16:04.079134
TX-E80A3BF5,CUST-1254,882.23,INR,NACH,FAILED,SESSION_TIMEOUT,CLEAR,False,False,0,2026-08-28T12:16:04.079134
TX-DFD84E65,CUST-1018,4482.23,INR,UPI,FAILED,SESSION_TIMEOUT,CLEAR,False,False,0,2026-08-26T21:16:04.081145
TX-BB0BD127,CUST-1123,882.23,INR,CARD,FAILED,SESSION_TIMEOUT,CLEAR,False,False,0,2026-08-28T02:16:04.081145
TX-EE8AF38D,CUST-1181,4482.23,INR,NACH,FAILED,SESSION_TIMEOUT,CLEAR,False,False,0,2026-08-27T11:16:04.081145
TX-FBAD9F9C,CUST-1008,2681.23,INR,CARD,FAILED,SESSION_TIMEOUT,CLEAR,False,False,0,2026-08-28T07:16:04.081145
TX-261CB25C,CUST-1299,4482.23,INR,NETBANKING,FAILED,SESSION_TIMEOUT,CLEAR,False,False,0,2026-08-27T14:16:04.081145
TX-85CD59C6,CUST-1100,2681.23,INR,NACH,FAILED,SESSION_TIMEOUT,CLEAR,False,False,0,2026-08-27T11:16:04.081145
TX-4CAF1891,CUST-1090,882.23,INR,NACH,FAILED,SESSION_TIMEOUT,CLEAR,False,False,0,2026-08-27T04:16:04.081145
TX-11332E16,CUST-1151,882.23,INR,NETBANKING,FAILED,SESSION_TIMEOUT,CLEAR,False,False,0,2026-08-28T05:16:04.081145
TX-8062740A,CUST-1295,4482.23,INR,NETBANKING,FAILED,SESSION_TIMEOUT,CLEAR,False,False,0,2026-08-26T16:16:04.081145
TX-3BF1A072,CUST-1248,8182.23,INR,UPI,FAILED,SESSION_TIMEOUT,CLEAR,False,False,0,2026-08-27T15:16:04.081145
TX-25298369,CUST-1015,8182.23,INR,NACH,FAILED,SESSION_TIMEOUT,CLEAR,False,False,0,2026-08-28T05:16:04.081145
TX-52779F78,CUST-1113,882.23,INR,UPI,FAILED,SESSION_TIMEOUT,CLEAR,False,False,0,2026-08-27T16:16:04.081145
TX-C7B407BD,CUST-1275,4482.23,INR,CARD,FAILED,SESSION_TIMEOUT,CLEAR,False,False,0,2026-08-26T16:16:04.081145
TX-8E156AD2,CUST-1048,2681.23,INR,NACH,FAILED,SESSION_TIMEOUT,CLEAR,False,False,0,2026-08-26T17:16:04.081145
TX-4DB569CC,CUST-1284,4482.23,INR,UPI,FAILED,SESSION_TIMEOUT,CLEAR,False,False,0,2026-08-27T06:16:04.081145
TX-39615EB5,CUST-1294,4482.23,INR,NETBANKING,FAILED,SESSION_TIMEOUT,CLEAR,False,False,0,2026-08-28T01:16:04.081145
TX-0D4053F1,CUST-1103,2681.23,INR,UPI,FAILED,SESSION_TIMEOUT,CLEAR,False,False,0,2026-08-26T13:16:04.081145
TX-CBE48782,CUST-1118,4482.23,INR,UPI,FAILED,SESSION_TIMEOUT,CLEAR,False,False,0,2026-08-27T21:16:04.081145
TX-E0263890,CUST-1055,4482.23,INR,CARD,FAILED,SESSION_TIMEOUT,CLEAR,False,False,0,2026-08-28T07:16:04.081145
TX-E0403FE9,CUST-1004,8182.23,INR,CARD,FAILED,SESSION_TIMEOUT,CLEAR,False,False,0,2026-08-27T06:16:04.081145
TX-50A2E5A1,CUST-1295,4482.23,INR,NETBANKING,FAILED,SESSION_TIMEOUT,CLEAR,False,False,0,2026-08-27T05:16:04.081145
TX-D87CFFA2,CUST-1114,4482.23,INR,UPI,FAILED,SESSION_TIMEOUT,CLEAR,False,False,0,2026-08-28T09:16:04.083152
TX-4FE6BFE2,CUST-1277,8182.23,INR,CARD,FAILED,SESSION_TIMEOUT,CLEAR,False,False,0,2026-08-27T04:16:04.083152
TX-54D5EE35,CUST-1235,8182.23,INR,CARD,FAILED,SESSION_TIMEOUT,CLEAR,False,False,0,2026-08-26T16:16:04.083152
TX-A11AEBB2,CUST-1005,8182.23,INR,CARD,FAILED,SESSION_TIMEOUT,CLEAR,False,False,0,2026-08-26T17:16:04.083152
TX-C1E2B062,CUST-1052,8182.23,INR,NETBANKING,FAILED,SESSION_TIMEOUT,CLEAR,False,False,0,2026-08-27T13:16:04.083152
TX-E2927433,CUST-1281,4482.23,INR,NETBANKING,FAILED,SESSION_TIMEOUT,CLEAR,False,False,0,2026-08-27T21:16:04.083152
TX-3484EC74,CUST-1176,8182.23,INR,NETBANKING,FAILED,SESSION_TIMEOUT,CLEAR,False,False,0,2026-08-28T01:16:04.083152
TX-7EEF6C9B,CUST-1215,8182.23,INR,NETBANKING,FAILED,SESSION_TIMEOUT,CLEAR,False,False,0,2026-08-27T13:16:04.083152
TX-7F02FB8E,CUST-1093,4482.23,INR,UPI,FAILED,SESSION_TIMEOUT,CLEAR,False,False,0,2026-08-27T00:16:04.083152
TX-319C41CB,CUST-1139,2681.23,INR,UPI,FAILED,SESSION_TIMEOUT,CLEAR,False,False,0,2026-08-27T01:16:04.083152
TX-FA978583,CUST-1075,8182.23,INR,UPI,FAILED,SESSION_TIMEOUT,CLEAR,False,False,0,2026-08-27T06:16:04.084160
TX-E598B27F,CUST-1256,2681.23,INR,UPI,FAILED,SESSION_TIMEOUT,CLEAR,False,False,0,2026-08-26T20:16:04.084160
TX-57A81200,CUST-1154,4482.23,INR,NETBANKING,FAILED,SESSION_TIMEOUT,CLEAR,False,False,0,2026-08-27T01:16:04.084160
TX-5BA31C2F,CUST-1051,882.23,INR,UPI,FAILED,SESSION_TIMEOUT,CLEAR,False,False,0,2026-08-28T09:16:04.084160
TX-F9254252,CUST-1050,4482.23,INR,NACH,FAILED,SESSION_TIMEOUT,CLEAR,False,False,0,2026-08-26T13:16:04.085166
TX-92BDFAF5,CUST-1185,4482.23,INR,NETBANKING,FAILED,SESSION_TIMEOUT,CLEAR,False,False,0,2026-08-27T14:16:04.085166
TX-513E7AFC,CUST-1180,8182.23,INR,UPI,FAILED,SESSION_TIMEOUT,CLEAR,False,False,0,2026-08-27T00:16:04.085166
TX-05E314C2,CUST-1182,2681.23,INR,NETBANKING,FAILED,SESSION_TIMEOUT,CLEAR,False,False,0,2026-08-26T17:16:04.085166
TX-0DE2E115,CUST-1041,8182.23,INR,NACH,FAILED,SESSION_TIMEOUT,CLEAR,False,False,0,2026-08-26T21:16:04.085166
TX-EA050A64,CUST-1075,8182.23,INR,UPI,FAILED,SESSION_TIMEOUT,CLEAR,False,False,0,2026-08-26T20:16:04.085166
TX-5BF41850,CUST-1293,8182.23,INR,NACH,FAILED,SESSION_TIMEOUT,CLEAR,False,False,0,2026-08-28T08:16:04.085166
TX-0FD182CA,CUST-1117,2681.23,INR,NETBANKING,FAILED,SESSION_TIMEOUT,CLEAR,False,False,0,2026-08-27T16:16:04.085166
TX-578A0181,CUST-1203,4482.23,INR,NETBANKING,FAILED,SESSION_TIMEOUT,CLEAR,False,False,0,2026-08-27T08:16:04.085166
TX-74676570,CUST-1086,8182.23,INR,UPI,FAILED,SESSION_TIMEOUT,CLEAR,False,False,0,2026-08-28T11:16:04.085166
TX-F4FA2A9A,CUST-1041,2681.23,INR,UPI,FAILED,SESSION_TIMEOUT,CLEAR,False,False,0,2026-08-28T02:16:04.086554
TX-43E825E3,CUST-1033,882.23,INR,NACH,FAILED,SESSION_TIMEOUT,CLEAR,False,False,0,2026-08-27T01:16:04.086554
TX-7D72A6DC,CUST-1269,882.23,INR,CARD,FAILED,SESSION_TIMEOUT,CLEAR,False,False,0,2026-08-28T06:16:04.086554
TX-3CCD9382,CUST-1200,2681.23,INR,NETBANKING,FAILED,SESSION_TIMEOUT,CLEAR,False,False,0,2026-08-27T22:16:04.086554
TX-8568D7FC,CUST-1065,4482.23,INR,UPI,FAILED,SESSION_TIMEOUT,CLEAR,False,False,0,2026-08-27T03:16:04.086554
TX-17654EF6,CUST-1183,882.23,INR,NETBANKING,FAILED,SESSION_TIMEOUT,CLEAR,False,False,0,2026-08-27T06:16:04.086554
TX-2579F564,CUST-1228,4482.23,INR,UPI,FAILED,SESSION_TIMEOUT,CLEAR,False,False,0,2026-08-26T16:16:04.086554
TX-5F1409DA,CUST-1234,2681.23,INR,NACH,FAILED,SESSION_TIMEOUT,CLEAR,False,False,0,2026-08-27T03:16:04.086554
TX-AACD0E28,CUST-1247,4482.23,INR,UPI,FAILED,SESSION_TIMEOUT,CLEAR,False,False,0,2026-08-28T07:16:04.086554
TX-76070294,CUST-1212,4482.23,INR,NETBANKING,FAILED,SESSION_TIMEOUT,CLEAR,False,False,0,2026-08-28T03:16:04.086554
TX-96410814,CUST-1268,882.23,INR,UPI,FAILED,SESSION_TIMEOUT,CLEAR,False,False,0,2026-08-27T14:16:04.086554
TX-EFDD8D59,CUST-1005,8182.23,INR,NACH,FAILED,SESSION_TIMEOUT,CLEAR,False,False,0,2026-08-27T06:16:04.086554
TX-19A62277,CUST-1150,882.23,INR,UPI,FAILED,SESSION_TIMEOUT,CLEAR,False,False,0,2026-08-28T12:16:04.089060
TX-4975CCD7,CUST-1211,4482.23,INR,NACH,FAILED,SESSION_TIMEOUT,CLEAR,False,False,0,2026-08-27T11:16:04.089060
TX-8F547FD4,CUST-1194,2681.23,INR,UPI,FAILED,SESSION_TIMEOUT,CLEAR,False,False,0,2026-08-27T20:16:04.089060
TX-5AE62DC5,CUST-1123,8182.23,INR,NETBANKING,FAILED,SESSION_TIMEOUT,CLEAR,False,False,0,2026-08-27T18:16:04.089060
TX-DC1C1585,CUST-1097,4482.23,INR,CARD,FAILED,SESSION_TIMEOUT,CLEAR,False,False,0,2026-08-28T01:16:04.089060
TX-5FD08F9E,CUST-1234,4482.23,INR,NACH,FAILED,SESSION_TIMEOUT,CLEAR,False,False,0,2026-08-27T19:16:04.089060
TX-0852BA78,CUST-1165,8182.23,INR,CARD,FAILED,SESSION_TIMEOUT,CLEAR,False,False,0,2026-08-28T03:16:04.089060
TX-60304288,CUST-1053,882.23,INR,NETBANKING,FAILED,SESSION_TIMEOUT,CLEAR,False,False,0,2026-08-27T19:16:04.089060
TX-119FCAEE,CUST-1120,8182.23,INR,CARD,FAILED,SESSION_TIMEOUT,CLEAR,False,False,0,2026-08-28T03:16:04.089060
TX-DE831999,CUST-1176,8182.23,INR,NACH,FAILED,SESSION_TIMEOUT,CLEAR,False,False,0,2026-08-27T17:16:04.089060
TX-2F52387A,CUST-1017,4482.23,INR,NETBANKING,FAILED,SESSION_TIMEOUT,CLEAR,False,False,0,2026-08-28T07:16:04.089060
TX-AB5AF2F9,CUST-1201,882.23,INR,CARD,FAILED,SESSION_TIMEOUT,CLEAR,False,False,0,2026-08-27T02:16:04.091096
TX-05284841,CUST-1129,2681.23,INR,NACH,FAILED,SESSION_TIMEOUT,CLEAR,False,False,0,2026-08-28T12:16:04.091096
TX-15755DC6,CUST-1227,2681.23,INR,UPI,FAILED,SESSION_TIMEOUT,CLEAR,False,False,0,2026-08-26T13:16:04.091096
TX-13B3529C,CUST-1049,2681.23,INR,UPI,FAILED,SESSION_TIMEOUT,CLEAR,False,False,0,2026-08-27T06:16:04.091096
TX-58B5D276,CUST-1082,4482.23,INR,CARD,FAILED,SESSION_TIMEOUT,CLEAR,False,False,0,2026-08-26T13:16:04.091096
TX-D1B491E9,CUST-1247,882.23,INR,NETBANKING,FAILED,SESSION_TIMEOUT,CLEAR,False,False,0,2026-08-28T00:16:04.091096
TX-8FB43476,CUST-1058,882.23,INR,UPI,FAILED,SESSION_TIMEOUT,CLEAR,False,False,0,2026-08-26T20:16:04.091096
TX-8DF6CB18,CUST-1086,4482.23,INR,NETBANKING,FAILED,SESSION_TIMEOUT,CLEAR,False,False,0,2026-08-26T23:16:04.091096
TX-3D4B31C4,CUST-1005,8182.23,INR,CARD,FAILED,SESSION_TIMEOUT,CLEAR,False,False,0,2026-08-26T23:16:04.091096
TX-D195E00C,CUST-1080,8182.23,INR,NETBANKING,FAILED,SESSION_TIMEOUT,CLEAR,False,False,0,2026-08-28T07:16:04.091096
TX-61CD09D0,CUST-1047,2681.23,INR,NETBANKING,FAILED,SESSION_TIMEOUT,CLEAR,False,False,0,2026-08-26T20:16:04.091096
TX-C6269480,CUST-1079,882.23,INR,CARD,FAILED,SESSION_TIMEOUT,CLEAR,False,False,0,2026-08-28T04:16:04.093106
TX-CE111026,CUST-1286,2681.23,INR,NETBANKING,FAILED,SESSION_TIMEOUT,CLEAR,False,False,0,2026-08-27T08:16:04.093106
TX-9E0D3592,CUST-1194,2681.23,INR,NETBANKING,FAILED,SESSION_TIMEOUT,CLEAR,False,False,0,2026-08-26T14:16:04.093106
TX-82778CD2,CUST-1249,4482.23,INR,NACH,FAILED,SESSION_TIMEOUT,CLEAR,False,False,0,2026-08-27T01:16:04.093106
TX-537636DB,CUST-1291,8182.23,INR,UPI,FAILED,SESSION_TIMEOUT,CLEAR,False,False,0,2026-08-27T02:16:04.093106
TX-A4C8485A,CUST-1141,4482.23,INR,UPI,FAILED,SESSION_TIMEOUT,CLEAR,False,False,0,2026-08-28T08:16:04.093106
TX-3A916C91,CUST-1152,2681.23,INR,NETBANKING,FAILED,SESSION_TIMEOUT,CLEAR,False,False,0,2026-08-27T02:16:04.093106
TX-BDA501E0,CUST-1260,8182.23,INR,NACH,FAILED,SESSION_TIMEOUT,CLEAR,False,False,0,2026-08-26T14:16:04.093106
TX-C38125D5,CUST-1187,882.23,INR,UPI,FAILED,SESSION_TIMEOUT,CLEAR,False,False,0,2026-08-27T16:16:04.093106
TX-DD41C9F1,CUST-1199,882.23,INR,UPI,FAILED,SESSION_TIMEOUT,CLEAR,False,False,0,2026-08-27T03:16:04.093106
TX-F42E8632,CUST-1079,8182.23,INR,NETBANKING,FAILED,SESSION_TIMEOUT,CLEAR,False,False,0,2026-08-27T16:16:04.093106
TX-0282D1FB,CUST-1050,4482.23,INR,CARD,FAILED,SESSION_TIMEOUT,CLEAR,False,False,0,2026-08-28T10:16:04.093106
TX-73248373,CUST-1104,2681.23,INR,CARD,FAILED,SESSION_TIMEOUT,CLEAR,False,False,0,2026-08-27T05:16:04.095114
TX-E222C8C4,CUST-1293,882.23,INR,NACH,FAILED,SESSION_TIMEOUT,CLEAR,False,False,0,2026-08-26T18:16:04.095114
TX-40615C0B,CUST-1188,4482.23,INR,UPI,FAILED,SESSION_TIMEOUT,CLEAR,False,False,0,2026-08-26T22:16:04.095114
TX-C219EF32,CUST-1107,882.23,INR,NACH,FAILED,SESSION_TIMEOUT,CLEAR,False,False,0,2026-08-28T07:16:04.095114
TX-8D69107A,CUST-1286,882.23,INR,NACH,FAILED,SESSION_TIMEOUT,CLEAR,False,False,0,2026-08-27T13:16:04.095114
TX-464FFD6F,CUST-1137,882.23,INR,CARD,FAILED,SESSION_TIMEOUT,CLEAR,False,False,0,2026-08-26T14:16:04.095114
TX-3674BBF0,CUST-1111,4482.23,INR,CARD,FAILED,SESSION_TIMEOUT,CLEAR,False,False,0,2026-08-28T06:16:04.095114
TX-EDC748EC,CUST-1198,2681.23,INR,UPI,FAILED,SESSION_TIMEOUT,CLEAR,False,False,0,2026-08-28T00:16:04.095114
TX-92564716,CUST-1092,2681.23,INR,NACH,FAILED,SESSION_TIMEOUT,CLEAR,False,False,0,2026-08-26T13:16:04.095114
TX-1584E670,CUST-1219,4482.23,INR,CARD,FAILED,SESSION_TIMEOUT,CLEAR,False,False,0,2026-08-28T02:16:04.095114
TX-C3CA3360,CUST-1173,8182.23,INR,UPI,FAILED,SESSION_TIMEOUT,CLEAR,False,False,0,2026-08-27T02:16:04.095114
TX-20EBFA7E,CUST-1162,8182.23,INR,NETBANKING,FAILED,SESSION_TIMEOUT,CLEAR,False,False,0,2026-08-27T13:16:04.095114
TX-FE16A25F,CUST-1124,8182.23,INR,UPI,FAILED,SESSION_TIMEOUT,CLEAR,False,False,0,2026-08-27T12:16:04.095114
TX-81855C9E,CUST-1232,4482.23,INR,NACH,FAILED,SESSION_TIMEOUT,CLEAR,False,False,0,2026-08-27T11:16:04.097232
TX-22276C30,CUST-1009,882.23,INR,UPI,FAILED,SESSION_TIMEOUT,CLEAR,False,False,0,2026-08-27T17:16:04.097232
TX-615FA3E8,CUST-1110,4482.23,INR,NETBANKING,FAILED,SESSION_TIMEOUT,CLEAR,False,False,0,2026-08-28T11:16:04.097232
TX-A1ED651D,CUST-1262,4482.23,INR,UPI,FAILED,SESSION_TIMEOUT,CLEAR,False,False,0,2026-08-28T06:16:04.097232
TX-6D0AB813,CUST-1080,8182.23,INR,UPI,FAILED,SESSION_TIMEOUT,CLEAR,False,False,0,2026-08-27T20:16:04.097232
TX-FE49B364,CUST-1132,2681.23,INR,NETBANKING,FAILED,SESSION_TIMEOUT,CLEAR,False,False,0,2026-08-28T07:16:04.097232
TX-F2C4938F,CUST-1112,8182.23,INR,CARD,FAILED,SESSION_TIMEOUT,CLEAR,False,False,0,2026-08-26T14:16:04.097232
TX-3B55F7AA,CUST-1250,8182.23,INR,CARD,FAILED,SESSION_TIMEOUT,CLEAR,False,False,0,2026-08-26T22:16:04.097232
TX-6FE8CE8C,CUST-1296,4482.23,INR,NACH,FAILED,SESSION_TIMEOUT,CLEAR,False,False,0,2026-08-28T07:16:04.097232
TX-8C924E6C,CUST-1223,4482.23,INR,NACH,FAILED,SESSION_TIMEOUT,CLEAR,False,False,0,2026-08-28T05:16:04.097232
TX-E0C9691A,CUST-1196,882.23,INR,CARD,FAILED,SESSION_TIMEOUT,CLEAR,False,False,0,2026-08-27T17:16:04.099248
TX-13E61CDA,CUST-1277,882.23,INR,UPI,FAILED,SESSION_TIMEOUT,CLEAR,False,False,0,2026-08-27T16:16:04.099248
TX-C9366A78,CUST-1026,2681.23,INR,NACH,FAILED,SESSION_TIMEOUT,CLEAR,False,False,0,2026-08-27T08:16:04.099248
TX-BB81E53E,CUST-1222,882.23,INR,NETBANKING,FAILED,SESSION_TIMEOUT,CLEAR,False,False,0,2026-08-27T11:16:04.099248
TX-C9653841,CUST-1043,2681.23,INR,NACH,FAILED,SESSION_TIMEOUT,CLEAR,False,False,0,2026-08-27T00:16:04.099248
TX-4E1EB382,CUST-1205,882.23,INR,NETBANKING,FAILED,SESSION_TIMEOUT,CLEAR,False,False,0,2026-08-28T07:16:04.099248
TX-B11064E9,CUST-1070,8182.23,INR,NACH,FAILED,SESSION_TIMEOUT,CLEAR,False,False,0,2026-08-27T01:16:04.099248
TX-0C99B5CC,CUST-1293,8182.23,INR,UPI,FAILED,SESSION_TIMEOUT,CLEAR,False,False,0,2026-08-27T01:16:04.100266
TX-6A40E5E4,CUST-1037,2681.23,INR,NETBANKING,FAILED,SESSION_TIMEOUT,CLEAR,False,False,0,2026-08-27T09:16:04.100266
TX-56A1B23F,CUST-1212,882.23,INR,NACH,FAILED,SESSION_TIMEOUT,CLEAR,False,False,0,2026-08-27T13:16:04.100266
TX-B0781259,CUST-1177,2681.23,INR,CARD,FAILED,SESSION_TIMEOUT,CLEAR,False,False,0,2026-08-27T17:16:04.100266
TX-CEFBF727,CUST-1227,4482.23,INR,UPI,FAILED,SESSION_TIMEOUT,CLEAR,False,False,0,2026-08-27T08:16:04.100266
TX-834E1C85,CUST-1192,2681.23,INR,UPI,FAILED,SESSION_TIMEOUT,CLEAR,False,False,0,2026-08-26T14:16:04.100266
TX-1B84821C,CUST-1125,882.23,INR,UPI,FAILED,SESSION_TIMEOUT,CLEAR,False,False,0,2026-08-27T18:16:04.100266
TX-96412FB3,CUST-1157,4482.23,INR,NACH,FAILED,SESSION_TIMEOUT,CLEAR,False,False,0,2026-08-27T06:16:04.100266
TX-336B50AF,CUST-1276,4482.23,INR,UPI,FAILED,SESSION_TIMEOUT,CLEAR,False,False,0,2026-08-27T23:16:04.100266
TX-3F741A98,CUST-1248,4482.23,INR,UPI,FAILED,SESSION_TIMEOUT,CLEAR,False,False,0,2026-08-26T16:16:04.100266
TX-27DDF42C,CUST-1299,882.23,INR,CARD,FAILED,SESSION_TIMEOUT,CLEAR,False,False,0,2026-08-27T20:16:04.100266
TX-A1424227,CUST-1103,882.23,INR,NETBANKING,FAILED,SESSION_TIMEOUT,CLEAR,False,False,0,2026-08-28T09:16:04.100266
TX-B8D30C80,CUST-1199,882.23,INR,NETBANKING,FAILED,SESSION_TIMEOUT,CLEAR,False,False,0,2026-08-26T18:16:04.100266
TX-4D6AEA2C,CUST-1010,4482.23,INR,NETBANKING,FAILED,SESSION_TIMEOUT,CLEAR,False,False,0,2026-08-26T19:16:04.100266
TX-1DDD1B28,CUST-1261,2681.23,INR,CARD,FAILED,SESSION_TIMEOUT,CLEAR,False,False,0,2026-08-27T16:16:04.100266
TX-CF46F490,CUST-1102,882.23,INR,NACH,FAILED,SESSION_TIMEOUT,CLEAR,False,False,0,2026-08-27T01:16:04.100266
TX-183229B8,CUST-1127,882.23,INR,NETBANKING,FAILED,SESSION_TIMEOUT,CLEAR,False,False,0,2026-08-27T15:16:04.100266
TX-9CE3E04D,CUST-1010,8182.23,INR,NETBANKING,FAILED,SESSION_TIMEOUT,CLEAR,False,False,0,2026-08-26T17:16:04.100266
TX-2B5FAB76,CUST-1155,4482.23,INR,UPI,FAILED,SESSION_TIMEOUT,CLEAR,False,False,0,2026-08-27T04:16:04.100266
TX-D4357FF6,CUST-1132,882.23,INR,NACH,FAILED,SESSION_TIMEOUT,CLEAR,False,False,0,2026-08-28T11:16:04.100266
TX-D5A5ACE4,CUST-1078,4482.23,INR,NETBANKING,FAILED,SESSION_TIMEOUT,CLEAR,False,False,0,2026-08-27T11:16:04.100266
TX-FB4DAECA,CUST-1196,2681.23,INR,UPI,FAILED,SESSION_TIMEOUT,CLEAR,False,False,0,2026-08-27T10:16:04.100266
TX-9EAE28DE,CUST-1160,2681.23,INR,NETBANKING,FAILED,SESSION_TIMEOUT,CLEAR,False,False,0,2026-08-27T08:16:04.100266
TX-8F040026,CUST-1071,2681.23,INR,UPI,FAILED,SESSION_TIMEOUT,CLEAR,False,False,0,2026-08-28T04:16:04.100266
TX-DB4F8EAB,CUST-1075,2681.23,INR,UPI,FAILED,SESSION_TIMEOUT,CLEAR,False,False,0,2026-08-27T16:16:04.100266
TX-846D0E31,CUST-1163,882.23,INR,UPI,FAILED,SESSION_TIMEOUT,CLEAR,False,False,0,2026-08-26T14:16:04.100266
TX-1A5DD85F,CUST-1211,4482.23,INR,NETBANKING,FAILED,SESSION_TIMEOUT,CLEAR,False,False,0,2026-08-27T08:16:04.100266
TX-C7AC8C93,CUST-1097,4482.23,INR,CARD,FAILED,SESSION_TIMEOUT,CLEAR,False,False,0,2026-08-28T04:16:04.100266
TX-D4AC2AB6,CUST-1137,882.23,INR,UPI,FAILED,SESSION_TIMEOUT,CLEAR,False,False,0,2026-08-26T22:16:04.103769
TX-8C8A273A,CUST-1184,2681.23,INR,CARD,FAILED,SESSION_TIMEOUT,CLEAR,False,False,0,2026-08-26T16:16:04.103769
TX-F7BD5A5A,CUST-1241,2681.23,INR,NETBANKING,FAILED,SESSION_TIMEOUT,CLEAR,False,False,0,2026-08-28T01:16:04.103769
TX-B3D8FA85,CUST-1071,8182.23,INR,UPI,FAILED,SESSION_TIMEOUT,CLEAR,False,False,0,2026-08-28T00:16:04.103769
TX-F8A9CE99,CUST-1008,882.23,INR,NETBANKING,FAILED,SESSION_TIMEOUT,CLEAR,False,False,0,2026-08-27T10:16:04.103769
TX-C4234D67,CUST-1034,2681.23,INR,UPI,FAILED,SESSION_TIMEOUT,CLEAR,False,False,0,2026-08-27T08:16:04.103769
TX-7108B2F1,CUST-1235,8182.23,INR,UPI,FAILED,SESSION_TIMEOUT,CLEAR,False,False,0,2026-08-27T09:16:04.103769
TX-0A52A5F6,CUST-1195,882.23,INR,NETBANKING,FAILED,SESSION_TIMEOUT,CLEAR,False,False,0,2026-08-27T11:16:04.103769
TX-09AE2EFB,CUST-1056,882.23,INR,NACH,FAILED,SESSION_TIMEOUT,CLEAR,False,False,0,2026-08-27T07:16:04.103769
TX-F9B154D2,CUST-1276,2681.23,INR,NACH,FAILED,SESSION_TIMEOUT,CLEAR,False,False,0,2026-08-26T13:16:04.105293
TX-8B959054,CUST-1026,8182.23,INR,UPI,FAILED,SESSION_TIMEOUT,CLEAR,False,False,0,2026-08-27T18:16:04.105293
TX-96335338,CUST-1147,8182.23,INR,NACH,FAILED,SESSION_TIMEOUT,CLEAR,False,False,0,2026-08-28T02:16:04.105293
TX-8F2791C2,CUST-1028,4482.23,INR,UPI,FAILED,SESSION_TIMEOUT,CLEAR,False,False,0,2026-08-27T07:16:04.105293
TX-31041DBF,CUST-1257,8182.23,INR,CARD,FAILED,SESSION_TIMEOUT,CLEAR,False,False,0,2026-08-28T01:16:04.105293
TX-05D888C1,CUST-1212,2681.23,INR,NETBANKING,FAILED,SESSION_TIMEOUT,CLEAR,False,False,0,2026-08-27T08:16:04.105293
TX-FB45FF83,CUST-1104,2681.23,INR,NACH,FAILED,SESSION_TIMEOUT,CLEAR,False,False,0,2026-08-28T07:16:04.105293
TX-1BB412AB,CUST-1064,4482.23,INR,CARD,FAILED,SESSION_TIMEOUT,CLEAR,False,False,0,2026-08-28T05:16:04.106484
TX-8EC1190E,CUST-1186,8182.23,INR,CARD,FAILED,SESSION_TIMEOUT,CLEAR,False,False,0,2026-08-27T03:16:04.106484
TX-9CEE4A40,CUST-1082,8182.23,INR,NACH,FAILED,SESSION_TIMEOUT,CLEAR,False,False,0,2026-08-27T01:16:04.106484
TX-A877433F,CUST-1172,882.23,INR,UPI,FAILED,SESSION_TIMEOUT,CLEAR,False,False,0,2026-08-28T02:16:04.106484
TX-B63B900E,CUST-1215,2681.23,INR,NETBANKING,FAILED,SESSION_TIMEOUT,CLEAR,False,False,0,2026-08-27T17:16:04.106484
TX-34EC6EE9,CUST-1093,8182.23,INR,CARD,FAILED,SESSION_TIMEOUT,CLEAR,False,False,0,2026-08-28T04:16:04.106484
TX-A5FA64F6,CUST-1130,882.23,INR,CARD,FAILED,SESSION_TIMEOUT,CLEAR,False,False,0,2026-08-27T07:16:04.106484
TX-DF401F24,CUST-1003,8182.23,INR,NACH,FAILED,SESSION_TIMEOUT,CLEAR,False,False,0,2026-08-27T21:16:04.106484
TX-34739637,CUST-1210,8182.23,INR,NACH,FAILED,SESSION_TIMEOUT,CLEAR,False,False,0,2026-08-28T07:16:04.106484
TX-40866D31,CUST-1281,882.23,INR,NETBANKING,FAILED,SESSION_TIMEOUT,CLEAR,False,False,0,2026-08-26T21:16:04.106484
TX-7F73C91C,CUST-1095,2681.23,INR,UPI,FAILED,SESSION_TIMEOUT,CLEAR,False,False,0,2026-08-28T09:16:04.106484
TX-A07520F3,CUST-1075,4482.23,INR,CARD,FAILED,SESSION_TIMEOUT,CLEAR,False,False,0,2026-08-26T18:16:04.106484
TX-C8A0EF4D,CUST-1045,4482.23,INR,CARD,FAILED,SESSION_TIMEOUT,CLEAR,False,False,0,2026-08-28T06:16:04.106484
TX-BBDE7A4A,CUST-1146,2681.23,INR,UPI,FAILED,SESSION_TIMEOUT,CLEAR,False,False,0,2026-08-27T07:16:04.106484
TX-8549BF31,CUST-1048,4482.23,INR,NETBANKING,FAILED,SESSION_TIMEOUT,CLEAR,False,False,0,2026-08-27T16:16:04.106484
TX-D4A7F703,CUST-1219,8182.23,INR,CARD,FAILED,SESSION_TIMEOUT,CLEAR,False,False,0,2026-08-27T18:16:04.106484
TX-ACF1ED14,CUST-1141,2681.23,INR,NETBANKING,FAILED,SESSION_TIMEOUT,CLEAR,False,False,0,2026-08-27T03:16:04.108495
TX-A0649487,CUST-1030,2681.23,INR,CARD,FAILED,SESSION_TIMEOUT,CLEAR,False,False,0,2026-08-27T00:16:04.108495
TX-6CC95370,CUST-1148,882.23,INR,NACH,FAILED,SESSION_TIMEOUT,CLEAR,False,False,0,2026-08-26T22:16:04.108495
TX-5FB738AC,CUST-1295,4482.23,INR,NETBANKING,FAILED,SESSION_TIMEOUT,CLEAR,False,False,0,2026-08-28T04:16:04.108495
TX-D1E488B1,CUST-1255,8182.23,INR,NACH,FAILED,SESSION_TIMEOUT,CLEAR,False,False,0,2026-08-28T01:16:04.108495
TX-60F087A3,CUST-1100,2681.23,INR,CARD,FAILED,SESSION_TIMEOUT,CLEAR,False,False,0,2026-08-28T05:16:04.108495
TX-17B42FBC,CUST-1061,8182.23,INR,UPI,FAILED,SESSION_TIMEOUT,CLEAR,False,False,0,2026-08-26T21:16:04.108495
TX-7C5180F1,CUST-1171,8182.23,INR,NETBANKING,FAILED,SESSION_TIMEOUT,CLEAR,False,False,0,2026-08-27T01:16:04.108495
TX-65A91282,CUST-1104,2681.23,INR,NETBANKING,FAILED,SESSION_TIMEOUT,CLEAR,False,False,0,2026-08-27T20:16:04.108495
TX-0A46186F,CUST-1260,4482.23,INR,NETBANKING,FAILED,SESSION_TIMEOUT,CLEAR,False,False,0,2026-08-28T12:16:04.108495
TX-BC6C3493,CUST-1203,4482.23,INR,CARD,FAILED,SESSION_TIMEOUT,CLEAR,False,False,0,2026-08-28T01:16:04.108495
TX-699F5A7A,CUST-1246,4482.23,INR,NACH,FAILED,SESSION_TIMEOUT,CLEAR,False,False,0,2026-08-28T10:16:04.108495
TX-49E46690,CUST-1080,1681.23,INR,NACH,FAILED,CARD_DECLINED,CLEAR,False,False,0,2026-08-27T02:16:04.108495
TX-2EAF4913,CUST-1029,8681.23,INR,NETBANKING,FAILED,CARD_DECLINED,CLEAR,False,False,0,2026-08-27T00:16:04.108495
TX-1F0C42AE,CUST-1275,4681.23,INR,CARD,FAILED,CARD_DECLINED,CLEAR,False,False,0,2026-08-27T23:16:04.108495
TX-C3AF3743,CUST-1034,4681.23,INR,UPI,FAILED,CARD_DECLINED,CLEAR,False,False,0,2026-08-27T19:16:04.108495
TX-9DF05909,CUST-1274,4681.23,INR,UPI,FAILED,CARD_DECLINED,CLEAR,False,False,0,2026-08-27T00:16:04.108495
TX-7598F5EC,CUST-1060,8681.23,INR,NETBANKING,FAILED,CARD_DECLINED,CLEAR,False,False,0,2026-08-26T15:16:04.108495
TX-397AA83E,CUST-1212,681.23,INR,CARD,FAILED,CARD_DECLINED,CLEAR,False,False,0,2026-08-27T05:16:04.108495
TX-AB335F4A,CUST-1155,4681.23,INR,UPI,FAILED,CARD_DECLINED,CLEAR,False,False,0,2026-08-27T03:16:04.108495
TX-221CCB52,CUST-1192,1681.23,INR,CARD,FAILED,CARD_DECLINED,CLEAR,False,False,0,2026-08-28T00:16:04.108495
TX-5F95B40D,CUST-1013,8681.23,INR,NACH,FAILED,CARD_DECLINED,CLEAR,False,False,0,2026-08-27T04:16:04.108495
TX-22DFE788,CUST-1248,1681.23,INR,NETBANKING,FAILED,CARD_DECLINED,CLEAR,False,False,0,2026-08-27T16:16:04.108495
TX-5ED62FE5,CUST-1068,681.23,INR,UPI,FAILED,CARD_DECLINED,CLEAR,False,False,0,2026-08-26T14:16:04.108495
TX-D5A27D78,CUST-1268,8681.23,INR,CARD,FAILED,CARD_DECLINED,CLEAR,False,False,0,2026-08-28T12:16:04.108495
TX-AF33604E,CUST-1045,681.23,INR,NETBANKING,FAILED,CARD_DECLINED,CLEAR,False,False,0,2026-08-27T07:16:04.108495
TX-557AAA79,CUST-1160,681.23,INR,CARD,FAILED,CARD_DECLINED,CLEAR,False,False,0,2026-08-27T00:16:04.108495
TX-CA9A3560,CUST-1103,1681.23,INR,UPI,FAILED,CARD_DECLINED,CLEAR,False,False,0,2026-08-27T18:16:04.108495
TX-8D9CF8D6,CUST-1061,4681.23,INR,NETBANKING,FAILED,CARD_DECLINED,CLEAR,False,False,0,2026-08-28T03:16:04.108495
TX-3F01FBF3,CUST-1008,4681.23,INR,CARD,FAILED,CARD_DECLINED,CLEAR,False,False,0,2026-08-27T23:16:04.108495
TX-5283BBF7,CUST-1164,4681.23,INR,NETBANKING,FAILED,CARD_DECLINED,CLEAR,False,False,0,2026-08-28T03:16:04.108495
TX-C3918FF2,CUST-1126,4681.23,INR,UPI,FAILED,CARD_DECLINED,CLEAR,False,False,0,2026-08-28T08:16:04.108495
TX-33A49345,CUST-1228,4681.23,INR,CARD,FAILED,CARD_DECLINED,CLEAR,False,False,0,2026-08-28T04:16:04.108495
TX-4C9B36C7,CUST-1026,8681.23,INR,CARD,FAILED,CARD_DECLINED,CLEAR,False,False,0,2026-08-27T12:16:04.108495
TX-B1E8624E,CUST-1201,681.23,INR,UPI,FAILED,CARD_DECLINED,CLEAR,False,False,0,2026-08-26T15:16:04.108495
TX-67095F58,CUST-1183,8681.23,INR,NETBANKING,FAILED,CARD_DECLINED,CLEAR,False,False,0,2026-08-27T15:16:04.108495
TX-2B7EC399,CUST-1239,681.23,INR,UPI,FAILED,CARD_DECLINED,CLEAR,False,False,0,2026-08-28T07:16:04.108495
TX-E87A39BF,CUST-1234,8681.23,INR,NETBANKING,FAILED,CARD_DECLINED,CLEAR,False,False,0,2026-08-26T17:16:04.108495
TX-62298B03,CUST-1119,8681.23,INR,UPI,FAILED,CARD_DECLINED,CLEAR,False,False,0,2026-08-28T03:16:04.108495
TX-2FD055A3,CUST-1201,4681.23,INR,UPI,FAILED,CARD_DECLINED,CLEAR,False,False,0,2026-08-26T16:16:04.108495
TX-45D0E1F3,CUST-1233,4681.23,INR,NACH,FAILED,CARD_DECLINED,CLEAR,False,False,0,2026-08-28T11:16:04.108495
TX-F4B8EF62,CUST-1180,8681.23,INR,NACH,FAILED,CARD_DECLINED,CLEAR,False,False,0,2026-08-27T07:16:04.108495
TX-A7AF5561,CUST-1295,4681.23,INR,UPI,FAILED,CARD_DECLINED,CLEAR,False,False,0,2026-08-27T04:16:04.108495
TX-5F204BF3,CUST-1055,8681.23,INR,NETBANKING,FAILED,CARD_DECLINED,CLEAR,False,False,0,2026-08-27T01:16:04.108495
TX-1D77F4CD,CUST-1273,681.23,INR,NACH,FAILED,CARD_DECLINED,CLEAR,False,False,0,2026-08-27T11:16:04.108495
TX-75A53D74,CUST-1125,8681.23,INR,UPI,FAILED,CARD_DECLINED,CLEAR,False,False,0,2026-08-27T06:16:04.108495
TX-876093F8,CUST-1107,681.23,INR,NACH,FAILED,CARD_DECLINED,CLEAR,False,False,0,2026-08-27T09:16:04.108495
TX-649C8301,CUST-1121,4681.23,INR,UPI,FAILED,CARD_DECLINED,CLEAR,False,False,0,2026-08-26T18:16:04.108495
TX-5BF2B7FD,CUST-1294,681.23,INR,NACH,FAILED,CARD_DECLINED,CLEAR,False,False,0,2026-08-28T05:16:04.108495
TX-39E49507,CUST-1285,8681.23,INR,CARD,FAILED,CARD_DECLINED,CLEAR,False,False,0,2026-08-27T08:16:04.108495
TX-E60134FB,CUST-1036,4681.23,INR,CARD,FAILED,CARD_DECLINED,CLEAR,False,False,0,2026-08-26T17:16:04.108495
TX-93066A91,CUST-1254,8681.23,INR,CARD,FAILED,CARD_DECLINED,CLEAR,False,False,0,2026-08-28T07:16:04.114846
TX-6C61D9FB,CUST-1001,1681.23,INR,UPI,FAILED,CARD_DECLINED,CLEAR,False,False,0,2026-08-26T18:16:04.114846
TX-BDC05B0E,CUST-1150,8681.23,INR,NACH,FAILED,CARD_DECLINED,CLEAR,False,False,0,2026-08-26T21:16:04.114846
TX-02556D99,CUST-1106,8681.23,INR,NETBANKING,FAILED,CARD_DECLINED,CLEAR,False,False,0,2026-08-27T17:16:04.115460
TX-F2E16C20,CUST-1177,4681.23,INR,CARD,FAILED,CARD_DECLINED,CLEAR,False,False,0,2026-08-26T23:16:04.115460
TX-7AE8A8B2,CUST-1151,8681.23,INR,CARD,FAILED,CARD_DECLINED,CLEAR,False,False,0,2026-08-27T13:16:04.115460
TX-C75A1107,CUST-1287,681.23,INR,NETBANKING,FAILED,CARD_DECLINED,CLEAR,False,False,0,2026-08-28T05:16:04.115460
TX-7103AF2C,CUST-1222,681.23,INR,NACH,FAILED,CARD_DECLINED,CLEAR,False,False,0,2026-08-26T20:16:04.115460
TX-9BCF1F8D,CUST-1196,8681.23,INR,NACH,FAILED,CARD_DECLINED,CLEAR,False,False,0,2026-08-27T02:16:04.115460
TX-C00E0901,CUST-1072,1681.23,INR,UPI,FAILED,CARD_DECLINED,CLEAR,False,False,0,2026-08-27T01:16:04.115460
TX-45AE3A86,CUST-1079,4681.23,INR,NETBANKING,FAILED,CARD_DECLINED,CLEAR,False,False,0,2026-08-26T18:16:04.115460
TX-3FCBD6C4,CUST-1037,1681.23,INR,CARD,FAILED,CARD_DECLINED,CLEAR,False,False,0,2026-08-28T03:16:04.115460
TX-581F98ED,CUST-1224,8681.23,INR,UPI,FAILED,CARD_DECLINED,CLEAR,False,False,0,2026-08-28T07:16:04.115460
TX-CB4FADC8,CUST-1218,8681.23,INR,UPI,FAILED,CARD_DECLINED,CLEAR,False,False,0,2026-08-27T07:16:04.115460
TX-4DC8D21F,CUST-1231,8681.23,INR,NACH,FAILED,CARD_DECLINED,CLEAR,False,False,0,2026-08-27T14:16:04.115460
TX-0FE5884E,CUST-1004,1681.23,INR,NACH,FAILED,CARD_DECLINED,CLEAR,False,False,0,2026-08-26T14:16:04.115460
TX-F9A70BE2,CUST-1280,4681.23,INR,NETBANKING,FAILED,CARD_DECLINED,CLEAR,False,False,0,2026-08-28T10:16:04.115460
TX-A9455E94,CUST-1189,8681.23,INR,CARD,FAILED,CARD_DECLINED,CLEAR,False,False,0,2026-08-26T23:16:04.115460
TX-4B96DAE7,CUST-1270,681.23,INR,NETBANKING,FAILED,CARD_DECLINED,CLEAR,False,False,0,2026-08-27T07:16:04.115460
TX-2AB066C3,CUST-1046,681.23,INR,UPI,FAILED,CARD_DECLINED,CLEAR,False,False,0,2026-08-27T06:16:04.115460
TX-9AEC7DDF,CUST-1277,681.23,INR,NETBANKING,FAILED,CARD_DECLINED,CLEAR,False,False,0,2026-08-26T21:16:04.115460
TX-A8FEEA79,CUST-1006,4681.23,INR,NACH,FAILED,CARD_DECLINED,CLEAR,False,False,0,2026-08-27T07:16:04.115460
TX-F6ACEDE5,CUST-1170,8681.23,INR,NACH,FAILED,CARD_DECLINED,CLEAR,False,False,0,2026-08-27T14:16:04.115460
TX-0CCF267B,CUST-1019,4681.23,INR,NETBANKING,FAILED,CARD_DECLINED,CLEAR,False,False,0,2026-08-26T14:16:04.115460
TX-1045973D,CUST-1243,4681.23,INR,UPI,FAILED,CARD_DECLINED,CLEAR,False,False,0,2026-08-27T00:16:04.115460
TX-F28E9D14,CUST-1014,4681.23,INR,NETBANKING,FAILED,CARD_DECLINED,CLEAR,False,False,0,2026-08-27T05:16:04.115460
TX-9403CC87,CUST-1040,1681.23,INR,NETBANKING,FAILED,CARD_DECLINED,CLEAR,False,False,0,2026-08-27T20:16:04.115460
TX-AE3A9DA6,CUST-1132,4681.23,INR,CARD,FAILED,CARD_DECLINED,CLEAR,False,False,0,2026-08-26T13:16:04.115460
TX-F5134757,CUST-1078,1681.23,INR,NACH,FAILED,CARD_DECLINED,CLEAR,False,False,0,2026-08-27T13:16:04.115460
TX-8B0E379A,CUST-1121,4681.23,INR,NACH,FAILED,CARD_DECLINED,CLEAR,False,False,0,2026-08-28T01:16:04.115460
TX-3BEA0A6A,CUST-1044,681.23,INR,UPI,FAILED,CARD_DECLINED,CLEAR,False,False,0,2026-08-26T22:16:04.115460
TX-CAD34215,CUST-1212,8681.23,INR,NACH,FAILED,CARD_DECLINED,CLEAR,False,False,0,2026-08-27T21:16:04.115460
TX-7127FBE1,CUST-1086,8681.23,INR,UPI,FAILED,CARD_DECLINED,CLEAR,False,False,0,2026-08-27T00:16:04.115460
TX-C14A9B04,CUST-1136,4681.23,INR,CARD,FAILED,CARD_DECLINED,CLEAR,False,False,0,2026-08-28T09:16:04.115460
TX-FE369AFC,CUST-1244,8681.23,INR,NETBANKING,FAILED,CARD_DECLINED,CLEAR,False,False,0,2026-08-27T06:16:04.115460
TX-72120746,CUST-1200,1681.23,INR,NACH,FAILED,CARD_DECLINED,CLEAR,False,False,0,2026-08-27T20:16:04.115460
TX-F88015F2,CUST-1148,8681.23,INR,NACH,FAILED,CARD_DECLINED,CLEAR,False,False,0,2026-08-27T12:16:04.115460
TX-5EC0E68A,CUST-1022,4681.23,INR,CARD,FAILED,CARD_DECLINED,CLEAR,False,False,0,2026-08-27T02:16:04.115460
TX-9FAED012,CUST-1140,4681.23,INR,NETBANKING,FAILED,CARD_DECLINED,CLEAR,False,False,0,2026-08-27T19:16:04.115460
TX-D15E9A81,CUST-1300,681.23,INR,NACH,FAILED,CARD_DECLINED,CLEAR,False,False,0,2026-08-27T07:16:04.115460
TX-00542339,CUST-1100,1681.23,INR,NETBANKING,FAILED,CARD_DECLINED,CLEAR,False,False,0,2026-08-26T17:16:04.115460
TX-E4E0CD11,CUST-1281,1681.23,INR,CARD,FAILED,CARD_DECLINED,CLEAR,False,False,0,2026-08-26T17:16:04.115460
TX-9FED8994,CUST-1211,681.23,INR,CARD,FAILED,CARD_DECLINED,CLEAR,False,False,0,2026-08-27T03:16:04.115460
TX-3986E4CE,CUST-1113,8681.23,INR,NETBANKING,FAILED,CARD_DECLINED,CLEAR,False,False,0,2026-08-27T20:16:04.115460
TX-48FC4BD4,CUST-1048,681.23,INR,CARD,FAILED,CARD_DECLINED,CLEAR,False,False,0,2026-08-26T22:16:04.115460
TX-2B5E69F3,CUST-1063,1681.23,INR,CARD,FAILED,CARD_DECLINED,CLEAR,False,False,0,2026-08-28T07:16:04.115460
TX-2348297D,CUST-1290,1681.23,INR,UPI,FAILED,CARD_DECLINED,CLEAR,False,False,0,2026-08-28T05:16:04.115460
TX-08D7FB96,CUST-1151,1681.23,INR,NACH,FAILED,CARD_DECLINED,CLEAR,False,False,0,2026-08-26T18:16:04.115460
TX-59326830,CUST-1219,8681.23,INR,NETBANKING,FAILED,CARD_DECLINED,CLEAR,False,False,0,2026-08-27T20:16:04.115460
TX-716EDF1A,CUST-1032,681.23,INR,NACH,FAILED,CARD_DECLINED,CLEAR,False,False,0,2026-08-27T12:16:04.115460
TX-D0358F18,CUST-1136,681.23,INR,UPI,FAILED,CARD_DECLINED,CLEAR,False,False,0,2026-08-27T08:16:04.115460
TX-A4E46A10,CUST-1202,8681.23,INR,UPI,FAILED,CARD_DECLINED,CLEAR,False,False,0,2026-08-26T19:16:04.125265
TX-10FEF30F,CUST-1277,681.23,INR,NACH,FAILED,CARD_DECLINED,CLEAR,False,False,0,2026-08-27T23:16:04.125265
TX-7C32B736,CUST-1133,681.23,INR,CARD,FAILED,CARD_DECLINED,CLEAR,False,False,0,2026-08-28T10:16:04.125265
TX-B5B53D16,CUST-1129,681.23,INR,NACH,FAILED,CARD_DECLINED,CLEAR,False,False,0,2026-08-28T11:16:04.125265
TX-65747715,CUST-1001,1681.23,INR,CARD,FAILED,CARD_DECLINED,CLEAR,False,False,0,2026-08-26T18:16:04.125265
TX-678E4006,CUST-1169,4681.23,INR,NACH,FAILED,CARD_DECLINED,CLEAR,False,False,0,2026-08-27T00:16:04.125265
TX-35AE9CFC,CUST-1224,8681.23,INR,NACH,FAILED,CARD_DECLINED,CLEAR,False,False,0,2026-08-26T14:16:04.125265
TX-05FE9351,CUST-1197,1681.23,INR,NACH,FAILED,CARD_DECLINED,CLEAR,False,False,0,2026-08-28T05:16:04.125265
TX-91242CB8,CUST-1156,4681.23,INR,NACH,FAILED,CARD_DECLINED,CLEAR,False,False,0,2026-08-28T09:16:04.125265
TX-4DE6E086,CUST-1274,681.23,INR,NETBANKING,FAILED,CARD_DECLINED,CLEAR,False,False,0,2026-08-28T07:16:04.126426
TX-7E310585,CUST-1104,4681.23,INR,UPI,FAILED,CARD_DECLINED,CLEAR,False,False,0,2026-08-27T01:16:04.126426
TX-3FAB6439,CUST-1098,8681.23,INR,NETBANKING,FAILED,CARD_DECLINED,CLEAR,False,False,0,2026-08-26T16:16:04.126426
TX-2F8E00D5,CUST-1184,681.23,INR,NACH,FAILED,CARD_DECLINED,CLEAR,False,False,0,2026-08-28T07:16:04.126426
TX-CD9D01CB,CUST-1098,8681.23,INR,UPI,FAILED,CARD_DECLINED,CLEAR,False,False,0,2026-08-28T10:16:04.126426
TX-56A954D8,CUST-1123,681.23,INR,NACH,FAILED,CARD_DECLINED,CLEAR,False,False,0,2026-08-27T12:16:04.126426
TX-DF009767,CUST-1274,4681.23,INR,NACH,FAILED,CARD_DECLINED,CLEAR,False,False,0,2026-08-28T11:16:04.126426
TX-E9684EFB,CUST-1173,4681.23,INR,CARD,FAILED,CARD_DECLINED,CLEAR,False,False,0,2026-08-27T11:16:04.126426
TX-B820CAEC,CUST-1268,1681.23,INR,NACH,FAILED,CARD_DECLINED,CLEAR,False,False,0,2026-08-26T17:16:04.126426
TX-9F79ADFE,CUST-1297,1681.23,INR,UPI,FAILED,CARD_DECLINED,CLEAR,False,False,0,2026-08-28T08:16:04.126426
TX-4A5AC827,CUST-1010,1681.23,INR,NACH,FAILED,CARD_DECLINED,CLEAR,False,False,0,2026-08-26T21:16:04.126426
TX-579F1DC5,CUST-1067,1681.23,INR,CARD,FAILED,CARD_DECLINED,CLEAR,False,False,0,2026-08-28T01:16:04.126426
TX-1BD4EB3F,CUST-1050,681.23,INR,NACH,FAILED,CARD_DECLINED,CLEAR,False,False,0,2026-08-26T21:16:04.126426
TX-7D4E73A4,CUST-1059,681.23,INR,NACH,FAILED,CARD_DECLINED,CLEAR,False,False,0,2026-08-26T22:16:04.126426
TX-1E2222DC,CUST-1104,1681.23,INR,NACH,FAILED,CARD_DECLINED,CLEAR,False,False,0,2026-08-27T15:16:04.126426
TX-3FB915DD,CUST-1062,8681.23,INR,UPI,FAILED,CARD_DECLINED,CLEAR,False,False,0,2026-08-27T16:16:04.128436
TX-8A689E5D,CUST-1089,681.23,INR,NETBANKING,FAILED,CARD_DECLINED,CLEAR,False,False,0,2026-08-28T08:16:04.128436
TX-99164E87,CUST-1213,4681.23,INR,UPI,FAILED,CARD_DECLINED,CLEAR,False,False,0,2026-08-26T16:16:04.128436
TX-338255F9,CUST-1125,1681.23,INR,CARD,FAILED,CARD_DECLINED,CLEAR,False,False,0,2026-08-28T04:16:04.128436
TX-82BEBD9B,CUST-1009,8681.23,INR,NACH,FAILED,CARD_DECLINED,CLEAR,False,False,0,2026-08-28T07:16:04.128436
TX-A0D0F23D,CUST-1046,681.23,INR,NETBANKING,FAILED,CARD_DECLINED,CLEAR,False,False,0,2026-08-27T10:16:04.128436
TX-3E5BBE4F,CUST-1065,8681.23,INR,UPI,FAILED,CARD_DECLINED,CLEAR,False,False,0,2026-08-28T03:16:04.128436
TX-B906AD2F,CUST-1231,4681.23,INR,NACH,FAILED,CARD_DECLINED,CLEAR,False,False,0,2026-08-27T21:16:04.128436
TX-6EF8D341,CUST-1093,681.23,INR,NACH,FAILED,CARD_DECLINED,CLEAR,False,False,0,2026-08-26T21:16:04.128436
TX-9EA4A491,CUST-1215,4681.23,INR,CARD,FAILED,CARD_DECLINED,CLEAR,False,False,0,2026-08-27T01:16:04.128436
TX-BCDA00EA,CUST-1272,1681.23,INR,CARD,FAILED,CARD_DECLINED,CLEAR,False,False,0,2026-08-26T21:16:04.128436
TX-D12F1611,CUST-1107,1681.23,INR,NETBANKING,FAILED,CARD_DECLINED,CLEAR,False,False,0,2026-08-28T09:16:04.128436
TX-1A29B264,CUST-1243,681.23,INR,NACH,FAILED,CARD_DECLINED,CLEAR,False,False,0,2026-08-28T01:16:04.128436
TX-64312E34,CUST-1187,681.23,INR,NETBANKING,FAILED,CARD_DECLINED,CLEAR,False,False,0,2026-08-27T23:16:04.128436
TX-0DE2A648,CUST-1233,4681.23,INR,CARD,FAILED,CARD_DECLINED,CLEAR,False,False,0,2026-08-28T06:16:04.128436
TX-ACE772D5,CUST-1091,681.23,INR,UPI,FAILED,CARD_DECLINED,CLEAR,False,False,0,2026-08-28T11:16:04.128436
TX-6A95F284,CUST-1121,681.23,INR,NACH,FAILED,CARD_DECLINED,CLEAR,False,False,0,2026-08-26T23:16:04.128436
TX-36BC733C,CUST-1102,4681.23,INR,NETBANKING,FAILED,CARD_DECLINED,CLEAR,False,False,0,2026-08-27T22:16:04.128436
TX-798FB1E8,CUST-1051,4681.23,INR,UPI,FAILED,CARD_DECLINED,CLEAR,False,False,0,2026-08-26T13:16:04.130466
TX-E30CE058,CUST-1113,1681.23,INR,CARD,FAILED,CARD_DECLINED,CLEAR,False,False,0,2026-08-27T06:16:04.130466
TX-370FB704,CUST-1224,8681.23,INR,UPI,FAILED,CARD_DECLINED,CLEAR,False,False,0,2026-08-27T23:16:04.130466
TX-FAA027BB,CUST-1199,8681.23,INR,NETBANKING,FAILED,CARD_DECLINED,CLEAR,False,False,0,2026-08-28T04:16:04.130466
TX-AFB3BA6D,CUST-1184,1681.23,INR,NETBANKING,FAILED,CARD_DECLINED,CLEAR,False,False,0,2026-08-28T00:16:04.130466
TX-674A5A61,CUST-1292,1681.23,INR,CARD,FAILED,CARD_DECLINED,CLEAR,False,False,0,2026-08-27T19:16:04.130466
TX-34A8B307,CUST-1235,681.23,INR,NACH,FAILED,CARD_DECLINED,CLEAR,False,False,0,2026-08-28T02:16:04.130466
TX-C6D7B97E,CUST-1081,1681.23,INR,UPI,FAILED,CARD_DECLINED,CLEAR,False,False,0,2026-08-27T00:16:04.130466
TX-920B4143,CUST-1211,1681.23,INR,NACH,FAILED,CARD_DECLINED,CLEAR,False,False,0,2026-08-27T23:16:04.130466
TX-9BA5AB8F,CUST-1143,8681.23,INR,CARD,FAILED,CARD_DECLINED,CLEAR,False,False,0,2026-08-26T14:16:04.131474
TX-E9F67782,CUST-1168,1681.23,INR,NACH,FAILED,CARD_DECLINED,CLEAR,False,False,0,2026-08-26T23:16:04.131474
TX-AD67C82A,CUST-1003,1681.23,INR,NACH,FAILED,CARD_DECLINED,CLEAR,False,False,0,2026-08-28T10:16:04.131474
TX-8B18C039,CUST-1259,8681.23,INR,CARD,FAILED,CARD_DECLINED,CLEAR,False,False,0,2026-08-27T09:16:04.131474
TX-A28221FF,CUST-1051,8681.23,INR,NACH,FAILED,CARD_DECLINED,CLEAR,False,False,0,2026-08-27T05:16:04.131474
TX-752A6C88,CUST-1007,681.23,INR,NACH,FAILED,CARD_DECLINED,CLEAR,False,False,0,2026-08-27T23:16:04.131474
TX-2033EDA2,CUST-1123,4681.23,INR,CARD,FAILED,CARD_DECLINED,CLEAR,False,False,0,2026-08-28T11:16:04.131474
TX-B5C104E4,CUST-1236,4681.23,INR,CARD,FAILED,CARD_DECLINED,CLEAR,False,False,0,2026-08-27T07:16:04.131474
TX-A199FB86,CUST-1208,1681.23,INR,UPI,FAILED,CARD_DECLINED,CLEAR,False,False,0,2026-08-27T13:16:04.131474
TX-21A27192,CUST-1001,8681.23,INR,CARD,FAILED,CARD_DECLINED,CLEAR,False,False,0,2026-08-27T12:16:04.131474
TX-FC58E43F,CUST-1017,4681.23,INR,NETBANKING,FAILED,CARD_DECLINED,CLEAR,False,False,0,2026-08-27T09:16:04.131474
TX-24ED0028,CUST-1042,1681.23,INR,NETBANKING,FAILED,CARD_DECLINED,CLEAR,False,False,0,2026-08-26T13:16:04.131474
TX-3FB081F6,CUST-1057,4681.23,INR,NACH,FAILED,CARD_DECLINED,CLEAR,False,False,0,2026-08-27T13:16:04.131474
TX-C5EE839F,CUST-1188,681.23,INR,UPI,FAILED,CARD_DECLINED,CLEAR,False,False,0,2026-08-26T19:16:04.131474
TX-9576CB57,CUST-1105,681.23,INR,UPI,FAILED,CARD_DECLINED,CLEAR,False,False,0,2026-08-27T15:16:04.131474
TX-FD364576,CUST-1245,681.23,INR,UPI,FAILED,CARD_DECLINED,CLEAR,False,False,0,2026-08-26T13:16:04.131474
TX-4F573488,CUST-1137,4681.23,INR,NACH,FAILED,CARD_DECLINED,CLEAR,False,False,0,2026-08-27T19:16:04.131474
TX-E1BADD8A,CUST-1177,681.23,INR,NACH,FAILED,CARD_DECLINED,CLEAR,False,False,0,2026-08-27T05:16:04.131474
TX-EE4FDA5A,CUST-1273,681.23,INR,NETBANKING,FAILED,CARD_DECLINED,CLEAR,False,False,0,2026-08-27T08:16:04.131474
TX-DBC49A4F,CUST-1034,4681.23,INR,UPI,FAILED,CARD_DECLINED,CLEAR,False,False,0,2026-08-27T07:16:04.131474
TX-07B2D8FF,CUST-1092,681.23,INR,NETBANKING,FAILED,CARD_DECLINED,CLEAR,False,False,0,2026-08-28T08:16:04.131474
TX-38B6102B,CUST-1058,1681.23,INR,UPI,FAILED,CARD_DECLINED,CLEAR,False,False,0,2026-08-27T05:16:04.131474
TX-2D1DE55F,CUST-1012,1681.23,INR,NETBANKING,FAILED,CARD_DECLINED,CLEAR,False,False,0,2026-08-27T10:16:04.131474
TX-451826AA,CUST-1178,1681.23,INR,NACH,FAILED,CARD_DECLINED,CLEAR,False,False,0,2026-08-27T08:16:04.131474
TX-56669257,CUST-1097,681.23,INR,CARD,FAILED,CARD_DECLINED,CLEAR,False,False,0,2026-08-28T11:16:04.131474
TX-062583D8,CUST-1297,4681.23,INR,NETBANKING,FAILED,CARD_DECLINED,CLEAR,False,False,0,2026-08-26T19:16:04.131474
TX-1A5E61C9,CUST-1272,4681.23,INR,NACH,FAILED,CARD_DECLINED,CLEAR,False,False,0,2026-08-27T07:16:04.131474
TX-1701E967,CUST-1088,1681.23,INR,NETBANKING,FAILED,CARD_DECLINED,CLEAR,False,False,0,2026-08-27T22:16:04.131474
TX-16F0257A,CUST-1025,4681.23,INR,UPI,FAILED,CARD_DECLINED,CLEAR,False,False,0,2026-08-27T14:16:04.131474
TX-E901B2AB,CUST-1083,8681.23,INR,NETBANKING,FAILED,CARD_DECLINED,CLEAR,False,False,0,2026-08-28T01:16:04.135327
TX-93AE5307,CUST-1122,1681.23,INR,CARD,FAILED,CARD_DECLINED,CLEAR,False,False,0,2026-08-28T10:16:04.135327
TX-7B90F066,CUST-1134,1681.23,INR,NETBANKING,FAILED,CARD_DECLINED,CLEAR,False,False,0,2026-08-28T01:16:04.135327
TX-4DD6D4F9,CUST-1163,681.23,INR,NETBANKING,FAILED,CARD_DECLINED,CLEAR,False,False,0,2026-08-28T03:16:04.135327
TX-712643E8,CUST-1084,8681.23,INR,NETBANKING,FAILED,CARD_DECLINED,CLEAR,False,False,0,2026-08-28T05:16:04.135327
TX-825F80F5,CUST-1075,8681.23,INR,NACH,FAILED,CARD_DECLINED,CLEAR,False,False,0,2026-08-27T16:16:04.135327
TX-B8A7CD21,CUST-1280,681.23,INR,NETBANKING,FAILED,CARD_DECLINED,CLEAR,False,False,0,2026-08-26T19:16:04.135327
TX-DA6382DB,CUST-1149,4681.23,INR,UPI,FAILED,CARD_DECLINED,CLEAR,False,False,0,2026-08-27T00:16:04.135327
TX-E82220B5,CUST-1058,8681.23,INR,NACH,FAILED,CARD_DECLINED,CLEAR,False,False,0,2026-08-28T10:16:04.135327
TX-C0B3A4F4,CUST-1013,681.23,INR,NACH,FAILED,CARD_DECLINED,CLEAR,False,False,0,2026-08-26T21:16:04.135327
TX-203BD02E,CUST-1048,8681.23,INR,NETBANKING,FAILED,CARD_DECLINED,CLEAR,False,False,0,2026-08-28T09:16:04.135327
TX-A4FB29E0,CUST-1270,1681.23,INR,UPI,FAILED,CARD_DECLINED,CLEAR,False,False,0,2026-08-27T19:16:04.135327
TX-4A0D3751,CUST-1276,681.23,INR,NACH,FAILED,CARD_DECLINED,CLEAR,False,False,0,2026-08-26T17:16:04.135327
TX-13A70BB6,CUST-1202,681.23,INR,UPI,FAILED,CARD_DECLINED,CLEAR,False,False,0,2026-08-27T05:16:04.135327
TX-8E08A3C0,CUST-1185,681.23,INR,NACH,FAILED,CARD_DECLINED,CLEAR,False,False,0,2026-08-28T03:16:04.135327
TX-06CE453C,CUST-1198,8681.23,INR,NETBANKING,FAILED,CARD_DECLINED,CLEAR,False,False,0,2026-08-28T12:16:04.135327
TX-5DB7FB38,CUST-1158,4681.23,INR,NACH,FAILED,CARD_DECLINED,CLEAR,False,False,0,2026-08-27T01:16:04.135327
TX-8AA93DCA,CUST-1228,1681.23,INR,NACH,FAILED,CARD_DECLINED,CLEAR,False,False,0,2026-08-27T08:16:04.135327
TX-4DB07E71,CUST-1218,1681.23,INR,NACH,FAILED,CARD_DECLINED,CLEAR,False,False,0,2026-08-28T04:16:04.135327
TX-CF73F8AA,CUST-1107,681.23,INR,NETBANKING,FAILED,CARD_DECLINED,CLEAR,False,False,0,2026-08-27T06:16:04.135327
TX-7EFCE3A2,CUST-1193,4681.23,INR,CARD,FAILED,CARD_DECLINED,CLEAR,False,False,0,2026-08-28T12:16:04.135327
TX-544B1AD3,CUST-1090,4681.23,INR,NACH,FAILED,CARD_DECLINED,CLEAR,False,False,0,2026-08-26T15:16:04.135327
TX-FE0445A6,CUST-1096,1681.23,INR,NACH,FAILED,CARD_DECLINED,CLEAR,False,False,0,2026-08-27T18:16:04.135327
TX-61C5A9CB,CUST-1155,8681.23,INR,NETBANKING,FAILED,CARD_DECLINED,CLEAR,False,False,0,2026-08-27T05:16:04.135327
TX-B1FA791C,CUST-1014,8681.23,INR,CARD,FAILED,CARD_DECLINED,CLEAR,False,False,0,2026-08-28T03:16:04.135327
TX-1E573338,CUST-1242,4681.23,INR,CARD,FAILED,CARD_DECLINED,CLEAR,False,False,0,2026-08-26T19:16:04.135327
TX-DBFA6C6B,CUST-1092,4681.23,INR,NACH,FAILED,CARD_DECLINED,CLEAR,False,False,0,2026-08-26T16:16:04.135327
TX-06CF9C70,CUST-1062,1681.23,INR,NETBANKING,FAILED,CARD_DECLINED,CLEAR,False,False,0,2026-08-27T05:16:04.135327
TX-07CFE3FB,CUST-1247,4681.23,INR,NACH,FAILED,CARD_DECLINED,CLEAR,False,False,0,2026-08-27T20:16:04.135327
TX-3CAAF8B1,CUST-1062,11682.23,INR,NETBANKING,FAILED,OVERDUE_PAYMENT_PROMISE,CLEAR,False,False,0,2026-08-27T04:16:04.135327
TX-37AEB886,CUST-1084,3182.23,INR,CARD,FAILED,OVERDUE_PAYMENT_PROMISE,CLEAR,False,False,0,2026-08-28T03:16:04.135327
TX-2F940EA1,CUST-1070,11682.23,INR,NETBANKING,FAILED,OVERDUE_PAYMENT_PROMISE,CLEAR,False,False,0,2026-08-28T02:16:04.135327
TX-8AB00C2B,CUST-1215,6182.23,INR,NETBANKING,FAILED,OVERDUE_PAYMENT_PROMISE,CLEAR,False,False,0,2026-08-28T09:16:04.135327
TX-7B5D0B7E,CUST-1040,6182.23,INR,UPI,FAILED,OVERDUE_PAYMENT_PROMISE,CLEAR,False,False,0,2026-08-26T20:16:04.135327
TX-F602729C,CUST-1086,3182.23,INR,NETBANKING,FAILED,OVERDUE_PAYMENT_PROMISE,CLEAR,False,False,0,2026-08-27T16:16:04.140441
TX-A9B15696,CUST-1186,6182.23,INR,CARD,FAILED,OVERDUE_PAYMENT_PROMISE,CLEAR,False,False,0,2026-08-27T02:16:04.140441
TX-4373A8B5,CUST-1007,6182.23,INR,UPI,FAILED,OVERDUE_PAYMENT_PROMISE,CLEAR,False,False,0,2026-08-27T03:16:04.140441
TX-C055F1C6,CUST-1211,6182.23,INR,NETBANKING,FAILED,OVERDUE_PAYMENT_PROMISE,CLEAR,False,False,0,2026-08-28T02:16:04.140441
TX-1CFB8630,CUST-1258,4482.23,INR,UPI,FAILED,OVERDUE_PAYMENT_PROMISE,CLEAR,False,False,0,2026-08-28T00:16:04.140441
TX-A9AC3927,CUST-1236,3182.23,INR,CARD,FAILED,OVERDUE_PAYMENT_PROMISE,CLEAR,False,False,0,2026-08-28T05:16:04.140441
TX-726D02EA,CUST-1179,3182.23,INR,NETBANKING,FAILED,OVERDUE_PAYMENT_PROMISE,CLEAR,False,False,0,2026-08-26T16:16:04.140441
TX-73FB9614,CUST-1268,4482.23,INR,NETBANKING,FAILED,OVERDUE_PAYMENT_PROMISE,CLEAR,False,False,0,2026-08-28T01:16:04.140441
TX-6FC5D9C1,CUST-1061,6182.23,INR,UPI,FAILED,OVERDUE_PAYMENT_PROMISE,CLEAR,False,False,0,2026-08-28T04:16:04.140441
TX-896861A4,CUST-1117,4482.23,INR,NETBANKING,FAILED,OVERDUE_PAYMENT_PROMISE,CLEAR,False,False,0,2026-08-28T04:16:04.140441
TX-7B99F8AE,CUST-1218,4482.23,INR,CARD,FAILED,OVERDUE_PAYMENT_PROMISE,CLEAR,False,False,0,2026-08-28T08:16:04.140441
TX-70157DF7,CUST-1022,11682.23,INR,UPI,FAILED,OVERDUE_PAYMENT_PROMISE,CLEAR,False,False,0,2026-08-28T06:16:04.140441
TX-04FF2B48,CUST-1061,3182.23,INR,NETBANKING,FAILED,OVERDUE_PAYMENT_PROMISE,CLEAR,False,False,0,2026-08-28T10:16:04.140441
TX-8582BFA3,CUST-1006,6182.23,INR,CARD,FAILED,OVERDUE_PAYMENT_PROMISE,CLEAR,False,False,0,2026-08-28T05:16:04.140441
TX-0FBCEA0A,CUST-1103,4482.23,INR,UPI,FAILED,OVERDUE_PAYMENT_PROMISE,CLEAR,False,False,0,2026-08-26T18:16:04.140441
TX-A8DCFACD,CUST-1075,3182.23,INR,NETBANKING,FAILED,OVERDUE_PAYMENT_PROMISE,CLEAR,False,False,0,2026-08-26T23:16:04.140441
TX-FC8BF889,CUST-1257,6182.23,INR,UPI,FAILED,OVERDUE_PAYMENT_PROMISE,CLEAR,False,False,0,2026-08-27T04:16:04.140441
TX-D5FACDA9,CUST-1297,3182.23,INR,CARD,FAILED,OVERDUE_PAYMENT_PROMISE,CLEAR,False,False,0,2026-08-27T03:16:04.140441
TX-E2B74128,CUST-1088,4482.23,INR,CARD,FAILED,OVERDUE_PAYMENT_PROMISE,CLEAR,False,False,0,2026-08-26T14:16:04.140441
TX-2B588ABE,CUST-1244,4482.23,INR,NETBANKING,FAILED,OVERDUE_PAYMENT_PROMISE,CLEAR,False,False,0,2026-08-26T16:16:04.140441
TX-1F15F066,CUST-1055,4482.23,INR,UPI,FAILED,OVERDUE_PAYMENT_PROMISE,CLEAR,False,False,0,2026-08-27T14:16:04.140441
TX-D3BD72BC,CUST-1264,11682.23,INR,UPI,FAILED,OVERDUE_PAYMENT_PROMISE,CLEAR,False,False,0,2026-08-27T10:16:04.140441
TX-E5693165,CUST-1239,6182.23,INR,CARD,FAILED,OVERDUE_PAYMENT_PROMISE,CLEAR,False,False,0,2026-08-27T03:16:04.140441
TX-B7C4784E,CUST-1148,11682.23,INR,CARD,FAILED,OVERDUE_PAYMENT_PROMISE,CLEAR,False,False,0,2026-08-28T07:16:04.140441
TX-7A56385A,CUST-1198,11682.23,INR,NETBANKING,FAILED,OVERDUE_PAYMENT_PROMISE,CLEAR,False,False,0,2026-08-27T07:16:04.140441
TX-9402A6EF,CUST-1228,6182.23,INR,UPI,FAILED,OVERDUE_PAYMENT_PROMISE,CLEAR,False,False,0,2026-08-27T01:16:04.140441
TX-EBAC270A,CUST-1097,6182.23,INR,CARD,FAILED,OVERDUE_PAYMENT_PROMISE,CLEAR,False,False,0,2026-08-27T06:16:04.140441
TX-B4C812F8,CUST-1007,6182.23,INR,NACH,FAILED,OVERDUE_PAYMENT_PROMISE,CLEAR,False,False,0,2026-08-26T17:16:04.140441
TX-D50073B3,CUST-1268,11682.23,INR,CARD,FAILED,OVERDUE_PAYMENT_PROMISE,CLEAR,False,False,0,2026-08-28T05:16:04.140441
TX-B27EEBF9,CUST-1053,11682.23,INR,UPI,FAILED,OVERDUE_PAYMENT_PROMISE,CLEAR,False,False,0,2026-08-28T08:16:04.140441
TX-82E8F0A5,CUST-1103,4482.23,INR,NACH,FAILED,OVERDUE_PAYMENT_PROMISE,CLEAR,False,False,0,2026-08-28T05:16:04.140441
TX-DE0DFDE1,CUST-1143,11682.23,INR,NETBANKING,FAILED,OVERDUE_PAYMENT_PROMISE,CLEAR,False,False,0,2026-08-26T19:16:04.140441
TX-7E89671E,CUST-1208,6182.23,INR,NACH,FAILED,OVERDUE_PAYMENT_PROMISE,CLEAR,False,False,0,2026-08-27T04:16:04.140441
TX-55B9766C,CUST-1056,4482.23,INR,CARD,FAILED,OVERDUE_PAYMENT_PROMISE,CLEAR,False,False,0,2026-08-27T20:16:04.140441
TX-41941D82,CUST-1069,11682.23,INR,CARD,FAILED,OVERDUE_PAYMENT_PROMISE,CLEAR,False,False,0,2026-08-28T06:16:04.140441
TX-C9E76AC2,CUST-1256,3182.23,INR,CARD,FAILED,OVERDUE_PAYMENT_PROMISE,CLEAR,False,False,0,2026-08-28T01:16:04.144967
TX-C6733F6A,CUST-1156,6182.23,INR,CARD,FAILED,OVERDUE_PAYMENT_PROMISE,CLEAR,False,False,0,2026-08-28T08:16:04.144967
TX-144FD649,CUST-1104,11682.23,INR,NETBANKING,FAILED,OVERDUE_PAYMENT_PROMISE,CLEAR,False,False,0,2026-08-26T18:16:04.144967
TX-BD29341E,CUST-1134,11682.23,INR,NETBANKING,FAILED,OVERDUE_PAYMENT_PROMISE,CLEAR,False,False,0,2026-08-27T02:16:04.144967
TX-A7E14A84,CUST-1221,3182.23,INR,CARD,FAILED,OVERDUE_PAYMENT_PROMISE,CLEAR,False,False,0,2026-08-27T12:16:04.144967
TX-B3190F99,CUST-1227,6182.23,INR,NACH,FAILED,OVERDUE_PAYMENT_PROMISE,CLEAR,False,False,0,2026-08-28T10:16:04.144967
TX-CCD0908C,CUST-1156,4482.23,INR,UPI,FAILED,OVERDUE_PAYMENT_PROMISE,CLEAR,False,False,0,2026-08-27T05:16:04.144967
TX-9294A8EF,CUST-1200,4482.23,INR,NACH,FAILED,OVERDUE_PAYMENT_PROMISE,CLEAR,False,False,0,2026-08-28T05:16:04.144967
TX-224A33A3,CUST-1284,11682.23,INR,NACH,FAILED,OVERDUE_PAYMENT_PROMISE,CLEAR,False,False,0,2026-08-27T06:16:04.144967
TX-CEEF25FE,CUST-1029,4482.23,INR,NACH,FAILED,OVERDUE_PAYMENT_PROMISE,CLEAR,False,False,0,2026-08-27T20:16:04.146521
TX-798835BE,CUST-1181,11682.23,INR,NETBANKING,FAILED,OVERDUE_PAYMENT_PROMISE,CLEAR,False,False,0,2026-08-27T16:16:04.146521
TX-7F1B8F06,CUST-1024,3182.23,INR,UPI,FAILED,OVERDUE_PAYMENT_PROMISE,CLEAR,False,False,0,2026-08-27T13:16:04.146521
TX-66342D2D,CUST-1175,3182.23,INR,NACH,FAILED,OVERDUE_PAYMENT_PROMISE,CLEAR,False,False,0,2026-08-28T06:16:04.146521
TX-243FE3AE,CUST-1211,6182.23,INR,NETBANKING,FAILED,OVERDUE_PAYMENT_PROMISE,CLEAR,False,False,0,2026-08-28T09:16:04.146521
TX-1E5E8996,CUST-1121,4482.23,INR,NETBANKING,FAILED,OVERDUE_PAYMENT_PROMISE,CLEAR,False,False,0,2026-08-26T23:16:04.146521
TX-3B305585,CUST-1059,3182.23,INR,NETBANKING,FAILED,OVERDUE_PAYMENT_PROMISE,CLEAR,False,False,0,2026-08-28T02:16:04.146521
TX-117C6BD4,CUST-1236,6182.23,INR,NACH,FAILED,OVERDUE_PAYMENT_PROMISE,CLEAR,False,False,0,2026-08-27T00:16:04.146521
TX-2282055C,CUST-1011,11682.23,INR,NACH,FAILED,OVERDUE_PAYMENT_PROMISE,CLEAR,False,False,0,2026-08-26T23:16:04.147539
TX-12B32761,CUST-1293,6182.23,INR,NACH,FAILED,OVERDUE_PAYMENT_PROMISE,CLEAR,False,False,0,2026-08-27T16:16:04.147539
TX-F8BB5A73,CUST-1052,3182.23,INR,UPI,FAILED,OVERDUE_PAYMENT_PROMISE,CLEAR,False,False,0,2026-08-27T15:16:04.147539
TX-B7CE0380,CUST-1154,6182.23,INR,NETBANKING,FAILED,OVERDUE_PAYMENT_PROMISE,CLEAR,False,False,0,2026-08-27T09:16:04.148558
TX-BD538128,CUST-1039,11682.23,INR,UPI,FAILED,OVERDUE_PAYMENT_PROMISE,CLEAR,False,False,0,2026-08-27T18:16:04.148558
TX-582D917E,CUST-1294,3182.23,INR,NACH,FAILED,OVERDUE_PAYMENT_PROMISE,CLEAR,False,False,0,2026-08-27T22:16:04.148558
TX-0DAE8564,CUST-1297,3182.23,INR,CARD,FAILED,OVERDUE_PAYMENT_PROMISE,CLEAR,False,False,0,2026-08-26T23:16:04.148558
TX-EBBD8EAA,CUST-1291,6182.23,INR,NACH,FAILED,OVERDUE_PAYMENT_PROMISE,CLEAR,False,False,0,2026-08-27T09:16:04.148558
TX-947A5D2E,CUST-1155,6182.23,INR,NETBANKING,FAILED,OVERDUE_PAYMENT_PROMISE,CLEAR,False,False,0,2026-08-27T09:16:04.148558
TX-9CDB59ED,CUST-1213,6182.23,INR,NACH,FAILED,OVERDUE_PAYMENT_PROMISE,CLEAR,False,False,0,2026-08-27T20:16:04.148558
TX-6F100B70,CUST-1281,11682.23,INR,UPI,FAILED,OVERDUE_PAYMENT_PROMISE,CLEAR,False,False,0,2026-08-28T11:16:04.148558
TX-6871DE3A,CUST-1256,4482.23,INR,UPI,FAILED,OVERDUE_PAYMENT_PROMISE,CLEAR,False,False,0,2026-08-26T18:16:04.148558
TX-FE54308B,CUST-1273,11682.23,INR,NACH,FAILED,OVERDUE_PAYMENT_PROMISE,CLEAR,False,False,0,2026-08-27T00:16:04.148558
TX-5F0446B8,CUST-1103,3182.23,INR,NETBANKING,FAILED,OVERDUE_PAYMENT_PROMISE,CLEAR,False,False,0,2026-08-27T07:16:04.148558
TX-9BB893FF,CUST-1154,4482.23,INR,NACH,FAILED,OVERDUE_PAYMENT_PROMISE,CLEAR,False,False,0,2026-08-27T10:16:04.148558
TX-57242BE7,CUST-1105,3182.23,INR,NACH,FAILED,OVERDUE_PAYMENT_PROMISE,CLEAR,False,False,0,2026-08-27T19:16:04.148558
TX-F981A2B4,CUST-1121,4482.23,INR,NACH,FAILED,OVERDUE_PAYMENT_PROMISE,CLEAR,False,False,0,2026-08-27T21:16:04.148558
TX-656D334C,CUST-1015,4482.23,INR,UPI,FAILED,OVERDUE_PAYMENT_PROMISE,CLEAR,False,False,0,2026-08-27T17:16:04.148558
TX-C9440A8D,CUST-1224,11682.23,INR,NACH,FAILED,OVERDUE_PAYMENT_PROMISE,CLEAR,False,False,0,2026-08-26T19:16:04.148558
TX-82E135A8,CUST-1140,4482.23,INR,UPI,FAILED,OVERDUE_PAYMENT_PROMISE,CLEAR,False,False,0,2026-08-28T11:16:04.148558
TX-876A4C41,CUST-1282,6182.23,INR,UPI,FAILED,OVERDUE_PAYMENT_PROMISE,CLEAR,False,False,0,2026-08-26T19:16:04.148558
TX-5C7B5CF2,CUST-1029,11682.23,INR,CARD,FAILED,OVERDUE_PAYMENT_PROMISE,CLEAR,False,False,0,2026-08-27T16:16:04.148558
TX-0869E707,CUST-1209,6182.23,INR,NETBANKING,FAILED,OVERDUE_PAYMENT_PROMISE,CLEAR,False,False,0,2026-08-26T18:16:04.148558
TX-06CAAC1F,CUST-1072,3182.23,INR,UPI,FAILED,OVERDUE_PAYMENT_PROMISE,CLEAR,False,False,0,2026-08-28T05:16:04.148558
TX-E2DA8230,CUST-1298,3182.23,INR,NETBANKING,FAILED,OVERDUE_PAYMENT_PROMISE,CLEAR,False,False,0,2026-08-27T05:16:04.148558
TX-30CEA6C2,CUST-1063,4482.23,INR,NETBANKING,FAILED,OVERDUE_PAYMENT_PROMISE,CLEAR,False,False,0,2026-08-27T15:16:04.148558
TX-594AB218,CUST-1217,11682.23,INR,UPI,FAILED,OVERDUE_PAYMENT_PROMISE,CLEAR,False,False,0,2026-08-28T03:16:04.148558
TX-47FDBCFB,CUST-1141,4482.23,INR,NACH,FAILED,OVERDUE_PAYMENT_PROMISE,CLEAR,False,False,0,2026-08-27T10:16:04.148558
TX-81D0DAFE,CUST-1274,3182.23,INR,NETBANKING,FAILED,OVERDUE_PAYMENT_PROMISE,CLEAR,False,False,0,2026-08-26T16:16:04.148558
TX-0A7F3729,CUST-1217,6182.23,INR,NACH,FAILED,OVERDUE_PAYMENT_PROMISE,CLEAR,False,False,0,2026-08-26T17:16:04.148558
TX-BA08A140,CUST-1186,6182.23,INR,NACH,FAILED,OVERDUE_PAYMENT_PROMISE,CLEAR,False,False,0,2026-08-26T15:16:04.148558
TX-0D09114A,CUST-1018,6182.23,INR,CARD,FAILED,OVERDUE_PAYMENT_PROMISE,CLEAR,False,False,0,2026-08-26T16:16:04.148558
TX-3D23D947,CUST-1283,4482.23,INR,NACH,FAILED,OVERDUE_PAYMENT_PROMISE,CLEAR,False,False,0,2026-08-27T17:16:04.148558
TX-E4E40D9C,CUST-1063,6182.23,INR,UPI,FAILED,OVERDUE_PAYMENT_PROMISE,CLEAR,False,False,0,2026-08-27T08:16:04.148558
TX-5D5BC226,CUST-1131,3182.23,INR,NETBANKING,FAILED,OVERDUE_PAYMENT_PROMISE,CLEAR,False,False,0,2026-08-28T07:16:04.148558
TX-E75F60D1,CUST-1083,6182.23,INR,NACH,FAILED,OVERDUE_PAYMENT_PROMISE,CLEAR,False,False,0,2026-08-26T20:16:04.148558
TX-F616A6A8,CUST-1141,11682.23,INR,CARD,FAILED,OVERDUE_PAYMENT_PROMISE,CLEAR,False,False,0,2026-08-27T05:16:04.148558
TX-34EAF4A4,CUST-1217,11682.23,INR,CARD,FAILED,OVERDUE_PAYMENT_PROMISE,CLEAR,False,False,0,2026-08-28T02:16:04.153348
TX-6EDFD7EC,CUST-1034,6182.23,INR,NETBANKING,FAILED,OVERDUE_PAYMENT_PROMISE,CLEAR,False,False,0,2026-08-27T10:16:04.153348
TX-3D88B204,CUST-1015,6182.23,INR,CARD,FAILED,OVERDUE_PAYMENT_PROMISE,CLEAR,False,False,0,2026-08-26T19:16:04.153348
TX-6C7F2676,CUST-1228,4482.23,INR,UPI,FAILED,OVERDUE_PAYMENT_PROMISE,CLEAR,False,False,0,2026-08-28T12:16:04.153348
TX-A2AB7C93,CUST-1157,4482.23,INR,NETBANKING,FAILED,OVERDUE_PAYMENT_PROMISE,CLEAR,False,False,0,2026-08-27T00:16:04.153348
TX-38FE1FA6,CUST-1128,3182.23,INR,UPI,FAILED,OVERDUE_PAYMENT_PROMISE,CLEAR,False,False,0,2026-08-26T22:16:04.154416
TX-D6A39211,CUST-1232,11682.23,INR,NACH,FAILED,OVERDUE_PAYMENT_PROMISE,CLEAR,False,False,0,2026-08-26T13:16:04.154949
TX-68681D8C,CUST-1168,6182.23,INR,NETBANKING,FAILED,OVERDUE_PAYMENT_PROMISE,CLEAR,False,False,0,2026-08-28T00:16:04.154949
TX-5A1820D4,CUST-1094,11682.23,INR,NACH,FAILED,OVERDUE_PAYMENT_PROMISE,CLEAR,False,False,0,2026-08-27T12:16:04.154949
TX-0D0EC6EB,CUST-1012,4482.23,INR,UPI,FAILED,OVERDUE_PAYMENT_PROMISE,CLEAR,False,False,0,2026-08-28T07:16:04.154949
TX-E35E591E,CUST-1087,4482.23,INR,CARD,FAILED,OVERDUE_PAYMENT_PROMISE,CLEAR,False,False,0,2026-08-27T11:16:04.154949
TX-1F7F14FF,CUST-1134,11682.23,INR,UPI,FAILED,OVERDUE_PAYMENT_PROMISE,CLEAR,False,False,0,2026-08-28T07:16:04.154949
TX-CCAAE373,CUST-1061,4482.23,INR,CARD,FAILED,OVERDUE_PAYMENT_PROMISE,CLEAR,False,False,0,2026-08-26T15:16:04.154949
TX-E011BA0B,CUST-1254,11682.23,INR,CARD,FAILED,OVERDUE_PAYMENT_PROMISE,CLEAR,False,False,0,2026-08-27T22:16:04.154949
TX-89632493,CUST-1137,4482.23,INR,NETBANKING,FAILED,OVERDUE_PAYMENT_PROMISE,CLEAR,False,False,0,2026-08-26T13:16:04.154949
TX-E8CB6053,CUST-1221,11682.23,INR,UPI,FAILED,OVERDUE_PAYMENT_PROMISE,CLEAR,False,False,0,2026-08-26T22:16:04.154949
TX-44D2F8C6,CUST-1097,6182.23,INR,NACH,FAILED,OVERDUE_PAYMENT_PROMISE,CLEAR,False,False,0,2026-08-28T01:16:04.154949
TX-FB02FA3D,CUST-1149,4482.23,INR,NETBANKING,FAILED,OVERDUE_PAYMENT_PROMISE,CLEAR,False,False,0,2026-08-27T21:16:04.154949
TX-05C97D69,CUST-1190,11682.23,INR,NACH,FAILED,OVERDUE_PAYMENT_PROMISE,CLEAR,False,False,0,2026-08-28T07:16:04.157121
TX-C962C8C6,CUST-1166,11682.23,INR,NACH,FAILED,OVERDUE_PAYMENT_PROMISE,CLEAR,False,False,0,2026-08-26T17:16:04.157121
TX-4615A372,CUST-1217,11682.23,INR,NETBANKING,FAILED,OVERDUE_PAYMENT_PROMISE,CLEAR,False,False,0,2026-08-28T08:16:04.157121
TX-61C092E7,CUST-1171,3182.23,INR,UPI,FAILED,OVERDUE_PAYMENT_PROMISE,CLEAR,False,False,0,2026-08-27T06:16:04.157121
TX-111A10F2,CUST-1130,3182.23,INR,NACH,FAILED,OVERDUE_PAYMENT_PROMISE,CLEAR,False,False,0,2026-08-27T17:16:04.157121
TX-A1CEDD86,CUST-1287,6182.23,INR,CARD,FAILED,OVERDUE_PAYMENT_PROMISE,CLEAR,False,False,0,2026-08-26T23:16:04.157121
TX-C6B25D73,CUST-1258,6182.23,INR,NACH,FAILED,OVERDUE_PAYMENT_PROMISE,CLEAR,False,False,0,2026-08-27T15:16:04.157121
TX-E127B49C,CUST-1163,4482.23,INR,NACH,FAILED,OVERDUE_PAYMENT_PROMISE,CLEAR,False,False,0,2026-08-28T03:16:04.157121
TX-810E0102,CUST-1023,3182.23,INR,UPI,FAILED,OVERDUE_PAYMENT_PROMISE,CLEAR,False,False,0,2026-08-27T05:16:04.157121
TX-3FC3E0AC,CUST-1145,6182.23,INR,NETBANKING,FAILED,OVERDUE_PAYMENT_PROMISE,CLEAR,False,False,0,2026-08-26T21:16:04.157121
TX-1AA18882,CUST-1085,6182.23,INR,NETBANKING,FAILED,OVERDUE_PAYMENT_PROMISE,CLEAR,False,False,0,2026-08-26T13:16:04.157121
TX-214A1446,CUST-1226,4482.23,INR,CARD,FAILED,OVERDUE_PAYMENT_PROMISE,CLEAR,False,False,0,2026-08-28T00:16:04.157121
TX-F0E6831A,CUST-1094,3182.23,INR,CARD,FAILED,OVERDUE_PAYMENT_PROMISE,CLEAR,False,False,0,2026-08-27T06:16:04.157121
TX-053ABB56,CUST-1240,4482.23,INR,NACH,FAILED,OVERDUE_PAYMENT_PROMISE,CLEAR,False,False,0,2026-08-28T05:16:04.157121
TX-7DB6F158,CUST-1183,3182.23,INR,NACH,FAILED,OVERDUE_PAYMENT_PROMISE,CLEAR,False,False,0,2026-08-27T07:16:04.157121
TX-7DFB9C7F,CUST-1064,3182.23,INR,NETBANKING,FAILED,OVERDUE_PAYMENT_PROMISE,CLEAR,False,False,0,2026-08-28T07:16:04.157121
TX-8F1F98A8,CUST-1087,6182.23,INR,NETBANKING,FAILED,OVERDUE_PAYMENT_PROMISE,CLEAR,False,False,0,2026-08-27T00:16:04.157121
TX-0D38467C,CUST-1003,4482.23,INR,UPI,FAILED,OVERDUE_PAYMENT_PROMISE,CLEAR,False,False,0,2026-08-27T10:16:04.157121
TX-B8BB86C5,CUST-1049,4482.23,INR,NETBANKING,FAILED,OVERDUE_PAYMENT_PROMISE,CLEAR,False,False,0,2026-08-28T11:16:04.157121
TX-A0D497B2,CUST-1192,3182.23,INR,CARD,FAILED,OVERDUE_PAYMENT_PROMISE,CLEAR,False,False,0,2026-08-27T16:16:04.157121
TX-BC20110E,CUST-1236,3182.23,INR,NACH,FAILED,OVERDUE_PAYMENT_PROMISE,CLEAR,False,False,0,2026-08-27T07:16:04.157121
TX-3861385C,CUST-1003,6182.23,INR,NETBANKING,FAILED,OVERDUE_PAYMENT_PROMISE,CLEAR,False,False,0,2026-08-28T10:16:04.157121
TX-CEF90E14,CUST-1292,11682.23,INR,UPI,FAILED,OVERDUE_PAYMENT_PROMISE,CLEAR,False,False,0,2026-08-27T23:16:04.157121
TX-911FFCC5,CUST-1029,6182.23,INR,CARD,FAILED,OVERDUE_PAYMENT_PROMISE,CLEAR,False,False,0,2026-08-27T01:16:04.157121
TX-6E013303,CUST-1205,11682.23,INR,NETBANKING,FAILED,OVERDUE_PAYMENT_PROMISE,CLEAR,False,False,0,2026-08-28T01:16:04.160473
TX-1D0559E3,CUST-1011,11682.23,INR,UPI,FAILED,OVERDUE_PAYMENT_PROMISE,CLEAR,False,False,0,2026-08-28T02:16:04.160473
TX-F2EF8B4B,CUST-1079,11682.23,INR,CARD,FAILED,OVERDUE_PAYMENT_PROMISE,CLEAR,False,False,0,2026-08-27T17:16:04.160473
TX-167BF093,CUST-1068,11682.23,INR,NETBANKING,FAILED,OVERDUE_PAYMENT_PROMISE,CLEAR,False,False,0,2026-08-26T18:16:04.160473
TX-1768EE95,CUST-1103,6182.23,INR,NACH,FAILED,OVERDUE_PAYMENT_PROMISE,CLEAR,False,False,0,2026-08-27T08:16:04.160473
TX-725EE838,CUST-1289,11682.23,INR,NACH,FAILED,OVERDUE_PAYMENT_PROMISE,CLEAR,False,False,0,2026-08-28T07:16:04.160473
TX-B3ADAD79,CUST-1096,6182.23,INR,NACH,FAILED,OVERDUE_PAYMENT_PROMISE,CLEAR,False,False,0,2026-08-26T20:16:04.160473
TX-4D816E99,CUST-1263,3182.23,INR,NETBANKING,FAILED,OVERDUE_PAYMENT_PROMISE,CLEAR,False,False,0,2026-08-27T07:16:04.160473
TX-A794E8FD,CUST-1080,4482.23,INR,NACH,FAILED,OVERDUE_PAYMENT_PROMISE,CLEAR,False,False,0,2026-08-27T03:16:04.160473
TX-115BBC28,CUST-1240,3182.23,INR,NACH,FAILED,OVERDUE_PAYMENT_PROMISE,CLEAR,False,False,0,2026-08-28T07:16:04.160473
TX-BA1455BF,CUST-1066,6182.23,INR,NETBANKING,FAILED,OVERDUE_PAYMENT_PROMISE,CLEAR,False,False,0,2026-08-27T21:16:04.160473
TX-569C05F1,CUST-1292,11682.23,INR,CARD,FAILED,OVERDUE_PAYMENT_PROMISE,CLEAR,False,False,0,2026-08-27T01:16:04.160473
TX-8766970C,CUST-1056,3182.23,INR,NACH,FAILED,OVERDUE_PAYMENT_PROMISE,CLEAR,False,False,0,2026-08-27T10:16:04.160473
TX-5B5D1C56,CUST-1292,11682.23,INR,NETBANKING,FAILED,OVERDUE_PAYMENT_PROMISE,CLEAR,False,False,0,2026-08-27T14:16:04.160473
TX-55D96792,CUST-1009,3182.38,INR,CARD,FAILED,OVERDUE_PAYMENT_PROMISE,CLEAR,False,False,0,2026-08-26T13:16:04.160473
